product,arm,level,measure,geos,mean_rel,median_rel,mean_rel_initial
local,b1200k.cps0.acs100.s0,cd,households,436,0.04427301978229049,0.03438499070140905,0.016911495924950226
local,b1200k.cps0.acs100.s0,cd,owner,436,0.07221493495841956,0.05565673921806366,0.027389507466497036
local,b1200k.cps0.acs100.s0,cd,persons_0_17,436,0.09530518962962953,0.08639572136848075,0.06654691908238346
local,b1200k.cps0.acs100.s0,cd,persons_18_64,436,0.05343013429622955,0.043124630347296036,0.030189007725320485
local,b1200k.cps0.acs100.s0,cd,persons_65p,436,0.07083138454791808,0.059586512309557804,0.03557104609681045
local,b1200k.cps0.acs100.s0,cd,persons_male,436,0.03339279937223124,0.023859344556897335,0.03622902588748794
local,b1200k.cps0.acs100.s0,cd,persons_total,436,0.017674242298261592,0.007315229136467999,0.028675723791477488
local,b1200k.cps0.acs100.s0,cd,real_estate_taxes_aggregate,436,0.1478134742237319,0.11512662042900623,0.10122144808323005
local,b1200k.cps0.acs100.s0,cd,rent_contract_annual_aggregate,436,0.32692481095378284,0.2707260630452516,0.31736926347378935
local,b1200k.cps0.acs100.s0,cd,rent_gross_annual_aggregate,436,0.2882776051782837,0.2501562390667819,0.27748145721184314
local,b1200k.cps0.acs100.s0,cd,renter,436,0.13920190037099026,0.13353980168716928,0.06711358591432277
local,b1200k.cps0.acs100.s0,county,households,850,0.08479741210000857,0.061642705606277486,0.04022659235624308
local,b1200k.cps0.acs100.s0,county,owner,850,0.10733061917970887,0.07397453938049325,0.05181320521507365
local,b1200k.cps0.acs100.s0,county,persons_0_17,850,0.168484420061009,0.11676165353981811,0.11612417671617863
local,b1200k.cps0.acs100.s0,county,persons_18_64,850,0.1062927270724857,0.07996488211831002,0.062008162383127195
local,b1200k.cps0.acs100.s0,county,persons_65p,850,0.1313665379592045,0.09229974735524163,0.07428653610579898
local,b1200k.cps0.acs100.s0,county,persons_in_households,850,0.08705165365553381,0.05807207390696298,0.05780813581478426
local,b1200k.cps0.acs100.s0,county,persons_male,850,0.09522152532603957,0.06818776275177599,0.06327159961501264
local,b1200k.cps0.acs100.s0,county,persons_total,850,0.08577145789280034,0.05662192392393692,0.05559416595186459
local,b1200k.cps0.acs100.s0,county,real_estate_taxes_aggregate,850,0.19619959787392507,0.1297638903585985,0.14261841373325493
local,b1200k.cps0.acs100.s0,county,rent_contract_annual_aggregate,850,0.39997174424202137,0.3213450018106754,0.3952170587464888
local,b1200k.cps0.acs100.s0,county,rent_gross_annual_aggregate,850,0.344812152365374,0.285404808119163,0.32378289924857434
local,b1200k.cps0.acs100.s0,county,renter,850,0.20382909800016993,0.167336252691561,0.1188825367351446
local,b1200k.cps0.acs100.s0,national,households,1,0.007434925251567506,0.007434925251567506,0.00012716099964809008
local,b1200k.cps0.acs100.s0,national,owner,1,0.049609524745631815,0.049609524745631815,0.0007317503461692467
local,b1200k.cps0.acs100.s0,national,persons_0_17,1,0.08538541333707152,0.08538541333707152,0.037687584363355786
local,b1200k.cps0.acs100.s0,national,persons_18_64,1,0.05050980146309542,0.05050980146309542,0.018638293933160584
local,b1200k.cps0.acs100.s0,national,persons_65p,1,0.002989548911857183,0.002989548911857183,0.011035015710395802
local,b1200k.cps0.acs100.s0,national,persons_in_households,1,0.008616414665094864,0.008616414665094864,0.017428446304894415
local,b1200k.cps0.acs100.s0,national,persons_male,1,0.027853571076861393,0.027853571076861393,0.028831067096646904
local,b1200k.cps0.acs100.s0,national,persons_total,1,0.011736201781802002,0.011736201781802002,0.017379591291828728
local,b1200k.cps0.acs100.s0,national,real_estate_taxes_aggregate,1,0.11171387907502785,0.11171387907502785,0.016208821369269332
local,b1200k.cps0.acs100.s0,national,rent_contract_annual_aggregate,1,0.1411351588986137,0.1411351588986137,0.1313430482891693
local,b1200k.cps0.acs100.s0,national,rent_gross_annual_aggregate,1,0.24550894175841056,0.24550894175841056,0.23690682004777663
local,b1200k.cps0.acs100.s0,national,renter,1,0.12050023329682552,0.12050023329682552,0.0493118006082098
local,b1200k.cps0.acs100.s0,state,households,51,0.0261149426357419,0.020224442939404987,0.006340511853583996
local,b1200k.cps0.acs100.s0,state,owner,51,0.04226254446330702,0.03863608876169431,0.007269437556433841
local,b1200k.cps0.acs100.s0,state,persons_0_17,51,0.07781405134002749,0.08167234271462306,0.03864460240960343
local,b1200k.cps0.acs100.s0,state,persons_18_64,51,0.05112823319220194,0.04383455545703196,0.021234174699764987
local,b1200k.cps0.acs100.s0,state,persons_65p,51,0.013391319876276588,0.006075469260708913,0.016713799694230005
local,b1200k.cps0.acs100.s0,state,persons_in_households,51,0.013492788124963104,0.01057947275338239,0.017791336343165817
local,b1200k.cps0.acs100.s0,state,persons_male,51,0.029590284938556807,0.027031979405427557,0.025371236158061715
local,b1200k.cps0.acs100.s0,state,persons_total,51,0.01714308222067046,0.011395755052325322,0.01756616344174996
local,b1200k.cps0.acs100.s0,state,real_estate_taxes_aggregate,51,0.08143662187283232,0.07684256342802845,0.021820775325743013
local,b1200k.cps0.acs100.s0,state,rent_contract_annual_aggregate,51,0.1974558579308067,0.16850082111710196,0.1980296977894466
local,b1200k.cps0.acs100.s0,state,rent_gross_annual_aggregate,51,0.23856212492889373,0.19012901510541358,0.21777165814576163
local,b1200k.cps0.acs100.s0,state,renter,51,0.14190661554317982,0.14313912310291732,0.06036941203737398
local,b1200k.cps2022-2023-2024.acs000.s0,cd,households,436,0.069047881470985,0.05050555087673955,0.04518524883062504
local,b1200k.cps2022-2023-2024.acs000.s0,cd,owner,436,0.12520165569337727,0.07059814825807703,0.1404255430161006
local,b1200k.cps2022-2023-2024.acs000.s0,cd,persons_0_17,436,0.08505360085935257,0.06300136431262499,0.11965151863731681
local,b1200k.cps2022-2023-2024.acs000.s0,cd,persons_18_64,436,0.04539559222704012,0.03788262549387429,0.05732985391201939
local,b1200k.cps2022-2023-2024.acs000.s0,cd,persons_65p,436,0.09288995095172602,0.07234892081608701,0.12667758978290083
local,b1200k.cps2022-2023-2024.acs000.s0,cd,persons_male,436,0.040893566595769926,0.03543914610579385,0.0589791545885527
local,b1200k.cps2022-2023-2024.acs000.s0,cd,persons_total,436,0.0262403138798725,0.020370644477683893,0.04942042985000886
local,b1200k.cps2022-2023-2024.acs000.s0,cd,real_estate_taxes_aggregate,436,0.5160473335852018,0.5466787625691101,0.5765496463852601
local,b1200k.cps2022-2023-2024.acs000.s0,cd,rent_contract_annual_aggregate,436,0.3113737725839132,0.255085776749404,0.31374362377056914
local,b1200k.cps2022-2023-2024.acs000.s0,cd,rent_gross_annual_aggregate,436,0.2890066092350935,0.2653573840915736,0.2865611639180526
local,b1200k.cps2022-2023-2024.acs000.s0,cd,renter,436,0.24502593115577462,0.18768166786271062,0.22171063149334405
local,b1200k.cps2022-2023-2024.acs000.s0,county,households,850,0.08254936528501279,0.05845286016695979,0.06351266137919379
local,b1200k.cps2022-2023-2024.acs000.s0,county,owner,850,0.13574830527729653,0.09899943583256016,0.1350622630923501
local,b1200k.cps2022-2023-2024.acs000.s0,county,persons_0_17,850,0.15656239170034128,0.11190688982764949,0.15380407717060152
local,b1200k.cps2022-2023-2024.acs000.s0,county,persons_18_64,850,0.0919161055138269,0.06594138371341711,0.09274177961645999
local,b1200k.cps2022-2023-2024.acs000.s0,county,persons_65p,850,0.15403333328716418,0.11551704718184279,0.15379855358052308
local,b1200k.cps2022-2023-2024.acs000.s0,county,persons_in_households,850,0.07269200972224081,0.048369690125710206,0.07819523906848598
local,b1200k.cps2022-2023-2024.acs000.s0,county,persons_male,850,0.08018326316852016,0.05763070971102535,0.08118995883186989
local,b1200k.cps2022-2023-2024.acs000.s0,county,persons_total,850,0.06961858566581294,0.04781197000302429,0.0716431515359234
local,b1200k.cps2022-2023-2024.acs000.s0,county,real_estate_taxes_aggregate,850,0.5162438993712757,0.5461745193585448,0.5481905154373263
local,b1200k.cps2022-2023-2024.acs000.s0,county,rent_contract_annual_aggregate,850,0.39195115674852765,0.3034040453549717,0.39448468761155026
local,b1200k.cps2022-2023-2024.acs000.s0,county,rent_gross_annual_aggregate,850,0.3360511703613626,0.28433783311676236,0.3343185758806215
local,b1200k.cps2022-2023-2024.acs000.s0,county,renter,850,0.31916394555059,0.23726415841783602,0.29234951692374417
local,b1200k.cps2022-2023-2024.acs000.s0,national,households,1,0.040387780111331,0.040387780111331,0.040387780113526596
local,b1200k.cps2022-2023-2024.acs000.s0,national,owner,1,0.03357858408267326,0.03357858408267326,0.04504294266257366
local,b1200k.cps2022-2023-2024.acs000.s0,national,persons_0_17,1,0.049308676209858064,0.049308676209858064,0.02109426309361929
local,b1200k.cps2022-2023-2024.acs000.s0,national,persons_18_64,1,0.0246225072209167,0.0246225072209167,0.026748636553088446
local,b1200k.cps2022-2023-2024.acs000.s0,national,persons_65p,1,0.031433972996498145,0.031433972996498145,0.018547026346188787
local,b1200k.cps2022-2023-2024.acs000.s0,national,persons_in_households,1,0.015038946572494154,0.015038946572494154,0.007468807604379701
local,b1200k.cps2022-2023-2024.acs000.s0,national,persons_male,1,0.023872286683585965,0.023872286683585965,0.030890456469098288
local,b1200k.cps2022-2023-2024.acs000.s0,national,persons_total,1,0.009996163644612055,0.009996163644612055,0.017379591290894465
local,b1200k.cps2022-2023-2024.acs000.s0,national,real_estate_taxes_aggregate,1,0.5775229769203329,0.5775229769203329,0.6659411721508772
local,b1200k.cps2022-2023-2024.acs000.s0,national,rent_contract_annual_aggregate,1,0.133663487617987,0.133663487617987,0.13110826309010554
local,b1200k.cps2022-2023-2024.acs000.s0,national,rent_gross_annual_aggregate,1,0.23894526735753024,0.23894526735753024,0.2367005671837359
local,b1200k.cps2022-2023-2024.acs000.s0,national,renter,1,0.019651153335989803,0.019651153335989803,0.002244212836202863
local,b1200k.cps2022-2023-2024.acs000.s0,state,households,51,0.04168106974774076,0.022896189053178962,0.038818772971576876
local,b1200k.cps2022-2023-2024.acs000.s0,state,owner,51,0.03948769039104629,0.0342401745854921,0.0493736484367394
local,b1200k.cps2022-2023-2024.acs000.s0,state,persons_0_17,51,0.057034421046596416,0.048602844972185914,0.0512512979358941
local,b1200k.cps2022-2023-2024.acs000.s0,state,persons_18_64,51,0.029182394667022712,0.025198248138175477,0.02908260558134452
local,b1200k.cps2022-2023-2024.acs000.s0,state,persons_65p,51,0.026976965624160403,0.009241879478656055,0.033742093722682054
local,b1200k.cps2022-2023-2024.acs000.s0,state,persons_in_households,51,0.018360548126327814,0.017012541478905387,0.020461498374014224
local,b1200k.cps2022-2023-2024.acs000.s0,state,persons_male,51,0.026710155421557608,0.02186889418466467,0.030540574782717666
local,b1200k.cps2022-2023-2024.acs000.s0,state,persons_total,51,0.015037490672895672,0.013782890537052348,0.017719590215260896
local,b1200k.cps2022-2023-2024.acs000.s0,state,real_estate_taxes_aggregate,51,0.47045561292598304,0.45335044693996196,0.5512094530501032
local,b1200k.cps2022-2023-2024.acs000.s0,state,rent_contract_annual_aggregate,51,0.15055004442883715,0.14511023272786083,0.14685647166608887
local,b1200k.cps2022-2023-2024.acs000.s0,state,rent_gross_annual_aggregate,51,0.23792044114864602,0.23306018687729513,0.23190637634799482
local,b1200k.cps2022-2023-2024.acs000.s0,state,renter,51,0.08950569746242691,0.08130359799445902,0.0587400793962271
local,b1200k.cps2022-2023-2024.acs100.s0,cd,households,436,0.05033663345949752,0.03872338918832381,0.022072086987933517
local,b1200k.cps2022-2023-2024.acs100.s0,cd,owner,436,0.0800394089743498,0.05354706630452265,0.04119741442822208
local,b1200k.cps2022-2023-2024.acs100.s0,cd,persons_0_17,436,0.08699245500928138,0.0720094793897201,0.06407429334169583
local,b1200k.cps2022-2023-2024.acs100.s0,cd,persons_18_64,436,0.046625853235814065,0.04028539741595516,0.029576337882797
local,b1200k.cps2022-2023-2024.acs100.s0,cd,persons_65p,436,0.07049582256943826,0.057286370487826754,0.0434547563822687
local,b1200k.cps2022-2023-2024.acs100.s0,cd,persons_male,436,0.029285320495004027,0.022977191834417245,0.034858214194812345
local,b1200k.cps2022-2023-2024.acs100.s0,cd,persons_total,436,0.01492332807761046,0.009141253666360092,0.027570366598346125
local,b1200k.cps2022-2023-2024.acs100.s0,cd,real_estate_taxes_aggregate,436,0.11973728281403613,0.10955118393036242,0.1073369274538778
local,b1200k.cps2022-2023-2024.acs100.s0,cd,rent_contract_annual_aggregate,436,0.3193227641622278,0.2620268719550337,0.3112882414289057
local,b1200k.cps2022-2023-2024.acs100.s0,cd,rent_gross_annual_aggregate,436,0.2801301035735802,0.24557330869373642,0.2727051118203135
local,b1200k.cps2022-2023-2024.acs100.s0,cd,renter,436,0.13429554693835505,0.11707844229710793,0.07244212156029424
local,b1200k.cps2022-2023-2024.acs100.s0,county,households,850,0.08358765476474253,0.060875251128713226,0.04623431398270421
local,b1200k.cps2022-2023-2024.acs100.s0,county,owner,850,0.10727432243562716,0.07643019238756477,0.06286937117629632
local,b1200k.cps2022-2023-2024.acs100.s0,county,persons_0_17,850,0.15597346095635714,0.10883541412015561,0.11212966185436829
local,b1200k.cps2022-2023-2024.acs100.s0,county,persons_18_64,850,0.09931665005091224,0.07637679718183411,0.0629789352653305
local,b1200k.cps2022-2023-2024.acs100.s0,county,persons_65p,850,0.1256395362323489,0.09173213843839803,0.08174509207721281
local,b1200k.cps2022-2023-2024.acs100.s0,county,persons_in_households,850,0.08184941219532303,0.05762064435866421,0.057486963759458595
local,b1200k.cps2022-2023-2024.acs100.s0,county,persons_male,850,0.0881232800702021,0.06309521163356041,0.06365689945447187
local,b1200k.cps2022-2023-2024.acs100.s0,county,persons_total,850,0.08062007640722303,0.05633570468590887,0.056121061356943086
local,b1200k.cps2022-2023-2024.acs100.s0,county,real_estate_taxes_aggregate,850,0.18844777008577143,0.15531365407430953,0.1441357392419482
local,b1200k.cps2022-2023-2024.acs100.s0,county,rent_contract_annual_aggregate,850,0.4018415720761538,0.30920657337738766,0.3908362320336901
local,b1200k.cps2022-2023-2024.acs100.s0,county,rent_gross_annual_aggregate,850,0.3399882882758326,0.28431800997918355,0.32001474708529537
local,b1200k.cps2022-2023-2024.acs100.s0,county,renter,850,0.18262529596015187,0.1485895454542121,0.11658787580125685
local,b1200k.cps2022-2023-2024.acs100.s0,national,households,1,0.01921157357424606,0.01921157357424606,0.005732790784073824
local,b1200k.cps2022-2023-2024.acs100.s0,national,owner,1,0.050563556129256365,0.050563556129256365,0.006959414264278527
local,b1200k.cps2022-2023-2024.acs100.s0,national,persons_0_17,1,0.07494785130421898,0.07494785130421898,0.03563993224750431
local,b1200k.cps2022-2023-2024.acs100.s0,national,persons_18_64,1,0.0424995025119307,0.0424995025119307,0.019905132411002127
local,b1200k.cps2022-2023-2024.acs100.s0,national,persons_65p,1,0.003686172021639524,0.003686172021639524,0.012856450490533357
local,b1200k.cps2022-2023-2024.acs100.s0,national,persons_in_households,1,0.0012142039072195177,0.0012142039072195177,0.013839414143941027
local,b1200k.cps2022-2023-2024.acs100.s0,national,persons_male,1,0.02546911713744286,0.02546911713744286,0.02887160484491514
local,b1200k.cps2022-2023-2024.acs100.s0,national,persons_total,1,0.010326216608868816,0.010326216608868816,0.017379591296109748
local,b1200k.cps2022-2023-2024.acs100.s0,national,real_estate_taxes_aggregate,1,0.08789782739600065,0.08789782739600065,0.0817794119248525
local,b1200k.cps2022-2023-2024.acs100.s0,national,rent_contract_annual_aggregate,1,0.13022246502631346,0.13022246502631346,0.13162350159042394
local,b1200k.cps2022-2023-2024.acs100.s0,national,rent_gross_annual_aggregate,1,0.23592241596999916,0.23592241596999916,0.2371531911854979
local,b1200k.cps2022-2023-2024.acs100.s0,national,renter,1,0.08654648233389382,0.08654648233389382,0.04215922834937168
local,b1200k.cps2022-2023-2024.acs100.s0,state,households,51,0.02669892704441823,0.021286281792827676,0.008128965882120278
local,b1200k.cps2022-2023-2024.acs100.s0,state,owner,51,0.044193092411662326,0.036755476214100934,0.010166682506037894
local,b1200k.cps2022-2023-2024.acs100.s0,state,persons_0_17,51,0.07195889625305034,0.06846175517125037,0.03951583348206128
local,b1200k.cps2022-2023-2024.acs100.s0,state,persons_18_64,51,0.044122403435575754,0.037339273199125445,0.021553838014691296
local,b1200k.cps2022-2023-2024.acs100.s0,state,persons_65p,51,0.011377534930114655,0.006771900709924348,0.01929052988991131
local,b1200k.cps2022-2023-2024.acs100.s0,state,persons_in_households,51,0.009369319115184746,0.005921373320017101,0.015489999611270629
local,b1200k.cps2022-2023-2024.acs100.s0,state,persons_male,51,0.02682046524629821,0.023509475300571816,0.02459271957332012
local,b1200k.cps2022-2023-2024.acs100.s0,state,persons_total,51,0.015515630264381986,0.01086381073308733,0.017107951769455565
local,b1200k.cps2022-2023-2024.acs100.s0,state,real_estate_taxes_aggregate,51,0.1031037557804877,0.1081146484287335,0.06472528643643173
local,b1200k.cps2022-2023-2024.acs100.s0,state,rent_contract_annual_aggregate,51,0.17291321667144863,0.13431714327517985,0.1831818536384398
local,b1200k.cps2022-2023-2024.acs100.s0,state,rent_gross_annual_aggregate,51,0.22089349062798153,0.19151707096284634,0.2117863175680653
local,b1200k.cps2022-2023-2024.acs100.s0,state,renter,51,0.11370167226840043,0.11045873150101593,0.056837507657463315
local,b1200k.cps2023-2024.acs000.s0,cd,households,436,0.06823630625827151,0.0513314243928471,0.044564574207843
local,b1200k.cps2023-2024.acs000.s0,cd,owner,436,0.12372657081128881,0.07262364948156792,0.14153227525093334
local,b1200k.cps2023-2024.acs000.s0,cd,persons_0_17,436,0.08685969552550799,0.06438630503168968,0.12293927498450163
local,b1200k.cps2023-2024.acs000.s0,cd,persons_18_64,436,0.04587626690319968,0.037621228671312,0.06042594908692552
local,b1200k.cps2023-2024.acs000.s0,cd,persons_65p,436,0.08892503463673175,0.07058639178583384,0.1287992584404723
local,b1200k.cps2023-2024.acs000.s0,cd,persons_male,436,0.042648098848131775,0.0353516181589049,0.06182140406886844
local,b1200k.cps2023-2024.acs000.s0,cd,persons_total,436,0.025819633584924617,0.020160422786727993,0.051768503933713614
local,b1200k.cps2023-2024.acs000.s0,cd,real_estate_taxes_aggregate,436,0.5109924048994318,0.5554029356082184,0.567240671218558
local,b1200k.cps2023-2024.acs000.s0,cd,rent_contract_annual_aggregate,436,0.31471680804439256,0.26921925607656655,0.3167342940476949
local,b1200k.cps2023-2024.acs000.s0,cd,rent_gross_annual_aggregate,436,0.28730361455997916,0.2544565835722675,0.28658779645383037
local,b1200k.cps2023-2024.acs000.s0,cd,renter,436,0.2502072468472576,0.19928669619302652,0.2215426684768285
local,b1200k.cps2023-2024.acs000.s0,county,households,850,0.08227707651771957,0.05708435627653949,0.06282201659937088
local,b1200k.cps2023-2024.acs000.s0,county,owner,850,0.1365513448559776,0.10027913776026155,0.1364383464137909
local,b1200k.cps2023-2024.acs000.s0,county,persons_0_17,850,0.1550747486871637,0.11080915714771708,0.1551641847716341
local,b1200k.cps2023-2024.acs000.s0,county,persons_18_64,850,0.09284813370461804,0.06690700356047218,0.09394595132377956
local,b1200k.cps2023-2024.acs000.s0,county,persons_65p,850,0.1547150990782576,0.11231837432941377,0.1551185502768662
local,b1200k.cps2023-2024.acs000.s0,county,persons_in_households,850,0.07285485683579301,0.04710556785699737,0.07986795721353147
local,b1200k.cps2023-2024.acs000.s0,county,persons_male,850,0.08231025595134485,0.061443635968005936,0.08350473885300172
local,b1200k.cps2023-2024.acs000.s0,county,persons_total,850,0.07036676827465319,0.049970688623287046,0.0730137023744197
local,b1200k.cps2023-2024.acs000.s0,county,real_estate_taxes_aggregate,850,0.5100151051727887,0.5389719213468258,0.5407990038976922
local,b1200k.cps2023-2024.acs000.s0,county,rent_contract_annual_aggregate,850,0.4003477775566855,0.32089936466070845,0.40129323930771454
local,b1200k.cps2023-2024.acs000.s0,county,rent_gross_annual_aggregate,850,0.3342906185107772,0.2885282817415071,0.3348004185410823
local,b1200k.cps2023-2024.acs000.s0,county,renter,850,0.3236367136838645,0.2511300876641732,0.2964990840290454
local,b1200k.cps2023-2024.acs000.s0,national,households,1,0.04063176077417863,0.04063176077417863,0.04063176077459197
local,b1200k.cps2023-2024.acs000.s0,national,owner,1,0.02668735471636629,0.02668735471636629,0.042345165726567116
local,b1200k.cps2023-2024.acs000.s0,national,persons_0_17,1,0.050165281051242086,0.050165281051242086,0.027390231881011307
local,b1200k.cps2023-2024.acs000.s0,national,persons_18_64,1,0.02535449644263056,0.02535449644263056,0.026805015070826117
local,b1200k.cps2023-2024.acs000.s0,national,persons_65p,1,0.027253251343840143,0.027253251343840143,0.026233676447592717
local,b1200k.cps2023-2024.acs000.s0,national,persons_in_households,1,0.015544724434704456,0.015544724434704456,0.00746880760318086
local,b1200k.cps2023-2024.acs000.s0,national,persons_male,1,0.02512630084872017,0.02512630084872017,0.030408793666069425
local,b1200k.cps2023-2024.acs000.s0,national,persons_total,1,0.009502860382089346,0.009502860382089346,0.017379591292063738
local,b1200k.cps2023-2024.acs000.s0,national,real_estate_taxes_aggregate,1,0.5730728368453866,0.5730728368453866,0.6562268648260605
local,b1200k.cps2023-2024.acs000.s0,national,rent_contract_annual_aggregate,1,0.12169961923298694,0.12169961923298694,0.12227496863453662
local,b1200k.cps2023-2024.acs000.s0,national,rent_gross_annual_aggregate,1,0.22843531132430123,0.22843531132430123,0.2289407412337119
local,b1200k.cps2023-2024.acs000.s0,national,renter,1,0.03094853731435451,0.03094853731435451,0.0025205865938268818
local,b1200k.cps2023-2024.acs000.s0,state,households,51,0.04300917388043082,0.028267608939989496,0.040169481760378004
local,b1200k.cps2023-2024.acs000.s0,state,owner,51,0.03536385498716099,0.022638393308355476,0.047575326212757944
local,b1200k.cps2023-2024.acs000.s0,state,persons_0_17,51,0.05815685747513437,0.046424369824549366,0.05483953711216453
local,b1200k.cps2023-2024.acs000.s0,state,persons_18_64,51,0.030029523382629673,0.02560453248883065,0.03073725927409112
local,b1200k.cps2023-2024.acs000.s0,state,persons_65p,51,0.02463443118446185,0.010466984175165055,0.03958899754100444
local,b1200k.cps2023-2024.acs000.s0,state,persons_in_households,51,0.018935722287930026,0.016961583043392573,0.019558544514569513
local,b1200k.cps2023-2024.acs000.s0,state,persons_male,51,0.02939568631759411,0.025882439974876797,0.031232583282332423
local,b1200k.cps2023-2024.acs000.s0,state,persons_total,51,0.01503874676303471,0.014329320578572877,0.018964847449251816
local,b1200k.cps2023-2024.acs000.s0,state,real_estate_taxes_aggregate,51,0.46567602625174936,0.45958977901821174,0.5416227019420768
local,b1200k.cps2023-2024.acs000.s0,state,rent_contract_annual_aggregate,51,0.14519540520012447,0.1345490865702917,0.1416029247645683
local,b1200k.cps2023-2024.acs000.s0,state,rent_gross_annual_aggregate,51,0.22700239776654763,0.22151881209702406,0.2199685049241693
local,b1200k.cps2023-2024.acs000.s0,state,renter,51,0.08866100355154378,0.0798515893412378,0.06435477021533238
local,b1200k.cps2023-2024.acs100.s0,cd,households,436,0.04840291468980343,0.037682359850653414,0.020154341983230194
local,b1200k.cps2023-2024.acs100.s0,cd,owner,436,0.07575224567715635,0.05223534722239018,0.03577675830490396
local,b1200k.cps2023-2024.acs100.s0,cd,persons_0_17,436,0.08901853399561867,0.07495092069542766,0.0654114033746476
local,b1200k.cps2023-2024.acs100.s0,cd,persons_18_64,436,0.0489178963243679,0.04275858806816561,0.029571705565789384
local,b1200k.cps2023-2024.acs100.s0,cd,persons_65p,436,0.06837095589954867,0.05368913601230747,0.039860944908416435
local,b1200k.cps2023-2024.acs100.s0,cd,persons_male,436,0.030269121529739332,0.023447714798054985,0.035369958291775805
local,b1200k.cps2023-2024.acs100.s0,cd,persons_total,436,0.015509260934857064,0.008455891598493349,0.028067183549150776
local,b1200k.cps2023-2024.acs100.s0,cd,real_estate_taxes_aggregate,436,0.10195119873094961,0.08437662765663728,0.09845020440267864
local,b1200k.cps2023-2024.acs100.s0,cd,rent_contract_annual_aggregate,436,0.32088254062477856,0.2717499181378628,0.31361045161538365
local,b1200k.cps2023-2024.acs100.s0,cd,rent_gross_annual_aggregate,436,0.27898251579399685,0.24823638444438675,0.2737845094027156
local,b1200k.cps2023-2024.acs100.s0,cd,renter,436,0.1317651837980077,0.1206504278183243,0.06823628106225212
local,b1200k.cps2023-2024.acs100.s0,county,households,850,0.08407567252452944,0.058786355331609544,0.04371191414055543
local,b1200k.cps2023-2024.acs100.s0,county,owner,850,0.10569652618913603,0.0727035265494301,0.05878768843480771
local,b1200k.cps2023-2024.acs100.s0,county,persons_0_17,850,0.1609674381293341,0.11013953295976499,0.11046384351569767
local,b1200k.cps2023-2024.acs100.s0,county,persons_18_64,850,0.10300110464382223,0.08181851960551409,0.06312088019806363
local,b1200k.cps2023-2024.acs100.s0,county,persons_65p,850,0.12309298735508256,0.09103330423310793,0.07924608197981975
local,b1200k.cps2023-2024.acs100.s0,county,persons_in_households,850,0.08381264564726133,0.05394361035238168,0.0573049693189195
local,b1200k.cps2023-2024.acs100.s0,county,persons_male,850,0.09137703409369415,0.06420590400466467,0.06325689573472675
local,b1200k.cps2023-2024.acs100.s0,county,persons_total,850,0.08265158863744038,0.055410636527994925,0.055813629157630655
local,b1200k.cps2023-2024.acs100.s0,county,real_estate_taxes_aggregate,850,0.17550785461243032,0.1307373485414577,0.1380272770547855
local,b1200k.cps2023-2024.acs100.s0,county,rent_contract_annual_aggregate,850,0.4039224879425764,0.3183990937052586,0.3929387851111985
local,b1200k.cps2023-2024.acs100.s0,county,rent_gross_annual_aggregate,850,0.34117374752371477,0.28407123105914334,0.3211877374058415
local,b1200k.cps2023-2024.acs100.s0,county,renter,850,0.1846084800599118,0.14809598285625203,0.11243008690078864
local,b1200k.cps2023-2024.acs100.s0,national,households,1,0.01595867596830234,0.01595867596830234,0.0037640638990095875
local,b1200k.cps2023-2024.acs100.s0,national,owner,1,0.048736712187690746,0.048736712187690746,0.004551321624416254
local,b1200k.cps2023-2024.acs100.s0,national,persons_0_17,1,0.07868373605408166,0.07868373605408166,0.0372720265406491
local,b1200k.cps2023-2024.acs100.s0,national,persons_18_64,1,0.04501411774873171,0.04501411774873171,0.01944243097417546
local,b1200k.cps2023-2024.acs100.s0,national,persons_65p,1,0.0013115493360290138,0.0013115493360290138,0.013244079503840643
local,b1200k.cps2023-2024.acs100.s0,national,persons_in_households,1,0.0032755926029794133,0.0032755926029794133,0.015085609209046204
local,b1200k.cps2023-2024.acs100.s0,national,persons_male,1,0.025823371900619136,0.025823371900619136,0.028723425850529456
local,b1200k.cps2023-2024.acs100.s0,national,persons_total,1,0.010620123176580091,0.010620123176580091,0.017379591291671177
local,b1200k.cps2023-2024.acs100.s0,national,real_estate_taxes_aggregate,1,0.032632087661508984,0.032632087661508984,0.048095512197352995
local,b1200k.cps2023-2024.acs100.s0,national,rent_contract_annual_aggregate,1,0.13053750727559332,0.13053750727559332,0.1302302441270425
local,b1200k.cps2023-2024.acs100.s0,national,rent_gross_annual_aggregate,1,0.2361991726244515,0.2361991726244515,0.23592924971340132
local,b1200k.cps2023-2024.acs100.s0,national,renter,1,0.09348036321971608,0.09348036321971608,0.04412479300143794
local,b1200k.cps2023-2024.acs100.s0,state,households,51,0.025897817079565403,0.02453825475231082,0.007366472441886084
local,b1200k.cps2023-2024.acs100.s0,state,owner,51,0.04185070202577952,0.03732080479692035,0.008502929987951028
local,b1200k.cps2023-2024.acs100.s0,state,persons_0_17,51,0.0741553309023377,0.07142870092339089,0.040353336543008406
local,b1200k.cps2023-2024.acs100.s0,state,persons_18_64,51,0.0466570961098337,0.04033399327374196,0.021963235988107524
local,b1200k.cps2023-2024.acs100.s0,state,persons_65p,51,0.011631330933119343,0.007189042982982841,0.017674882541369112
local,b1200k.cps2023-2024.acs100.s0,state,persons_in_households,51,0.010680112959660338,0.0073078626904282485,0.016703247134444904
local,b1200k.cps2023-2024.acs100.s0,state,persons_male,51,0.028252386999057067,0.024607169623923824,0.02456790941781729
local,b1200k.cps2023-2024.acs100.s0,state,persons_total,51,0.016492835915775248,0.012087375300734938,0.017474487339868436
local,b1200k.cps2023-2024.acs100.s0,state,real_estate_taxes_aggregate,51,0.061344046137656115,0.05157626485079917,0.03822292357876195
local,b1200k.cps2023-2024.acs100.s0,state,rent_contract_annual_aggregate,51,0.17757474874509294,0.15688487403070306,0.18859795684214398
local,b1200k.cps2023-2024.acs100.s0,state,rent_gross_annual_aggregate,51,0.2230417230264341,0.1915804151735081,0.21413141669053612
local,b1200k.cps2023-2024.acs100.s0,state,renter,51,0.11841935590620671,0.11620559782159323,0.05758225115104507
local,b1200k.cps2024.acs000.s0,cd,households,436,0.07061945499342524,0.054447615296628074,0.04621848016869883
local,b1200k.cps2024.acs000.s0,cd,owner,436,0.12208907880508253,0.07136555045320586,0.14132672189037712
local,b1200k.cps2024.acs000.s0,cd,persons_0_17,436,0.08928444070922048,0.06604086280709831,0.12785088140978082
local,b1200k.cps2024.acs000.s0,cd,persons_18_64,436,0.04680255428764767,0.03914806296293263,0.06359121804798824
local,b1200k.cps2024.acs000.s0,cd,persons_65p,436,0.08745341350057936,0.06843779518737446,0.13469387628308355
local,b1200k.cps2024.acs000.s0,cd,persons_male,436,0.0467475539067713,0.03945874019726592,0.06364368304459218
local,b1200k.cps2024.acs000.s0,cd,persons_total,436,0.026136647367809716,0.020378041309458146,0.053907086393193346
local,b1200k.cps2024.acs000.s0,cd,real_estate_taxes_aggregate,436,0.5136946291264611,0.5507457229011867,0.5521107010770457
local,b1200k.cps2024.acs000.s0,cd,rent_contract_annual_aggregate,436,0.32226693727663036,0.2650347953889744,0.3200859517806284
local,b1200k.cps2024.acs000.s0,cd,rent_gross_annual_aggregate,436,0.2879375936367882,0.25571669300392197,0.2843673506925899
local,b1200k.cps2024.acs000.s0,cd,renter,436,0.2597683673389378,0.1994911140374569,0.22713797865020413
local,b1200k.cps2024.acs000.s0,county,households,850,0.08500416390249613,0.05986353034027067,0.06359084601637403
local,b1200k.cps2024.acs000.s0,county,owner,850,0.13832147218972188,0.1033648904596967,0.13749341851081417
local,b1200k.cps2024.acs000.s0,county,persons_0_17,850,0.15874757812623363,0.11110751870459776,0.1592650909236374
local,b1200k.cps2024.acs000.s0,county,persons_18_64,850,0.09647536331995574,0.06985646320402139,0.09714335564405126
local,b1200k.cps2024.acs000.s0,county,persons_65p,850,0.15662198718630954,0.12076302578328352,0.15816236579282392
local,b1200k.cps2024.acs000.s0,county,persons_in_households,850,0.0773272839057035,0.051243129852990746,0.08228200333288341
local,b1200k.cps2024.acs000.s0,county,persons_male,850,0.08670908893747,0.060433700363205736,0.08637137279811688
local,b1200k.cps2024.acs000.s0,county,persons_total,850,0.07382269604012116,0.04949474803491896,0.0760483537975984
local,b1200k.cps2024.acs000.s0,county,real_estate_taxes_aggregate,850,0.5085380449322112,0.5456383327989675,0.5248335872991333
local,b1200k.cps2024.acs000.s0,county,rent_contract_annual_aggregate,850,0.40387738945572943,0.3203761441059867,0.40502530981820684
local,b1200k.cps2024.acs000.s0,county,rent_gross_annual_aggregate,850,0.34138160996641065,0.2912980981530274,0.33851544114425125
local,b1200k.cps2024.acs000.s0,county,renter,850,0.3280486564340045,0.24111800116666388,0.30275767867549086
local,b1200k.cps2024.acs000.s0,national,households,1,0.04250326677483191,0.04250326677483191,0.042503266232915296
local,b1200k.cps2024.acs000.s0,national,owner,1,0.018497025877870728,0.018497025877870728,0.04010859549407332
local,b1200k.cps2024.acs000.s0,national,persons_0_17,1,0.0529098872300116,0.0529098872300116,0.03288093308337006
local,b1200k.cps2024.acs000.s0,national,persons_18_64,1,0.027186266639073375,0.027186266639073375,0.028643647199660546
local,b1200k.cps2024.acs000.s0,national,persons_65p,1,0.028122324928439996,0.028122324928439996,0.03895423703646453
local,b1200k.cps2024.acs000.s0,national,persons_in_households,1,0.014850491703266876,0.014850491703266876,0.007468807605125023
local,b1200k.cps2024.acs000.s0,national,persons_male,1,0.0296574753233379,0.0296574753233379,0.030150509781627526
local,b1200k.cps2024.acs000.s0,national,persons_total,1,0.010179970427735854,0.010179970427735854,0.017379591290167525
local,b1200k.cps2024.acs000.s0,national,real_estate_taxes_aggregate,1,0.5734096210909452,0.5734096210909452,0.6395411932654765
local,b1200k.cps2024.acs000.s0,national,rent_contract_annual_aggregate,1,0.10512361643159428,0.10512361643159428,0.09886944608007787
local,b1200k.cps2024.acs000.s0,national,rent_gross_annual_aggregate,1,0.21387371176109132,0.21387371176109132,0.20837958115855362
local,b1200k.cps2024.acs000.s0,national,renter,1,0.052680114395864,0.052680114395864,0.012242781550688111
local,b1200k.cps2024.acs000.s0,state,households,51,0.04509446137444519,0.035591398316802865,0.041131832400175525
local,b1200k.cps2024.acs000.s0,state,owner,51,0.03735779135747842,0.0328148458904881,0.047374454375478325
local,b1200k.cps2024.acs000.s0,state,persons_0_17,51,0.0608430465769432,0.05925565294492145,0.05938231280038761
local,b1200k.cps2024.acs000.s0,state,persons_18_64,51,0.032236174547928695,0.028585606009608588,0.03622043144079596
local,b1200k.cps2024.acs000.s0,state,persons_65p,51,0.026866327734650825,0.009907943655028936,0.05328853265489556
local,b1200k.cps2024.acs000.s0,state,persons_in_households,51,0.01952012057169996,0.016475247629454556,0.01986143555982169
local,b1200k.cps2024.acs000.s0,state,persons_male,51,0.03410085358804972,0.03223740330041886,0.03069101486431141
local,b1200k.cps2024.acs000.s0,state,persons_total,51,0.01647040865920467,0.01455562626142054,0.01840903075160598
local,b1200k.cps2024.acs000.s0,state,real_estate_taxes_aggregate,51,0.46846268457971546,0.4458535292488854,0.5260015221555049
local,b1200k.cps2024.acs000.s0,state,rent_contract_annual_aggregate,51,0.12988412655697323,0.10772283514220297,0.12759779821473768
local,b1200k.cps2024.acs000.s0,state,rent_gross_annual_aggregate,51,0.21017842010863508,0.21588794454882224,0.2025211568796707
local,b1200k.cps2024.acs000.s0,state,renter,51,0.08980259398304453,0.0775690992009007,0.07151289876278223
local,b1200k.cps2024.acs100.s0,cd,households,436,0.046274654721472366,0.03574221851605327,0.01853937197230943
local,b1200k.cps2024.acs100.s0,cd,owner,436,0.07326928615038059,0.051809614720535246,0.031085600049497085
local,b1200k.cps2024.acs100.s0,cd,persons_0_17,436,0.09287279893063863,0.0828143539740732,0.06602954734043533
local,b1200k.cps2024.acs100.s0,cd,persons_18_64,436,0.05124578291564259,0.04364605009904164,0.030278548769655505
local,b1200k.cps2024.acs100.s0,cd,persons_65p,436,0.06941074787589568,0.060294530530786566,0.03688986989816291
local,b1200k.cps2024.acs100.s0,cd,persons_male,436,0.032307011354175144,0.024619955414711663,0.0358491426487685
local,b1200k.cps2024.acs100.s0,cd,persons_total,436,0.016409115483998666,0.007938841542176112,0.02858447871974891
local,b1200k.cps2024.acs100.s0,cd,real_estate_taxes_aggregate,436,0.10530242189777947,0.07326368418659021,0.09657477627699504
local,b1200k.cps2024.acs100.s0,cd,rent_contract_annual_aggregate,436,0.324012917272704,0.2701136395841787,0.3160250987957435
local,b1200k.cps2024.acs100.s0,cd,rent_gross_annual_aggregate,436,0.2808662477301605,0.2512192577565679,0.27600633235071437
local,b1200k.cps2024.acs100.s0,cd,renter,436,0.13277144787225295,0.12347808007696831,0.06636123665010386
local,b1200k.cps2024.acs100.s0,county,households,850,0.08484494902731046,0.05813715321045412,0.04220600709712167
local,b1200k.cps2024.acs100.s0,county,owner,850,0.10629675717950073,0.07359410254361885,0.055121571185418446
local,b1200k.cps2024.acs100.s0,county,persons_0_17,850,0.16397524760057663,0.11615400378329434,0.11295370503489499
local,b1200k.cps2024.acs100.s0,county,persons_18_64,850,0.10614320565408297,0.08386267837286268,0.06288397767703105
local,b1200k.cps2024.acs100.s0,county,persons_65p,850,0.12447708453398447,0.08742965801432043,0.07549011338819409
local,b1200k.cps2024.acs100.s0,county,persons_in_households,850,0.08682741883721051,0.05911538542050879,0.058172003679532666
local,b1200k.cps2024.acs100.s0,county,persons_male,850,0.09267370108962866,0.06550410058409162,0.06346029685686085
local,b1200k.cps2024.acs100.s0,county,persons_total,850,0.08580026053541374,0.060207398927061964,0.055873629804155465
local,b1200k.cps2024.acs100.s0,county,real_estate_taxes_aggregate,850,0.17570527031902322,0.1176186370343222,0.1371770062939914
local,b1200k.cps2024.acs100.s0,county,rent_contract_annual_aggregate,850,0.40287335280107234,0.3321260980525405,0.39405333793325886
local,b1200k.cps2024.acs100.s0,county,rent_gross_annual_aggregate,850,0.3411549237699652,0.27895779674664,0.3227460175817711
local,b1200k.cps2024.acs100.s0,county,renter,850,0.18954024808511383,0.15306329357186033,0.11310100408398117
local,b1200k.cps2024.acs100.s0,national,households,1,0.012175309980062282,0.012175309980062282,0.0019178984047857172
local,b1200k.cps2024.acs100.s0,national,owner,1,0.04856891926099594,0.04856891926099594,0.002702343456393556
local,b1200k.cps2024.acs100.s0,national,persons_0_17,1,0.08277958140016241,0.08277958140016241,0.03753367808220693
local,b1200k.cps2024.acs100.s0,national,persons_18_64,1,0.04788893231237839,0.04788893231237839,0.019149152886607755
local,b1200k.cps2024.acs100.s0,national,persons_65p,1,0.0005424384587267072,0.0005424384587267072,0.012569504039505151
local,b1200k.cps2024.acs100.s0,national,persons_in_households,1,0.00577856031282373,0.00577856031282373,0.01627147507773764
local,b1200k.cps2024.acs100.s0,national,persons_male,1,0.02747550133788194,0.02747550133788194,0.028829333555351742
local,b1200k.cps2024.acs100.s0,national,persons_total,1,0.011148696973136012,0.011148696973136012,0.01737959129184257
local,b1200k.cps2024.acs100.s0,national,real_estate_taxes_aggregate,1,0.033535177487716485,0.033535177487716485,0.014576211930611994
local,b1200k.cps2024.acs100.s0,national,rent_contract_annual_aggregate,1,0.1333578711342095,0.1333578711342095,0.13006231605995777
local,b1200k.cps2024.acs100.s0,national,rent_gross_annual_aggregate,1,0.23867679099986996,0.23867679099986996,0.23578172915023476
local,b1200k.cps2024.acs100.s0,national,renter,1,0.10451380892859144,0.10451380892859144,0.046599562576231456
local,b1200k.cps2024.acs100.s0,state,households,51,0.02527393100391429,0.021351601722417936,0.007309502108102353
local,b1200k.cps2024.acs100.s0,state,owner,51,0.041011366064243354,0.03732301354518479,0.007956445746875313
local,b1200k.cps2024.acs100.s0,state,persons_0_17,51,0.07597817693527859,0.07266306676477217,0.03983615145369346
local,b1200k.cps2024.acs100.s0,state,persons_18_64,51,0.04900786566752914,0.04139923129218852,0.02119995268528968
local,b1200k.cps2024.acs100.s0,state,persons_65p,51,0.012303310947646074,0.0066299788378516,0.01696312975849606
local,b1200k.cps2024.acs100.s0,state,persons_in_households,51,0.012152720338799713,0.009137363537071739,0.017392141152719524
local,b1200k.cps2024.acs100.s0,state,persons_male,51,0.029264363553987895,0.025656909556303658,0.025028450815249407
local,b1200k.cps2024.acs100.s0,state,persons_total,51,0.01696487521330179,0.011673851200797255,0.017679885233477
local,b1200k.cps2024.acs100.s0,state,real_estate_taxes_aggregate,51,0.04150212207820046,0.03091992557990538,0.016998214718637855
local,b1200k.cps2024.acs100.s0,state,rent_contract_annual_aggregate,51,0.1854452793757492,0.15848143452435748,0.19275625998480928
local,b1200k.cps2024.acs100.s0,state,rent_gross_annual_aggregate,51,0.22689553118972805,0.18183869711975348,0.21524820360835026
local,b1200k.cps2024.acs100.s0,state,renter,51,0.12684943879680874,0.1277888035276366,0.059164123927165455
local,b300k.cps0.acs100.s0,cd,households,436,0.04529626140083762,0.03368807031822692,0.04322853287263069
local,b300k.cps0.acs100.s0,cd,owner,436,0.0762801250618267,0.05972208304540799,0.05213620225582097
local,b300k.cps0.acs100.s0,cd,persons_0_17,436,0.093022494177217,0.07910073529552594,0.10494720762950266
local,b300k.cps0.acs100.s0,cd,persons_18_64,436,0.06089857692307905,0.05454950464744529,0.05613597472362423
local,b300k.cps0.acs100.s0,cd,persons_65p,436,0.09265128757862515,0.07331616736114019,0.0744767392215725
local,b300k.cps0.acs100.s0,cd,persons_male,436,0.04523877504616321,0.03538528642133471,0.06214293608612152
local,b300k.cps0.acs100.s0,cd,persons_total,436,0.024944595207809343,0.01026823528330732,0.05440944235155279
local,b300k.cps0.acs100.s0,cd,real_estate_taxes_aggregate,436,0.15014060330399664,0.11265871298405572,0.12557570281482808
local,b300k.cps0.acs100.s0,cd,rent_contract_annual_aggregate,436,0.3412483185404294,0.29203537637449073,0.33380481079299806
local,b300k.cps0.acs100.s0,cd,rent_gross_annual_aggregate,436,0.2996997451984493,0.27391399132463157,0.2927730536848693
local,b300k.cps0.acs100.s0,cd,renter,436,0.1423737411598221,0.13099962357474376,0.09526001317840402
local,b300k.cps0.acs100.s0,county,households,850,0.12660267295148706,0.08184826184910457,0.09540659716234932
local,b300k.cps0.acs100.s0,county,owner,850,0.16114805764124418,0.11503227315676215,0.11321934454813151
local,b300k.cps0.acs100.s0,county,persons_0_17,850,0.24945855196699787,0.18499993573883894,0.21053173939356262
local,b300k.cps0.acs100.s0,county,persons_18_64,850,0.15094470065613297,0.10951646398937681,0.11934210248312367
local,b300k.cps0.acs100.s0,county,persons_65p,850,0.2061940591333088,0.15201651481805306,0.15262937809432847
local,b300k.cps0.acs100.s0,county,persons_in_households,850,0.13902608495755045,0.09106285901195135,0.11398849291446916
local,b300k.cps0.acs100.s0,county,persons_male,850,0.14930508229761727,0.1024187376555585,0.12052437142125733
local,b300k.cps0.acs100.s0,county,persons_total,850,0.13567904575421638,0.09049099475039414,0.11074687174432955
local,b300k.cps0.acs100.s0,county,real_estate_taxes_aggregate,850,0.23838814848167827,0.1662169833801253,0.19720544801317863
local,b300k.cps0.acs100.s0,county,rent_contract_annual_aggregate,850,0.4231897897295854,0.3542291734952697,0.4110532876094806
local,b300k.cps0.acs100.s0,county,rent_gross_annual_aggregate,850,0.37382184448635813,0.32120879223113785,0.3504890761247458
local,b300k.cps0.acs100.s0,county,renter,850,0.2538214087371311,0.202607740078541,0.20812164238219566
local,b300k.cps0.acs100.s0,national,households,1,0.008196546387598057,0.008196546387598057,0.002684358353721325
local,b300k.cps0.acs100.s0,national,owner,1,0.04120798093656324,0.04120798093656324,0.003712530185146309
local,b300k.cps0.acs100.s0,national,persons_0_17,1,0.0711949985414438,0.0711949985414438,0.04130804089676926
local,b300k.cps0.acs100.s0,national,persons_18_64,1,0.056550622594234906,0.056550622594234906,0.01854102618658787
local,b300k.cps0.acs100.s0,national,persons_65p,1,0.03474183633722827,0.03474183633722827,0.015019101065131464
local,b300k.cps0.acs100.s0,national,persons_in_households,1,0.010601845054150263,0.010601845054150263,0.017586017401617055
local,b300k.cps0.acs100.s0,national,persons_male,1,0.028142052192689414,0.028142052192689414,0.028762420524748044
local,b300k.cps0.acs100.s0,national,persons_total,1,0.012718952398975698,0.012718952398975698,0.017379591291668196
local,b300k.cps0.acs100.s0,national,real_estate_taxes_aggregate,1,0.08931545551836428,0.08931545551836428,0.019553269229985203
local,b300k.cps0.acs100.s0,national,rent_contract_annual_aggregate,1,0.13647438679518464,0.13647438679518464,0.12783482357053205
local,b300k.cps0.acs100.s0,national,rent_gross_annual_aggregate,1,0.2414145712495077,0.2414145712495077,0.2338249332899958
local,b300k.cps0.acs100.s0,national,renter,1,0.1002923329998615,0.1002923329998615,0.04561075648522626
local,b300k.cps0.acs100.s0,state,households,51,0.0245538417474022,0.01957488338296766,0.019712368503882405
local,b300k.cps0.acs100.s0,state,owner,51,0.043096053309859585,0.036447396977640496,0.021826389522271242
local,b300k.cps0.acs100.s0,state,persons_0_17,51,0.06789457804655752,0.0669733304258783,0.06665709446074423
local,b300k.cps0.acs100.s0,state,persons_18_64,51,0.0546424544684552,0.05666087765509634,0.029220181226598585
local,b300k.cps0.acs100.s0,state,persons_65p,51,0.04127864769718796,0.027012319952938395,0.03404049733309985
local,b300k.cps0.acs100.s0,state,persons_in_households,51,0.017824039482263406,0.013153553600407661,0.02891261494934966
local,b300k.cps0.acs100.s0,state,persons_male,51,0.03178908433977666,0.030162177333585793,0.03837719133159759
local,b300k.cps0.acs100.s0,state,persons_total,51,0.0203020184947375,0.01604779094062004,0.027728537498343205
local,b300k.cps0.acs100.s0,state,real_estate_taxes_aggregate,51,0.08011002565280907,0.07254521640560685,0.04023456724448698
local,b300k.cps0.acs100.s0,state,rent_contract_annual_aggregate,51,0.2086998349863273,0.18029149843866682,0.20541271712243428
local,b300k.cps0.acs100.s0,state,rent_gross_annual_aggregate,51,0.22919215159296444,0.20588378431655924,0.2238207675554527
local,b300k.cps0.acs100.s0,state,renter,51,0.11750032765197312,0.12399652707351162,0.062139979965687715
local,b300k.cps2022-2023-2024.acs000.s0,cd,households,436,0.07176582320103521,0.055382221874655885,0.05903095626619854
local,b300k.cps2022-2023-2024.acs000.s0,cd,owner,436,0.13077464482944798,0.07697896579552113,0.14579026036401566
local,b300k.cps2022-2023-2024.acs000.s0,cd,persons_0_17,436,0.09628588245716772,0.07628887530976575,0.11811895800745933
local,b300k.cps2022-2023-2024.acs000.s0,cd,persons_18_64,436,0.04864365408667055,0.03839781021908569,0.055343312515888345
local,b300k.cps2022-2023-2024.acs000.s0,cd,persons_65p,436,0.10439839129893135,0.08549345350214588,0.13779353565170702
local,b300k.cps2022-2023-2024.acs000.s0,cd,persons_male,436,0.04674785178599,0.03918142201407894,0.05510136386003589
local,b300k.cps2022-2023-2024.acs000.s0,cd,persons_total,436,0.027833358305226572,0.019914221038084653,0.04517911961156129
local,b300k.cps2022-2023-2024.acs000.s0,cd,real_estate_taxes_aggregate,436,0.5198337567161706,0.5571267795776436,0.5783161755374594
local,b300k.cps2022-2023-2024.acs000.s0,cd,rent_contract_annual_aggregate,436,0.32163411234953027,0.2668222716656969,0.3109979078913162
local,b300k.cps2022-2023-2024.acs000.s0,cd,rent_gross_annual_aggregate,436,0.30205483763376745,0.27679432700871776,0.2851390393194523
local,b300k.cps2022-2023-2024.acs000.s0,cd,renter,436,0.2575302699970738,0.2072335112269349,0.23258087301847485
local,b300k.cps2022-2023-2024.acs000.s0,county,households,850,0.11582953967656374,0.08311806443685628,0.09016678093400855
local,b300k.cps2022-2023-2024.acs000.s0,county,owner,850,0.1667762703522567,0.12580151553324326,0.15121786449626848
local,b300k.cps2022-2023-2024.acs000.s0,county,persons_0_17,850,0.20210999256961815,0.14393247296356437,0.17027315603983867
local,b300k.cps2022-2023-2024.acs000.s0,county,persons_18_64,850,0.12382653022476457,0.09009110279635756,0.10153917823357125
local,b300k.cps2022-2023-2024.acs000.s0,county,persons_65p,850,0.2164276218762821,0.15677834494043436,0.18187007262415478
local,b300k.cps2022-2023-2024.acs000.s0,county,persons_in_households,850,0.10008815880426034,0.06265290447408381,0.08501889085740987
local,b300k.cps2022-2023-2024.acs000.s0,county,persons_male,850,0.10970965736658474,0.07460187564956655,0.09207474532446963
local,b300k.cps2022-2023-2024.acs000.s0,county,persons_total,850,0.09577953545809842,0.061354217511304716,0.08103649104870823
local,b300k.cps2022-2023-2024.acs000.s0,county,real_estate_taxes_aggregate,850,0.5399055977781078,0.5750091080706756,0.5670911784296876
local,b300k.cps2022-2023-2024.acs000.s0,county,rent_contract_annual_aggregate,850,0.41634158341113225,0.32651414462158634,0.4047348718273917
local,b300k.cps2022-2023-2024.acs000.s0,county,rent_gross_annual_aggregate,850,0.37345180629685526,0.3253628235141467,0.3496081604080735
local,b300k.cps2022-2023-2024.acs000.s0,county,renter,850,0.3481660668884695,0.2624264100491089,0.30806271992692164
local,b300k.cps2022-2023-2024.acs000.s0,national,households,1,0.04038778054745855,0.04038778054745855,0.04038778011161412
local,b300k.cps2022-2023-2024.acs000.s0,national,owner,1,0.031769843059361966,0.031769843059361966,0.04504294266327352
local,b300k.cps2022-2023-2024.acs000.s0,national,persons_0_17,1,0.05335275616355593,0.05335275616355593,0.021094263093460124
local,b300k.cps2022-2023-2024.acs000.s0,national,persons_18_64,1,0.02210265804869515,0.02210265804869515,0.02674863655274084
local,b300k.cps2022-2023-2024.acs000.s0,national,persons_65p,1,0.02695231188264303,0.02695231188264303,0.018547026346138182
local,b300k.cps2022-2023-2024.acs000.s0,national,persons_in_households,1,0.01831982579957464,0.01831982579957464,0.007468807603606707
local,b300k.cps2022-2023-2024.acs000.s0,national,persons_male,1,0.022848910490086145,0.022848910490086145,0.03089045646952046
local,b300k.cps2022-2023-2024.acs000.s0,national,persons_total,1,0.006796204635752092,0.006796204635752092,0.017379591291648393
local,b300k.cps2022-2023-2024.acs000.s0,national,real_estate_taxes_aggregate,1,0.5791275545736061,0.5791275545736061,0.6659411721508932
local,b300k.cps2022-2023-2024.acs000.s0,national,rent_contract_annual_aggregate,1,0.13271291569831403,0.13271291569831403,0.1311082630902956
local,b300k.cps2022-2023-2024.acs000.s0,national,rent_gross_annual_aggregate,1,0.23811021394832432,0.23811021394832432,0.23670056718390284
local,b300k.cps2022-2023-2024.acs000.s0,national,renter,1,0.022678066957787082,0.022678066957787082,0.00224421283630985
local,b300k.cps2022-2023-2024.acs000.s0,state,households,51,0.040794298365157716,0.025714019289378613,0.038818772971577764
local,b300k.cps2022-2023-2024.acs000.s0,state,owner,51,0.037679213089049646,0.03576370522836516,0.0493736484367459
local,b300k.cps2022-2023-2024.acs000.s0,state,persons_0_17,51,0.058690577317008864,0.05453619096108028,0.05125129793589482
local,b300k.cps2022-2023-2024.acs000.s0,state,persons_18_64,51,0.026591511456142,0.021865890099081187,0.02908260558133954
local,b300k.cps2022-2023-2024.acs000.s0,state,persons_65p,51,0.023683561381602998,0.008105949099810756,0.033742093722682526
local,b300k.cps2022-2023-2024.acs000.s0,state,persons_in_households,51,0.021503972768861762,0.020185985857752338,0.020461498374014835
local,b300k.cps2022-2023-2024.acs000.s0,state,persons_male,51,0.026084316564972832,0.02209434328105044,0.030540574782717347
local,b300k.cps2022-2023-2024.acs000.s0,state,persons_total,51,0.013478996606520343,0.012611569576091799,0.017719590215262444
local,b300k.cps2022-2023-2024.acs000.s0,state,real_estate_taxes_aggregate,51,0.4707246640806276,0.4609390162143502,0.5512094530501027
local,b300k.cps2022-2023-2024.acs000.s0,state,rent_contract_annual_aggregate,51,0.1464880057283141,0.13772725735714203,0.1468564716660885
local,b300k.cps2022-2023-2024.acs000.s0,state,rent_gross_annual_aggregate,51,0.23682799150974748,0.22741714367495747,0.23190637634799505
local,b300k.cps2022-2023-2024.acs000.s0,state,renter,51,0.08619150219716405,0.07013086790757052,0.05874007939622599
local,b300k.cps2022-2023-2024.acs100.s0,cd,households,436,0.06410231959784335,0.049336763766036185,0.054962073532234944
local,b300k.cps2022-2023-2024.acs100.s0,cd,owner,436,0.10815086206599014,0.06832574180324097,0.10415262407300314
local,b300k.cps2022-2023-2024.acs100.s0,cd,persons_0_17,436,0.0913922054659029,0.07247535900327852,0.09819552657666308
local,b300k.cps2022-2023-2024.acs100.s0,cd,persons_18_64,436,0.04569269944266278,0.03904616241698438,0.049531410622278046
local,b300k.cps2022-2023-2024.acs100.s0,cd,persons_65p,436,0.08973887150077262,0.07377186151167636,0.09944979837866572
local,b300k.cps2022-2023-2024.acs100.s0,cd,persons_male,436,0.03820442989257093,0.031830101469290537,0.05434137605234831
local,b300k.cps2022-2023-2024.acs100.s0,cd,persons_total,436,0.020100928563813396,0.015005646744144407,0.04628623078305049
local,b300k.cps2022-2023-2024.acs100.s0,cd,real_estate_taxes_aggregate,436,0.3338387001872945,0.3548285245742132,0.3120468833971771
local,b300k.cps2022-2023-2024.acs100.s0,cd,rent_contract_annual_aggregate,436,0.32417204465147254,0.27497601770786456,0.31339907708977893
local,b300k.cps2022-2023-2024.acs100.s0,cd,rent_gross_annual_aggregate,436,0.28620281442467804,0.25498455070230475,0.2751987054799509
local,b300k.cps2022-2023-2024.acs100.s0,cd,renter,436,0.1943201993769533,0.15794086287580683,0.15814508010758657
local,b300k.cps2022-2023-2024.acs100.s0,county,households,850,0.12351968709514116,0.091307275608778,0.09608167916716849
local,b300k.cps2022-2023-2024.acs100.s0,county,owner,850,0.1605704435244487,0.11926345673198596,0.13072067032095197
local,b300k.cps2022-2023-2024.acs100.s0,county,persons_0_17,850,0.21106737982308207,0.14222230119658347,0.1785360378394958
local,b300k.cps2022-2023-2024.acs100.s0,county,persons_18_64,850,0.1380127026257903,0.10145571015639177,0.10923617451481231
local,b300k.cps2022-2023-2024.acs100.s0,county,persons_65p,850,0.19680587081828343,0.14421457065579762,0.16056855475526624
local,b300k.cps2022-2023-2024.acs100.s0,county,persons_in_households,850,0.11930547919112955,0.08034834606499225,0.09869100340395388
local,b300k.cps2022-2023-2024.acs100.s0,county,persons_male,850,0.12908530415467306,0.09094281036679805,0.10897061665601862
local,b300k.cps2022-2023-2024.acs100.s0,county,persons_total,850,0.1163407669896022,0.08297568535775585,0.09736080084638134
local,b300k.cps2022-2023-2024.acs100.s0,county,real_estate_taxes_aggregate,850,0.39206289625989366,0.38681417828896036,0.3344464462788473
local,b300k.cps2022-2023-2024.acs100.s0,county,rent_contract_annual_aggregate,850,0.41770124075168724,0.33082458695654515,0.39866580565532195
local,b300k.cps2022-2023-2024.acs100.s0,county,rent_gross_annual_aggregate,850,0.37319737906153977,0.31135486016599756,0.33975327300886676
local,b300k.cps2022-2023-2024.acs100.s0,county,renter,850,0.2900297219552528,0.22829939490470114,0.23413376933474014
local,b300k.cps2022-2023-2024.acs100.s0,national,households,1,0.031789861527650794,0.031789861527650794,0.02283118810246568
local,b300k.cps2022-2023-2024.acs100.s0,national,owner,1,0.046265263320552724,0.046265263320552724,0.028899582704201544
local,b300k.cps2022-2023-2024.acs100.s0,national,persons_0_17,1,0.06241040313488423,0.06241040313488423,0.030152749524834207
local,b300k.cps2022-2023-2024.acs100.s0,national,persons_18_64,1,0.031678724065861065,0.031678724065861065,0.02321466788614161
local,b300k.cps2022-2023-2024.acs100.s0,national,persons_65p,1,0.014220160036119076,0.014220160036119076,0.017450720137209847
local,b300k.cps2022-2023-2024.acs100.s0,national,persons_in_households,1,0.009483156388690349,0.009483156388690349,0.0033497610583094885
local,b300k.cps2022-2023-2024.acs100.s0,national,persons_male,1,0.02170356681211316,0.02170356681211316,0.0292731874081316
local,b300k.cps2022-2023-2024.acs100.s0,national,persons_total,1,0.008359542265213817,0.008359542265213817,0.017379591291877446
local,b300k.cps2022-2023-2024.acs100.s0,national,real_estate_taxes_aggregate,1,0.36121002256050494,0.36121002256050494,0.366073693434801
local,b300k.cps2022-2023-2024.acs100.s0,national,rent_contract_annual_aggregate,1,0.11763834935069972,0.11763834935069972,0.12904528661128503
local,b300k.cps2022-2023-2024.acs100.s0,national,rent_gross_annual_aggregate,1,0.2248675883664466,0.2248675883664466,0.23488829448127344
local,b300k.cps2022-2023-2024.acs100.s0,national,renter,1,0.035648901384613255,0.035648901384613255,0.027006558627955594
local,b300k.cps2022-2023-2024.acs100.s0,state,households,51,0.03333224958564468,0.023820372179265307,0.029729572260914973
local,b300k.cps2022-2023-2024.acs100.s0,state,owner,51,0.04265957497176886,0.03843249381497831,0.03673584714925406
local,b300k.cps2022-2023-2024.acs100.s0,state,persons_0_17,51,0.0618055880525289,0.05828886740708684,0.05180045120449306
local,b300k.cps2022-2023-2024.acs100.s0,state,persons_18_64,51,0.033874273142902034,0.030843809939928996,0.03150866407221119
local,b300k.cps2022-2023-2024.acs100.s0,state,persons_65p,51,0.016318849915561,0.008180190048629158,0.034800252184436976
local,b300k.cps2022-2023-2024.acs100.s0,state,persons_in_households,51,0.012480357336173063,0.010452888511227033,0.022383242660041925
local,b300k.cps2022-2023-2024.acs100.s0,state,persons_male,51,0.023308729392955144,0.017969092001214486,0.03616090096195592
local,b300k.cps2022-2023-2024.acs100.s0,state,persons_total,51,0.013918473754918686,0.012341934397470066,0.02558194529369862
local,b300k.cps2022-2023-2024.acs100.s0,state,real_estate_taxes_aggregate,51,0.3336344503566154,0.33230610815861905,0.30258258161320495
local,b300k.cps2022-2023-2024.acs100.s0,state,rent_contract_annual_aggregate,51,0.14521945498721503,0.11521576685408129,0.1534614967585407
local,b300k.cps2022-2023-2024.acs100.s0,state,rent_gross_annual_aggregate,51,0.21030231322232512,0.2087067182984353,0.20861372659058267
local,b300k.cps2022-2023-2024.acs100.s0,state,renter,51,0.09087132769143302,0.0830592292789683,0.05765325898984831
local,b300k.cps2022-2023-2024.acs100.s1,cd,households,436,0.06382090142668864,0.04909639050120458,0.05460589124685475
local,b300k.cps2022-2023-2024.acs100.s1,cd,owner,436,0.10489526962976212,0.0644851335293008,0.10271980464673341
local,b300k.cps2022-2023-2024.acs100.s1,cd,persons_0_17,436,0.08998191071840292,0.0712902176763402,0.09835007215083932
local,b300k.cps2022-2023-2024.acs100.s1,cd,persons_18_64,436,0.04508827057615641,0.0372283807178165,0.05350098165738256
local,b300k.cps2022-2023-2024.acs100.s1,cd,persons_65p,436,0.09333571383289092,0.07453477042574619,0.09995627300453121
local,b300k.cps2022-2023-2024.acs100.s1,cd,persons_male,436,0.03666435662525591,0.03091816862465344,0.05356780667765004
local,b300k.cps2022-2023-2024.acs100.s1,cd,persons_total,436,0.01965332505736181,0.014377296237290588,0.04381525638626839
local,b300k.cps2022-2023-2024.acs100.s1,cd,real_estate_taxes_aggregate,436,0.3428186262755417,0.3509631657991412,0.3232398494938278
local,b300k.cps2022-2023-2024.acs100.s1,cd,rent_contract_annual_aggregate,436,0.3201798428523723,0.2554380307164411,0.31229202196557954
local,b300k.cps2022-2023-2024.acs100.s1,cd,rent_gross_annual_aggregate,436,0.2856250925121632,0.25581336162302404,0.27677378801964936
local,b300k.cps2022-2023-2024.acs100.s1,cd,renter,436,0.19436431759993406,0.15872965092331814,0.15646844286840492
local,b300k.cps2022-2023-2024.acs100.s1,county,households,850,0.12080870588992883,0.09172824287972159,0.09421033365906543
local,b300k.cps2022-2023-2024.acs100.s1,county,owner,850,0.15387854766605982,0.11343371228237287,0.12898361874265155
local,b300k.cps2022-2023-2024.acs100.s1,county,persons_0_17,850,0.21769026228973878,0.14883056171623799,0.18004659071278442
local,b300k.cps2022-2023-2024.acs100.s1,county,persons_18_64,850,0.1334820678421939,0.09687295005598147,0.10409935096726328
local,b300k.cps2022-2023-2024.acs100.s1,county,persons_65p,850,0.19418071622631433,0.14647729139604307,0.15894869564486916
local,b300k.cps2022-2023-2024.acs100.s1,county,persons_in_households,850,0.11412897336064316,0.07558454323112376,0.09567362504185346
local,b300k.cps2022-2023-2024.acs100.s1,county,persons_male,850,0.1215978160564806,0.087339683792924,0.10051269033781333
local,b300k.cps2022-2023-2024.acs100.s1,county,persons_total,850,0.11154770952088373,0.07443857078583661,0.0933225358182413
local,b300k.cps2022-2023-2024.acs100.s1,county,real_estate_taxes_aggregate,850,0.39461591541436253,0.3947566889119156,0.34138997462800813
local,b300k.cps2022-2023-2024.acs100.s1,county,rent_contract_annual_aggregate,850,0.4235099795957325,0.3357115000119607,0.40099376211959503
local,b300k.cps2022-2023-2024.acs100.s1,county,rent_gross_annual_aggregate,850,0.3770441938138787,0.3193072704969941,0.3395631844898292
local,b300k.cps2022-2023-2024.acs100.s1,county,renter,850,0.29388393280761055,0.228404509883612,0.2394566484896744
local,b300k.cps2022-2023-2024.acs100.s1,national,households,1,0.03335312640392665,0.03335312640392665,0.024794395277488928
local,b300k.cps2022-2023-2024.acs100.s1,national,owner,1,0.04345167164685532,0.04345167164685532,0.025324766647941036
local,b300k.cps2022-2023-2024.acs100.s1,national,persons_0_17,1,0.06066740748189807,0.06066740748189807,0.028992087919649804
local,b300k.cps2022-2023-2024.acs100.s1,national,persons_18_64,1,0.031117253500857537,0.031117253500857537,0.023429146172018255
local,b300k.cps2022-2023-2024.acs100.s1,national,persons_65p,1,0.015229516937032322,0.015229516937032322,0.016789814262298818
local,b300k.cps2022-2023-2024.acs100.s1,national,persons_in_households,1,0.009112508147761062,0.009112508147761062,0.003339386531063656
local,b300k.cps2022-2023-2024.acs100.s1,national,persons_male,1,0.022359371022443772,0.022359371022443772,0.030230184394261766
local,b300k.cps2022-2023-2024.acs100.s1,national,persons_total,1,0.00857507954847087,0.00857507954847087,0.017379591291576717
local,b300k.cps2022-2023-2024.acs100.s1,national,real_estate_taxes_aggregate,1,0.3652531192482867,0.3652531192482867,0.3748400477187738
local,b300k.cps2022-2023-2024.acs100.s1,national,rent_contract_annual_aggregate,1,0.11316868512762504,0.11316868512762504,0.12851951123017968
local,b300k.cps2022-2023-2024.acs100.s1,national,rent_gross_annual_aggregate,1,0.2209411013008827,0.2209411013008827,0.23442641409602114
local,b300k.cps2022-2023-2024.acs100.s1,national,renter,1,0.02782926308754271,0.02782926308754271,0.0163427118127628
local,b300k.cps2022-2023-2024.acs100.s1,state,households,51,0.03472601032313385,0.027525279046360485,0.02735163381759662
local,b300k.cps2022-2023-2024.acs100.s1,state,owner,51,0.04372686386036193,0.045076292922304376,0.03220854081813725
local,b300k.cps2022-2023-2024.acs100.s1,state,persons_0_17,51,0.0607745254072715,0.057302183987789045,0.05355871315044963
local,b300k.cps2022-2023-2024.acs100.s1,state,persons_18_64,51,0.03408413598365645,0.02906039692463441,0.027238197395543753
local,b300k.cps2022-2023-2024.acs100.s1,state,persons_65p,51,0.016914618225337838,0.006938390054620743,0.028673572469027384
local,b300k.cps2022-2023-2024.acs100.s1,state,persons_in_households,51,0.013876969399054166,0.008952359569620611,0.021890576690053367
local,b300k.cps2022-2023-2024.acs100.s1,state,persons_male,51,0.026060599112983612,0.021145906545648577,0.03131112356940419
local,b300k.cps2022-2023-2024.acs100.s1,state,persons_total,51,0.015305372136508299,0.013829445000667325,0.02182359813314486
local,b300k.cps2022-2023-2024.acs100.s1,state,real_estate_taxes_aggregate,51,0.32950746153531424,0.34276744394045655,0.3088903056845426
local,b300k.cps2022-2023-2024.acs100.s1,state,rent_contract_annual_aggregate,51,0.14312654170374017,0.10635901904063909,0.16091490576517956
local,b300k.cps2022-2023-2024.acs100.s1,state,rent_gross_annual_aggregate,51,0.21228838211284484,0.21508262316151394,0.2182614080634859
local,b300k.cps2022-2023-2024.acs100.s1,state,renter,51,0.0925583071915544,0.08465932385937773,0.05324485130069417
local,b300k.cps2022-2023-2024.acs100.s2,cd,households,436,0.0630346459213504,0.0456596296915949,0.05387121687949212
local,b300k.cps2022-2023-2024.acs100.s2,cd,owner,436,0.10367401100759448,0.06263116204154726,0.10084961118595076
local,b300k.cps2022-2023-2024.acs100.s2,cd,persons_0_17,436,0.08980396059636538,0.06573002872335616,0.10396800122316771
local,b300k.cps2022-2023-2024.acs100.s2,cd,persons_18_64,436,0.04640006684032941,0.041121780858236485,0.05002635961526946
local,b300k.cps2022-2023-2024.acs100.s2,cd,persons_65p,436,0.09312171862940918,0.0805747167651438,0.0985697921326312
local,b300k.cps2022-2023-2024.acs100.s2,cd,persons_male,436,0.03863138744355694,0.03240505845377299,0.05523679661015942
local,b300k.cps2022-2023-2024.acs100.s2,cd,persons_total,436,0.020661893438217244,0.015488871812135013,0.046462729275332286
local,b300k.cps2022-2023-2024.acs100.s2,cd,real_estate_taxes_aggregate,436,0.3389105839554088,0.3569072627879908,0.31624422336631874
local,b300k.cps2022-2023-2024.acs100.s2,cd,rent_contract_annual_aggregate,436,0.3182340110271937,0.2549142640916314,0.31155462308682835
local,b300k.cps2022-2023-2024.acs100.s2,cd,rent_gross_annual_aggregate,436,0.2854922864892294,0.25289370925876486,0.27553400138773404
local,b300k.cps2022-2023-2024.acs100.s2,cd,renter,436,0.18739668980059243,0.15336602313827913,0.15632248233515425
local,b300k.cps2022-2023-2024.acs100.s2,county,households,850,0.12581022785265425,0.09515719102598036,0.09378508463464962
local,b300k.cps2022-2023-2024.acs100.s2,county,owner,850,0.15620333303445397,0.11280657094969924,0.12610930452147198
local,b300k.cps2022-2023-2024.acs100.s2,county,persons_0_17,850,0.2091670509386031,0.14699501166703793,0.18145174594691854
local,b300k.cps2022-2023-2024.acs100.s2,county,persons_18_64,850,0.1376698544840719,0.1008623439709173,0.11049728350658153
local,b300k.cps2022-2023-2024.acs100.s2,county,persons_65p,850,0.20335896423360683,0.14987545190496396,0.15756992656357788
local,b300k.cps2022-2023-2024.acs100.s2,county,persons_in_households,850,0.11646066159339061,0.07676379809247888,0.0990745995105983
local,b300k.cps2022-2023-2024.acs100.s2,county,persons_male,850,0.12428782220902371,0.08899711209104938,0.10514594684137929
local,b300k.cps2022-2023-2024.acs100.s2,county,persons_total,850,0.11467034616430814,0.07426979998227112,0.09693953272037091
local,b300k.cps2022-2023-2024.acs100.s2,county,real_estate_taxes_aggregate,850,0.3935715393540174,0.38954831682455887,0.33610850282071913
local,b300k.cps2022-2023-2024.acs100.s2,county,rent_contract_annual_aggregate,850,0.4226972851582002,0.35013027869635016,0.4034052375814544
local,b300k.cps2022-2023-2024.acs100.s2,county,rent_gross_annual_aggregate,850,0.3807108438128755,0.32367742622990525,0.34459933569726914
local,b300k.cps2022-2023-2024.acs100.s2,county,renter,850,0.2918944750478307,0.23207556370689936,0.23085167418015046
local,b300k.cps2022-2023-2024.acs100.s2,national,households,1,0.03128599730374296,0.03128599730374296,0.022425462343745668
local,b300k.cps2022-2023-2024.acs100.s2,national,owner,1,0.04355530780625999,0.04355530780625999,0.02487343325459565
local,b300k.cps2022-2023-2024.acs100.s2,national,persons_0_17,1,0.060507400202351326,0.060507400202351326,0.02493795042771259
local,b300k.cps2022-2023-2024.acs100.s2,national,persons_18_64,1,0.0317721910689583,0.0317721910689583,0.024373101349739155
local,b300k.cps2022-2023-2024.acs100.s2,national,persons_65p,1,0.015799979547139725,0.015799979547139725,0.015136287219120487
local,b300k.cps2022-2023-2024.acs100.s2,national,persons_in_households,1,0.00881395970257263,0.00881395970257263,0.0032116078586647066
local,b300k.cps2022-2023-2024.acs100.s2,national,persons_male,1,0.021579336188993894,0.021579336188993894,0.028793888062225634
local,b300k.cps2022-2023-2024.acs100.s2,national,persons_total,1,0.009108678437864098,0.009108678437864098,0.017379591291621404
local,b300k.cps2022-2023-2024.acs100.s2,national,real_estate_taxes_aggregate,1,0.36311681819421365,0.36311681819421365,0.36958236939275463
local,b300k.cps2022-2023-2024.acs100.s2,national,rent_contract_annual_aggregate,1,0.12724124226547387,0.12724124226547387,0.1319312994116549
local,b300k.cps2022-2023-2024.acs100.s2,national,rent_gross_annual_aggregate,1,0.23330348711409754,0.23330348711409754,0.23742358379298573
local,b300k.cps2022-2023-2024.acs100.s2,national,renter,1,0.03330648701622636,0.03330648701622636,0.022082308540014823
local,b300k.cps2022-2023-2024.acs100.s2,state,households,51,0.032788583094206986,0.02536491488794872,0.023725680491648735
local,b300k.cps2022-2023-2024.acs100.s2,state,owner,51,0.04193377417189355,0.0357987269642112,0.029002895268317442
local,b300k.cps2022-2023-2024.acs100.s2,state,persons_0_17,51,0.06169586389246413,0.0562726467258595,0.05567407681743994
local,b300k.cps2022-2023-2024.acs100.s2,state,persons_18_64,51,0.033958416509746236,0.03162033419204518,0.029783437644543102
local,b300k.cps2022-2023-2024.acs100.s2,state,persons_65p,51,0.017436453318553785,0.007109287685573199,0.029325220378664408
local,b300k.cps2022-2023-2024.acs100.s2,state,persons_in_households,51,0.01320152555504123,0.009864661233196341,0.022200252461611364
local,b300k.cps2022-2023-2024.acs100.s2,state,persons_male,51,0.025796754664306698,0.02001737850646812,0.032881620970388825
local,b300k.cps2022-2023-2024.acs100.s2,state,persons_total,51,0.015197888904040911,0.01373881984371734,0.025249273649564613
local,b300k.cps2022-2023-2024.acs100.s2,state,real_estate_taxes_aggregate,51,0.33303192111156854,0.33392759737425276,0.30670737513987084
local,b300k.cps2022-2023-2024.acs100.s2,state,rent_contract_annual_aggregate,51,0.1505433477516905,0.11249815699958567,0.16133794028836196
local,b300k.cps2022-2023-2024.acs100.s2,state,rent_gross_annual_aggregate,51,0.22387474484441955,0.21652357297584077,0.21528276283846245
local,b300k.cps2022-2023-2024.acs100.s2,state,renter,51,0.08863316784748716,0.07178491423072017,0.05241661969934416
local,b300k.cps2023-2024.acs000.s0,cd,households,436,0.07122282901813373,0.05445348444808632,0.053614520750817074
local,b300k.cps2023-2024.acs000.s0,cd,owner,436,0.12873081842503145,0.07917785067267252,0.1444815335505615
local,b300k.cps2023-2024.acs000.s0,cd,persons_0_17,436,0.09565917490159295,0.0696329361548251,0.12478861103159995
local,b300k.cps2023-2024.acs000.s0,cd,persons_18_64,436,0.04914125974625012,0.039733870988383255,0.058743708228535384
local,b300k.cps2023-2024.acs000.s0,cd,persons_65p,436,0.09861195596488724,0.08003176792263321,0.13699227201391515
local,b300k.cps2023-2024.acs000.s0,cd,persons_male,436,0.04783607829452808,0.04025317999736433,0.05884683651812112
local,b300k.cps2023-2024.acs000.s0,cd,persons_total,436,0.027225827787365285,0.019971907121036827,0.04886493140741495
local,b300k.cps2023-2024.acs000.s0,cd,real_estate_taxes_aggregate,436,0.5184537428124052,0.5547905281135597,0.5698652645724244
local,b300k.cps2023-2024.acs000.s0,cd,rent_contract_annual_aggregate,436,0.32578206767232565,0.27909645257908267,0.31469264573928035
local,b300k.cps2023-2024.acs000.s0,cd,rent_gross_annual_aggregate,436,0.29729126683000245,0.2694469815314571,0.2838529241053794
local,b300k.cps2023-2024.acs000.s0,cd,renter,436,0.26254507611148464,0.2049320345298002,0.22968050589278796
local,b300k.cps2023-2024.acs000.s0,county,households,850,0.11188685114858413,0.07967628640521403,0.08498367212326344
local,b300k.cps2023-2024.acs000.s0,county,owner,850,0.16155119934760737,0.12249236395190756,0.15082548224521902
local,b300k.cps2023-2024.acs000.s0,county,persons_0_17,850,0.20534740078316477,0.15141274359379978,0.1761961413648731
local,b300k.cps2023-2024.acs000.s0,county,persons_18_64,850,0.12226941499081925,0.08647227101431904,0.10700797062471092
local,b300k.cps2023-2024.acs000.s0,county,persons_65p,850,0.2064037857990984,0.15416112908510038,0.18115346083985567
local,b300k.cps2023-2024.acs000.s0,county,persons_in_households,850,0.10000746153771713,0.0663127228934346,0.08877408961987057
local,b300k.cps2023-2024.acs000.s0,county,persons_male,850,0.10663839418686838,0.07349748006131988,0.09538987885247817
local,b300k.cps2023-2024.acs000.s0,county,persons_total,850,0.09540618797808244,0.05996171956358029,0.08495552849814238
local,b300k.cps2023-2024.acs000.s0,county,real_estate_taxes_aggregate,850,0.5292304709602085,0.5582253757889771,0.5565735457281109
local,b300k.cps2023-2024.acs000.s0,county,rent_contract_annual_aggregate,850,0.4155687381426945,0.3385746595029875,0.40679322886452596
local,b300k.cps2023-2024.acs000.s0,county,rent_gross_annual_aggregate,850,0.3628740985809136,0.31088223508081414,0.3478483126845342
local,b300k.cps2023-2024.acs000.s0,county,renter,850,0.3509354366789933,0.26882928829753144,0.3152559717195768
local,b300k.cps2023-2024.acs000.s0,national,households,1,0.04063176124869034,0.04063176124869034,0.04063176077374351
local,b300k.cps2023-2024.acs000.s0,national,owner,1,0.024417012006406853,0.024417012006406853,0.042345165727939324
local,b300k.cps2023-2024.acs000.s0,national,persons_0_17,1,0.05537492484615529,0.05537492484615529,0.027390231881220944
local,b300k.cps2023-2024.acs000.s0,national,persons_18_64,1,0.023834100317264247,0.023834100317264247,0.0268050150704322
local,b300k.cps2023-2024.acs000.s0,national,persons_65p,1,0.02400154467270538,0.02400154467270538,0.026233676447505128
local,b300k.cps2023-2024.acs000.s0,national,persons_in_households,1,0.018234299368889085,0.018234299368889085,0.007468807603602755
local,b300k.cps2023-2024.acs000.s0,national,persons_male,1,0.023741892974788334,0.023741892974788334,0.030408793666099887
local,b300k.cps2023-2024.acs000.s0,national,persons_total,1,0.00687962162657239,0.00687962162657239,0.017379591291652247
local,b300k.cps2023-2024.acs000.s0,national,real_estate_taxes_aggregate,1,0.5774613187452756,0.5774613187452756,0.6562268648260717
local,b300k.cps2023-2024.acs000.s0,national,rent_contract_annual_aggregate,1,0.12257561797004438,0.12257561797004438,0.1222749686343984
local,b300k.cps2023-2024.acs000.s0,national,rent_gross_annual_aggregate,1,0.2292048540771437,0.2292048540771437,0.22894074123359048
local,b300k.cps2023-2024.acs000.s0,national,renter,1,0.034919986286847816,0.034919986286847816,0.0025205865935754137
local,b300k.cps2023-2024.acs000.s0,state,households,51,0.041962774796204666,0.030574426319391675,0.04016948176038674
local,b300k.cps2023-2024.acs000.s0,state,owner,51,0.03492225640947477,0.031439240577629056,0.04757532621275756
local,b300k.cps2023-2024.acs000.s0,state,persons_0_17,51,0.06095889189836722,0.0526779065558116,0.05483953711216335
local,b300k.cps2023-2024.acs000.s0,state,persons_18_64,51,0.028450067750215163,0.02435395058572903,0.03073725927409018
local,b300k.cps2023-2024.acs000.s0,state,persons_65p,51,0.021976683145644948,0.008423916736110251,0.039588997541003985
local,b300k.cps2023-2024.acs000.s0,state,persons_in_households,51,0.021469303095219383,0.019962687231678402,0.01955854451458431
local,b300k.cps2023-2024.acs000.s0,state,persons_male,51,0.029324847266300396,0.025065071353276378,0.031232583282333352
local,b300k.cps2023-2024.acs000.s0,state,persons_total,51,0.013956183473796515,0.01179112146793636,0.018964847449261527
local,b300k.cps2023-2024.acs000.s0,state,real_estate_taxes_aggregate,51,0.4697578746444747,0.4576411595277243,0.5416227019420784
local,b300k.cps2023-2024.acs000.s0,state,rent_contract_annual_aggregate,51,0.14521139057114885,0.12972367255020312,0.14160292476457162
local,b300k.cps2023-2024.acs000.s0,state,rent_gross_annual_aggregate,51,0.2280476962108802,0.22132591724723205,0.2199685049241719
local,b300k.cps2023-2024.acs000.s0,state,renter,51,0.08539305519562446,0.07053415585112134,0.06435477021533259
local,b300k.cps2023-2024.acs100.s0,cd,households,436,0.059421473053437195,0.04550369198527472,0.04810264997891757
local,b300k.cps2023-2024.acs100.s0,cd,owner,436,0.0971033262097222,0.060697773846224524,0.08310383827346488
local,b300k.cps2023-2024.acs100.s0,cd,persons_0_17,436,0.09044049645776298,0.0717742140590408,0.10115797654787498
local,b300k.cps2023-2024.acs100.s0,cd,persons_18_64,436,0.04762768445510206,0.04204547224612972,0.050864185115396025
local,b300k.cps2023-2024.acs100.s0,cd,persons_65p,436,0.08368978129194105,0.06601431198047798,0.08461932860175533
local,b300k.cps2023-2024.acs100.s0,cd,persons_male,436,0.03764405224368487,0.029336185871946162,0.055839076005064214
local,b300k.cps2023-2024.acs100.s0,cd,persons_total,436,0.018296684986297693,0.012566605003781137,0.0485463192051605
local,b300k.cps2023-2024.acs100.s0,cd,real_estate_taxes_aggregate,436,0.2564567348914509,0.2686816326185809,0.2102526769439945
local,b300k.cps2023-2024.acs100.s0,cd,rent_contract_annual_aggregate,436,0.33504748711189325,0.28190999135515327,0.3202053889884849
local,b300k.cps2023-2024.acs100.s0,cd,rent_gross_annual_aggregate,436,0.2836056831442782,0.2533337066304112,0.27860549586486605
local,b300k.cps2023-2024.acs100.s0,cd,renter,436,0.17181311101756505,0.14154574952156035,0.12801205780457262
local,b300k.cps2023-2024.acs100.s0,county,households,850,0.12172802103756751,0.08599948248097233,0.09369935551642367
local,b300k.cps2023-2024.acs100.s0,county,owner,850,0.15103693681884625,0.10884360417732974,0.11978550005293273
local,b300k.cps2023-2024.acs100.s0,county,persons_0_17,850,0.22855267175109428,0.1622760916583218,0.19000776698181512
local,b300k.cps2023-2024.acs100.s0,county,persons_18_64,850,0.13742418562655975,0.09890531177051105,0.11135210001064201
local,b300k.cps2023-2024.acs100.s0,county,persons_65p,850,0.1932808482000384,0.14199736803563223,0.15311411284075127
local,b300k.cps2023-2024.acs100.s0,county,persons_in_households,850,0.12008987713869741,0.07867587270838658,0.10472957916788693
local,b300k.cps2023-2024.acs100.s0,county,persons_male,850,0.13267744819653582,0.09335261745718329,0.11200379817229747
local,b300k.cps2023-2024.acs100.s0,county,persons_total,850,0.11711736010481581,0.07650176471756495,0.10265556765772516
local,b300k.cps2023-2024.acs100.s0,county,real_estate_taxes_aggregate,850,0.32472671529985436,0.30793662851455295,0.24968300885360645
local,b300k.cps2023-2024.acs100.s0,county,rent_contract_annual_aggregate,850,0.42140607859951373,0.33248733060681934,0.4031064691966803
local,b300k.cps2023-2024.acs100.s0,county,rent_gross_annual_aggregate,850,0.371031844053087,0.313619294161821,0.3395014437392735
local,b300k.cps2023-2024.acs100.s0,county,renter,850,0.27103972578732094,0.20586463996856044,0.21072750235659535
local,b300k.cps2023-2024.acs100.s0,national,households,1,0.028444465658123967,0.028444465658123967,0.01622813986048555
local,b300k.cps2023-2024.acs100.s0,national,owner,1,0.040979099356415964,0.040979099356415964,0.0185637728817818
local,b300k.cps2023-2024.acs100.s0,national,persons_0_17,1,0.06570934648084932,0.06570934648084932,0.037168881908996844
local,b300k.cps2023-2024.acs100.s0,national,persons_18_64,1,0.036461354265737135,0.036461354265737135,0.021405258145536843
local,b300k.cps2023-2024.acs100.s0,national,persons_65p,1,0.006114493120364322,0.006114493120364322,0.019721236033055835
local,b300k.cps2023-2024.acs100.s0,national,persons_in_households,1,0.005302886307644536,0.005302886307644536,0.008086271457001712
local,b300k.cps2023-2024.acs100.s0,national,persons_male,1,0.023453762329567574,0.023453762329567574,0.028695428893634082
local,b300k.cps2023-2024.acs100.s0,national,persons_total,1,0.009088404597104811,0.009088404597104811,0.017379591291705
local,b300k.cps2023-2024.acs100.s0,national,real_estate_taxes_aggregate,1,0.27169620195596483,0.27169620195596483,0.2345658564217346
local,b300k.cps2023-2024.acs100.s0,national,rent_contract_annual_aggregate,1,0.10810154811825258,0.10810154811825258,0.1242698815104491
local,b300k.cps2023-2024.acs100.s0,national,rent_gross_annual_aggregate,1,0.21648974949149452,0.21648974949149452,0.23069322178107815
local,b300k.cps2023-2024.acs100.s0,national,renter,1,0.03990741023627707,0.03990741023627707,0.029848196630025862
local,b300k.cps2023-2024.acs100.s0,state,households,51,0.030165536909506286,0.022877371047466483,0.025384052373917356
local,b300k.cps2023-2024.acs100.s0,state,owner,51,0.03825147074669324,0.032906146918039114,0.028873511573039103
local,b300k.cps2023-2024.acs100.s0,state,persons_0_17,51,0.06423186389956909,0.06130094765956486,0.057898369342281576
local,b300k.cps2023-2024.acs100.s0,state,persons_18_64,51,0.03803652419648801,0.03699216908963536,0.03114044991340005
local,b300k.cps2023-2024.acs100.s0,state,persons_65p,51,0.011633012660147558,0.005437173395582616,0.03431761949732328
local,b300k.cps2023-2024.acs100.s0,state,persons_in_households,51,0.010400908952785332,0.006578137526621315,0.024100213806170213
local,b300k.cps2023-2024.acs100.s0,state,persons_male,51,0.02683768240122439,0.02322610724634671,0.03638023804000716
local,b300k.cps2023-2024.acs100.s0,state,persons_total,51,0.01557068128220288,0.011677438268582786,0.026083135523212342
local,b300k.cps2023-2024.acs100.s0,state,real_estate_taxes_aggregate,51,0.2571665715813046,0.2610918651772177,0.19667184532866613
local,b300k.cps2023-2024.acs100.s0,state,rent_contract_annual_aggregate,51,0.15034201910303266,0.12599877374602794,0.1688786671295249
local,b300k.cps2023-2024.acs100.s0,state,rent_gross_annual_aggregate,51,0.20102721198453644,0.18281317504164724,0.20586815296275546
local,b300k.cps2023-2024.acs100.s0,state,renter,51,0.09023651314634132,0.08670365922098693,0.054246188130893436
local,b300k.cps2024.acs000.s0,cd,households,436,0.07228325930772087,0.057943529129053144,0.05325389470712396
local,b300k.cps2024.acs000.s0,cd,owner,436,0.1272978883971911,0.07844686688044047,0.14077060356552817
local,b300k.cps2024.acs000.s0,cd,persons_0_17,436,0.10233307312783137,0.07763417328121466,0.1311649722369435
local,b300k.cps2024.acs000.s0,cd,persons_18_64,436,0.0530837844412484,0.0439811468432365,0.0634839506501305
local,b300k.cps2024.acs000.s0,cd,persons_65p,436,0.09923880200918955,0.08152374920384567,0.13998017631797427
local,b300k.cps2024.acs000.s0,cd,persons_male,436,0.05190493480907868,0.043104940822452836,0.06229145930936586
local,b300k.cps2024.acs000.s0,cd,persons_total,436,0.02916701759557991,0.02109846639500746,0.05264424882012382
local,b300k.cps2024.acs000.s0,cd,real_estate_taxes_aggregate,436,0.522275459695462,0.5539156596333725,0.5528534080004882
local,b300k.cps2024.acs000.s0,cd,rent_contract_annual_aggregate,436,0.3302079061830655,0.2764327778520755,0.3179372350717971
local,b300k.cps2024.acs000.s0,cd,rent_gross_annual_aggregate,436,0.2962073474653854,0.2733534045919597,0.2829032167660115
local,b300k.cps2024.acs000.s0,cd,renter,436,0.27081398769929566,0.20993899250120052,0.23473340185005617
local,b300k.cps2024.acs000.s0,county,households,850,0.10919693234952894,0.08010944315564165,0.0832784674286999
local,b300k.cps2024.acs000.s0,county,owner,850,0.16013748621397125,0.11865639019618132,0.1498085561133901
local,b300k.cps2024.acs000.s0,county,persons_0_17,850,0.20155127222514774,0.14565038326507374,0.18566076860806963
local,b300k.cps2024.acs000.s0,county,persons_18_64,850,0.12162941434854813,0.08564090913930761,0.11424708179130634
local,b300k.cps2024.acs000.s0,county,persons_65p,850,0.19596847085286484,0.1478061452216176,0.1836137625425742
local,b300k.cps2024.acs000.s0,county,persons_in_households,850,0.10031404803362494,0.06915797161829003,0.09485734865046187
local,b300k.cps2024.acs000.s0,county,persons_male,850,0.1115952994107755,0.0808424832485558,0.09915657570484801
local,b300k.cps2024.acs000.s0,county,persons_total,850,0.09603745361785149,0.06511124590463963,0.09014898316489524
local,b300k.cps2024.acs000.s0,county,real_estate_taxes_aggregate,850,0.537152061988621,0.5702281636374589,0.5446751934509556
local,b300k.cps2024.acs000.s0,county,rent_contract_annual_aggregate,850,0.41371568625859784,0.3377755132258514,0.403997187213267
local,b300k.cps2024.acs000.s0,county,rent_gross_annual_aggregate,850,0.3537925135968278,0.29701539017545187,0.3407041948901364
local,b300k.cps2024.acs000.s0,county,renter,850,0.35063114808939844,0.2665083154563561,0.3116467943447933
local,b300k.cps2024.acs000.s0,national,households,1,0.04250326676390603,0.04250326676390603,0.04250326623243594
local,b300k.cps2024.acs000.s0,national,owner,1,0.017353816166007077,0.017353816166007077,0.04010859549596169
local,b300k.cps2024.acs000.s0,national,persons_0_17,1,0.06460219834591083,0.06460219834591083,0.03288093308214637
local,b300k.cps2024.acs000.s0,national,persons_18_64,1,0.02706185905180554,0.02706185905180554,0.028643647198409762
local,b300k.cps2024.acs000.s0,national,persons_65p,1,0.020051302589138113,0.020051302589138113,0.03895423703662803
local,b300k.cps2024.acs000.s0,national,persons_in_households,1,0.018988422041065312,0.018988422041065312,0.007468807603647675
local,b300k.cps2024.acs000.s0,national,persons_male,1,0.02722168355197946,0.02722168355197946,0.03015050978084711
local,b300k.cps2024.acs000.s0,national,persons_total,1,0.0061440987768748,0.0061440987768748,0.017379591291608435
local,b300k.cps2024.acs000.s0,national,real_estate_taxes_aggregate,1,0.5806068644369377,0.5806068644369377,0.6395411932654282
local,b300k.cps2024.acs000.s0,national,rent_contract_annual_aggregate,1,0.10442361057506373,0.10442361057506373,0.09886944608010037
local,b300k.cps2024.acs000.s0,national,rent_gross_annual_aggregate,1,0.2132587743062157,0.2132587743062157,0.2083795811585734
local,b300k.cps2024.acs000.s0,national,renter,1,0.05451575266312578,0.05451575266312578,0.01224278155079332
local,b300k.cps2024.acs000.s0,state,households,51,0.04426851542494705,0.035905526900568654,0.04113183240018178
local,b300k.cps2024.acs000.s0,state,owner,51,0.03572940059284864,0.03159131548295778,0.0473744543754758
local,b300k.cps2024.acs000.s0,state,persons_0_17,51,0.06952917901246436,0.0691322419909257,0.05938231280038831
local,b300k.cps2024.acs000.s0,state,persons_18_64,51,0.03296569062381486,0.030217489863789127,0.03622043144079565
local,b300k.cps2024.acs000.s0,state,persons_65p,51,0.022232490808574853,0.013921469536885774,0.05328853265489987
local,b300k.cps2024.acs000.s0,state,persons_in_households,51,0.022335657786048065,0.019274563862044267,0.019861435559825554
local,b300k.cps2024.acs000.s0,state,persons_male,51,0.032503874536105266,0.030642144296799685,0.03069101486430921
local,b300k.cps2024.acs000.s0,state,persons_total,51,0.015827028214039817,0.014033408217703993,0.01840903075160705
local,b300k.cps2024.acs000.s0,state,real_estate_taxes_aggregate,51,0.4736976783191567,0.46740158227106465,0.5260015221555048
local,b300k.cps2024.acs000.s0,state,rent_contract_annual_aggregate,51,0.1250666604301183,0.10404752009718551,0.12759779821473954
local,b300k.cps2024.acs000.s0,state,rent_gross_annual_aggregate,51,0.2067198313404033,0.20211528485715094,0.2025211568796703
local,b300k.cps2024.acs000.s0,state,renter,51,0.08583683545270428,0.08244708347186404,0.07151289876278501
local,b300k.cps2024.acs100.s0,cd,households,436,0.05208398954989582,0.0399526147169474,0.0445186582648168
local,b300k.cps2024.acs100.s0,cd,owner,436,0.0795746974647526,0.05174805149210723,0.06408132108321789
local,b300k.cps2024.acs100.s0,cd,persons_0_17,436,0.0952483317036049,0.07774602767681336,0.1011149875638067
local,b300k.cps2024.acs100.s0,cd,persons_18_64,436,0.050634669926959815,0.044113877823526534,0.053087998847227875
local,b300k.cps2024.acs100.s0,cd,persons_65p,436,0.08249509187740686,0.06895168254603284,0.07579294253113192
local,b300k.cps2024.acs100.s0,cd,persons_male,436,0.03820912358411058,0.030622914254916832,0.05742995594700321
local,b300k.cps2024.acs100.s0,cd,persons_total,436,0.017792060225309558,0.009589211879171694,0.05020954772082696
local,b300k.cps2024.acs100.s0,cd,real_estate_taxes_aggregate,436,0.15890234732855235,0.1466123896735694,0.138503910174953
local,b300k.cps2024.acs100.s0,cd,rent_contract_annual_aggregate,436,0.3338379717995298,0.2842094450185937,0.3277378477880494
local,b300k.cps2024.acs100.s0,cd,rent_gross_annual_aggregate,436,0.2880909346188736,0.26504156491779324,0.2850439607136127
local,b300k.cps2024.acs100.s0,cd,renter,436,0.14978089316351892,0.12533564092353647,0.10562970911566646
local,b300k.cps2024.acs100.s0,county,households,850,0.12437122307703412,0.08696270892106069,0.09604511971690513
local,b300k.cps2024.acs100.s0,county,owner,850,0.14843366001124506,0.10174989119192966,0.11549907454876397
local,b300k.cps2024.acs100.s0,county,persons_0_17,850,0.23766675224809172,0.16464254596582362,0.1968736402180397
local,b300k.cps2024.acs100.s0,county,persons_18_64,850,0.14584222619157436,0.10494875282394336,0.1152949893009183
local,b300k.cps2024.acs100.s0,county,persons_65p,850,0.18328225619397456,0.1332486844621427,0.14765770582025672
local,b300k.cps2024.acs100.s0,county,persons_in_households,850,0.1300538155427436,0.08970361194921861,0.11037454032549172
local,b300k.cps2024.acs100.s0,county,persons_male,850,0.14002375594550695,0.0991073702148601,0.11540155756888201
local,b300k.cps2024.acs100.s0,county,persons_total,850,0.12647938513580415,0.08780010938309593,0.10711382447994193
local,b300k.cps2024.acs100.s0,county,real_estate_taxes_aggregate,850,0.25042977652818493,0.21105588504330303,0.2025009679662354
local,b300k.cps2024.acs100.s0,county,rent_contract_annual_aggregate,850,0.42824550242054304,0.3387368188587754,0.4115667347806425
local,b300k.cps2024.acs100.s0,county,rent_gross_annual_aggregate,850,0.3773619895341284,0.3233593215358127,0.34975265949333967
local,b300k.cps2024.acs100.s0,county,renter,850,0.25611290509662193,0.18385427145939065,0.20593617007171544
local,b300k.cps2024.acs100.s0,national,households,1,0.02091352614166951,0.02091352614166951,0.009405048708776023
local,b300k.cps2024.acs100.s0,national,owner,1,0.03668283188854364,0.03668283188854364,0.011149148171989243
local,b300k.cps2024.acs100.s0,national,persons_0_17,1,0.07488081962189512,0.07488081962189512,0.03934535382767289
local,b300k.cps2024.acs100.s0,national,persons_18_64,1,0.0427477880586083,0.0427477880586083,0.020760608153350738
local,b300k.cps2024.acs100.s0,national,persons_65p,1,0.0017445376311779107,0.0017445376311779107,0.020145296515002298
local,b300k.cps2024.acs100.s0,national,persons_in_households,1,0.00021721594099950213,0.00021721594099950213,0.012887804579998606
local,b300k.cps2024.acs100.s0,national,persons_male,1,0.025932922322135548,0.025932922322135548,0.028825524095141112
local,b300k.cps2024.acs100.s0,national,persons_total,1,0.009512994593500447,0.009512994593500447,0.017379591291554284
local,b300k.cps2024.acs100.s0,national,real_estate_taxes_aggregate,1,0.138672297813476,0.138672297813476,0.10519850185068137
local,b300k.cps2024.acs100.s0,national,rent_contract_annual_aggregate,1,0.11482351837133756,0.11482351837133756,0.12122007030868508
local,b300k.cps2024.acs100.s0,national,rent_gross_annual_aggregate,1,0.22239483048562952,0.22239483048562952,0.22801403971314627
local,b300k.cps2024.acs100.s0,national,renter,1,0.055272339819343784,0.055272339819343784,0.03793725868236157
local,b300k.cps2024.acs100.s0,state,households,51,0.026890301769934205,0.021209608240871387,0.023801392273112943
local,b300k.cps2024.acs100.s0,state,owner,51,0.03551048068762924,0.031200153210801045,0.026253475518179904
local,b300k.cps2024.acs100.s0,state,persons_0_17,51,0.06997459893832415,0.06827787625057027,0.060576324539654995
local,b300k.cps2024.acs100.s0,state,persons_18_64,51,0.04313398744205638,0.03802388110130734,0.02961978201893944
local,b300k.cps2024.acs100.s0,state,persons_65p,51,0.013960198059091513,0.005874988903060145,0.036465302363331495
local,b300k.cps2024.acs100.s0,state,persons_in_households,51,0.011548226082214449,0.006737202908635657,0.02595010544588405
local,b300k.cps2024.acs100.s0,state,persons_male,51,0.030256117225281275,0.025520842230080852,0.03638472546612089
local,b300k.cps2024.acs100.s0,state,persons_total,51,0.016957280123489522,0.012963060110691323,0.02698706008569942
local,b300k.cps2024.acs100.s0,state,real_estate_taxes_aggregate,51,0.14229168180780657,0.13177606693704091,0.09423245701524154
local,b300k.cps2024.acs100.s0,state,rent_contract_annual_aggregate,51,0.17168618608863595,0.13743750283422457,0.18470102376411873
local,b300k.cps2024.acs100.s0,state,rent_gross_annual_aggregate,51,0.20268330139208438,0.17069731078013797,0.2070420821336953
local,b300k.cps2024.acs100.s0,state,renter,51,0.09172075211778666,0.09159812615617859,0.05772056447604141
local,b300k.cps2024.acs100.s1,cd,households,436,0.050256104144942366,0.039619102706861184,0.043666327344408395
local,b300k.cps2024.acs100.s1,cd,owner,436,0.07883596562020644,0.053094894245417835,0.06446595871546629
local,b300k.cps2024.acs100.s1,cd,persons_0_17,436,0.09616703391028766,0.07897352130681715,0.10131289177297828
local,b300k.cps2024.acs100.s1,cd,persons_18_64,436,0.04999904245821185,0.042915995382444415,0.05527546733560979
local,b300k.cps2024.acs100.s1,cd,persons_65p,436,0.08605020222565828,0.07297527466674437,0.0749841921549136
local,b300k.cps2024.acs100.s1,cd,persons_male,436,0.03923357031851476,0.03161750878629356,0.059876637977190415
local,b300k.cps2024.acs100.s1,cd,persons_total,436,0.018741035908028468,0.010017090778441592,0.050658066765181003
local,b300k.cps2024.acs100.s1,cd,real_estate_taxes_aggregate,436,0.16011544476120926,0.15418074242266533,0.13922265124603075
local,b300k.cps2024.acs100.s1,cd,rent_contract_annual_aggregate,436,0.3238223241532976,0.25753468138891117,0.3144112076841177
local,b300k.cps2024.acs100.s1,cd,rent_gross_annual_aggregate,436,0.2799793334456679,0.24317387179786082,0.27424807769698756
local,b300k.cps2024.acs100.s1,cd,renter,436,0.14637249857446868,0.12400563096322866,0.10866752087198374
local,b300k.cps2024.acs100.s1,county,households,850,0.12022744339854113,0.08129938407139797,0.09244479905077944
local,b300k.cps2024.acs100.s1,county,owner,850,0.14711114376008705,0.10624410516184174,0.10829972908532866
local,b300k.cps2024.acs100.s1,county,persons_0_17,850,0.23674338687331953,0.17348640753263506,0.21066372424798901
local,b300k.cps2024.acs100.s1,county,persons_18_64,850,0.1406477858217345,0.09863183896146585,0.11697017284834327
local,b300k.cps2024.acs100.s1,county,persons_65p,850,0.18684965385210472,0.13553887780956325,0.14874591163846015
local,b300k.cps2024.acs100.s1,county,persons_in_households,850,0.123704048965285,0.0832271476994933,0.110588593691157
local,b300k.cps2024.acs100.s1,county,persons_male,850,0.13114091829657265,0.09017933893949476,0.11910281121417693
local,b300k.cps2024.acs100.s1,county,persons_total,850,0.1214430512174932,0.08404395592515691,0.10785239755419546
local,b300k.cps2024.acs100.s1,county,real_estate_taxes_aggregate,850,0.24885283534410546,0.20866081544017825,0.19817254415613586
local,b300k.cps2024.acs100.s1,county,rent_contract_annual_aggregate,850,0.42407876100927805,0.3490597502772549,0.40114437891484006
local,b300k.cps2024.acs100.s1,county,rent_gross_annual_aggregate,850,0.368782630526894,0.3185856765027671,0.344211001664788
local,b300k.cps2024.acs100.s1,county,renter,850,0.25310238753614855,0.1948663899171929,0.20313929769454747
local,b300k.cps2024.acs100.s1,national,households,1,0.01855606269740465,0.01855606269740465,0.007135480860673591
local,b300k.cps2024.acs100.s1,national,owner,1,0.03493649966150303,0.03493649966150303,0.006760642135513097
local,b300k.cps2024.acs100.s1,national,persons_0_17,1,0.07402785523229914,0.07402785523229914,0.03239665815108548
local,b300k.cps2024.acs100.s1,national,persons_18_64,1,0.043619730396583276,0.043619730396583276,0.0220436135717044
local,b300k.cps2024.acs100.s1,national,persons_65p,1,0.0015535304966949447,0.0015535304966949447,0.016185055455979563
local,b300k.cps2024.acs100.s1,national,persons_in_households,1,0.0008738065428089663,0.0008738065428089663,0.012745124341986979
local,b300k.cps2024.acs100.s1,national,persons_male,1,0.027005682714336843,0.027005682714336843,0.028988409494756603
local,b300k.cps2024.acs100.s1,national,persons_total,1,0.010258248529065574,0.010258248529065574,0.017379591291681866
local,b300k.cps2024.acs100.s1,national,real_estate_taxes_aggregate,1,0.14244043661994973,0.14244043661994973,0.10788924995015199
local,b300k.cps2024.acs100.s1,national,rent_contract_annual_aggregate,1,0.1226793986555704,0.1226793986555704,0.12613857323223815
local,b300k.cps2024.acs100.s1,national,rent_gross_annual_aggregate,1,0.22929602278670125,0.22929602278670125,0.23233482023432472
local,b300k.cps2024.acs100.s1,national,renter,1,0.05988685592811738,0.05988685592811738,0.03680538251027018
local,b300k.cps2024.acs100.s1,state,households,51,0.024856379651074203,0.02089422546403683,0.016509876960375154
local,b300k.cps2024.acs100.s1,state,owner,51,0.03739516674582131,0.03280302454104196,0.01776575510010848
local,b300k.cps2024.acs100.s1,state,persons_0_17,51,0.0741490778498965,0.07163908777080553,0.05779517814902032
local,b300k.cps2024.acs100.s1,state,persons_18_64,51,0.04620513761385528,0.04432327303714027,0.03303962043118999
local,b300k.cps2024.acs100.s1,state,persons_65p,51,0.014863564168590205,0.0070882432598845715,0.0328039014021689
local,b300k.cps2024.acs100.s1,state,persons_in_households,51,0.012279117879535251,0.009454667416270988,0.025786709402797463
local,b300k.cps2024.acs100.s1,state,persons_male,51,0.02941979835261487,0.02717513637246874,0.03465236347769676
local,b300k.cps2024.acs100.s1,state,persons_total,51,0.0170243745529964,0.014198209337842152,0.026587166511169637
local,b300k.cps2024.acs100.s1,state,real_estate_taxes_aggregate,51,0.1478621250265546,0.15279521408969463,0.09775079182205315
local,b300k.cps2024.acs100.s1,state,rent_contract_annual_aggregate,51,0.17182588432815854,0.12584939421341665,0.1858112142185224
local,b300k.cps2024.acs100.s1,state,rent_gross_annual_aggregate,51,0.21265527618112387,0.20457035444353971,0.21231117244279066
local,b300k.cps2024.acs100.s1,state,renter,51,0.09424102336107078,0.09677070422873378,0.059409183848200924
local,b300k.cps2024.acs100.s2,cd,households,436,0.052375890766634965,0.042241001353118285,0.04331851304134574
local,b300k.cps2024.acs100.s2,cd,owner,436,0.0769097868837753,0.05408478711050134,0.06209214806116888
local,b300k.cps2024.acs100.s2,cd,persons_0_17,436,0.09640829819672701,0.08125069998384504,0.10342165829279419
local,b300k.cps2024.acs100.s2,cd,persons_18_64,436,0.05074428729176619,0.042602493585576176,0.05272373485245502
local,b300k.cps2024.acs100.s2,cd,persons_65p,436,0.08102956858547522,0.06887572605760736,0.07597605451221584
local,b300k.cps2024.acs100.s2,cd,persons_male,436,0.03992331798998311,0.03209525120290731,0.05751957426886549
local,b300k.cps2024.acs100.s2,cd,persons_total,436,0.019662740449780596,0.010524297643569167,0.047740968379590465
local,b300k.cps2024.acs100.s2,cd,real_estate_taxes_aggregate,436,0.15501215320842837,0.14727123061148178,0.13228862206640338
local,b300k.cps2024.acs100.s2,cd,rent_contract_annual_aggregate,436,0.3250516992900199,0.27618772453876816,0.31819942924787176
local,b300k.cps2024.acs100.s2,cd,rent_gross_annual_aggregate,436,0.288909068751206,0.25099667640845646,0.28118437560497095
local,b300k.cps2024.acs100.s2,cd,renter,436,0.1458775076229155,0.13058306073692888,0.1065898955736187
local,b300k.cps2024.acs100.s2,county,households,850,0.11992961299474034,0.08308894291128693,0.09529876221809666
local,b300k.cps2024.acs100.s2,county,owner,850,0.14570334717609726,0.10469857633291157,0.11440609929049368
local,b300k.cps2024.acs100.s2,county,persons_0_17,850,0.24190414757802012,0.1730776884089647,0.2042996714476425
local,b300k.cps2024.acs100.s2,county,persons_18_64,850,0.14143634702543442,0.10347110541319082,0.11326194007444529
local,b300k.cps2024.acs100.s2,county,persons_65p,850,0.18226364199800174,0.1329920272079482,0.1485364586129691
local,b300k.cps2024.acs100.s2,county,persons_in_households,850,0.1243727886670147,0.08199950156429005,0.10562303715711137
local,b300k.cps2024.acs100.s2,county,persons_male,850,0.13214356435032135,0.08401879174386084,0.11606407051368871
local,b300k.cps2024.acs100.s2,county,persons_total,850,0.12184967425451228,0.07916159408903775,0.10342246146173768
local,b300k.cps2024.acs100.s2,county,real_estate_taxes_aggregate,850,0.25004774424778775,0.2078762094906707,0.2012923720797865
local,b300k.cps2024.acs100.s2,county,rent_contract_annual_aggregate,850,0.41641073152039193,0.33502977017564206,0.4198081193231573
local,b300k.cps2024.acs100.s2,county,rent_gross_annual_aggregate,850,0.3645433157467302,0.3075916904683519,0.3598222288063871
local,b300k.cps2024.acs100.s2,county,renter,850,0.2575849164202483,0.1989263594194099,0.21394875331770885
local,b300k.cps2024.acs100.s2,national,households,1,0.020459073379147222,0.020459073379147222,0.009413301953973515
local,b300k.cps2024.acs100.s2,national,owner,1,0.037714839716001716,0.037714839716001716,0.009173457161656365
local,b300k.cps2024.acs100.s2,national,persons_0_17,1,0.07537946032449894,0.07537946032449894,0.041448735400090655
local,b300k.cps2024.acs100.s2,national,persons_18_64,1,0.042495116017933966,0.042495116017933966,0.020082445625907344
local,b300k.cps2024.acs100.s2,national,persons_65p,1,0.002026781832412868,0.002026781832412868,0.02036963746209138
local,b300k.cps2024.acs100.s2,national,persons_in_households,1,7.548689569514204e-05,7.548689569514204e-05,0.012728549890750515
local,b300k.cps2024.acs100.s2,national,persons_male,1,0.025913404118726367,0.025913404118726367,0.028652397462910772
local,b300k.cps2024.acs100.s2,national,persons_total,1,0.009202254800806829,0.009202254800806829,0.017379591291678886
local,b300k.cps2024.acs100.s2,national,real_estate_taxes_aggregate,1,0.1341307986253545,0.1341307986253545,0.10864498173634508
local,b300k.cps2024.acs100.s2,national,rent_contract_annual_aggregate,1,0.12115040393212904,0.12115040393212904,0.12946497246197944
local,b300k.cps2024.acs100.s2,national,rent_gross_annual_aggregate,1,0.22795283956190454,0.22795283956190454,0.23525697789508435
local,b300k.cps2024.acs100.s2,national,renter,1,0.06089502019172249,0.06089502019172249,0.0360035549662605
local,b300k.cps2024.acs100.s2,state,households,51,0.025100773638766456,0.015028006146782055,0.01901002835770843
local,b300k.cps2024.acs100.s2,state,owner,51,0.03796910804481595,0.03227595640117272,0.020465468366677945
local,b300k.cps2024.acs100.s2,state,persons_0_17,51,0.07385525471883074,0.07328213097842243,0.06185684002766886
local,b300k.cps2024.acs100.s2,state,persons_18_64,51,0.04413858988862866,0.04263886823418591,0.03214162327583207
local,b300k.cps2024.acs100.s2,state,persons_65p,51,0.012276367405546298,0.006076411437692115,0.037406340913297025
local,b300k.cps2024.acs100.s2,state,persons_in_households,51,0.012474676686658512,0.008782331569204245,0.025402788785354857
local,b300k.cps2024.acs100.s2,state,persons_male,51,0.028655384067299533,0.028251720350637402,0.03649148102859059
local,b300k.cps2024.acs100.s2,state,persons_total,51,0.017315824185406267,0.012719663425555194,0.026426138315958702
local,b300k.cps2024.acs100.s2,state,real_estate_taxes_aggregate,51,0.12941799903066367,0.13013707250996231,0.0804511919488555
local,b300k.cps2024.acs100.s2,state,rent_contract_annual_aggregate,51,0.16071831641056197,0.1321890836624861,0.17336608078593066
local,b300k.cps2024.acs100.s2,state,rent_gross_annual_aggregate,51,0.2126311229127064,0.1970382469560087,0.20851901486314603
local,b300k.cps2024.acs100.s2,state,renter,51,0.09872782318636404,0.09095726693445913,0.0697055944503938
local,b600k.cps0.acs100.s0,cd,households,436,0.04283598315525621,0.031731558787751496,0.029131914349442446
local,b600k.cps0.acs100.s0,cd,owner,436,0.07105049102862779,0.053076641755306964,0.04051540121109158
local,b600k.cps0.acs100.s0,cd,persons_0_17,436,0.09436113992978248,0.08411099416030471,0.08208722591935363
local,b600k.cps0.acs100.s0,cd,persons_18_64,436,0.055655159641184775,0.048500208816629545,0.040825249109997776
local,b600k.cps0.acs100.s0,cd,persons_65p,436,0.07653055413552765,0.06160273067759359,0.05276132280332941
local,b600k.cps0.acs100.s0,cd,persons_male,436,0.03673497375847362,0.028206193135407225,0.046373344829246
local,b600k.cps0.acs100.s0,cd,persons_total,436,0.019866263584922387,0.008138988941197548,0.03991902722308742
local,b600k.cps0.acs100.s0,cd,real_estate_taxes_aggregate,436,0.14709966918534542,0.11630978053856403,0.11040149519824126
local,b600k.cps0.acs100.s0,cd,rent_contract_annual_aggregate,436,0.3278598371064132,0.26336654975546864,0.3172776952532818
local,b600k.cps0.acs100.s0,cd,rent_gross_annual_aggregate,436,0.2871942242444503,0.2529291203637214,0.2794535424362954
local,b600k.cps0.acs100.s0,cd,renter,436,0.13830411895371494,0.1252159980533113,0.07627181026553721
local,b600k.cps0.acs100.s0,county,households,850,0.10378256226045053,0.07380805411047356,0.06554917480320599
local,b600k.cps0.acs100.s0,county,owner,850,0.12816810597846762,0.08886904101693438,0.08017899518063644
local,b600k.cps0.acs100.s0,county,persons_0_17,850,0.20781729586058603,0.14734307680260056,0.15566370071385557
local,b600k.cps0.acs100.s0,county,persons_18_64,850,0.1269209171479997,0.1000688229450015,0.08602364741400081
local,b600k.cps0.acs100.s0,county,persons_65p,850,0.16578939924340957,0.12144504699715192,0.10686977334736653
local,b600k.cps0.acs100.s0,county,persons_in_households,850,0.11168226415244333,0.07754419800294819,0.08255564542316682
local,b600k.cps0.acs100.s0,county,persons_male,850,0.12203272645290039,0.08966182028453912,0.08761508069603569
local,b600k.cps0.acs100.s0,county,persons_total,850,0.10888243171323858,0.0748151933330983,0.07963123059554887
local,b600k.cps0.acs100.s0,county,real_estate_taxes_aggregate,850,0.21380625072278886,0.13849353092032557,0.16370180319595093
local,b600k.cps0.acs100.s0,county,rent_contract_annual_aggregate,850,0.407066753581971,0.32391253827392774,0.3984796007607794
local,b600k.cps0.acs100.s0,county,rent_gross_annual_aggregate,850,0.35741170590228794,0.3001752740096502,0.3316674139615876
local,b600k.cps0.acs100.s0,county,renter,850,0.22526068909703892,0.18303501940483255,0.15085102425283922
local,b600k.cps0.acs100.s0,national,households,1,0.006422591343137454,0.006422591343137454,5.938114703318635e-05
local,b600k.cps0.acs100.s0,national,owner,1,0.043357836808508944,0.043357836808508944,0.0019768920071729147
local,b600k.cps0.acs100.s0,national,persons_0_17,1,0.08024699953252984,0.08024699953252984,0.036576349200425594
local,b600k.cps0.acs100.s0,national,persons_18_64,1,0.052549780660943624,0.052549780660943624,0.01945871613649533
local,b600k.cps0.acs100.s0,national,persons_65p,1,0.013807160382450742,0.013807160382450742,0.01247044340014511
local,b600k.cps0.acs100.s0,national,persons_in_households,1,0.009668300822164107,0.009668300822164107,0.01760172242520067
local,b600k.cps0.acs100.s0,national,persons_male,1,0.02723740569087617,0.02723740569087617,0.02802336143491234
local,b600k.cps0.acs100.s0,national,persons_total,1,0.012125249102794305,0.012125249102794305,0.01737959129143231
local,b600k.cps0.acs100.s0,national,real_estate_taxes_aggregate,1,0.09675221116084491,0.09675221116084491,0.017499562552654998
local,b600k.cps0.acs100.s0,national,rent_contract_annual_aggregate,1,0.13952009005184818,0.13952009005184818,0.13137360530288825
local,b600k.cps0.acs100.s0,national,rent_gross_annual_aggregate,1,0.2440901445914821,0.2440901445914821,0.23693366361211204
local,b600k.cps0.acs100.s0,national,renter,1,0.11071287212764896,0.11071287212764896,0.050253109583821384
local,b600k.cps0.acs100.s0,state,households,51,0.022733643835094294,0.01731772592906667,0.012233601743234922
local,b600k.cps0.acs100.s0,state,owner,51,0.04239174712903326,0.03680436039937813,0.014361305690807256
local,b600k.cps0.acs100.s0,state,persons_0_17,51,0.07742208389501914,0.07226036840745625,0.04112786132694817
local,b600k.cps0.acs100.s0,state,persons_18_64,51,0.05396762550269301,0.049616542386352595,0.02441474410562478
local,b600k.cps0.acs100.s0,state,persons_65p,51,0.01908811155348217,0.00910710267362902,0.027109918630514686
local,b600k.cps0.acs100.s0,state,persons_in_households,51,0.01574936391453503,0.012328906957608764,0.020857298561184786
local,b600k.cps0.acs100.s0,state,persons_male,51,0.03044955670182639,0.02876965845575111,0.02713622544399762
local,b600k.cps0.acs100.s0,state,persons_total,51,0.019144486350313225,0.01442771911713793,0.02027053840681421
local,b600k.cps0.acs100.s0,state,real_estate_taxes_aggregate,51,0.07991842399942357,0.07970300949492891,0.03325181722010736
local,b600k.cps0.acs100.s0,state,rent_contract_annual_aggregate,51,0.19861949772748802,0.16524877561722454,0.19724700364051598
local,b600k.cps0.acs100.s0,state,rent_gross_annual_aggregate,51,0.22694557516088912,0.192857271619551,0.21690873070493952
local,b600k.cps0.acs100.s0,state,renter,51,0.1255753940373777,0.1299412535910635,0.05752235131944817
local,b600k.cps2022-2023-2024.acs000.s0,cd,households,436,0.06986150057149461,0.051856060705313484,0.04801722281360067
local,b600k.cps2022-2023-2024.acs000.s0,cd,owner,436,0.125902352895834,0.07437713082005368,0.13969944664351838
local,b600k.cps2022-2023-2024.acs000.s0,cd,persons_0_17,436,0.08867188977262523,0.06555745344884656,0.11894334403780951
local,b600k.cps2022-2023-2024.acs000.s0,cd,persons_18_64,436,0.04665650198438637,0.03652070001380932,0.05613206137225359
local,b600k.cps2022-2023-2024.acs000.s0,cd,persons_65p,436,0.09587905390777221,0.07295307586818728,0.128341874121303
local,b600k.cps2022-2023-2024.acs000.s0,cd,persons_male,436,0.04267172786424647,0.03646617810293392,0.05638393934796342
local,b600k.cps2022-2023-2024.acs000.s0,cd,persons_total,436,0.026523116913908504,0.020488073869718536,0.0464902838324475
local,b600k.cps2022-2023-2024.acs000.s0,cd,real_estate_taxes_aggregate,436,0.5162524531767372,0.5504785248251383,0.5765731026475934
local,b600k.cps2022-2023-2024.acs000.s0,cd,rent_contract_annual_aggregate,436,0.31748876685482225,0.2689766480804896,0.31623224000001665
local,b600k.cps2022-2023-2024.acs000.s0,cd,rent_gross_annual_aggregate,436,0.2961726022448764,0.25804976222821735,0.2882616247944339
local,b600k.cps2022-2023-2024.acs000.s0,cd,renter,436,0.25051340808580536,0.1909364691017087,0.22575486338826894
local,b600k.cps2022-2023-2024.acs000.s0,county,households,850,0.09393190018523796,0.06708055413927932,0.07079583003375713
local,b600k.cps2022-2023-2024.acs000.s0,county,owner,850,0.14306228539142163,0.10306888168019016,0.13838716902434267
local,b600k.cps2022-2023-2024.acs000.s0,county,persons_0_17,850,0.17408295082683112,0.12494339148047821,0.16096348049085904
local,b600k.cps2022-2023-2024.acs000.s0,county,persons_18_64,850,0.10213373217081423,0.07125631092343737,0.09531176868706699
local,b600k.cps2022-2023-2024.acs000.s0,county,persons_65p,850,0.1724850189481204,0.12688328909404897,0.16230870184838916
local,b600k.cps2022-2023-2024.acs000.s0,county,persons_in_households,850,0.08114135449564329,0.05444366400069514,0.07866774822280603
local,b600k.cps2022-2023-2024.acs000.s0,county,persons_male,850,0.088315557126945,0.06305309896143829,0.08335934248251217
local,b600k.cps2022-2023-2024.acs000.s0,county,persons_total,850,0.077432563317541,0.05090036840446606,0.0736315251376632
local,b600k.cps2022-2023-2024.acs000.s0,county,real_estate_taxes_aggregate,850,0.5286906152213942,0.5575914070152916,0.5552760703819513
local,b600k.cps2022-2023-2024.acs000.s0,county,rent_contract_annual_aggregate,850,0.39999575008495386,0.31692818374355175,0.40070703161679877
local,b600k.cps2022-2023-2024.acs000.s0,county,rent_gross_annual_aggregate,850,0.34944522750380314,0.29452341044371133,0.3405721258724111
local,b600k.cps2022-2023-2024.acs000.s0,county,renter,850,0.33379978151507644,0.25204098191358004,0.3028016551040578
local,b600k.cps2022-2023-2024.acs000.s0,national,households,1,0.04038778065147569,0.04038778065147569,0.04038778011268734
local,b600k.cps2022-2023-2024.acs000.s0,national,owner,1,0.03309061569468434,0.03309061569468434,0.04504294266356592
local,b600k.cps2022-2023-2024.acs000.s0,national,persons_0_17,1,0.05092190452383326,0.05092190452383326,0.02109426309349261
local,b600k.cps2022-2023-2024.acs000.s0,national,persons_18_64,1,0.023343436400840283,0.023343436400840283,0.026748636552436502
local,b600k.cps2022-2023-2024.acs000.s0,national,persons_65p,1,0.03021178674860203,0.03021178674860203,0.018547026346196087
local,b600k.cps2022-2023-2024.acs000.s0,national,persons_in_households,1,0.016413324569034066,0.016413324569034066,0.00746880760395044
local,b600k.cps2022-2023-2024.acs000.s0,national,persons_male,1,0.02329094506558218,0.02329094506558218,0.030890456469041976
local,b600k.cps2022-2023-2024.acs000.s0,national,persons_total,1,0.00865568356375265,0.00865568356375265,0.01737959129131314
local,b600k.cps2022-2023-2024.acs000.s0,national,real_estate_taxes_aggregate,1,0.5769375126367852,0.5769375126367852,0.6659411721508722
local,b600k.cps2022-2023-2024.acs000.s0,national,rent_contract_annual_aggregate,1,0.1335071676256076,0.1335071676256076,0.13110826309034238
local,b600k.cps2022-2023-2024.acs000.s0,national,rent_gross_annual_aggregate,1,0.23880794419464071,0.23880794419464071,0.23670056718394392
local,b600k.cps2022-2023-2024.acs000.s0,national,renter,1,0.020331348722926718,0.020331348722926718,0.0022442128363200317
local,b600k.cps2022-2023-2024.acs000.s0,state,households,51,0.04112096348712272,0.02599655107859757,0.038818772971578756
local,b600k.cps2022-2023-2024.acs000.s0,state,owner,51,0.038722897942976654,0.03430984141963821,0.04937364843674589
local,b600k.cps2022-2023-2024.acs000.s0,state,persons_0_17,51,0.05796338737023173,0.054194255332552996,0.051251297935895425
local,b600k.cps2022-2023-2024.acs000.s0,state,persons_18_64,51,0.027831449401020527,0.02494105351571082,0.029082605581341018
local,b600k.cps2022-2023-2024.acs000.s0,state,persons_65p,51,0.0260334373235759,0.012599399084434222,0.033742093722682706
local,b600k.cps2022-2023-2024.acs000.s0,state,persons_in_households,51,0.019623180790037522,0.018190484800399098,0.020461498374015723
local,b600k.cps2022-2023-2024.acs000.s0,state,persons_male,51,0.026273321423532222,0.022362405705899206,0.030540574782716375
local,b600k.cps2022-2023-2024.acs000.s0,state,persons_total,51,0.01453357225437533,0.013987016572997958,0.01771959021526217
local,b600k.cps2022-2023-2024.acs000.s0,state,real_estate_taxes_aggregate,51,0.4689637900258441,0.4507537842003275,0.5512094530501028
local,b600k.cps2022-2023-2024.acs000.s0,state,rent_contract_annual_aggregate,51,0.14963860693379205,0.14386666188483221,0.1468564716660872
local,b600k.cps2022-2023-2024.acs000.s0,state,rent_gross_annual_aggregate,51,0.2377350974741274,0.22660699697607184,0.2319063763479941
local,b600k.cps2022-2023-2024.acs000.s0,state,renter,51,0.08757859570746938,0.07585961189107311,0.058740079396225546
local,b600k.cps2022-2023-2024.acs050.s0,cd,households,436,0.06329653983850206,0.046568472928454174,0.04076660944068676
local,b600k.cps2022-2023-2024.acs050.s0,cd,owner,436,0.10780772305619193,0.06403329313977504,0.10309806957703438
local,b600k.cps2022-2023-2024.acs050.s0,cd,persons_0_17,436,0.08419664905072079,0.05922425969373292,0.09416791053042188
local,b600k.cps2022-2023-2024.acs050.s0,cd,persons_18_64,436,0.04398820792390024,0.03798950061980745,0.045930432415639405
local,b600k.cps2022-2023-2024.acs050.s0,cd,persons_65p,436,0.08288344989001785,0.06590310714501901,0.09371557363276464
local,b600k.cps2022-2023-2024.acs050.s0,cd,persons_male,436,0.035113417111247484,0.02753710401811322,0.04798835098337538
local,b600k.cps2022-2023-2024.acs050.s0,cd,persons_total,436,0.020513082373792766,0.016121457797198945,0.03878063239127864
local,b600k.cps2022-2023-2024.acs050.s0,cd,real_estate_taxes_aggregate,436,0.36238853378353914,0.37770553089137354,0.36210372447109174
local,b600k.cps2022-2023-2024.acs050.s0,cd,rent_contract_annual_aggregate,436,0.32002145069313326,0.26549458100372103,0.31345895784069233
local,b600k.cps2022-2023-2024.acs050.s0,cd,rent_gross_annual_aggregate,436,0.28057299399991564,0.25300050878437996,0.27504990828074793
local,b600k.cps2022-2023-2024.acs050.s0,cd,renter,436,0.19236714951714695,0.14845765859436233,0.15967464680644824
local,b600k.cps2022-2023-2024.acs050.s0,county,households,850,0.09518027816770123,0.0680120125926823,0.07282913072759298
local,b600k.cps2022-2023-2024.acs050.s0,county,owner,850,0.13305435690941553,0.09950716351716594,0.11646523216809596
local,b600k.cps2022-2023-2024.acs050.s0,county,persons_0_17,850,0.17742279717039333,0.12072422836820287,0.14915435274988675
local,b600k.cps2022-2023-2024.acs050.s0,county,persons_18_64,850,0.11036787657552151,0.08275256249341607,0.0885193849220127
local,b600k.cps2022-2023-2024.acs050.s0,county,persons_65p,850,0.16173271697759245,0.11983327472355981,0.13962343544320704
local,b600k.cps2022-2023-2024.acs050.s0,county,persons_in_households,850,0.09129796378119356,0.06422811716508983,0.07782725672079106
local,b600k.cps2022-2023-2024.acs050.s0,county,persons_male,850,0.09796570410375709,0.0684033613933624,0.08404599951802504
local,b600k.cps2022-2023-2024.acs050.s0,county,persons_total,850,0.08865003957888735,0.06402374878390721,0.07530376871577389
local,b600k.cps2022-2023-2024.acs050.s0,county,real_estate_taxes_aggregate,850,0.3956470898734026,0.4010885580645871,0.35876215059500544
local,b600k.cps2022-2023-2024.acs050.s0,county,rent_contract_annual_aggregate,850,0.40748209283832254,0.30741262665235664,0.3952793971545376
local,b600k.cps2022-2023-2024.acs050.s0,county,rent_gross_annual_aggregate,850,0.3501312797877488,0.2955638381167027,0.3307980790519032
local,b600k.cps2022-2023-2024.acs050.s0,county,renter,850,0.2693164819134235,0.20934674978801715,0.22587235478886497
local,b600k.cps2022-2023-2024.acs050.s0,national,households,1,0.03346224569099015,0.03346224569099015,0.02654951890742389
local,b600k.cps2022-2023-2024.acs050.s0,national,owner,1,0.04277961402308975,0.04277961402308975,0.030642047718378935
local,b600k.cps2022-2023-2024.acs050.s0,national,persons_0_17,1,0.05961394393076167,0.05961394393076167,0.02843698537315832
local,b600k.cps2022-2023-2024.acs050.s0,national,persons_18_64,1,0.031604205429160794,0.031604205429160794,0.02401883189545691
local,b600k.cps2022-2023-2024.acs050.s0,national,persons_65p,1,0.020914131384621077,0.020914131384621077,0.01811162226616691
local,b600k.cps2022-2023-2024.acs050.s0,national,persons_in_households,1,0.008812037084036835,0.008812037084036835,0.0013977685137549069
local,b600k.cps2022-2023-2024.acs050.s0,national,persons_male,1,0.022636835451741572,0.022636835451741572,0.02998682446234174
local,b600k.cps2022-2023-2024.acs050.s0,national,persons_total,1,0.010119473386582149,0.010119473386582149,0.017379591291606683
local,b600k.cps2022-2023-2024.acs050.s0,national,real_estate_taxes_aggregate,1,0.39187156464350564,0.39187156464350564,0.42226202267962937
local,b600k.cps2022-2023-2024.acs050.s0,national,rent_contract_annual_aggregate,1,0.118027531378056,0.118027531378056,0.1294539567926372
local,b600k.cps2022-2023-2024.acs050.s0,national,rent_gross_annual_aggregate,1,0.22520947494232751,0.22520947494232751,0.23524730090794793
local,b600k.cps2022-2023-2024.acs050.s0,national,renter,1,0.02300281722600223,0.02300281722600223,0.019179098677224803
local,b600k.cps2022-2023-2024.acs050.s0,state,households,51,0.03457562717924209,0.021635942166484658,0.029996373805502928
local,b600k.cps2022-2023-2024.acs050.s0,state,owner,51,0.04090401034467487,0.038259690215607225,0.03478868669108088
local,b600k.cps2022-2023-2024.acs050.s0,state,persons_0_17,51,0.060044480274040996,0.053934439010063076,0.04757777527998962
local,b600k.cps2022-2023-2024.acs050.s0,state,persons_18_64,51,0.03409772562587803,0.030544981251818544,0.027509490333724632
local,b600k.cps2022-2023-2024.acs050.s0,state,persons_65p,51,0.020130895911566627,0.009041969009142484,0.02919642305626463
local,b600k.cps2022-2023-2024.acs050.s0,state,persons_in_households,51,0.01294776714003517,0.008868890248086025,0.01794596655497512
local,b600k.cps2022-2023-2024.acs050.s0,state,persons_male,51,0.024565841861093264,0.019919788203849455,0.030145794013306495
local,b600k.cps2022-2023-2024.acs050.s0,state,persons_total,51,0.015525668489994789,0.01318532022382571,0.018901079284208228
local,b600k.cps2022-2023-2024.acs050.s0,state,real_estate_taxes_aggregate,51,0.3606063763978691,0.3649455630141956,0.350556825426126
local,b600k.cps2022-2023-2024.acs050.s0,state,rent_contract_annual_aggregate,51,0.13987419847758958,0.11054424056921952,0.15280228479458702
local,b600k.cps2022-2023-2024.acs050.s0,state,rent_gross_annual_aggregate,51,0.21071866478313125,0.21720683846163796,0.21406906286509106
local,b600k.cps2022-2023-2024.acs050.s0,state,renter,51,0.0884159972270845,0.07943818476676681,0.05134947943147949
local,b600k.cps2022-2023-2024.acs100.s0,cd,households,436,0.055547320023101,0.04106756449377638,0.03506520730176734
local,b600k.cps2022-2023-2024.acs100.s0,cd,owner,436,0.09036917635309506,0.05675898758064961,0.06384594718594004
local,b600k.cps2022-2023-2024.acs100.s0,cd,persons_0_17,436,0.08467210495880087,0.06653006003789709,0.07749915796910463
local,b600k.cps2022-2023-2024.acs100.s0,cd,persons_18_64,436,0.04510605187882289,0.04046159670427159,0.0393318807368864
local,b600k.cps2022-2023-2024.acs100.s0,cd,persons_65p,436,0.07613502367669127,0.0580402245689551,0.06486340081137254
local,b600k.cps2022-2023-2024.acs100.s0,cd,persons_male,436,0.03269614997622842,0.02636580761775399,0.0443238019796366
local,b600k.cps2022-2023-2024.acs100.s0,cd,persons_total,436,0.01627176371789309,0.011356731190521413,0.03631302649441157
local,b600k.cps2022-2023-2024.acs100.s0,cd,real_estate_taxes_aggregate,436,0.20810740147035095,0.20774943506553503,0.1659213056597975
local,b600k.cps2022-2023-2024.acs100.s0,cd,rent_contract_annual_aggregate,436,0.3221537471480247,0.2747769059401564,0.31245072840633165
local,b600k.cps2022-2023-2024.acs100.s0,cd,rent_gross_annual_aggregate,436,0.2796923745829313,0.24479254814625961,0.2731156193254158
local,b600k.cps2022-2023-2024.acs100.s0,cd,renter,436,0.1535408074446866,0.1203649537725098,0.10015830093827033
local,b600k.cps2022-2023-2024.acs100.s0,county,households,850,0.10101557670559981,0.07249464087163004,0.07022295455240964
local,b600k.cps2022-2023-2024.acs100.s0,county,owner,850,0.13137673997094465,0.09609988917039677,0.09120412403910466
local,b600k.cps2022-2023-2024.acs100.s0,county,persons_0_17,850,0.1871400938061126,0.13072997643504375,0.14930389281148404
local,b600k.cps2022-2023-2024.acs100.s0,county,persons_18_64,850,0.11489929381971524,0.08386885278808653,0.08464531723176698
local,b600k.cps2022-2023-2024.acs100.s0,county,persons_65p,850,0.15633835581674463,0.11082357090282924,0.11514056128954414
local,b600k.cps2022-2023-2024.acs100.s0,county,persons_in_households,850,0.09868039697001332,0.06555973685925431,0.07930916467963997
local,b600k.cps2022-2023-2024.acs100.s0,county,persons_male,850,0.10693662405891359,0.07691971338277356,0.08247131400907916
local,b600k.cps2022-2023-2024.acs100.s0,county,persons_total,850,0.09646060978521388,0.06325845449492463,0.07734309998358456
local,b600k.cps2022-2023-2024.acs100.s0,county,real_estate_taxes_aggregate,850,0.2678292958115343,0.24380175755800154,0.19722729789148571
local,b600k.cps2022-2023-2024.acs100.s0,county,rent_contract_annual_aggregate,850,0.41214851232429683,0.322863314182977,0.39346589899240614
local,b600k.cps2022-2023-2024.acs100.s0,county,rent_gross_annual_aggregate,850,0.3572183647108037,0.30687382209606445,0.3286331922752514
local,b600k.cps2022-2023-2024.acs100.s0,county,renter,850,0.23037085849929018,0.17934792962031626,0.16162469496419019
local,b600k.cps2022-2023-2024.acs100.s0,national,households,1,0.026256912663399166,0.026256912663399166,0.011916986562554879
local,b600k.cps2022-2023-2024.acs100.s0,national,owner,1,0.05049734566513279,0.05049734566513279,0.014413246770240463
local,b600k.cps2022-2023-2024.acs100.s0,national,persons_0_17,1,0.06780692702141795,0.06780692702141795,0.03192184197385389
local,b600k.cps2022-2023-2024.acs100.s0,national,persons_18_64,1,0.03861991881003687,0.03861991881003687,0.021832260889236167
local,b600k.cps2022-2023-2024.acs100.s0,national,persons_65p,1,0.006366670114642772,0.006366670114642772,0.014908986136342239
local,b600k.cps2022-2023-2024.acs100.s0,national,persons_in_households,1,0.0029427711227806206,0.0029427711227806206,0.010370673031291317
local,b600k.cps2022-2023-2024.acs100.s0,national,persons_male,1,0.024003078337584246,0.024003078337584246,0.028618045204852963
local,b600k.cps2022-2023-2024.acs100.s0,national,persons_total,1,0.009991040958027341,0.009991040958027341,0.017379591291674157
local,b600k.cps2022-2023-2024.acs100.s0,national,real_estate_taxes_aggregate,1,0.2137812430508628,0.2137812430508628,0.17769908558937333
local,b600k.cps2022-2023-2024.acs100.s0,national,rent_contract_annual_aggregate,1,0.12281267541267184,0.12281267541267184,0.1296810222713484
local,b600k.cps2022-2023-2024.acs100.s0,national,rent_gross_annual_aggregate,1,0.22941310304973253,0.22941310304973253,0.23544677219274665
local,b600k.cps2022-2023-2024.acs100.s0,national,renter,1,0.06416503608726166,0.06416503608726166,0.03589758252028333
local,b600k.cps2022-2023-2024.acs100.s0,state,households,51,0.029862275409777296,0.0226987183140945,0.0169975748768794
local,b600k.cps2022-2023-2024.acs100.s0,state,owner,51,0.0435227923987912,0.040730674576925724,0.019295694410602426
local,b600k.cps2022-2023-2024.acs100.s0,state,persons_0_17,51,0.0666068089758976,0.06155131583919419,0.04707282476037992
local,b600k.cps2022-2023-2024.acs100.s0,state,persons_18_64,51,0.04005537351594874,0.03696980130384427,0.023794807114982382
local,b600k.cps2022-2023-2024.acs100.s0,state,persons_65p,51,0.010931974818271071,0.006256386388282518,0.02611831638512562
local,b600k.cps2022-2023-2024.acs100.s0,state,persons_in_households,51,0.009510241400457921,0.004259039248474283,0.0173595699878346
local,b600k.cps2022-2023-2024.acs100.s0,state,persons_male,51,0.023851950573478217,0.020408125711716064,0.02845235826373236
local,b600k.cps2022-2023-2024.acs100.s0,state,persons_total,51,0.015180944631579018,0.011979553620894487,0.018551922555122165
local,b600k.cps2022-2023-2024.acs100.s0,state,real_estate_taxes_aggregate,51,0.21109831789190578,0.20861127862534765,0.14846945183719518
local,b600k.cps2022-2023-2024.acs100.s0,state,rent_contract_annual_aggregate,51,0.16341222551285803,0.11994060301269956,0.17508609473163061
local,b600k.cps2022-2023-2024.acs100.s0,state,rent_gross_annual_aggregate,51,0.21169179694702486,0.19171108789603564,0.20840159791979437
local,b600k.cps2022-2023-2024.acs100.s0,state,renter,51,0.09731635318044043,0.0943497889311714,0.049236075039910135
local,b600k.cps2023-2024.acs000.s0,cd,households,436,0.07011996505914017,0.053783151487293235,0.04757020470526813
local,b600k.cps2023-2024.acs000.s0,cd,owner,436,0.12542314062706622,0.07673967250679505,0.1419669757238363
local,b600k.cps2023-2024.acs000.s0,cd,persons_0_17,436,0.08901404834361157,0.06466898737929005,0.12400367196258869
local,b600k.cps2023-2024.acs000.s0,cd,persons_18_64,436,0.04752138286498946,0.039995874669340604,0.05876189764179027
local,b600k.cps2023-2024.acs000.s0,cd,persons_65p,436,0.09714553731908339,0.0818158676433356,0.13165846430457087
local,b600k.cps2023-2024.acs000.s0,cd,persons_male,436,0.04452373150019259,0.03605226855864009,0.06047215373767997
local,b600k.cps2023-2024.acs000.s0,cd,persons_total,436,0.026443908764703976,0.019869350751594052,0.05023260618751336
local,b600k.cps2023-2024.acs000.s0,cd,real_estate_taxes_aggregate,436,0.5167515852507631,0.5593959355242026,0.5676811076228979
local,b600k.cps2023-2024.acs000.s0,cd,rent_contract_annual_aggregate,436,0.3189956444266703,0.27158098335476666,0.3153573695476941
local,b600k.cps2023-2024.acs000.s0,cd,rent_gross_annual_aggregate,436,0.2920289111874504,0.26745396636236485,0.2843506848649899
local,b600k.cps2023-2024.acs000.s0,cd,renter,436,0.2551015647398671,0.2111861629909423,0.22450938418467437
local,b600k.cps2023-2024.acs000.s0,county,households,850,0.0930720268049594,0.062467564908482605,0.07000860107884044
local,b600k.cps2023-2024.acs000.s0,county,owner,850,0.14698631243997987,0.10743176483846906,0.143311577796287
local,b600k.cps2023-2024.acs000.s0,county,persons_0_17,850,0.17241305762303802,0.12282368901035791,0.1628470211171628
local,b600k.cps2023-2024.acs000.s0,county,persons_18_64,850,0.10237957128599029,0.07169281515357272,0.09830799978136316
local,b600k.cps2023-2024.acs000.s0,county,persons_65p,850,0.17623430353788702,0.1306627610509663,0.1647273008511208
local,b600k.cps2023-2024.acs000.s0,county,persons_in_households,850,0.08258895963241955,0.05643208730925613,0.0806695740889332
local,b600k.cps2023-2024.acs000.s0,county,persons_male,850,0.09018356274055762,0.06611713568818174,0.08569271421999052
local,b600k.cps2023-2024.acs000.s0,county,persons_total,850,0.07873027002826892,0.05378296245039157,0.07497035879383328
local,b600k.cps2023-2024.acs000.s0,county,real_estate_taxes_aggregate,850,0.5201564265483738,0.5541731291944676,0.5480828336968154
local,b600k.cps2023-2024.acs000.s0,county,rent_contract_annual_aggregate,850,0.4048779772373883,0.33010595404078413,0.39961295150573706
local,b600k.cps2023-2024.acs000.s0,county,rent_gross_annual_aggregate,850,0.3450019383102263,0.2964932740217967,0.3377649518117794
local,b600k.cps2023-2024.acs000.s0,county,renter,850,0.3334909975545844,0.256560012718306,0.3030451079437595
local,b600k.cps2023-2024.acs000.s0,national,households,1,0.04063176137588887,0.04063176137588887,0.04063176077450957
local,b600k.cps2023-2024.acs000.s0,national,owner,1,0.02528173134009962,0.02528173134009962,0.04234516572802962
local,b600k.cps2023-2024.acs000.s0,national,persons_0_17,1,0.05177674746115352,0.05177674746115352,0.027390231881040526
local,b600k.cps2023-2024.acs000.s0,national,persons_18_64,1,0.024912436206717563,0.024912436206717563,0.02680501507024841
local,b600k.cps2023-2024.acs000.s0,national,persons_65p,1,0.02509792766283101,0.02509792766283101,0.026233676447590164
local,b600k.cps2023-2024.acs000.s0,national,persons_in_households,1,0.016571374450058005,0.016571374450058005,0.007468807603687385
local,b600k.cps2023-2024.acs000.s0,national,persons_male,1,0.024452909294381067,0.024452909294381067,0.030408793665966896
local,b600k.cps2023-2024.acs000.s0,national,persons_total,1,0.008501531854522605,0.008501531854522605,0.017379591291569706
local,b600k.cps2023-2024.acs000.s0,national,real_estate_taxes_aggregate,1,0.57762932464208,0.57762932464208,0.6562268648260858
local,b600k.cps2023-2024.acs000.s0,national,rent_contract_annual_aggregate,1,0.12352193817258843,0.12352193817258843,0.12227496863436776
local,b600k.cps2023-2024.acs000.s0,national,rent_gross_annual_aggregate,1,0.23003617246029842,0.23003617246029842,0.22894074123356356
local,b600k.cps2023-2024.acs000.s0,national,renter,1,0.03331421164382839,0.03331421164382839,0.0025205865936245436
local,b600k.cps2023-2024.acs000.s0,state,households,51,0.04204723286192365,0.027891217250972305,0.04016948176038709
local,b600k.cps2023-2024.acs000.s0,state,owner,51,0.03445202932135316,0.023948343088771754,0.047575326212758874
local,b600k.cps2023-2024.acs000.s0,state,persons_0_17,51,0.05921316789103704,0.04853369266345101,0.05483953711216379
local,b600k.cps2023-2024.acs000.s0,state,persons_18_64,51,0.02955175870186121,0.026857103648531246,0.030737259274090257
local,b600k.cps2023-2024.acs000.s0,state,persons_65p,51,0.022996068430338485,0.009673951009198017,0.03958899754100455
local,b600k.cps2023-2024.acs000.s0,state,persons_in_households,51,0.01992604499301162,0.018072662960564714,0.019558544514582006
local,b600k.cps2023-2024.acs000.s0,state,persons_male,51,0.029295673326408787,0.025851816679351877,0.031232583282334508
local,b600k.cps2023-2024.acs000.s0,state,persons_total,51,0.014578525804312221,0.013653679655175444,0.018964847449262308
local,b600k.cps2023-2024.acs000.s0,state,real_estate_taxes_aggregate,51,0.4693592216257568,0.4663987833207823,0.541622701942078
local,b600k.cps2023-2024.acs000.s0,state,rent_contract_annual_aggregate,51,0.14569300467042268,0.1315081858642453,0.1416029247645714
local,b600k.cps2023-2024.acs000.s0,state,rent_gross_annual_aggregate,51,0.2285781129670461,0.22585702277922173,0.21996850492417253
local,b600k.cps2023-2024.acs000.s0,state,renter,51,0.08779063825268991,0.08010337854496208,0.06435477021533302
local,b600k.cps2023-2024.acs100.s0,cd,households,436,0.051720346407848165,0.039563447848038114,0.03201891814786413
local,b600k.cps2023-2024.acs100.s0,cd,owner,436,0.08043947633140777,0.05491388959800669,0.05429203104563203
local,b600k.cps2023-2024.acs100.s0,cd,persons_0_17,436,0.08785111784226801,0.0716390911910455,0.07857924097754165
local,b600k.cps2023-2024.acs100.s0,cd,persons_18_64,436,0.04738258497330894,0.038854378970561876,0.04069222534409441
local,b600k.cps2023-2024.acs100.s0,cd,persons_65p,436,0.07328656305475142,0.05732332738273331,0.05900141255712118
local,b600k.cps2023-2024.acs100.s0,cd,persons_male,436,0.032617899007524105,0.026704040028513835,0.045321618142586624
local,b600k.cps2023-2024.acs100.s0,cd,persons_total,436,0.01541211101048625,0.009540765040016618,0.03817866115212427
local,b600k.cps2023-2024.acs100.s0,cd,real_estate_taxes_aggregate,436,0.15044019614294882,0.14049665400143205,0.1283149673485505
local,b600k.cps2023-2024.acs100.s0,cd,rent_contract_annual_aggregate,436,0.3233243039031593,0.26233500639670004,0.31389979158479325
local,b600k.cps2023-2024.acs100.s0,cd,rent_gross_annual_aggregate,436,0.2772592176856028,0.23980965116244718,0.27326254525660193
local,b600k.cps2023-2024.acs100.s0,cd,renter,436,0.14200054637280407,0.11840750428643537,0.08687767837826281
local,b600k.cps2023-2024.acs100.s0,county,households,850,0.10058108528083204,0.07293873305797768,0.06786876691051111
local,b600k.cps2023-2024.acs100.s0,county,owner,850,0.12690365250699623,0.09083886102461666,0.08533779859957384
local,b600k.cps2023-2024.acs100.s0,county,persons_0_17,850,0.19354936288107857,0.14000899366386108,0.15092560849272915
local,b600k.cps2023-2024.acs100.s0,county,persons_18_64,850,0.11726635850042497,0.08500997993657661,0.08535920677713327
local,b600k.cps2023-2024.acs100.s0,county,persons_65p,850,0.15242008491407255,0.1083336299095451,0.11181692901151243
local,b600k.cps2023-2024.acs100.s0,county,persons_in_households,850,0.10058897231620476,0.07003217444527395,0.07974345026069395
local,b600k.cps2023-2024.acs100.s0,county,persons_male,850,0.10762388426024239,0.0808333122769244,0.0848549067859619
local,b600k.cps2023-2024.acs100.s0,county,persons_total,850,0.09815909306743173,0.06780365642011268,0.07768986651702461
local,b600k.cps2023-2024.acs100.s0,county,real_estate_taxes_aggregate,850,0.22829485781014247,0.1975291754274667,0.17081468563330832
local,b600k.cps2023-2024.acs100.s0,county,rent_contract_annual_aggregate,850,0.41327147832933586,0.338711401488017,0.3921769114729371
local,b600k.cps2023-2024.acs100.s0,county,rent_gross_annual_aggregate,850,0.35812608782529787,0.30803039253765085,0.32672405393682935
local,b600k.cps2023-2024.acs100.s0,county,renter,850,0.21839647315018162,0.16976417317981063,0.15205682831065692
local,b600k.cps2023-2024.acs100.s0,national,households,1,0.02175483236876062,0.02175483236876062,0.007898100092096693
local,b600k.cps2023-2024.acs100.s0,national,owner,1,0.044596132815276364,0.044596132815276364,0.009375892152526346
local,b600k.cps2023-2024.acs100.s0,national,persons_0_17,1,0.07308313805107025,0.07308313805107025,0.03465086915036744
local,b600k.cps2023-2024.acs100.s0,national,persons_18_64,1,0.04179063555257215,0.04179063555257215,0.021099151615868166
local,b600k.cps2023-2024.acs100.s0,national,persons_65p,1,0.001713554994911737,0.001713554994911737,0.01569357216696269
local,b600k.cps2023-2024.acs100.s0,national,persons_in_households,1,0.0003833277244357812,0.0003833277244357812,0.012787431015813356
local,b600k.cps2023-2024.acs100.s0,national,persons_male,1,0.02509134506256006,0.02509134506256006,0.028925993511865398
local,b600k.cps2023-2024.acs100.s0,national,persons_total,1,0.009941628214364655,0.009941628214364655,0.01737959129168467
local,b600k.cps2023-2024.acs100.s0,national,real_estate_taxes_aggregate,1,0.13651549207437016,0.13651549207437016,0.11048028880911435
local,b600k.cps2023-2024.acs100.s0,national,rent_contract_annual_aggregate,1,0.12245273715892654,0.12245273715892654,0.1281570822615306
local,b600k.cps2023-2024.acs100.s0,national,rent_gross_annual_aggregate,1,0.22909690638993951,0.22909690638993951,0.23410802940612888
local,b600k.cps2023-2024.acs100.s0,national,renter,1,0.06825472444363605,0.06825472444363605,0.039266486957245474
local,b600k.cps2023-2024.acs100.s0,state,households,51,0.027618888221235597,0.020825909866345575,0.014483036257314095
local,b600k.cps2023-2024.acs100.s0,state,owner,51,0.04028339717032344,0.035985404856207055,0.016025862707060336
local,b600k.cps2023-2024.acs100.s0,state,persons_0_17,51,0.06994337144014993,0.06196146192421074,0.041562306128017895
local,b600k.cps2023-2024.acs100.s0,state,persons_18_64,51,0.043364990055289473,0.03758035436090752,0.023431882857797973
local,b600k.cps2023-2024.acs100.s0,state,persons_65p,51,0.010152185763692298,0.0055810815884605085,0.0283621353351104
local,b600k.cps2023-2024.acs100.s0,state,persons_in_households,51,0.009817082945746434,0.00487832211664343,0.017972250831526402
local,b600k.cps2023-2024.acs100.s0,state,persons_male,51,0.027653614799856025,0.023811199888998383,0.02784736053088848
local,b600k.cps2023-2024.acs100.s0,state,persons_total,51,0.01593890399355602,0.012079911855745789,0.01888189852316395
local,b600k.cps2023-2024.acs100.s0,state,real_estate_taxes_aggregate,51,0.1426368546554541,0.13883226736658516,0.09512214865337698
local,b600k.cps2023-2024.acs100.s0,state,rent_contract_annual_aggregate,51,0.1705399904259491,0.13076503441815215,0.18348344571762085
local,b600k.cps2023-2024.acs100.s0,state,rent_gross_annual_aggregate,51,0.2117669607250461,0.20003334404320594,0.21014181331630405
local,b600k.cps2023-2024.acs100.s0,state,renter,51,0.09763444955652427,0.1008291519284661,0.04939571988322804
local,b600k.cps2024.acs000.s0,cd,households,436,0.07101683468910915,0.05492096404610681,0.04860373422342944
local,b600k.cps2024.acs000.s0,cd,owner,436,0.12350313053924501,0.07320348080813363,0.14086797245473626
local,b600k.cps2024.acs000.s0,cd,persons_0_17,436,0.09384706855143109,0.0679998901367497,0.1287218736419662
local,b600k.cps2024.acs000.s0,cd,persons_18_64,436,0.04824765441692262,0.04001012131280943,0.06368655569089146
local,b600k.cps2024.acs000.s0,cd,persons_65p,436,0.08987463713472517,0.06852105795066257,0.13475217085653052
local,b600k.cps2024.acs000.s0,cd,persons_male,436,0.048205546051955955,0.03952534513886438,0.06347128608512126
local,b600k.cps2024.acs000.s0,cd,persons_total,436,0.026784926728010014,0.020085763171557247,0.053441021977624
local,b600k.cps2024.acs000.s0,cd,real_estate_taxes_aggregate,436,0.5141233087889496,0.5563091894764101,0.5512385370971004
local,b600k.cps2024.acs000.s0,cd,rent_contract_annual_aggregate,436,0.3267187139843856,0.27793667269950006,0.32027836579887575
local,b600k.cps2024.acs000.s0,cd,rent_gross_annual_aggregate,436,0.2918632511306088,0.2588791148140167,0.28394427611551737
local,b600k.cps2024.acs000.s0,cd,renter,436,0.2636297680104132,0.2092766078622619,0.2296633622834789
local,b600k.cps2024.acs000.s0,county,households,850,0.09353289779421271,0.06453045229280577,0.07032960345071332
local,b600k.cps2024.acs000.s0,county,owner,850,0.1456058626159746,0.10513286462783322,0.14217725774268836
local,b600k.cps2024.acs000.s0,county,persons_0_17,850,0.17059362940533737,0.1180238473590544,0.1679169791612588
local,b600k.cps2024.acs000.s0,county,persons_18_64,850,0.10420872697323377,0.07160230505652204,0.101923904001775
local,b600k.cps2024.acs000.s0,county,persons_65p,850,0.16793095369318076,0.12556462051081807,0.16532852292906403
local,b600k.cps2024.acs000.s0,county,persons_in_households,850,0.08625154452366118,0.05760849223509885,0.08620704438537921
local,b600k.cps2024.acs000.s0,county,persons_male,850,0.0962580615070451,0.06595458893685094,0.08967680931621032
local,b600k.cps2024.acs000.s0,county,persons_total,850,0.08272117679852185,0.055007075583373734,0.07962418337759103
local,b600k.cps2024.acs000.s0,county,real_estate_taxes_aggregate,850,0.5207489426790778,0.5535797101619722,0.5307062105782046
local,b600k.cps2024.acs000.s0,county,rent_contract_annual_aggregate,850,0.408274776293562,0.3336581903453002,0.40670800802871676
local,b600k.cps2024.acs000.s0,county,rent_gross_annual_aggregate,850,0.34486805252212527,0.29569782703896996,0.33684740200907715
local,b600k.cps2024.acs000.s0,county,renter,850,0.3356599384165806,0.2481263267442784,0.30476853363678535
local,b600k.cps2024.acs000.s0,national,households,1,0.042503266822223204,0.042503266822223204,0.042503266231344095
local,b600k.cps2024.acs000.s0,national,owner,1,0.017766487632581013,0.017766487632581013,0.04010859549479916
local,b600k.cps2024.acs000.s0,national,persons_0_17,1,0.05743120464399337,0.05743120464399337,0.03288093308216741
local,b600k.cps2024.acs000.s0,national,persons_18_64,1,0.026622572089607364,0.026622572089607364,0.028643647199171115
local,b600k.cps2024.acs000.s0,national,persons_65p,1,0.02481881489640197,0.02481881489640197,0.03895423703662267
local,b600k.cps2024.acs000.s0,national,persons_in_households,1,0.016804372845702714,0.016804372845702714,0.007468807602916907
local,b600k.cps2024.acs000.s0,national,persons_male,1,0.02882598026481602,0.02882598026481602,0.03015050978129372
local,b600k.cps2024.acs000.s0,national,persons_total,1,0.008274280174838965,0.008274280174838965,0.01737959129232118
local,b600k.cps2024.acs000.s0,national,real_estate_taxes_aggregate,1,0.5740593539857844,0.5740593539857844,0.6395411932654015
local,b600k.cps2024.acs000.s0,national,rent_contract_annual_aggregate,1,0.10515479394011774,0.10515479394011774,0.098869446080184
local,b600k.cps2024.acs000.s0,national,rent_gross_annual_aggregate,1,0.21390110041443175,0.21390110041443175,0.20837958115864685
local,b600k.cps2024.acs000.s0,national,renter,1,0.05380383953114939,0.05380383953114939,0.012242781551081959
local,b600k.cps2024.acs000.s0,state,households,51,0.04468651342811599,0.035192630703291525,0.0411318324001774
local,b600k.cps2024.acs000.s0,state,owner,51,0.036111985731305224,0.029461252272424774,0.04737445437548185
local,b600k.cps2024.acs000.s0,state,persons_0_17,51,0.06416483727000125,0.06502865147162053,0.05938231280038855
local,b600k.cps2024.acs000.s0,state,persons_18_64,51,0.0317478287893274,0.02850081563333349,0.03622043144080088
local,b600k.cps2024.acs000.s0,state,persons_65p,51,0.024840920171219385,0.010187637884290609,0.053288532654899204
local,b600k.cps2024.acs000.s0,state,persons_in_households,51,0.0209906024661828,0.018900562498929557,0.01986143555982416
local,b600k.cps2024.acs000.s0,state,persons_male,51,0.03320302577851159,0.030565099023747894,0.03069101486431198
local,b600k.cps2024.acs000.s0,state,persons_total,51,0.015828165554551174,0.011707263789104081,0.018409030751611464
local,b600k.cps2024.acs000.s0,state,real_estate_taxes_aggregate,51,0.46959172415734196,0.4620702345215907,0.526001522155504
local,b600k.cps2024.acs000.s0,state,rent_contract_annual_aggregate,51,0.1277358365402559,0.1076841079047712,0.12759779821473993
local,b600k.cps2024.acs000.s0,state,rent_gross_annual_aggregate,51,0.2082278531656918,0.21647805023827668,0.20252115687966885
local,b600k.cps2024.acs000.s0,state,renter,51,0.08718835882870808,0.07864588736876549,0.07151289876278472
local,b600k.cps2024.acs050.s0,cd,households,436,0.06021883787644275,0.042976061285940434,0.0378119201009434
local,b600k.cps2024.acs050.s0,cd,owner,436,0.0970491640462925,0.06076528360939331,0.08940336052967823
local,b600k.cps2024.acs050.s0,cd,persons_0_17,436,0.08371364341152365,0.057744343993788444,0.09558272273817567
local,b600k.cps2024.acs050.s0,cd,persons_18_64,436,0.04511810786497216,0.03798891795659751,0.0492840182173179
local,b600k.cps2024.acs050.s0,cd,persons_65p,436,0.07722630655776277,0.05775498589666836,0.08642160122209239
local,b600k.cps2024.acs050.s0,cd,persons_male,436,0.03456547368467813,0.028394015586692502,0.05095400388283775
local,b600k.cps2024.acs050.s0,cd,persons_total,436,0.018644305737130547,0.014413897455800333,0.04227227158393402
local,b600k.cps2024.acs050.s0,cd,real_estate_taxes_aggregate,436,0.3175581378533248,0.3400668093505594,0.2935751668108753
local,b600k.cps2024.acs050.s0,cd,rent_contract_annual_aggregate,436,0.3304352513297145,0.27651374635816045,0.31815952267130265
local,b600k.cps2024.acs050.s0,cd,rent_gross_annual_aggregate,436,0.2824901941921084,0.24411240637245554,0.2756038510261207
local,b600k.cps2024.acs050.s0,cd,renter,436,0.18499827451019782,0.14029090205025418,0.1439488670291109
local,b600k.cps2024.acs050.s0,county,households,850,0.09783130823413608,0.06800125414769595,0.07134703071043064
local,b600k.cps2024.acs050.s0,county,owner,850,0.13477906949113072,0.10137689436216675,0.10953933697417954
local,b600k.cps2024.acs050.s0,county,persons_0_17,850,0.1828703846666254,0.12862693075471004,0.15324594300906216
local,b600k.cps2024.acs050.s0,county,persons_18_64,850,0.11496823266351937,0.08543549895437119,0.09387407087829701
local,b600k.cps2024.acs050.s0,county,persons_65p,850,0.1555519567803619,0.11104351936914139,0.13138329285662573
local,b600k.cps2024.acs050.s0,county,persons_in_households,850,0.09528248675848576,0.06047012983898152,0.08305863152062937
local,b600k.cps2024.acs050.s0,county,persons_male,850,0.10393354313242668,0.06980999447546561,0.08620642395998672
local,b600k.cps2024.acs050.s0,county,persons_total,850,0.09297528349753134,0.058774679952861814,0.07985714392887511
local,b600k.cps2024.acs050.s0,county,real_estate_taxes_aggregate,850,0.3571769482059081,0.3573592047279689,0.30599337024901835
local,b600k.cps2024.acs050.s0,county,rent_contract_annual_aggregate,850,0.40784640905344843,0.31034772381714526,0.39561522450692965
local,b600k.cps2024.acs050.s0,county,rent_gross_annual_aggregate,850,0.35053528555173097,0.29028633049620245,0.32499046551842276
local,b600k.cps2024.acs050.s0,county,renter,850,0.26231275319925407,0.1995853528054346,0.212857145745422
local,b600k.cps2024.acs050.s0,national,households,1,0.032336353512029924,0.032336353512029924,0.024115482131001297
local,b600k.cps2024.acs050.s0,national,owner,1,0.03457175248002986,0.03457175248002986,0.023264152060971526
local,b600k.cps2024.acs050.s0,national,persons_0_17,1,0.06125774499788046,0.06125774499788046,0.03600752374625699
local,b600k.cps2024.acs050.s0,national,persons_18_64,1,0.03494936996010198,0.03494936996010198,0.02417241595557154
local,b600k.cps2024.acs050.s0,national,persons_65p,1,0.014764778868733246,0.014764778868733246,0.027642849392773294
local,b600k.cps2024.acs050.s0,national,persons_in_households,1,0.006399865536524447,0.006399865536524447,0.00375341199422468
local,b600k.cps2024.acs050.s0,national,persons_male,1,0.024654647101105733,0.024654647101105733,0.02929129328905722
local,b600k.cps2024.acs050.s0,national,persons_total,1,0.010685144634787137,0.010685144634787137,0.017379591291849055
local,b600k.cps2024.acs050.s0,national,real_estate_taxes_aggregate,1,0.3447151413040628,0.3447151413040628,0.3442077419912742
local,b600k.cps2024.acs050.s0,national,rent_contract_annual_aggregate,1,0.09585074832836171,0.09585074832836171,0.11117040245830881
local,b600k.cps2024.acs050.s0,national,rent_gross_annual_aggregate,1,0.2057277314702102,0.2057277314702102,0.21918566047517046
local,b600k.cps2024.acs050.s0,national,renter,1,0.012865278922286031,0.012865278922286031,0.014194095837008477
local,b600k.cps2024.acs050.s0,state,households,51,0.032007194916043466,0.025283081464900832,0.027163858774878504
local,b600k.cps2024.acs050.s0,state,owner,51,0.03507593863574291,0.027582378261767848,0.02920626243099388
local,b600k.cps2024.acs050.s0,state,persons_0_17,51,0.06189155700480338,0.05562028234945782,0.05148227764742262
local,b600k.cps2024.acs050.s0,state,persons_18_64,51,0.03764758137430317,0.03547104971311619,0.029377604727982252
local,b600k.cps2024.acs050.s0,state,persons_65p,51,0.01807447718105968,0.008724502963032456,0.038644476717323954
local,b600k.cps2024.acs050.s0,state,persons_in_households,51,0.010489661344786702,0.005948596636565114,0.017402341813074974
local,b600k.cps2024.acs050.s0,state,persons_male,51,0.02713557265966572,0.02427982274682227,0.02993045326881342
local,b600k.cps2024.acs050.s0,state,persons_total,51,0.015889715996366037,0.014700276623316796,0.01932238423550864
local,b600k.cps2024.acs050.s0,state,real_estate_taxes_aggregate,51,0.3167952158327863,0.3288416033139848,0.2831545117659953
local,b600k.cps2024.acs050.s0,state,rent_contract_annual_aggregate,51,0.13502763616971852,0.09327678382807174,0.14725449826944895
local,b600k.cps2024.acs050.s0,state,rent_gross_annual_aggregate,51,0.19071034262987832,0.1824313960088848,0.1951523975767883
local,b600k.cps2024.acs050.s0,state,renter,51,0.08494412911540479,0.07245132192589954,0.05321330049212731
local,b600k.cps2024.acs100.s0,cd,households,436,0.04631328952904988,0.03440322982697022,0.030061419843700195
local,b600k.cps2024.acs100.s0,cd,owner,436,0.07264797649338368,0.053488306755058015,0.04509465449094906
local,b600k.cps2024.acs100.s0,cd,persons_0_17,436,0.09252031857929835,0.08205764236636257,0.07972314206638158
local,b600k.cps2024.acs100.s0,cd,persons_18_64,436,0.05063277428533783,0.042188068739634946,0.040270052483086245
local,b600k.cps2024.acs100.s0,cd,persons_65p,436,0.07411385130460797,0.060358812544985076,0.0553797197180921
local,b600k.cps2024.acs100.s0,cd,persons_male,436,0.03478025018968345,0.026583735272594645,0.044717927558343314
local,b600k.cps2024.acs100.s0,cd,persons_total,436,0.01698517546355097,0.008570494351923579,0.038299130155592116
local,b600k.cps2024.acs100.s0,cd,real_estate_taxes_aggregate,436,0.10834989208267094,0.0861561598965066,0.10919882484157147
local,b600k.cps2024.acs100.s0,cd,rent_contract_annual_aggregate,436,0.3235496662222627,0.25624658839149095,0.3160626471752382
local,b600k.cps2024.acs100.s0,cd,rent_gross_annual_aggregate,436,0.2794925873475555,0.24996955876717364,0.27585730257839186
local,b600k.cps2024.acs100.s0,cd,renter,436,0.13445157375760514,0.12003657388111987,0.07901117774209547
local,b600k.cps2024.acs100.s0,county,households,850,0.10098075378540407,0.0729988401875985,0.06689653047543878
local,b600k.cps2024.acs100.s0,county,owner,850,0.12353509916452822,0.08792597038851821,0.08065964061352399
local,b600k.cps2024.acs100.s0,county,persons_0_17,850,0.2010060991339971,0.1424213738856326,0.15509941710625452
local,b600k.cps2024.acs100.s0,county,persons_18_64,850,0.1230526714349211,0.08934952418918088,0.08543760291011471
local,b600k.cps2024.acs100.s0,county,persons_65p,850,0.1526957535834495,0.11446000046959678,0.10929178763468612
local,b600k.cps2024.acs100.s0,county,persons_in_households,850,0.10616710847472154,0.0710325215458587,0.08135099465475124
local,b600k.cps2024.acs100.s0,county,persons_male,850,0.1133099209881395,0.08329374196308785,0.08556084387389476
local,b600k.cps2024.acs100.s0,county,persons_total,850,0.10388914886128885,0.07020871231587511,0.07847623406391573
local,b600k.cps2024.acs100.s0,county,real_estate_taxes_aggregate,850,0.1960317632558816,0.14354287967453427,0.16153074306399925
local,b600k.cps2024.acs100.s0,county,rent_contract_annual_aggregate,850,0.4117596201201114,0.3361553669615458,0.3958742716723528
local,b600k.cps2024.acs100.s0,county,rent_gross_annual_aggregate,850,0.3545257355090801,0.3018909279678914,0.3284680199300558
local,b600k.cps2024.acs100.s0,county,renter,850,0.21552802752843056,0.17530040251694484,0.1488208730998836
local,b600k.cps2024.acs100.s0,national,households,1,0.015332003170950863,0.015332003170950863,0.004032550306107907
local,b600k.cps2024.acs100.s0,national,owner,1,0.04174945712942085,0.04174945712942085,0.005330971097048906
local,b600k.cps2024.acs100.s0,national,persons_0_17,1,0.0777450749554749,0.0777450749554749,0.036277025047341385
local,b600k.cps2024.acs100.s0,national,persons_18_64,1,0.04623676462692728,0.04623676462692728,0.020396038644001573
local,b600k.cps2024.acs100.s0,national,persons_65p,1,0.0018840053042606967,0.0018840053042606967,0.015265749505787189
local,b600k.cps2024.acs100.s0,national,persons_in_households,1,0.004105271987092934,0.004105271987092934,0.015181688429502196
local,b600k.cps2024.acs100.s0,national,persons_male,1,0.027036860957599752,0.027036860957599752,0.028476246299673852
local,b600k.cps2024.acs100.s0,national,persons_total,1,0.010986270563683809,0.010986270563683809,0.017379591291975412
local,b600k.cps2024.acs100.s0,national,real_estate_taxes_aggregate,1,0.041290201885559555,0.041290201885559555,0.0444345280130821
local,b600k.cps2024.acs100.s0,national,rent_contract_annual_aggregate,1,0.12721404802805134,0.12721404802805134,0.12799956725070355
local,b600k.cps2024.acs100.s0,national,rent_gross_annual_aggregate,1,0.23327959766375667,0.23327959766375667,0.2339696564497328
local,b600k.cps2024.acs100.s0,national,renter,1,0.08184506225627963,0.08184506225627963,0.04398605432062964
local,b600k.cps2024.acs100.s0,state,households,51,0.024653060248897258,0.020801671120720674,0.012551797889670965
local,b600k.cps2024.acs100.s0,state,owner,51,0.03687949686926419,0.03370304162692925,0.01450316633318095
local,b600k.cps2024.acs100.s0,state,persons_0_17,51,0.07420822934963915,0.06571109607763753,0.0418250264669515
local,b600k.cps2024.acs100.s0,state,persons_18_64,51,0.04770688849995638,0.040316089636483914,0.024308408417819696
local,b600k.cps2024.acs100.s0,state,persons_65p,51,0.012177951648235475,0.008324491139790502,0.02918024219017552
local,b600k.cps2024.acs100.s0,state,persons_in_households,51,0.012176529005499651,0.008521794872012841,0.018703698460971988
local,b600k.cps2024.acs100.s0,state,persons_male,51,0.029620086441041447,0.027414430034714908,0.026977597799269778
local,b600k.cps2024.acs100.s0,state,persons_total,51,0.01754532975028096,0.013476681938521778,0.019067969513008286
local,b600k.cps2024.acs100.s0,state,real_estate_taxes_aggregate,51,0.06968032907050212,0.06586335176081728,0.04640083779828414
local,b600k.cps2024.acs100.s0,state,rent_contract_annual_aggregate,51,0.18259177273153981,0.15308353141938646,0.1896387156641729
local,b600k.cps2024.acs100.s0,state,rent_gross_annual_aggregate,51,0.21323882998205757,0.2043009251108927,0.2128487121032932
local,b600k.cps2024.acs100.s0,state,renter,51,0.1046959744060641,0.11637787966366468,0.05368877525129426
local,natural.cps2022-2023-2024.acs100.s0,cd,households,436,0.07540511234566043,0.057845579379849604,0.07702745456319936
local,natural.cps2022-2023-2024.acs100.s0,cd,owner,436,0.13392787644101564,0.07883907365354922,0.1551484793891346
local,natural.cps2022-2023-2024.acs100.s0,cd,persons_0_17,436,0.10327641910264818,0.0761772508676021,0.12072268393512044
local,natural.cps2022-2023-2024.acs100.s0,cd,persons_18_64,436,0.05217585634143512,0.04360086463856078,0.05917639471386573
local,natural.cps2022-2023-2024.acs100.s0,cd,persons_65p,436,0.11405603656598653,0.09358719221846742,0.14635989769733457
local,natural.cps2022-2023-2024.acs100.s0,cd,persons_male,436,0.049577588918087334,0.04246466368143162,0.0586641436442937
local,natural.cps2022-2023-2024.acs100.s0,cd,persons_total,436,0.029006630796119065,0.019729382879163794,0.05043010613657911
local,natural.cps2022-2023-2024.acs100.s0,cd,real_estate_taxes_aggregate,436,0.5213357066415857,0.5533734129912201,0.5774003843679367
local,natural.cps2022-2023-2024.acs100.s0,cd,rent_contract_annual_aggregate,436,0.3197761785188397,0.27290534315769616,0.31082246755836407
local,natural.cps2022-2023-2024.acs100.s0,cd,rent_gross_annual_aggregate,436,0.29909666618326336,0.27770106667944133,0.28236030841940746
local,natural.cps2022-2023-2024.acs100.s0,cd,renter,436,0.2664604163398467,0.21024887088190963,0.24081713613269728
local,natural.cps2022-2023-2024.acs100.s0,county,households,850,0.13892983421829347,0.10277606672560821,0.11263403490092005
local,natural.cps2022-2023-2024.acs100.s0,county,owner,850,0.18462971974091738,0.13678644385230898,0.167805318211452
local,natural.cps2022-2023-2024.acs100.s0,county,persons_0_17,850,0.23413128747932224,0.17628670934662571,0.1809033074472681
local,natural.cps2022-2023-2024.acs100.s0,county,persons_18_64,850,0.14967617234564762,0.10646173861368621,0.11595858180255403
local,natural.cps2022-2023-2024.acs100.s0,county,persons_65p,850,0.24675285365419614,0.1746943296593832,0.20499269577599868
local,natural.cps2022-2023-2024.acs100.s0,county,persons_in_households,850,0.125685981792034,0.08519151638436506,0.09871282288235243
local,natural.cps2022-2023-2024.acs100.s0,county,persons_male,850,0.13560739685250875,0.0935963958921555,0.1072620855597396
local,natural.cps2022-2023-2024.acs100.s0,county,persons_total,850,0.12110473884808991,0.07702166865169473,0.09804707185198311
local,natural.cps2022-2023-2024.acs100.s0,county,real_estate_taxes_aggregate,850,0.5573923338166573,0.6018280239215406,0.5759967143315385
local,natural.cps2022-2023-2024.acs100.s0,county,rent_contract_annual_aggregate,850,0.4224663984853271,0.3457273169740376,0.40674062383306964
local,natural.cps2022-2023-2024.acs100.s0,county,rent_gross_annual_aggregate,850,0.3896932783559318,0.33728533625635815,0.3555046169024228
local,natural.cps2022-2023-2024.acs100.s0,county,renter,850,0.3623826276332879,0.28197750306034625,0.31997071274398775
local,natural.cps2022-2023-2024.acs100.s0,national,households,1,0.040387780448345845,0.040387780448345845,0.04038778011146347
local,natural.cps2022-2023-2024.acs100.s0,national,owner,1,0.03176726865794991,0.03176726865794991,0.045042942663381706
local,natural.cps2022-2023-2024.acs100.s0,national,persons_0_17,1,0.057697567601836725,0.057697567601836725,0.02109426309341987
local,natural.cps2022-2023-2024.acs100.s0,national,persons_18_64,1,0.021869549647768823,0.021869549647768823,0.02674863655270408
local,natural.cps2022-2023-2024.acs100.s0,national,persons_65p,1,0.024725659600010715,0.024725659600010715,0.01854702634614402
local,natural.cps2022-2023-2024.acs100.s0,national,persons_in_households,1,0.019830852845274777,0.019830852845274777,0.007468807603571669
local,natural.cps2022-2023-2024.acs100.s0,national,persons_male,1,0.022053808449748885,0.022053808449748885,0.030890456469580847
local,natural.cps2022-2023-2024.acs100.s0,national,persons_total,1,0.005322445843410969,0.005322445843410969,0.017379591291682567
local,natural.cps2022-2023-2024.acs100.s0,national,real_estate_taxes_aggregate,1,0.5806503342459348,0.5806503342459348,0.6659411721508848
local,natural.cps2022-2023-2024.acs100.s0,national,rent_contract_annual_aggregate,1,0.13041730803118715,0.13041730803118715,0.13110826309032833
local,natural.cps2022-2023-2024.acs100.s0,national,rent_gross_annual_aggregate,1,0.23609358062583674,0.23609358062583674,0.2367005671839316
local,natural.cps2022-2023-2024.acs100.s0,national,renter,1,0.021920793185649746,0.021920793185649746,0.0022442128363368394
local,natural.cps2022-2023-2024.acs100.s0,state,households,51,0.040646021516202904,0.025697944519990693,0.03881877297157921
local,natural.cps2022-2023-2024.acs100.s0,state,owner,51,0.03665772336911784,0.03468317012378691,0.04937364843674731
local,natural.cps2022-2023-2024.acs100.s0,state,persons_0_17,51,0.06031545366067818,0.05533990952109531,0.0512512979358957
local,natural.cps2022-2023-2024.acs100.s0,state,persons_18_64,51,0.026433447088128954,0.020384168162733904,0.029082605581339526
local,natural.cps2022-2023-2024.acs100.s0,state,persons_65p,51,0.022193028231726267,0.00996048907388512,0.033742093722682304
local,natural.cps2022-2023-2024.acs100.s0,state,persons_in_households,51,0.02246442308562832,0.02333037575470418,0.02046149837401532
local,natural.cps2022-2023-2024.acs100.s0,state,persons_male,51,0.026117854826033682,0.023004462175212688,0.030540574782716583
local,natural.cps2022-2023-2024.acs100.s0,state,persons_total,51,0.012988246829486103,0.011175024432290112,0.017719590215261614
local,natural.cps2022-2023-2024.acs100.s0,state,real_estate_taxes_aggregate,51,0.4731924914507492,0.46643698668248323,0.5512094530501028
local,natural.cps2022-2023-2024.acs100.s0,state,rent_contract_annual_aggregate,51,0.1473850051072991,0.12311573761125603,0.146856471666088
local,natural.cps2022-2023-2024.acs100.s0,state,rent_gross_annual_aggregate,51,0.23832652109429667,0.23459411488311963,0.23190637634799494
local,natural.cps2022-2023-2024.acs100.s0,state,renter,51,0.08451060885800271,0.06617752905694989,0.058740079396226365
local,natural.cps2023-2024.acs100.s0,cd,households,436,0.07614943208765626,0.062257226419604905,0.08277502694406316
local,natural.cps2023-2024.acs100.s0,cd,owner,436,0.13365399160896327,0.08155264798912604,0.15894818149309695
local,natural.cps2023-2024.acs100.s0,cd,persons_0_17,436,0.11558849712032289,0.08074575413758144,0.1314240580340637
local,natural.cps2023-2024.acs100.s0,cd,persons_18_64,436,0.05718696265138407,0.04545943428920939,0.06701928843575958
local,natural.cps2023-2024.acs100.s0,cd,persons_65p,436,0.12162413445613415,0.10124961728616372,0.15607458611058003
local,natural.cps2023-2024.acs100.s0,cd,persons_male,436,0.053332516573297926,0.04270358684181585,0.06519931740039178
local,natural.cps2023-2024.acs100.s0,cd,persons_total,436,0.03217426974725061,0.020807847118753834,0.05778904881748221
local,natural.cps2023-2024.acs100.s0,cd,real_estate_taxes_aggregate,436,0.5225040040726696,0.5566138452096581,0.5708461692628187
local,natural.cps2023-2024.acs100.s0,cd,rent_contract_annual_aggregate,436,0.327167843623451,0.2842748416257859,0.31372344832396415
local,natural.cps2023-2024.acs100.s0,cd,rent_gross_annual_aggregate,436,0.3024096789676448,0.26655756456749785,0.2819052309567561
local,natural.cps2023-2024.acs100.s0,cd,renter,436,0.2729518499862507,0.21199670954151234,0.24063252735457533
local,natural.cps2023-2024.acs100.s0,county,households,850,0.15522651612438146,0.10916796146972804,0.12839005773406914
local,natural.cps2023-2024.acs100.s0,county,owner,850,0.19959654324938664,0.14835342409146113,0.18183632780875766
local,natural.cps2023-2024.acs100.s0,county,persons_0_17,850,0.2688627376154944,0.2034855108866506,0.20671475325314057
local,natural.cps2023-2024.acs100.s0,county,persons_18_64,850,0.16348032104483065,0.1113906442517216,0.13482870982268952
local,natural.cps2023-2024.acs100.s0,county,persons_65p,850,0.27412133599403926,0.20808263003406513,0.22583543516884713
local,natural.cps2023-2024.acs100.s0,county,persons_in_households,850,0.14557323798754077,0.09469196199206104,0.11802989076874319
local,natural.cps2023-2024.acs100.s0,county,persons_male,850,0.15895506138802581,0.11102208812640453,0.12467915689743747
local,natural.cps2023-2024.acs100.s0,county,persons_total,850,0.14089594199753924,0.091040619624878,0.1159027429880289
local,natural.cps2023-2024.acs100.s0,county,real_estate_taxes_aggregate,850,0.5739859142061494,0.6128820810857272,0.5805521226553558
local,natural.cps2023-2024.acs100.s0,county,rent_contract_annual_aggregate,850,0.43591801889029935,0.37737061302728225,0.4183083479274824
local,natural.cps2023-2024.acs100.s0,county,rent_gross_annual_aggregate,850,0.40028974591529787,0.3424993859238299,0.36442305605289327
local,natural.cps2023-2024.acs100.s0,county,renter,850,0.3832705341144995,0.30525923548666345,0.3377028256883096
local,natural.cps2023-2024.acs100.s0,national,households,1,0.04063176112255874,0.04063176112255874,0.04063176077420849
local,natural.cps2023-2024.acs100.s0,national,owner,1,0.022545526445586706,0.022545526445586706,0.04234516572780774
local,natural.cps2023-2024.acs100.s0,national,persons_0_17,1,0.06560880747203571,0.06560880747203571,0.027390231881191725
local,natural.cps2023-2024.acs100.s0,national,persons_18_64,1,0.024210841015624488,0.024210841015624488,0.026805015070435673
local,natural.cps2023-2024.acs100.s0,national,persons_65p,1,0.01815893615253982,0.01815893615253982,0.026233676447537487
local,natural.cps2023-2024.acs100.s0,national,persons_in_households,1,0.021329048231944196,0.021329048231944196,0.007468807603658995
local,natural.cps2023-2024.acs100.s0,national,persons_male,1,0.020676054440222417,0.020676054440222417,0.030408793665987435
local,natural.cps2023-2024.acs100.s0,national,persons_total,1,0.003861202227664904,0.003861202227664904,0.017379591291597395
local,natural.cps2023-2024.acs100.s0,national,real_estate_taxes_aggregate,1,0.5829667255713036,0.5829667255713036,0.6562268648260742
local,natural.cps2023-2024.acs100.s0,national,rent_contract_annual_aggregate,1,0.11963730763422183,0.11963730763422183,0.1222749686344348
local,natural.cps2023-2024.acs100.s0,national,rent_gross_annual_aggregate,1,0.22662362270216502,0.22662362270216502,0.22894074123362246
local,natural.cps2023-2024.acs100.s0,national,renter,1,0.03785996198865447,0.03785996198865447,0.0025205865935970695
local,natural.cps2023-2024.acs100.s0,state,households,51,0.04198503930902408,0.03228674226874621,0.04016948176038618
local,natural.cps2023-2024.acs100.s0,state,owner,51,0.03308553809866008,0.027205084526144098,0.0475753262127579
local,natural.cps2023-2024.acs100.s0,state,persons_0_17,51,0.06819003717423872,0.061511846444112415,0.05483953711216384
local,natural.cps2023-2024.acs100.s0,state,persons_18_64,51,0.028754070959068546,0.02600944299238805,0.030737259274090486
local,natural.cps2023-2024.acs100.s0,state,persons_65p,51,0.01990092740353616,0.010851741559137944,0.039588997541004305
local,natural.cps2023-2024.acs100.s0,state,persons_in_households,51,0.024196195064285705,0.024117340144685143,0.019558544514582797
local,natural.cps2023-2024.acs100.s0,state,persons_male,51,0.027369181098441855,0.022261538368759468,0.031232583282333474
local,natural.cps2023-2024.acs100.s0,state,persons_total,51,0.014241481090268038,0.012343450398292573,0.01896484744926104
local,natural.cps2023-2024.acs100.s0,state,real_estate_taxes_aggregate,51,0.4737531646398597,0.47074482833320913,0.5416227019420785
local,natural.cps2023-2024.acs100.s0,state,rent_contract_annual_aggregate,51,0.14236716628209123,0.127486835248893,0.14160292476457131
local,natural.cps2023-2024.acs100.s0,state,rent_gross_annual_aggregate,51,0.22789334394021554,0.21285280860011313,0.2199685049241719
local,natural.cps2023-2024.acs100.s0,state,renter,51,0.08421971743159207,0.08235674530928502,0.06435477021533247
local,natural.cps2024.acs100.s0,cd,households,436,0.08220366814853361,0.0631339164515669,0.09485650794965793
local,natural.cps2024.acs100.s0,cd,owner,436,0.1434525866770899,0.0966895693762451,0.16382697748832892
local,natural.cps2024.acs100.s0,cd,persons_0_17,436,0.14834450821242634,0.10916112048929648,0.14777727883399977
local,natural.cps2024.acs100.s0,cd,persons_18_64,436,0.06974197391139507,0.057753905585046575,0.08294160725513632
local,natural.cps2024.acs100.s0,cd,persons_65p,436,0.13919514820262557,0.1128015228071915,0.18024911975409463
local,natural.cps2024.acs100.s0,cd,persons_male,436,0.06796369607541229,0.05330903140045172,0.07885285265254408
local,natural.cps2024.acs100.s0,cd,persons_total,436,0.04234683405409704,0.027297789606765065,0.06848544826429406
local,natural.cps2024.acs100.s0,cd,real_estate_taxes_aggregate,436,0.531037740642254,0.5828653566141992,0.5633972274948349
local,natural.cps2024.acs100.s0,cd,rent_contract_annual_aggregate,436,0.3453958337508021,0.28766505332603265,0.3259537712970768
local,natural.cps2024.acs100.s0,cd,rent_gross_annual_aggregate,436,0.3144300142391268,0.2768072751657581,0.28928162032719945
local,natural.cps2024.acs100.s0,cd,renter,436,0.28851684242352316,0.23420011327154236,0.26236095878741444
local,natural.cps2024.acs100.s0,county,households,850,0.18340329827082166,0.1318779279255276,0.15704041939673816
local,natural.cps2024.acs100.s0,county,owner,850,0.23441396517079885,0.17672790400157856,0.2061870685621213
local,natural.cps2024.acs100.s0,county,persons_0_17,850,0.3110320637632594,0.23813975886672878,0.2581973448995865
local,natural.cps2024.acs100.s0,county,persons_18_64,850,0.19726147487562953,0.14253368825513285,0.17287164263315008
local,natural.cps2024.acs100.s0,county,persons_65p,850,0.30991792900951187,0.2345160224239607,0.2717549856453685
local,natural.cps2024.acs100.s0,county,persons_in_households,850,0.17343080084395257,0.11983388976278656,0.14800136876415262
local,natural.cps2024.acs100.s0,county,persons_male,850,0.18985370347430827,0.1310520767534153,0.15951010376184974
local,natural.cps2024.acs100.s0,county,persons_total,850,0.16954231027465563,0.11118258922455701,0.1444797641695114
local,natural.cps2024.acs100.s0,county,real_estate_taxes_aggregate,850,0.5980137421440218,0.6351943541487559,0.5894351449274059
local,natural.cps2024.acs100.s0,county,rent_contract_annual_aggregate,850,0.45320674094233765,0.3929571053765445,0.44581404382435347
local,natural.cps2024.acs100.s0,county,rent_gross_annual_aggregate,850,0.42179788658900635,0.3732401694738438,0.4024978514520762
local,natural.cps2024.acs100.s0,county,renter,850,0.4110610856933404,0.35009284832573473,0.3615559908221512
local,natural.cps2024.acs100.s0,national,households,1,0.04250326644314316,0.04250326644314316,0.042503266232261264
local,natural.cps2024.acs100.s0,national,owner,1,0.01440351750882893,0.01440351750882893,0.040108595495469086
local,natural.cps2024.acs100.s0,national,persons_0_17,1,0.08496761329639906,0.08496761329639906,0.03288093308224219
local,natural.cps2024.acs100.s0,national,persons_18_64,1,0.02974559765005693,0.02974559765005693,0.02864364719867025
local,natural.cps2024.acs100.s0,national,persons_65p,1,0.012489195784942396,0.012489195784942396,0.03895423703666744
local,natural.cps2024.acs100.s0,national,persons_in_households,1,0.023195854213774996,0.023195854213774996,0.007468807603635457
local,natural.cps2024.acs100.s0,national,persons_male,1,0.023788730861614666,0.023788730861614666,0.030150509780975852
local,natural.cps2024.acs100.s0,national,persons_total,1,0.0020404394973437146,0.0020404394973437146,0.017379591291620353
local,natural.cps2024.acs100.s0,national,real_estate_taxes_aggregate,1,0.5879131540785364,0.5879131540785364,0.639541193265433
local,natural.cps2024.acs100.s0,national,rent_contract_annual_aggregate,1,0.09088139489565485,0.09088139489565485,0.09886944608012654
local,natural.cps2024.acs100.s0,national,rent_gross_annual_aggregate,1,0.20136228006180068,0.20136228006180068,0.2083795811585964
local,natural.cps2024.acs100.s0,national,renter,1,0.058752316297939255,0.058752316297939255,0.012242781550831461
local,natural.cps2024.acs100.s0,state,households,51,0.04436222493936667,0.03202795952669077,0.04113183240017889
local,natural.cps2024.acs100.s0,state,owner,51,0.03435769419899883,0.027190169343451618,0.04737445437547842
local,natural.cps2024.acs100.s0,state,persons_0_17,51,0.08637521734525148,0.08106642236178443,0.05938231280038797
local,natural.cps2024.acs100.s0,state,persons_18_64,51,0.03776363982985699,0.03662854367125631,0.036220431440798125
local,natural.cps2024.acs100.s0,state,persons_65p,51,0.02095727416815766,0.012429624152864891,0.05328853265490045
local,natural.cps2024.acs100.s0,state,persons_in_households,51,0.024172264172288047,0.021393504939839953,0.019861435559825478
local,natural.cps2024.acs100.s0,state,persons_male,51,0.03256569993799309,0.02668356596447052,0.030691014864309484
local,natural.cps2024.acs100.s0,state,persons_total,51,0.01761588051050974,0.015439013390945106,0.018409030751607942
local,natural.cps2024.acs100.s0,state,real_estate_taxes_aggregate,51,0.48314861955557775,0.48796264044038046,0.5260015221555046
local,natural.cps2024.acs100.s0,state,rent_contract_annual_aggregate,51,0.1181146554481196,0.09008305650773704,0.1275977982147394
local,natural.cps2024.acs100.s0,state,rent_gross_annual_aggregate,51,0.19700328389446067,0.18923332449842212,0.20252115687966973
local,natural.cps2024.acs100.s0,state,renter,51,0.08309865598041244,0.07655892242684272,0.0715128987627851
national,b1200k.cps0.acs100.s0,cd,households,436,0.06546793875483832,0.054173142604860315,0.016911495924950226
national,b1200k.cps0.acs100.s0,cd,owner,436,0.08443946777482256,0.06358701707880085,0.027389507466497036
national,b1200k.cps0.acs100.s0,cd,persons_0_17,436,0.1169496587934543,0.09192561608134726,0.06654691908238346
national,b1200k.cps0.acs100.s0,cd,persons_18_64,436,0.07225207122715917,0.06081269681548772,0.030189007725320485
national,b1200k.cps0.acs100.s0,cd,persons_65p,436,0.0998200485692092,0.07855984754662149,0.03557104609681045
national,b1200k.cps0.acs100.s0,cd,persons_in_households,436,0.06701733094604381,0.04906508679343942,0.029365614160002666
national,b1200k.cps0.acs100.s0,cd,persons_male,436,0.07005592850904079,0.05260624743872369,0.03622902588748794
national,b1200k.cps0.acs100.s0,cd,persons_total,436,0.06559762185698083,0.04877150119357489,0.028675723791477488
national,b1200k.cps0.acs100.s0,cd,real_estate_taxes_aggregate,436,0.1869510322206518,0.14121382622288814,0.10122144808323005
national,b1200k.cps0.acs100.s0,cd,rent_contract_annual_aggregate,436,0.3366728240012871,0.2741018721266164,0.31736926347378935
national,b1200k.cps0.acs100.s0,cd,rent_gross_annual_aggregate,436,0.2966479759042343,0.2642582100269653,0.27748145721184314
national,b1200k.cps0.acs100.s0,cd,renter,436,0.13953953919524628,0.1251801998749738,0.06711358591432277
national,b1200k.cps0.acs100.s0,county,households,850,0.10634842009063332,0.07745041404102722,0.04022659235624308
national,b1200k.cps0.acs100.s0,county,owner,850,0.13250258107792434,0.09673740831069724,0.05181320521507365
national,b1200k.cps0.acs100.s0,county,persons_0_17,850,0.2060140491052898,0.1358077579489788,0.11612417671617863
national,b1200k.cps0.acs100.s0,county,persons_18_64,850,0.1237183461416908,0.0956166370972192,0.062008162383127195
national,b1200k.cps0.acs100.s0,county,persons_65p,850,0.1590565765985806,0.12094384340493194,0.07428653610579898
national,b1200k.cps0.acs100.s0,county,persons_in_households,850,0.12021694367858081,0.08325846696566512,0.05780813581478426
national,b1200k.cps0.acs100.s0,county,persons_male,850,0.12045492902317512,0.08761635068133222,0.06327159961501264
national,b1200k.cps0.acs100.s0,county,persons_total,850,0.11589559031619459,0.08376375731960828,0.05559416595186459
national,b1200k.cps0.acs100.s0,county,real_estate_taxes_aggregate,850,0.24476593189559426,0.1804210581133128,0.14261841373325493
national,b1200k.cps0.acs100.s0,county,rent_contract_annual_aggregate,850,0.41036812252598714,0.32226411491089835,0.3952170587464888
national,b1200k.cps0.acs100.s0,county,rent_gross_annual_aggregate,850,0.35619568740091945,0.30007594905410495,0.32378289924857434
national,b1200k.cps0.acs100.s0,county,renter,850,0.21483222329838148,0.17726360911606664,0.1188825367351446
national,b1200k.cps0.acs100.s0,national,households,1,0.010558941858680988,0.010558941858680988,0.00012716099964809008
national,b1200k.cps0.acs100.s0,national,owner,1,0.05423551983639365,0.05423551983639365,0.0007317503461692467
national,b1200k.cps0.acs100.s0,national,persons_0_17,1,0.07386665745265425,0.07386665745265425,0.037687584363355786
national,b1200k.cps0.acs100.s0,national,persons_18_64,1,0.029815280556425145,0.029815280556425145,0.018638293933160584
national,b1200k.cps0.acs100.s0,national,persons_65p,1,0.00019075972384936354,0.00019075972384936354,0.011035015710395802
national,b1200k.cps0.acs100.s0,national,persons_in_households,1,0.0023614207712549743,0.0023614207712549743,0.017428446304894415
national,b1200k.cps0.acs100.s0,national,persons_male,1,0.015748957667921837,0.015748957667921837,0.028831067096646904
national,b1200k.cps0.acs100.s0,national,persons_total,1,0.002248354336395304,0.002248354336395304,0.017379591291828728
national,b1200k.cps0.acs100.s0,national,real_estate_taxes_aggregate,1,0.152194409891978,0.152194409891978,0.016208821369269332
national,b1200k.cps0.acs100.s0,national,rent_contract_annual_aggregate,1,0.13363101365625613,0.13363101365625613,0.1313430482891693
national,b1200k.cps0.acs100.s0,national,rent_gross_annual_aggregate,1,0.23891673980281022,0.23891673980281022,0.23690682004777663
national,b1200k.cps0.acs100.s0,national,renter,1,0.1169701040508225,0.1169701040508225,0.0493118006082098
national,b1200k.cps0.acs100.s0,state,households,51,0.028819994115773725,0.02071824690965909,0.006340511853583996
national,b1200k.cps0.acs100.s0,state,owner,51,0.04547067367289003,0.036835758997527696,0.007269437556433841
national,b1200k.cps0.acs100.s0,state,persons_0_17,51,0.07287006204103653,0.058378296625487464,0.03864460240960343
national,b1200k.cps0.acs100.s0,state,persons_18_64,51,0.03636647475120756,0.024412975473871362,0.021234174699764987
national,b1200k.cps0.acs100.s0,state,persons_65p,51,0.014497058920451252,0.005164687289088426,0.016713799694230005
national,b1200k.cps0.acs100.s0,state,persons_in_households,51,0.018524911370139303,0.014876615855457125,0.017791336343165817
national,b1200k.cps0.acs100.s0,state,persons_male,51,0.026192468054496362,0.021417031437589024,0.025371236158061715
national,b1200k.cps0.acs100.s0,state,persons_total,51,0.01872612694731292,0.015966647188095998,0.01756616344174996
national,b1200k.cps0.acs100.s0,state,real_estate_taxes_aggregate,51,0.1168546318781668,0.11552927844606527,0.021820775325743013
national,b1200k.cps0.acs100.s0,state,rent_contract_annual_aggregate,51,0.20569465782392887,0.16493797602630117,0.1980296977894466
national,b1200k.cps0.acs100.s0,state,rent_gross_annual_aggregate,51,0.2339112636740966,0.18696435038167245,0.21777165814576163
national,b1200k.cps0.acs100.s0,state,renter,51,0.13534035224523353,0.13478558562144738,0.06036941203737398
national,b1200k.cps2022-2023-2024.acs000.s0,cd,households,436,0.05451548181538968,0.03817861878301035,0.04518524883062504
national,b1200k.cps2022-2023-2024.acs000.s0,cd,owner,436,0.14364452487567272,0.07493835716023792,0.1404255430161006
national,b1200k.cps2022-2023-2024.acs000.s0,cd,persons_0_17,436,0.14005176420782756,0.10788144908727218,0.11965151863731681
national,b1200k.cps2022-2023-2024.acs000.s0,cd,persons_18_64,436,0.05733503125066456,0.041824143261969815,0.05732985391201939
national,b1200k.cps2022-2023-2024.acs000.s0,cd,persons_65p,436,0.12624836582491977,0.09076052564087966,0.12667758978290083
national,b1200k.cps2022-2023-2024.acs000.s0,cd,persons_in_households,436,0.0626337926974403,0.0485528947260959,0.05326810925290876
national,b1200k.cps2022-2023-2024.acs000.s0,cd,persons_male,436,0.05876732738614794,0.04286977951821295,0.0589791545885527
national,b1200k.cps2022-2023-2024.acs000.s0,cd,persons_total,436,0.051547071734603246,0.037444373263443506,0.04942042985000886
national,b1200k.cps2022-2023-2024.acs000.s0,cd,real_estate_taxes_aggregate,436,0.4650073785272531,0.4812431984258392,0.5765496463852601
national,b1200k.cps2022-2023-2024.acs000.s0,cd,rent_contract_annual_aggregate,436,0.3196052937233895,0.26305477996825155,0.31374362377056914
national,b1200k.cps2022-2023-2024.acs000.s0,cd,rent_gross_annual_aggregate,436,0.2943314966023563,0.2708701017829651,0.2865611639180526
national,b1200k.cps2022-2023-2024.acs000.s0,cd,renter,436,0.22984847276547996,0.1726288202001957,0.22171063149334405
national,b1200k.cps2022-2023-2024.acs000.s0,county,households,850,0.0768432450864388,0.05156944690116871,0.06351266137919379
national,b1200k.cps2022-2023-2024.acs000.s0,county,owner,850,0.14013468009057184,0.09960356934199063,0.1350622630923501
national,b1200k.cps2022-2023-2024.acs000.s0,county,persons_0_17,850,0.18712457946524397,0.1295450496977455,0.15380407717060152
national,b1200k.cps2022-2023-2024.acs000.s0,county,persons_18_64,850,0.10413464499288051,0.0756495854288235,0.09274177961645999
national,b1200k.cps2022-2023-2024.acs000.s0,county,persons_65p,850,0.16362461464072808,0.12101450361485724,0.15379855358052308
national,b1200k.cps2022-2023-2024.acs000.s0,county,persons_in_households,850,0.09606265347182905,0.06781912506938807,0.07819523906848598
national,b1200k.cps2022-2023-2024.acs000.s0,county,persons_male,850,0.09130179635302935,0.06187555806756819,0.08118995883186989
national,b1200k.cps2022-2023-2024.acs000.s0,county,persons_total,850,0.08493720476993373,0.059820849834040096,0.0716431515359234
national,b1200k.cps2022-2023-2024.acs000.s0,county,real_estate_taxes_aggregate,850,0.46880688301521106,0.48884984339941434,0.5481905154373263
national,b1200k.cps2022-2023-2024.acs000.s0,county,rent_contract_annual_aggregate,850,0.3955689211356353,0.30396527198937856,0.39448468761155026
national,b1200k.cps2022-2023-2024.acs000.s0,county,rent_gross_annual_aggregate,850,0.34460997543922506,0.29044493148714357,0.3343185758806215
national,b1200k.cps2022-2023-2024.acs000.s0,county,renter,850,0.30349607724372124,0.2334813038587007,0.29234951692374417
national,b1200k.cps2022-2023-2024.acs000.s0,national,households,1,0.04038778048023349,0.04038778048023349,0.040387780113526596
national,b1200k.cps2022-2023-2024.acs000.s0,national,owner,1,0.04831345839021407,0.04831345839021407,0.04504294266257366
national,b1200k.cps2022-2023-2024.acs000.s0,national,persons_0_17,1,0.06277949067212106,0.06277949067212106,0.02109426309361929
national,b1200k.cps2022-2023-2024.acs000.s0,national,persons_18_64,1,0.013726514007556471,0.013726514007556471,0.026748636553088446
national,b1200k.cps2022-2023-2024.acs000.s0,national,persons_65p,1,0.0008771057661626095,0.0008771057661626095,0.018547026346188787
national,b1200k.cps2022-2023-2024.acs000.s0,national,persons_in_households,1,0.030406501879641862,0.030406501879641862,0.007468807604379701
national,b1200k.cps2022-2023-2024.acs000.s0,national,persons_male,1,0.007838102220557431,0.007838102220557431,0.030890456469098288
national,b1200k.cps2022-2023-2024.acs000.s0,national,persons_total,1,0.00499236340733319,0.00499236340733319,0.017379591290894465
national,b1200k.cps2022-2023-2024.acs000.s0,national,real_estate_taxes_aggregate,1,0.5416611131360461,0.5416611131360461,0.6659411721508772
national,b1200k.cps2022-2023-2024.acs000.s0,national,rent_contract_annual_aggregate,1,0.11977764934147685,0.11977764934147685,0.13110826309010554
national,b1200k.cps2022-2023-2024.acs000.s0,national,rent_gross_annual_aggregate,1,0.22674690934536548,0.22674690934536548,0.2367005671837359
national,b1200k.cps2022-2023-2024.acs000.s0,national,renter,1,0.007741896161846939,0.007741896161846939,0.002244212836202863
national,b1200k.cps2022-2023-2024.acs000.s0,state,households,51,0.0379056054907576,0.029024202915816193,0.038818772971576876
national,b1200k.cps2022-2023-2024.acs000.s0,state,owner,51,0.0429652110955016,0.04307216549785715,0.0493736484367394
national,b1200k.cps2022-2023-2024.acs000.s0,state,persons_0_17,51,0.07019951390436269,0.06793177428186521,0.0512512979358941
national,b1200k.cps2022-2023-2024.acs000.s0,state,persons_18_64,51,0.024045688728291437,0.01837915935152689,0.02908260558134452
national,b1200k.cps2022-2023-2024.acs000.s0,state,persons_65p,51,0.02494037196749165,0.009529376717633513,0.033742093722682054
national,b1200k.cps2022-2023-2024.acs000.s0,state,persons_in_households,51,0.030159170408585956,0.026678339762829868,0.020461498374014224
national,b1200k.cps2022-2023-2024.acs000.s0,state,persons_male,51,0.021125124782964882,0.015511912205287116,0.030540574782717666
national,b1200k.cps2022-2023-2024.acs000.s0,state,persons_total,51,0.015002316947355694,0.010062245287784842,0.017719590215260896
national,b1200k.cps2022-2023-2024.acs000.s0,state,real_estate_taxes_aggregate,51,0.4576004801285932,0.4498792447346817,0.5512094530501032
national,b1200k.cps2022-2023-2024.acs000.s0,state,rent_contract_annual_aggregate,51,0.14142213219316677,0.1364040588040572,0.14685647166608887
national,b1200k.cps2022-2023-2024.acs000.s0,state,rent_gross_annual_aggregate,51,0.2295133425846581,0.2091160801798269,0.23190637634799482
national,b1200k.cps2022-2023-2024.acs000.s0,state,renter,51,0.08648735510840705,0.0803880192029289,0.0587400793962271
national,b1200k.cps2022-2023-2024.acs100.s0,cd,households,436,0.06041600094470999,0.05013480503224342,0.022072086987933517
national,b1200k.cps2022-2023-2024.acs100.s0,cd,owner,436,0.08731862542122648,0.06015670036845671,0.04119741442822208
national,b1200k.cps2022-2023-2024.acs100.s0,cd,persons_0_17,436,0.11192660917866892,0.09253444203168251,0.06407429334169583
national,b1200k.cps2022-2023-2024.acs100.s0,cd,persons_18_64,436,0.06003997768457427,0.052455539427254255,0.029576337882797
national,b1200k.cps2022-2023-2024.acs100.s0,cd,persons_65p,436,0.0742934478704951,0.0661292375807888,0.0434547563822687
national,b1200k.cps2022-2023-2024.acs100.s0,cd,persons_in_households,436,0.053765782491547204,0.04355600234816263,0.027157654089691684
national,b1200k.cps2022-2023-2024.acs100.s0,cd,persons_male,436,0.05315438755452788,0.0434890050277892,0.034858214194812345
national,b1200k.cps2022-2023-2024.acs100.s0,cd,persons_total,436,0.05080852673405483,0.040030973244658624,0.027570366598346125
national,b1200k.cps2022-2023-2024.acs100.s0,cd,real_estate_taxes_aggregate,436,0.145243255351463,0.1271695231351176,0.1073369274538778
national,b1200k.cps2022-2023-2024.acs100.s0,cd,rent_contract_annual_aggregate,436,0.32795521927631044,0.27417375306834113,0.3112882414289057
national,b1200k.cps2022-2023-2024.acs100.s0,cd,rent_gross_annual_aggregate,436,0.28226132408111115,0.25279734248011915,0.2727051118203135
national,b1200k.cps2022-2023-2024.acs100.s0,cd,renter,436,0.13236915410564784,0.10702965807750398,0.07244212156029424
national,b1200k.cps2022-2023-2024.acs100.s0,county,households,850,0.0979385606135919,0.0717232077703103,0.04623431398270421
national,b1200k.cps2022-2023-2024.acs100.s0,county,owner,850,0.11971162647551249,0.0851709292735517,0.06286937117629632
national,b1200k.cps2022-2023-2024.acs100.s0,county,persons_0_17,850,0.19035662678664453,0.13143294763693902,0.11212966185436829
national,b1200k.cps2022-2023-2024.acs100.s0,county,persons_18_64,850,0.11074703830309074,0.08244014060907524,0.0629789352653305
national,b1200k.cps2022-2023-2024.acs100.s0,county,persons_65p,850,0.13455135132452523,0.0973448067319476,0.08174509207721281
national,b1200k.cps2022-2023-2024.acs100.s0,county,persons_in_households,850,0.10629633617868862,0.07414361548969986,0.057486963759458595
national,b1200k.cps2022-2023-2024.acs100.s0,county,persons_male,850,0.10601088252231163,0.0774645529402343,0.06365689945447187
national,b1200k.cps2022-2023-2024.acs100.s0,county,persons_total,850,0.10046824015713667,0.07032113563683026,0.056121061356943086
national,b1200k.cps2022-2023-2024.acs100.s0,county,real_estate_taxes_aggregate,850,0.20323370424676926,0.16181923855164315,0.1441357392419482
national,b1200k.cps2022-2023-2024.acs100.s0,county,rent_contract_annual_aggregate,850,0.41156457845686595,0.3118254509798863,0.3908362320336901
national,b1200k.cps2022-2023-2024.acs100.s0,county,rent_gross_annual_aggregate,850,0.34935049685415537,0.2925827027275735,0.32001474708529537
national,b1200k.cps2022-2023-2024.acs100.s0,county,renter,850,0.19270855655202493,0.1414548537641125,0.11658787580125685
national,b1200k.cps2022-2023-2024.acs100.s0,national,households,1,0.026563393959247634,0.026563393959247634,0.005732790784073824
national,b1200k.cps2022-2023-2024.acs100.s0,national,owner,1,0.05450937129122916,0.05450937129122916,0.006959414264278527
national,b1200k.cps2022-2023-2024.acs100.s0,national,persons_0_17,1,0.07266146947567735,0.07266146947567735,0.03563993224750431
national,b1200k.cps2022-2023-2024.acs100.s0,national,persons_18_64,1,0.023803759398979604,0.023803759398979604,0.019905132411002127
national,b1200k.cps2022-2023-2024.acs100.s0,national,persons_65p,1,0.00043019772710799014,0.00043019772710799014,0.012856450490533357
national,b1200k.cps2022-2023-2024.acs100.s0,national,persons_in_households,1,0.013432566955972992,0.013432566955972992,0.013839414143941027
national,b1200k.cps2022-2023-2024.acs100.s0,national,persons_male,1,0.011380888429701079,0.011380888429701079,0.02887160484491514
national,b1200k.cps2022-2023-2024.acs100.s0,national,persons_total,1,0.0010900647406718313,0.0010900647406718313,0.017379591296109748
national,b1200k.cps2022-2023-2024.acs100.s0,national,real_estate_taxes_aggregate,1,0.10426920881433889,0.10426920881433889,0.0817794119248525
national,b1200k.cps2022-2023-2024.acs100.s0,national,rent_contract_annual_aggregate,1,0.11391847304485785,0.11391847304485785,0.13162350159042394
national,b1200k.cps2022-2023-2024.acs100.s0,national,rent_gross_annual_aggregate,1,0.22159977103802586,0.22159977103802586,0.2371531911854979
national,b1200k.cps2022-2023-2024.acs100.s0,national,renter,1,0.0690807669902546,0.0690807669902546,0.04215922834937168
national,b1200k.cps2022-2023-2024.acs100.s0,state,households,51,0.031742891968322716,0.02857981850385344,0.008128965882120278
national,b1200k.cps2022-2023-2024.acs100.s0,state,owner,51,0.045179940254903406,0.03798997857730957,0.010166682506037894
national,b1200k.cps2022-2023-2024.acs100.s0,state,persons_0_17,51,0.07376621987233242,0.061166124844763234,0.03951583348206128
national,b1200k.cps2022-2023-2024.acs100.s0,state,persons_18_64,51,0.03100246568661352,0.021389718599586473,0.021553838014691296
national,b1200k.cps2022-2023-2024.acs100.s0,state,persons_65p,51,0.016526415054247973,0.005308762386152957,0.01929052988991131
national,b1200k.cps2022-2023-2024.acs100.s0,state,persons_in_households,51,0.01842043189390582,0.013786448726127921,0.015489999611270629
national,b1200k.cps2022-2023-2024.acs100.s0,state,persons_male,51,0.02038177040295603,0.014647118993459296,0.02459271957332012
national,b1200k.cps2022-2023-2024.acs100.s0,state,persons_total,51,0.016379409880188406,0.013602054632206553,0.017107951769455565
national,b1200k.cps2022-2023-2024.acs100.s0,state,real_estate_taxes_aggregate,51,0.11002329774535713,0.11267009335738574,0.06472528643643173
national,b1200k.cps2022-2023-2024.acs100.s0,state,rent_contract_annual_aggregate,51,0.17951264880396817,0.1488322365176712,0.1831818536384398
national,b1200k.cps2022-2023-2024.acs100.s0,state,rent_gross_annual_aggregate,51,0.2145503817746966,0.1873073510788503,0.2117863175680653
national,b1200k.cps2022-2023-2024.acs100.s0,state,renter,51,0.10238429958537473,0.09144329248434328,0.056837507657463315
national,b1200k.cps2023-2024.acs000.s0,cd,households,436,0.05229610189711505,0.04076424158224266,0.044564574207843
national,b1200k.cps2023-2024.acs000.s0,cd,owner,436,0.14428663142962772,0.07795509798799025,0.14153227525093334
national,b1200k.cps2023-2024.acs000.s0,cd,persons_0_17,436,0.14460919963839905,0.10913297718693643,0.12293927498450163
national,b1200k.cps2023-2024.acs000.s0,cd,persons_18_64,436,0.06003627343475018,0.04346907002556902,0.06042594908692552
national,b1200k.cps2023-2024.acs000.s0,cd,persons_65p,436,0.1270365821173296,0.08504271907693822,0.1287992584404723
national,b1200k.cps2023-2024.acs000.s0,cd,persons_in_households,436,0.06468166225140534,0.048638043534739384,0.055343451728596574
national,b1200k.cps2023-2024.acs000.s0,cd,persons_male,436,0.06178924739792604,0.046975984850352176,0.06182140406886844
national,b1200k.cps2023-2024.acs000.s0,cd,persons_total,436,0.05376246003153555,0.0388579650598753,0.051768503933713614
national,b1200k.cps2023-2024.acs000.s0,cd,real_estate_taxes_aggregate,436,0.46034191709145006,0.48283769849552327,0.567240671218558
national,b1200k.cps2023-2024.acs000.s0,cd,rent_contract_annual_aggregate,436,0.321109724988121,0.2717203325215143,0.3167342940476949
national,b1200k.cps2023-2024.acs000.s0,cd,rent_gross_annual_aggregate,436,0.29043128573031674,0.2651533712939631,0.28658779645383037
national,b1200k.cps2023-2024.acs000.s0,cd,renter,436,0.23061611988162764,0.1720566495538771,0.2215426684768285
national,b1200k.cps2023-2024.acs000.s0,county,households,850,0.07564292922391698,0.05171477858378123,0.06282201659937088
national,b1200k.cps2023-2024.acs000.s0,county,owner,850,0.14192214054230437,0.10226766154364364,0.1364383464137909
national,b1200k.cps2023-2024.acs000.s0,county,persons_0_17,850,0.19337516273570035,0.14169721046561434,0.1551641847716341
national,b1200k.cps2023-2024.acs000.s0,county,persons_18_64,850,0.10500787345278097,0.07435756992471007,0.09394595132377956
national,b1200k.cps2023-2024.acs000.s0,county,persons_65p,850,0.16647417480175625,0.11927721329767813,0.1551185502768662
national,b1200k.cps2023-2024.acs000.s0,county,persons_in_households,850,0.09811125205837246,0.06870923506633814,0.07986795721353147
national,b1200k.cps2023-2024.acs000.s0,county,persons_male,850,0.09497936905873954,0.06638417628738988,0.08350473885300172
national,b1200k.cps2023-2024.acs000.s0,county,persons_total,850,0.08727782701053774,0.06186504731538747,0.0730137023744197
national,b1200k.cps2023-2024.acs000.s0,county,real_estate_taxes_aggregate,850,0.463759908055527,0.488434997906943,0.5407990038976922
national,b1200k.cps2023-2024.acs000.s0,county,rent_contract_annual_aggregate,850,0.4007135511576633,0.3122059182646376,0.40129323930771454
national,b1200k.cps2023-2024.acs000.s0,county,rent_gross_annual_aggregate,850,0.34467296653748786,0.2839023488067183,0.3348004185410823
national,b1200k.cps2023-2024.acs000.s0,county,renter,850,0.3086265631237274,0.2382927657521377,0.2964990840290454
national,b1200k.cps2023-2024.acs000.s0,national,households,1,0.04063176116594727,0.04063176116594727,0.04063176077459197
national,b1200k.cps2023-2024.acs000.s0,national,owner,1,0.03946585179543923,0.03946585179543923,0.042345165726567116
national,b1200k.cps2023-2024.acs000.s0,national,persons_0_17,1,0.06539451193788928,0.06539451193788928,0.027390231881011307
national,b1200k.cps2023-2024.acs000.s0,national,persons_18_64,1,0.014444841042076124,0.014444841042076124,0.026805015070826117
national,b1200k.cps2023-2024.acs000.s0,national,persons_65p,1,0.0005185413224120335,0.0005185413224120335,0.026233676447592717
national,b1200k.cps2023-2024.acs000.s0,national,persons_in_households,1,0.030601672290346875,0.030601672290346875,0.00746880760318086
national,b1200k.cps2023-2024.acs000.s0,national,persons_male,1,0.008383851747897386,0.008383851747897386,0.030408793666069425
national,b1200k.cps2023-2024.acs000.s0,national,persons_total,1,0.0051827200985650555,0.0051827200985650555,0.017379591292063738
national,b1200k.cps2023-2024.acs000.s0,national,real_estate_taxes_aggregate,1,0.5376258757808923,0.5376258757808923,0.6562268648260605
national,b1200k.cps2023-2024.acs000.s0,national,rent_contract_annual_aggregate,1,0.10873585520264276,0.10873585520264276,0.12227496863453662
national,b1200k.cps2023-2024.acs000.s0,national,rent_gross_annual_aggregate,1,0.2170469722353409,0.2170469722353409,0.2289407412337119
national,b1200k.cps2023-2024.acs000.s0,national,renter,1,0.007137192105146624,0.007137192105146624,0.0025205865938268818
national,b1200k.cps2023-2024.acs000.s0,state,households,51,0.03874011973361332,0.031193550120366773,0.040169481760378004
national,b1200k.cps2023-2024.acs000.s0,state,owner,51,0.03758164556385783,0.032303637690366635,0.047575326212757944
national,b1200k.cps2023-2024.acs000.s0,state,persons_0_17,51,0.07120949689664875,0.0653481588591093,0.05483953711216453
national,b1200k.cps2023-2024.acs000.s0,state,persons_18_64,51,0.024433838332240016,0.01933299402871407,0.03073725927409112
national,b1200k.cps2023-2024.acs000.s0,state,persons_65p,51,0.023718865673635826,0.00825187481817984,0.03958899754100444
national,b1200k.cps2023-2024.acs000.s0,state,persons_in_households,51,0.030877263752129815,0.027060229649257334,0.019558544514569513
national,b1200k.cps2023-2024.acs000.s0,state,persons_male,51,0.02385552560621096,0.020907866360504408,0.031232583282332423
national,b1200k.cps2023-2024.acs000.s0,state,persons_total,51,0.01451210126625384,0.010736373773807746,0.018964847449251816
national,b1200k.cps2023-2024.acs000.s0,state,real_estate_taxes_aggregate,51,0.4512877821023978,0.44446286213850394,0.5416227019420768
national,b1200k.cps2023-2024.acs000.s0,state,rent_contract_annual_aggregate,51,0.13855426735458232,0.12616403574760654,0.1416029247645683
national,b1200k.cps2023-2024.acs000.s0,state,rent_gross_annual_aggregate,51,0.21999537634744912,0.2163595262817437,0.2199685049241693
national,b1200k.cps2023-2024.acs000.s0,state,renter,51,0.0766559888831949,0.065592318475988,0.06435477021533238
national,b1200k.cps2023-2024.acs100.s0,cd,households,436,0.061529557143438565,0.04880316229454022,0.020154341983230194
national,b1200k.cps2023-2024.acs100.s0,cd,owner,436,0.08205168602741814,0.05903913416807109,0.03577675830490396
national,b1200k.cps2023-2024.acs100.s0,cd,persons_0_17,436,0.11242075604232964,0.0894544959098565,0.0654114033746476
national,b1200k.cps2023-2024.acs100.s0,cd,persons_18_64,436,0.06489785197470431,0.05155811475807946,0.029571705565789384
national,b1200k.cps2023-2024.acs100.s0,cd,persons_65p,436,0.07391434478786513,0.06048442254383907,0.039860944908416435
national,b1200k.cps2023-2024.acs100.s0,cd,persons_in_households,436,0.057415342808225,0.044038902423270826,0.027963745981461067
national,b1200k.cps2023-2024.acs100.s0,cd,persons_male,436,0.05759155066856835,0.04579312557295291,0.035369958291775805
national,b1200k.cps2023-2024.acs100.s0,cd,persons_total,436,0.05477220636196029,0.04238993027257421,0.028067183549150776
national,b1200k.cps2023-2024.acs100.s0,cd,real_estate_taxes_aggregate,436,0.12771039208244234,0.10363953902026549,0.09845020440267864
national,b1200k.cps2023-2024.acs100.s0,cd,rent_contract_annual_aggregate,436,0.33040663694763434,0.2795984407836609,0.31361045161538365
national,b1200k.cps2023-2024.acs100.s0,cd,rent_gross_annual_aggregate,436,0.28415269675113664,0.2486487506691609,0.2737845094027156
national,b1200k.cps2023-2024.acs100.s0,cd,renter,436,0.12760996713134296,0.10585844414901613,0.06823628106225212
national,b1200k.cps2023-2024.acs100.s0,county,households,850,0.09875519007317685,0.07153968322632057,0.04371191414055543
national,b1200k.cps2023-2024.acs100.s0,county,owner,850,0.11916817853142374,0.08502419041441511,0.05878768843480771
national,b1200k.cps2023-2024.acs100.s0,county,persons_0_17,850,0.19333091851489753,0.13191071388475822,0.11046384351569767
national,b1200k.cps2023-2024.acs100.s0,county,persons_18_64,850,0.11535788997304354,0.08699868292565432,0.06312088019806363
national,b1200k.cps2023-2024.acs100.s0,county,persons_65p,850,0.1341279383987972,0.09467075364137192,0.07924608197981975
national,b1200k.cps2023-2024.acs100.s0,county,persons_in_households,850,0.1105630243429041,0.07910748628439666,0.0573049693189195
national,b1200k.cps2023-2024.acs100.s0,county,persons_male,850,0.10932767132275116,0.07719095120402769,0.06325689573472675
national,b1200k.cps2023-2024.acs100.s0,county,persons_total,850,0.1049086906186378,0.07923895567681119,0.055813629157630655
national,b1200k.cps2023-2024.acs100.s0,county,real_estate_taxes_aggregate,850,0.19108554260521526,0.13775591333549236,0.1380272770547855
national,b1200k.cps2023-2024.acs100.s0,county,rent_contract_annual_aggregate,850,0.4107012665361624,0.3155957939084968,0.3929387851111985
national,b1200k.cps2023-2024.acs100.s0,county,rent_gross_annual_aggregate,850,0.3473331795765161,0.29289331798821416,0.3211877374058415
national,b1200k.cps2023-2024.acs100.s0,county,renter,850,0.19152399654266528,0.14677134622048207,0.11243008690078864
national,b1200k.cps2023-2024.acs100.s0,national,households,1,0.022335044321972537,0.022335044321972537,0.0037640638990095875
national,b1200k.cps2023-2024.acs100.s0,national,owner,1,0.05262720939822448,0.05262720939822448,0.004551321624416254
national,b1200k.cps2023-2024.acs100.s0,national,persons_0_17,1,0.0730075863190053,0.0730075863190053,0.0372720265406491
national,b1200k.cps2023-2024.acs100.s0,national,persons_18_64,1,0.025874147692737506,0.025874147692737506,0.01944243097417546
national,b1200k.cps2023-2024.acs100.s0,national,persons_65p,1,0.00017441493489430432,0.00017441493489430432,0.013244079503840643
national,b1200k.cps2023-2024.acs100.s0,national,persons_in_households,1,0.010120196784705921,0.010120196784705921,0.015085609209046204
national,b1200k.cps2023-2024.acs100.s0,national,persons_male,1,0.013013453076467299,0.013013453076467299,0.028723425850529456
national,b1200k.cps2023-2024.acs100.s0,national,persons_total,1,4.3273375532343155e-05,4.3273375532343155e-05,0.017379591291671177
national,b1200k.cps2023-2024.acs100.s0,national,real_estate_taxes_aggregate,1,0.03367581029213079,0.03367581029213079,0.048095512197352995
national,b1200k.cps2023-2024.acs100.s0,national,rent_contract_annual_aggregate,1,0.11676025147889355,0.11676025147889355,0.1302302441270425
national,b1200k.cps2023-2024.acs100.s0,national,rent_gross_annual_aggregate,1,0.22409620157677534,0.22409620157677534,0.23592924971340132
national,b1200k.cps2023-2024.acs100.s0,national,renter,1,0.0790737882429444,0.0790737882429444,0.04412479300143794
national,b1200k.cps2023-2024.acs100.s0,state,households,51,0.030287099740628105,0.025795132513818833,0.007366472441886084
national,b1200k.cps2023-2024.acs100.s0,state,owner,51,0.043673918705645375,0.03470765063293857,0.008502929987951028
national,b1200k.cps2023-2024.acs100.s0,state,persons_0_17,51,0.07352449829449703,0.06232361692167676,0.040353336543008406
national,b1200k.cps2023-2024.acs100.s0,state,persons_18_64,51,0.03286616916195553,0.023768854550436105,0.021963235988107524
national,b1200k.cps2023-2024.acs100.s0,state,persons_65p,51,0.01563423640263269,0.005402072492082809,0.017674882541369112
national,b1200k.cps2023-2024.acs100.s0,state,persons_in_households,51,0.018252623599814416,0.014782830379937365,0.016703247134444904
national,b1200k.cps2023-2024.acs100.s0,state,persons_male,51,0.022783537043933384,0.016050508047198018,0.02456790941781729
national,b1200k.cps2023-2024.acs100.s0,state,persons_total,51,0.017391345003405233,0.012746824442036987,0.017474487339868436
national,b1200k.cps2023-2024.acs100.s0,state,real_estate_taxes_aggregate,51,0.06075547515551893,0.052271536464875465,0.03822292357876195
national,b1200k.cps2023-2024.acs100.s0,state,rent_contract_annual_aggregate,51,0.18229976157805441,0.15944663085373467,0.18859795684214398
national,b1200k.cps2023-2024.acs100.s0,state,rent_gross_annual_aggregate,51,0.21583080030023058,0.1780991008907846,0.21413141669053612
national,b1200k.cps2023-2024.acs100.s0,state,renter,51,0.1068980167502896,0.09761635433969562,0.05758225115104507
national,b1200k.cps2024.acs000.s0,cd,households,436,0.055169535662941846,0.043039542955645375,0.04621848016869883
national,b1200k.cps2024.acs000.s0,cd,owner,436,0.14259065220931866,0.08336236380953341,0.14132672189037712
national,b1200k.cps2024.acs000.s0,cd,persons_0_17,436,0.14270619498246567,0.10829276493821446,0.12785088140978082
national,b1200k.cps2024.acs000.s0,cd,persons_18_64,436,0.06339424851770899,0.047166953769845574,0.06359121804798824
national,b1200k.cps2024.acs000.s0,cd,persons_65p,436,0.1301085683721301,0.09298591450395213,0.13469387628308355
national,b1200k.cps2024.acs000.s0,cd,persons_in_households,436,0.06657641538100706,0.050243800367610336,0.05774611769762328
national,b1200k.cps2024.acs000.s0,cd,persons_male,436,0.06385597086545224,0.049676286585176276,0.06364368304459218
national,b1200k.cps2024.acs000.s0,cd,persons_total,436,0.05599884175845343,0.04182768104234065,0.053907086393193346
national,b1200k.cps2024.acs000.s0,cd,real_estate_taxes_aggregate,436,0.4650116316822513,0.4858672611218112,0.5521107010770457
national,b1200k.cps2024.acs000.s0,cd,rent_contract_annual_aggregate,436,0.32875499081204146,0.2670037005224435,0.3200859517806284
national,b1200k.cps2024.acs000.s0,cd,rent_gross_annual_aggregate,436,0.29210187158299217,0.2576523701561074,0.2843673506925899
national,b1200k.cps2024.acs000.s0,cd,renter,436,0.2427995902659903,0.17646147459578435,0.22713797865020413
national,b1200k.cps2024.acs000.s0,county,households,850,0.07662170770303733,0.053959655740135865,0.06359084601637403
national,b1200k.cps2024.acs000.s0,county,owner,850,0.142299154367238,0.1009224317685189,0.13749341851081417
national,b1200k.cps2024.acs000.s0,county,persons_0_17,850,0.1907693869629117,0.13990686349456322,0.1592650909236374
national,b1200k.cps2024.acs000.s0,county,persons_18_64,850,0.1075330110853123,0.07621700517276109,0.09714335564405126
national,b1200k.cps2024.acs000.s0,county,persons_65p,850,0.16865488087494565,0.12893893916039745,0.15816236579282392
national,b1200k.cps2024.acs000.s0,county,persons_in_households,850,0.09993165699590395,0.07480864384301597,0.08228200333288341
national,b1200k.cps2024.acs000.s0,county,persons_male,850,0.09663852447816275,0.069823560538487,0.08637137279811688
national,b1200k.cps2024.acs000.s0,county,persons_total,850,0.08875859051193895,0.06674606188943213,0.0760483537975984
national,b1200k.cps2024.acs000.s0,county,real_estate_taxes_aggregate,850,0.46395028241948555,0.4884264176968769,0.5248335872991333
national,b1200k.cps2024.acs000.s0,county,rent_contract_annual_aggregate,850,0.41248475693670356,0.3228439156729811,0.40502530981820684
national,b1200k.cps2024.acs000.s0,county,rent_gross_annual_aggregate,850,0.3494971733487631,0.29058806453700936,0.33851544114425125
national,b1200k.cps2024.acs000.s0,county,renter,850,0.3139457100472231,0.23670929905648425,0.30275767867549086
national,b1200k.cps2024.acs000.s0,national,households,1,0.04250326672667096,0.04250326672667096,0.042503266232915296
national,b1200k.cps2024.acs000.s0,national,owner,1,0.03221112082143117,0.03221112082143117,0.04010859549407332
national,b1200k.cps2024.acs000.s0,national,persons_0_17,1,0.061249956135751474,0.061249956135751474,0.03288093308337006
national,b1200k.cps2024.acs000.s0,national,persons_18_64,1,0.012245775135804689,0.012245775135804689,0.028643647199660546
national,b1200k.cps2024.acs000.s0,national,persons_65p,1,0.0007314780723975424,0.0007314780723975424,0.03895423703646453
national,b1200k.cps2024.acs000.s0,national,persons_in_households,1,0.03101637662862949,0.03101637662862949,0.007468807605125023
national,b1200k.cps2024.acs000.s0,national,persons_male,1,0.0125128420283637,0.0125128420283637,0.030150509781627526
national,b1200k.cps2024.acs000.s0,national,persons_total,1,0.005587196091569418,0.005587196091569418,0.017379591290167525
national,b1200k.cps2024.acs000.s0,national,real_estate_taxes_aggregate,1,0.5383018389765677,0.5383018389765677,0.6395411932654765
national,b1200k.cps2024.acs000.s0,national,rent_contract_annual_aggregate,1,0.08331158983300037,0.08331158983300037,0.09886944608007787
national,b1200k.cps2024.acs000.s0,national,rent_gross_annual_aggregate,1,0.19471239761338116,0.19471239761338116,0.20837958115855362
national,b1200k.cps2024.acs000.s0,national,renter,1,0.02740184073425515,0.02740184073425515,0.012242781550688111
national,b1200k.cps2024.acs000.s0,state,households,51,0.04118377294367497,0.035658364573447156,0.041131832400175525
national,b1200k.cps2024.acs000.s0,state,owner,51,0.039144380565679836,0.03387803060825271,0.047374454375478325
national,b1200k.cps2024.acs000.s0,state,persons_0_17,51,0.06907169122021105,0.06662553597565796,0.05938231280038761
national,b1200k.cps2024.acs000.s0,state,persons_18_64,51,0.024733522135451578,0.019017944286636532,0.03622043144079596
national,b1200k.cps2024.acs000.s0,state,persons_65p,51,0.02754920807887612,0.0083713026181811,0.05328853265489556
national,b1200k.cps2024.acs000.s0,state,persons_in_households,51,0.031243486304423567,0.027058692012996186,0.01986143555982169
national,b1200k.cps2024.acs000.s0,state,persons_male,51,0.029289163967116293,0.030123536134824,0.03069101486431141
national,b1200k.cps2024.acs000.s0,state,persons_total,51,0.016283233735506525,0.011704086385007934,0.01840903075160598
national,b1200k.cps2024.acs000.s0,state,real_estate_taxes_aggregate,51,0.4508023505978031,0.43863817276804584,0.5260015221555049
national,b1200k.cps2024.acs000.s0,state,rent_contract_annual_aggregate,51,0.12913820196157644,0.12460120576816643,0.12759779821473768
national,b1200k.cps2024.acs000.s0,state,rent_gross_annual_aggregate,51,0.20255485189735234,0.20979147770985293,0.2025211568796707
national,b1200k.cps2024.acs000.s0,state,renter,51,0.08493612416544927,0.07221511362688111,0.07151289876278223
national,b1200k.cps2024.acs100.s0,cd,households,436,0.06262363862536353,0.049036069854394806,0.01853937197230943
national,b1200k.cps2024.acs100.s0,cd,owner,436,0.0794514885173841,0.05993226698951952,0.031085600049497085
national,b1200k.cps2024.acs100.s0,cd,persons_0_17,436,0.1135518794465619,0.09137292503389886,0.06602954734043533
national,b1200k.cps2024.acs100.s0,cd,persons_18_64,436,0.06803393623142556,0.05717122334624765,0.030278548769655505
national,b1200k.cps2024.acs100.s0,cd,persons_65p,436,0.08174951586019577,0.06777265396626198,0.03688986989816291
national,b1200k.cps2024.acs100.s0,cd,persons_in_households,436,0.0613118154108841,0.046196598008814954,0.02888468595689312
national,b1200k.cps2024.acs100.s0,cd,persons_male,436,0.06276194304163635,0.049834670373237785,0.0358491426487685
national,b1200k.cps2024.acs100.s0,cd,persons_total,436,0.05922110998868545,0.043849769128637625,0.02858447871974891
national,b1200k.cps2024.acs100.s0,cd,real_estate_taxes_aggregate,436,0.1357690584539675,0.0995150716726972,0.09657477627699504
national,b1200k.cps2024.acs100.s0,cd,rent_contract_annual_aggregate,436,0.33456699967323467,0.2816917629099509,0.3160250987957435
national,b1200k.cps2024.acs100.s0,cd,rent_gross_annual_aggregate,436,0.2896256146553156,0.2529405620745145,0.27600633235071437
national,b1200k.cps2024.acs100.s0,cd,renter,436,0.12945606025923403,0.11327264872304191,0.06636123665010386
national,b1200k.cps2024.acs100.s0,county,households,850,0.10090632571183125,0.0699970335869354,0.04220600709712167
national,b1200k.cps2024.acs100.s0,county,owner,850,0.12276552085223667,0.08723018661945281,0.055121571185418446
national,b1200k.cps2024.acs100.s0,county,persons_0_17,850,0.19836087150307555,0.1355115062915263,0.11295370503489499
national,b1200k.cps2024.acs100.s0,county,persons_18_64,850,0.11933554600971708,0.0903656140690727,0.06288397767703105
national,b1200k.cps2024.acs100.s0,county,persons_65p,850,0.13970574756225812,0.10451405626321136,0.07549011338819409
national,b1200k.cps2024.acs100.s0,county,persons_in_households,850,0.11504758266426654,0.08297695546391323,0.058172003679532666
national,b1200k.cps2024.acs100.s0,county,persons_male,850,0.11439236880461458,0.08563567057483884,0.06346029685686085
national,b1200k.cps2024.acs100.s0,county,persons_total,850,0.1099454621807808,0.08157820829801396,0.055873629804155465
national,b1200k.cps2024.acs100.s0,county,real_estate_taxes_aggregate,850,0.1995780113837796,0.13702030686790045,0.1371770062939914
national,b1200k.cps2024.acs100.s0,county,rent_contract_annual_aggregate,850,0.41045214723557344,0.31133926167130577,0.39405333793325886
national,b1200k.cps2024.acs100.s0,county,rent_gross_annual_aggregate,850,0.35066483299272394,0.28899577952246236,0.3227460175817711
national,b1200k.cps2024.acs100.s0,county,renter,850,0.19997358386020894,0.15980001969299543,0.11310100408398117
national,b1200k.cps2024.acs100.s0,national,households,1,0.01704968888114782,0.01704968888114782,0.0019178984047857172
national,b1200k.cps2024.acs100.s0,national,owner,1,0.05270326448773421,0.05270326448773421,0.002702343456393556
national,b1200k.cps2024.acs100.s0,national,persons_0_17,1,0.07334820244201261,0.07334820244201261,0.03753367808220693
national,b1200k.cps2024.acs100.s0,national,persons_18_64,1,0.027663220800814636,0.027663220800814636,0.019149152886607755
national,b1200k.cps2024.acs100.s0,national,persons_65p,1,0.00031530530749838547,0.00031530530749838547,0.012569504039505151
national,b1200k.cps2024.acs100.s0,national,persons_in_households,1,0.0064963543885146365,0.0064963543885146365,0.01627147507773764
national,b1200k.cps2024.acs100.s0,national,persons_male,1,0.014656529883487581,0.014656529883487581,0.028829333555351742
national,b1200k.cps2024.acs100.s0,national,persons_total,1,0.001078886007474784,0.001078886007474784,0.01737959129184257
national,b1200k.cps2024.acs100.s0,national,real_estate_taxes_aggregate,1,0.05074892931966607,0.05074892931966607,0.014576211930611994
national,b1200k.cps2024.acs100.s0,national,rent_contract_annual_aggregate,1,0.12261789518039644,0.12261789518039644,0.13006231605995777
national,b1200k.cps2024.acs100.s0,national,rent_gross_annual_aggregate,1,0.22924199353803618,0.22924199353803618,0.23578172915023476
national,b1200k.cps2024.acs100.s0,national,renter,1,0.09461895813976734,0.09461895813976734,0.046599562576231456
national,b1200k.cps2024.acs100.s0,state,households,51,0.029565818901974808,0.021760378182019036,0.007309502108102353
national,b1200k.cps2024.acs100.s0,state,owner,51,0.04441526094454657,0.03813762589906756,0.007956445746875313
national,b1200k.cps2024.acs100.s0,state,persons_0_17,51,0.07331528138336124,0.0618564083770685,0.03983615145369346
national,b1200k.cps2024.acs100.s0,state,persons_18_64,51,0.034432848850160916,0.02408787499508754,0.02119995268528968
national,b1200k.cps2024.acs100.s0,state,persons_65p,51,0.015217891372621372,0.00507252274702544,0.01696312975849606
national,b1200k.cps2024.acs100.s0,state,persons_in_households,51,0.0180685593973131,0.013778808497615347,0.017392141152719524
national,b1200k.cps2024.acs100.s0,state,persons_male,51,0.023973224094779377,0.01689422096641045,0.025028450815249407
national,b1200k.cps2024.acs100.s0,state,persons_total,51,0.01783954995900191,0.015697937444977376,0.017679885233477
national,b1200k.cps2024.acs100.s0,state,real_estate_taxes_aggregate,51,0.048568055567260925,0.03970207134748634,0.016998214718637855
national,b1200k.cps2024.acs100.s0,state,rent_contract_annual_aggregate,51,0.19298233319146876,0.15927225549867263,0.19275625998480928
national,b1200k.cps2024.acs100.s0,state,rent_gross_annual_aggregate,51,0.22151264593167036,0.17329217722002974,0.21524820360835026
national,b1200k.cps2024.acs100.s0,state,renter,51,0.11822177568694701,0.1269152137534808,0.059164123927165455
national,b300k.cps0.acs100.s0,cd,households,436,0.0845335105561694,0.06910202078150753,0.04322853287263069
national,b300k.cps0.acs100.s0,cd,owner,436,0.10721676977824497,0.08869571646671182,0.05213620225582097
national,b300k.cps0.acs100.s0,cd,persons_0_17,436,0.1675867019655133,0.13376465538043458,0.10494720762950266
national,b300k.cps0.acs100.s0,cd,persons_18_64,436,0.09071648725470326,0.07523913491930923,0.05613597472362423
national,b300k.cps0.acs100.s0,cd,persons_65p,436,0.13130381624558535,0.10028130431970654,0.0744767392215725
national,b300k.cps0.acs100.s0,cd,persons_in_households,436,0.09205951237839904,0.07660834684613058,0.055663112724777385
national,b300k.cps0.acs100.s0,cd,persons_male,436,0.09344985236148108,0.0799353750684908,0.06214293608612152
national,b300k.cps0.acs100.s0,cd,persons_total,436,0.08976044048391717,0.07671485339919284,0.05440944235155279
national,b300k.cps0.acs100.s0,cd,real_estate_taxes_aggregate,436,0.21397786207495592,0.15824280198541985,0.12557570281482808
national,b300k.cps0.acs100.s0,cd,rent_contract_annual_aggregate,436,0.355952488100436,0.3235475543476001,0.33380481079299806
national,b300k.cps0.acs100.s0,cd,rent_gross_annual_aggregate,436,0.31505230242351967,0.28161930945751157,0.2927730536848693
national,b300k.cps0.acs100.s0,cd,renter,436,0.17526970593164212,0.15342245772447938,0.09526001317840402
national,b300k.cps0.acs100.s0,county,households,850,0.1690072868522918,0.11888416851310193,0.09540659716234932
national,b300k.cps0.acs100.s0,county,owner,850,0.20001340373803794,0.14950828104303937,0.11321934454813151
national,b300k.cps0.acs100.s0,county,persons_0_17,850,0.31872153671045383,0.23291580389286176,0.21053173939356262
national,b300k.cps0.acs100.s0,county,persons_18_64,850,0.1937377182528812,0.14573230539242615,0.11934210248312367
national,b300k.cps0.acs100.s0,county,persons_65p,850,0.2559241711703252,0.19776693440190335,0.15262937809432847
national,b300k.cps0.acs100.s0,county,persons_in_households,850,0.18962914888224097,0.13455889290283973,0.11398849291446916
national,b300k.cps0.acs100.s0,county,persons_male,850,0.1934967511557184,0.14190404288616315,0.12052437142125733
national,b300k.cps0.acs100.s0,county,persons_total,850,0.18433924012190447,0.13226012318484737,0.11074687174432955
national,b300k.cps0.acs100.s0,county,real_estate_taxes_aggregate,850,0.3014989199127125,0.21295653421487493,0.19720544801317863
national,b300k.cps0.acs100.s0,county,rent_contract_annual_aggregate,850,0.4357071015508361,0.37095242018349367,0.4110532876094806
national,b300k.cps0.acs100.s0,county,rent_gross_annual_aggregate,850,0.39645367551871646,0.34681976103486245,0.3504890761247458
national,b300k.cps0.acs100.s0,county,renter,850,0.3164834341851743,0.26130018443253544,0.20812164238219566
national,b300k.cps0.acs100.s0,national,households,1,0.015286280408521574,0.015286280408521574,0.002684358353721325
national,b300k.cps0.acs100.s0,national,owner,1,0.05579996008612873,0.05579996008612873,0.003712530185146309
national,b300k.cps0.acs100.s0,national,persons_0_17,1,0.0743151786344502,0.0743151786344502,0.04130804089676926
national,b300k.cps0.acs100.s0,national,persons_18_64,1,0.028706285452182522,0.028706285452182522,0.01854102618658787
national,b300k.cps0.acs100.s0,national,persons_65p,1,0.00026974544418863385,0.00026974544418863385,0.015019101065131464
national,b300k.cps0.acs100.s0,national,persons_in_households,1,0.003842559901045321,0.003842559901045321,0.017586017401617055
national,b300k.cps0.acs100.s0,national,persons_male,1,0.014521141473508463,0.014521141473508463,0.028762420524748044
national,b300k.cps0.acs100.s0,national,persons_total,1,0.0013977597572643616,0.0013977597572643616,0.017379591291668196
national,b300k.cps0.acs100.s0,national,real_estate_taxes_aggregate,1,0.15517037594367142,0.15517037594367142,0.019553269229985203
national,b300k.cps0.acs100.s0,national,rent_contract_annual_aggregate,1,0.12863715457593394,0.12863715457593394,0.12783482357053205
national,b300k.cps0.acs100.s0,national,rent_gross_annual_aggregate,1,0.2345297608022612,0.2345297608022612,0.2338249332899958
national,b300k.cps0.acs100.s0,national,renter,1,0.10581319188442433,0.10581319188442433,0.04561075648522626
national,b300k.cps0.acs100.s0,state,households,51,0.029932645749835823,0.023676946322072987,0.019712368503882405
national,b300k.cps0.acs100.s0,state,owner,51,0.051332620012457586,0.04425371688550767,0.021826389522271242
national,b300k.cps0.acs100.s0,state,persons_0_17,51,0.0692719110464748,0.05204401803653414,0.06665709446074423
national,b300k.cps0.acs100.s0,state,persons_18_64,51,0.03322461926138067,0.02059313709127734,0.029220181226598585
national,b300k.cps0.acs100.s0,state,persons_65p,51,0.01652391042094501,0.0070074312564463465,0.03404049733309985
national,b300k.cps0.acs100.s0,state,persons_in_households,51,0.019202448617101683,0.013461663174987487,0.02891261494934966
national,b300k.cps0.acs100.s0,state,persons_male,51,0.029085368693816,0.0211821262240152,0.03837719133159759
national,b300k.cps0.acs100.s0,state,persons_total,51,0.018673730344351547,0.014299252687835783,0.027728537498343205
national,b300k.cps0.acs100.s0,state,real_estate_taxes_aggregate,51,0.12482175933699798,0.12012193257291583,0.04023456724448698
national,b300k.cps0.acs100.s0,state,rent_contract_annual_aggregate,51,0.21075985267497366,0.1653281161580419,0.20541271712243428
national,b300k.cps0.acs100.s0,state,rent_gross_annual_aggregate,51,0.24070745908576754,0.20232006711507555,0.2238207675554527
national,b300k.cps0.acs100.s0,state,renter,51,0.1414677685115681,0.13037552937027802,0.062139979965687715
national,b300k.cps2022-2023-2024.acs000.s0,cd,households,436,0.0768138963366542,0.056618448340729176,0.05903095626619854
national,b300k.cps2022-2023-2024.acs000.s0,cd,owner,436,0.15043087127409258,0.083359180492564,0.14579026036401566
national,b300k.cps2022-2023-2024.acs000.s0,cd,persons_0_17,436,0.15282008843476197,0.11447689514255237,0.11811895800745933
national,b300k.cps2022-2023-2024.acs000.s0,cd,persons_18_64,436,0.06729213107904793,0.053969611978042266,0.055343312515888345
national,b300k.cps2022-2023-2024.acs000.s0,cd,persons_65p,436,0.15229457137525998,0.11641841157008576,0.13779353565170702
national,b300k.cps2022-2023-2024.acs000.s0,cd,persons_in_households,436,0.06606069672053924,0.051526401823702536,0.046662176058902334
national,b300k.cps2022-2023-2024.acs000.s0,cd,persons_male,436,0.0657796423034446,0.05347162106825168,0.05510136386003589
national,b300k.cps2022-2023-2024.acs000.s0,cd,persons_total,436,0.05860127209690081,0.04285777227656368,0.04517911961156129
national,b300k.cps2022-2023-2024.acs000.s0,cd,real_estate_taxes_aggregate,436,0.4785779468807137,0.4986868616417639,0.5783161755374594
national,b300k.cps2022-2023-2024.acs000.s0,cd,rent_contract_annual_aggregate,436,0.33062594832243863,0.26822611996172735,0.3109979078913162
national,b300k.cps2022-2023-2024.acs000.s0,cd,rent_gross_annual_aggregate,436,0.30271762596972607,0.2739714411930478,0.2851390393194523
national,b300k.cps2022-2023-2024.acs000.s0,cd,renter,436,0.2538136391541166,0.19841918202129638,0.23258087301847485
national,b300k.cps2022-2023-2024.acs000.s0,county,households,850,0.1211894431616476,0.08866673730419428,0.09016678093400855
national,b300k.cps2022-2023-2024.acs000.s0,county,owner,850,0.1736439436366973,0.12905063767166747,0.15121786449626848
national,b300k.cps2022-2023-2024.acs000.s0,county,persons_0_17,850,0.2407314470280536,0.1721611539594431,0.17027315603983867
national,b300k.cps2022-2023-2024.acs000.s0,county,persons_18_64,850,0.13776297574322197,0.0992688391346703,0.10153917823357125
national,b300k.cps2022-2023-2024.acs000.s0,county,persons_65p,850,0.23563439748017886,0.17764028811650354,0.18187007262415478
national,b300k.cps2022-2023-2024.acs000.s0,county,persons_in_households,850,0.12331701300663157,0.08649991341973917,0.08501889085740987
national,b300k.cps2022-2023-2024.acs000.s0,county,persons_male,850,0.1277016874070357,0.09118269047984048,0.09207474532446963
national,b300k.cps2022-2023-2024.acs000.s0,county,persons_total,850,0.1151701161907757,0.08122595539271901,0.08103649104870823
national,b300k.cps2022-2023-2024.acs000.s0,county,real_estate_taxes_aggregate,850,0.515699582277813,0.5355857620263584,0.5670911784296876
national,b300k.cps2022-2023-2024.acs000.s0,county,rent_contract_annual_aggregate,850,0.4199671709466647,0.3307944053714441,0.4047348718273917
national,b300k.cps2022-2023-2024.acs000.s0,county,rent_gross_annual_aggregate,850,0.38035259849149666,0.32606145751825777,0.3496081604080735
national,b300k.cps2022-2023-2024.acs000.s0,county,renter,850,0.3420277544291929,0.2595957177846132,0.30806271992692164
national,b300k.cps2022-2023-2024.acs000.s0,national,households,1,0.04038778050851105,0.04038778050851105,0.04038778011161412
national,b300k.cps2022-2023-2024.acs000.s0,national,owner,1,0.047843569549438865,0.047843569549438865,0.04504294266327352
national,b300k.cps2022-2023-2024.acs000.s0,national,persons_0_17,1,0.06301887360288629,0.06301887360288629,0.021094263093460124
national,b300k.cps2022-2023-2024.acs000.s0,national,persons_18_64,1,0.013636826111469597,0.013636826111469597,0.02674863655274084
national,b300k.cps2022-2023-2024.acs000.s0,national,persons_65p,1,0.0006214121164728521,0.0006214121164728521,0.018547026346138182
national,b300k.cps2022-2023-2024.acs000.s0,national,persons_in_households,1,0.030562017635848808,0.030562017635848808,0.007468807603606707
national,b300k.cps2022-2023-2024.acs000.s0,national,persons_male,1,0.007554531556357624,0.007554531556357624,0.03089045646952046
national,b300k.cps2022-2023-2024.acs000.s0,national,persons_total,1,0.005144043493874172,0.005144043493874172,0.017379591291648393
national,b300k.cps2022-2023-2024.acs000.s0,national,real_estate_taxes_aggregate,1,0.5423659339999485,0.5423659339999485,0.6659411721508932
national,b300k.cps2022-2023-2024.acs000.s0,national,rent_contract_annual_aggregate,1,0.12094413477526589,0.12094413477526589,0.1311082630902956
national,b300k.cps2022-2023-2024.acs000.s0,national,rent_gross_annual_aggregate,1,0.22777163732029837,0.22777163732029837,0.23670056718390284
national,b300k.cps2022-2023-2024.acs000.s0,national,renter,1,0.006947828054783414,0.006947828054783414,0.00224421283630985
national,b300k.cps2022-2023-2024.acs000.s0,state,households,51,0.038313289696366624,0.029104500813672537,0.038818772971577764
national,b300k.cps2022-2023-2024.acs000.s0,state,owner,51,0.04267658854838321,0.04486409723657833,0.0493736484367459
national,b300k.cps2022-2023-2024.acs000.s0,state,persons_0_17,51,0.0704754293604024,0.06848509726673697,0.05125129793589482
national,b300k.cps2022-2023-2024.acs000.s0,state,persons_18_64,51,0.023990192990126703,0.01816000702459077,0.02908260558133954
national,b300k.cps2022-2023-2024.acs000.s0,state,persons_65p,51,0.02491032799213648,0.0080003028592416,0.033742093722682526
national,b300k.cps2022-2023-2024.acs000.s0,state,persons_in_households,51,0.030397483669080603,0.026529127952252835,0.020461498374014835
national,b300k.cps2022-2023-2024.acs000.s0,state,persons_male,51,0.02149995501596479,0.014900718141809181,0.030540574782717347
national,b300k.cps2022-2023-2024.acs000.s0,state,persons_total,51,0.01519466724030218,0.010159954097350087,0.017719590215262444
national,b300k.cps2022-2023-2024.acs000.s0,state,real_estate_taxes_aggregate,51,0.45718076831620963,0.451213781085076,0.5512094530501027
national,b300k.cps2022-2023-2024.acs000.s0,state,rent_contract_annual_aggregate,51,0.1424587867287291,0.13826466810487256,0.1468564716660885
national,b300k.cps2022-2023-2024.acs000.s0,state,rent_gross_annual_aggregate,51,0.23077070410211975,0.21108635871992726,0.23190637634799505
national,b300k.cps2022-2023-2024.acs000.s0,state,renter,51,0.0858778571640012,0.07764572814579952,0.05874007939622599
national,b300k.cps2022-2023-2024.acs100.s0,cd,households,436,0.08145920949610042,0.060139494789654246,0.054962073532234944
national,b300k.cps2022-2023-2024.acs100.s0,cd,owner,436,0.12992798498705205,0.08061859332308757,0.10415262407300314
national,b300k.cps2022-2023-2024.acs100.s0,cd,persons_0_17,436,0.14283979230725324,0.1076335560375353,0.09819552657666308
national,b300k.cps2022-2023-2024.acs100.s0,cd,persons_18_64,436,0.06943635473195278,0.058012203198901886,0.049531410622278046
national,b300k.cps2022-2023-2024.acs100.s0,cd,persons_65p,436,0.12401969793890699,0.09615574310117547,0.09944979837866572
national,b300k.cps2022-2023-2024.acs100.s0,cd,persons_in_households,436,0.06776392618770989,0.05471342140489986,0.04570265304758491
national,b300k.cps2022-2023-2024.acs100.s0,cd,persons_male,436,0.0662167079076727,0.05469409794430834,0.05434137605234831
national,b300k.cps2022-2023-2024.acs100.s0,cd,persons_total,436,0.06232438247763969,0.049759819894297126,0.04628623078305049
national,b300k.cps2022-2023-2024.acs100.s0,cd,real_estate_taxes_aggregate,436,0.3105789073772164,0.31600322733129227,0.3120468833971771
national,b300k.cps2022-2023-2024.acs100.s0,cd,rent_contract_annual_aggregate,436,0.3339393070141877,0.2825007661132831,0.31339907708977893
national,b300k.cps2022-2023-2024.acs100.s0,cd,rent_gross_annual_aggregate,436,0.29254891484310375,0.27079870238445447,0.2751987054799509
national,b300k.cps2022-2023-2024.acs100.s0,cd,renter,436,0.20399412671698272,0.15699178718996656,0.15814508010758657
national,b300k.cps2022-2023-2024.acs100.s0,county,households,850,0.1379401615172095,0.10315744202107657,0.09608167916716849
national,b300k.cps2022-2023-2024.acs100.s0,county,owner,850,0.1749740995837795,0.12987869227293913,0.13072067032095197
national,b300k.cps2022-2023-2024.acs100.s0,county,persons_0_17,850,0.25785218635344354,0.1876686456059402,0.1785360378394958
national,b300k.cps2022-2023-2024.acs100.s0,county,persons_18_64,850,0.15473440401941396,0.1133671715083568,0.10923617451481231
national,b300k.cps2022-2023-2024.acs100.s0,county,persons_65p,850,0.22554288211551432,0.173304424828488,0.16056855475526624
national,b300k.cps2022-2023-2024.acs100.s0,county,persons_in_households,850,0.14429567809997665,0.1002204519682654,0.09869100340395388
national,b300k.cps2022-2023-2024.acs100.s0,county,persons_male,850,0.1517711767235694,0.11016777736568774,0.10897061665601862
national,b300k.cps2022-2023-2024.acs100.s0,county,persons_total,850,0.13882557645797441,0.10154598940878518,0.09736080084638134
national,b300k.cps2022-2023-2024.acs100.s0,county,real_estate_taxes_aggregate,850,0.3655167078756583,0.3525284828169726,0.3344464462788473
national,b300k.cps2022-2023-2024.acs100.s0,county,rent_contract_annual_aggregate,850,0.4208201114686061,0.3239089976281856,0.39866580565532195
national,b300k.cps2022-2023-2024.acs100.s0,county,rent_gross_annual_aggregate,850,0.37880917880867443,0.33049418527371577,0.33975327300886676
national,b300k.cps2022-2023-2024.acs100.s0,county,renter,850,0.29554646360757464,0.24331776982784126,0.23413376933474014
national,b300k.cps2022-2023-2024.acs100.s0,national,households,1,0.03637320194662701,0.03637320194662701,0.02283118810246568
national,b300k.cps2022-2023-2024.acs100.s0,national,owner,1,0.057484858830789215,0.057484858830789215,0.028899582704201544
national,b300k.cps2022-2023-2024.acs100.s0,national,persons_0_17,1,0.06826575785708888,0.06826575785708888,0.030152749524834207
national,b300k.cps2022-2023-2024.acs100.s0,national,persons_18_64,1,0.018655002485220513,0.018655002485220513,0.02321466788614161
national,b300k.cps2022-2023-2024.acs100.s0,national,persons_65p,1,0.0005369246699937184,0.0005369246699937184,0.017450720137209847
national,b300k.cps2022-2023-2024.acs100.s0,national,persons_in_households,1,0.023216018606196282,0.023216018606196282,0.0033497610583094885
national,b300k.cps2022-2023-2024.acs100.s0,national,persons_male,1,0.010228706565406134,0.010228706565406134,0.0292731874081316
national,b300k.cps2022-2023-2024.acs100.s0,national,persons_total,1,0.0032458424521438693,0.0032458424521438693,0.017379591291877446
national,b300k.cps2022-2023-2024.acs100.s0,national,real_estate_taxes_aggregate,1,0.3177650266783775,0.3177650266783775,0.366073693434801
national,b300k.cps2022-2023-2024.acs100.s0,national,rent_contract_annual_aggregate,1,0.10508968109182502,0.10508968109182502,0.12904528661128503
national,b300k.cps2022-2023-2024.acs100.s0,national,rent_gross_annual_aggregate,1,0.21384390042269555,0.21384390042269555,0.23488829448127344
national,b300k.cps2022-2023-2024.acs100.s0,national,renter,1,0.04059102595718232,0.04059102595718232,0.027006558627955594
national,b300k.cps2022-2023-2024.acs100.s0,state,households,51,0.03438932087041213,0.023437582340845326,0.029729572260914973
national,b300k.cps2022-2023-2024.acs100.s0,state,owner,51,0.04846445793511378,0.041457445879855136,0.03673584714925406
national,b300k.cps2022-2023-2024.acs100.s0,state,persons_0_17,51,0.06952227724423322,0.061851616623102186,0.05180045120449306
national,b300k.cps2022-2023-2024.acs100.s0,state,persons_18_64,51,0.026695675566768322,0.01669989053043932,0.03150866407221119
national,b300k.cps2022-2023-2024.acs100.s0,state,persons_65p,51,0.02204159416628123,0.008176928455001141,0.034800252184436976
national,b300k.cps2022-2023-2024.acs100.s0,state,persons_in_households,51,0.023203525895546022,0.021911908172991084,0.022383242660041925
national,b300k.cps2022-2023-2024.acs100.s0,state,persons_male,51,0.020663731597097293,0.015823960958668153,0.03616090096195592
national,b300k.cps2022-2023-2024.acs100.s0,state,persons_total,51,0.015538609928987512,0.011238700913559439,0.02558194529369862
national,b300k.cps2022-2023-2024.acs100.s0,state,real_estate_taxes_aggregate,51,0.3153963559200001,0.3246938197191959,0.30258258161320495
national,b300k.cps2022-2023-2024.acs100.s0,state,rent_contract_annual_aggregate,51,0.15473637500596651,0.13768014317799515,0.1534614967585407
national,b300k.cps2022-2023-2024.acs100.s0,state,rent_gross_annual_aggregate,51,0.2081993706276061,0.21333748576735745,0.20861372659058267
national,b300k.cps2022-2023-2024.acs100.s0,state,renter,51,0.08796262726156812,0.08360576379567343,0.05765325898984831
national,b300k.cps2022-2023-2024.acs100.s1,cd,households,436,0.08287589711563108,0.06451852286163551,0.05460589124685475
national,b300k.cps2022-2023-2024.acs100.s1,cd,owner,436,0.12987448977376106,0.08410938740767138,0.10271980464673341
national,b300k.cps2022-2023-2024.acs100.s1,cd,persons_0_17,436,0.14974405386016387,0.11455453649689143,0.09835007215083932
national,b300k.cps2022-2023-2024.acs100.s1,cd,persons_18_64,436,0.07302563639550481,0.059373118539808444,0.05350098165738256
national,b300k.cps2022-2023-2024.acs100.s1,cd,persons_65p,436,0.12521665713282154,0.09445416857123276,0.09995627300453121
national,b300k.cps2022-2023-2024.acs100.s1,cd,persons_in_households,436,0.0700548191922489,0.06157237882463698,0.04312719443969352
national,b300k.cps2022-2023-2024.acs100.s1,cd,persons_male,436,0.06999369958324543,0.05727262180805198,0.05356780667765004
national,b300k.cps2022-2023-2024.acs100.s1,cd,persons_total,436,0.06391749933471796,0.053166947568752426,0.04381525638626839
national,b300k.cps2022-2023-2024.acs100.s1,cd,real_estate_taxes_aggregate,436,0.3192345190955145,0.31980625950106234,0.3232398494938278
national,b300k.cps2022-2023-2024.acs100.s1,cd,rent_contract_annual_aggregate,436,0.3333714950556575,0.26517727526671764,0.31229202196557954
national,b300k.cps2022-2023-2024.acs100.s1,cd,rent_gross_annual_aggregate,436,0.28884771532916553,0.26593835613294825,0.27677378801964936
national,b300k.cps2022-2023-2024.acs100.s1,cd,renter,436,0.202764807829374,0.16127731437673998,0.15646844286840492
national,b300k.cps2022-2023-2024.acs100.s1,county,households,850,0.13476428318108774,0.1010344565035793,0.09421033365906543
national,b300k.cps2022-2023-2024.acs100.s1,county,owner,850,0.1687578613238559,0.12848114043545078,0.12898361874265155
national,b300k.cps2022-2023-2024.acs100.s1,county,persons_0_17,850,0.25341463242955614,0.1846821934970258,0.18004659071278442
national,b300k.cps2022-2023-2024.acs100.s1,county,persons_18_64,850,0.1550779875104846,0.11285379963621728,0.10409935096726328
national,b300k.cps2022-2023-2024.acs100.s1,county,persons_65p,850,0.21778697605547656,0.16473784109877937,0.15894869564486916
national,b300k.cps2022-2023-2024.acs100.s1,county,persons_in_households,850,0.14186079841516439,0.0983687140739788,0.09567362504185346
national,b300k.cps2022-2023-2024.acs100.s1,county,persons_male,850,0.14450819157454184,0.10211505132547075,0.10051269033781333
national,b300k.cps2022-2023-2024.acs100.s1,county,persons_total,850,0.13746220732564088,0.09252525543990156,0.0933225358182413
national,b300k.cps2022-2023-2024.acs100.s1,county,real_estate_taxes_aggregate,850,0.37721668705768485,0.37005815100614287,0.34138997462800813
national,b300k.cps2022-2023-2024.acs100.s1,county,rent_contract_annual_aggregate,850,0.4267213280556424,0.3558945653735257,0.40099376211959503
national,b300k.cps2022-2023-2024.acs100.s1,county,rent_gross_annual_aggregate,850,0.38369324058202464,0.33513035676801356,0.3395631844898292
national,b300k.cps2022-2023-2024.acs100.s1,county,renter,850,0.3015722781370127,0.24146578119766274,0.2394566484896744
national,b300k.cps2022-2023-2024.acs100.s1,national,households,1,0.038731594778362265,0.038731594778362265,0.024794395277488928
national,b300k.cps2022-2023-2024.acs100.s1,national,owner,1,0.05445142288433735,0.05445142288433735,0.025324766647941036
national,b300k.cps2022-2023-2024.acs100.s1,national,persons_0_17,1,0.06722014738106916,0.06722014738106916,0.028992087919649804
national,b300k.cps2022-2023-2024.acs100.s1,national,persons_18_64,1,0.018042891860486635,0.018042891860486635,0.023429146172018255
national,b300k.cps2022-2023-2024.acs100.s1,national,persons_65p,1,0.0005561248259008758,0.0005561248259008758,0.016789814262298818
national,b300k.cps2022-2023-2024.acs100.s1,national,persons_in_households,1,0.023531106023115728,0.023531106023115728,0.003339386531063656
national,b300k.cps2022-2023-2024.acs100.s1,national,persons_male,1,0.00914232086522395,0.00914232086522395,0.030230184394261766
national,b300k.cps2022-2023-2024.acs100.s1,national,persons_total,1,0.0033888083815028745,0.0033888083815028745,0.017379591291576717
national,b300k.cps2022-2023-2024.acs100.s1,national,real_estate_taxes_aggregate,1,0.32645441084072935,0.32645441084072935,0.3748400477187738
national,b300k.cps2022-2023-2024.acs100.s1,national,rent_contract_annual_aggregate,1,0.09967706855194938,0.09967706855194938,0.12851951123017968
national,b300k.cps2022-2023-2024.acs100.s1,national,rent_gross_annual_aggregate,1,0.20908905709039013,0.20908905709039013,0.23442641409602114
national,b300k.cps2022-2023-2024.acs100.s1,national,renter,1,0.027863018439444203,0.027863018439444203,0.0163427118127628
national,b300k.cps2022-2023-2024.acs100.s1,state,households,51,0.03582716493720152,0.02728687105225227,0.02735163381759662
national,b300k.cps2022-2023-2024.acs100.s1,state,owner,51,0.046478359447618384,0.042399045925081,0.03220854081813725
national,b300k.cps2022-2023-2024.acs100.s1,state,persons_0_17,51,0.06896301680424324,0.06032405300874398,0.05355871315044963
national,b300k.cps2022-2023-2024.acs100.s1,state,persons_18_64,51,0.027539596215577996,0.018911131321548594,0.027238197395543753
national,b300k.cps2022-2023-2024.acs100.s1,state,persons_65p,51,0.02094189624097604,0.007831674770261383,0.028673572469027384
national,b300k.cps2022-2023-2024.acs100.s1,state,persons_in_households,51,0.024356484111425287,0.023421366352056827,0.021890576690053367
national,b300k.cps2022-2023-2024.acs100.s1,state,persons_male,51,0.020953233442916226,0.015616320979830126,0.03131112356940419
national,b300k.cps2022-2023-2024.acs100.s1,state,persons_total,51,0.015085735096732434,0.011216915188135154,0.02182359813314486
national,b300k.cps2022-2023-2024.acs100.s1,state,real_estate_taxes_aggregate,51,0.3096597932672935,0.33415707307486403,0.3088903056845426
national,b300k.cps2022-2023-2024.acs100.s1,state,rent_contract_annual_aggregate,51,0.151696030317034,0.13376493571508846,0.16091490576517956
national,b300k.cps2022-2023-2024.acs100.s1,state,rent_gross_annual_aggregate,51,0.21054030162074974,0.2204503425126953,0.2182614080634859
national,b300k.cps2022-2023-2024.acs100.s1,state,renter,51,0.09182848698777181,0.08420501956179503,0.05324485130069417
national,b300k.cps2022-2023-2024.acs100.s2,cd,households,436,0.08141993397842143,0.06145006752367964,0.05387121687949212
national,b300k.cps2022-2023-2024.acs100.s2,cd,owner,436,0.12819733041158843,0.08207049310855331,0.10084961118595076
national,b300k.cps2022-2023-2024.acs100.s2,cd,persons_0_17,436,0.1476575468498571,0.1133017189012492,0.10396800122316771
national,b300k.cps2022-2023-2024.acs100.s2,cd,persons_18_64,436,0.0739302662550068,0.06378033751955045,0.05002635961526946
national,b300k.cps2022-2023-2024.acs100.s2,cd,persons_65p,436,0.1225863625088895,0.09803792723748411,0.0985697921326312
national,b300k.cps2022-2023-2024.acs100.s2,cd,persons_in_households,436,0.07144138370253729,0.05906711643667383,0.045753838452251526
national,b300k.cps2022-2023-2024.acs100.s2,cd,persons_male,436,0.07458805259344883,0.06370848429482842,0.05523679661015942
national,b300k.cps2022-2023-2024.acs100.s2,cd,persons_total,436,0.06752779744494047,0.05595610763609438,0.046462729275332286
national,b300k.cps2022-2023-2024.acs100.s2,cd,real_estate_taxes_aggregate,436,0.3105978299822275,0.32255659949570764,0.31624422336631874
national,b300k.cps2022-2023-2024.acs100.s2,cd,rent_contract_annual_aggregate,436,0.33063035625989223,0.27776242745647034,0.31155462308682835
national,b300k.cps2022-2023-2024.acs100.s2,cd,rent_gross_annual_aggregate,436,0.29262338905266905,0.25946079149807494,0.27553400138773404
national,b300k.cps2022-2023-2024.acs100.s2,cd,renter,436,0.20104729062660023,0.1606960957004242,0.15632248233515425
national,b300k.cps2022-2023-2024.acs100.s2,county,households,850,0.14054874402992476,0.1066271722065818,0.09378508463464962
national,b300k.cps2022-2023-2024.acs100.s2,county,owner,850,0.17677175887833654,0.138083415479833,0.12610930452147198
national,b300k.cps2022-2023-2024.acs100.s2,county,persons_0_17,850,0.24335012621601448,0.18366150785433416,0.18145174594691854
national,b300k.cps2022-2023-2024.acs100.s2,county,persons_18_64,850,0.15688731687777235,0.11057050117948719,0.11049728350658153
national,b300k.cps2022-2023-2024.acs100.s2,county,persons_65p,850,0.21941859326747395,0.16395904255873478,0.15756992656357788
national,b300k.cps2022-2023-2024.acs100.s2,county,persons_in_households,850,0.14745371657300715,0.10574667594812115,0.0990745995105983
national,b300k.cps2022-2023-2024.acs100.s2,county,persons_male,850,0.15064345959263106,0.11128991199515662,0.10514594684137929
national,b300k.cps2022-2023-2024.acs100.s2,county,persons_total,850,0.14140300830808344,0.10259129172389206,0.09693953272037091
national,b300k.cps2022-2023-2024.acs100.s2,county,real_estate_taxes_aggregate,850,0.37712118679820433,0.3660102410452892,0.33610850282071913
national,b300k.cps2022-2023-2024.acs100.s2,county,rent_contract_annual_aggregate,850,0.42584477022049494,0.35175349247157905,0.4034052375814544
national,b300k.cps2022-2023-2024.acs100.s2,county,rent_gross_annual_aggregate,850,0.38534448956040024,0.34449625318474475,0.34459933569726914
national,b300k.cps2022-2023-2024.acs100.s2,county,renter,850,0.2979129242328524,0.24234967569903426,0.23085167418015046
national,b300k.cps2022-2023-2024.acs100.s2,national,households,1,0.03622298898580318,0.03622298898580318,0.022425462343745668
national,b300k.cps2022-2023-2024.acs100.s2,national,owner,1,0.05480525374959647,0.05480525374959647,0.02487343325459565
national,b300k.cps2022-2023-2024.acs100.s2,national,persons_0_17,1,0.06315442777053781,0.06315442777053781,0.02493795042771259
national,b300k.cps2022-2023-2024.acs100.s2,national,persons_18_64,1,0.01819612101382591,0.01819612101382591,0.024373101349739155
national,b300k.cps2022-2023-2024.acs100.s2,national,persons_65p,1,0.0007070678972486736,0.0007070678972486736,0.015136287219120487
national,b300k.cps2022-2023-2024.acs100.s2,national,persons_in_households,1,0.02258615071654198,0.02258615071654198,0.0032116078586647066
national,b300k.cps2022-2023-2024.acs100.s2,national,persons_male,1,0.009434157820751538,0.009434157820751538,0.028793888062225634
national,b300k.cps2022-2023-2024.acs100.s2,national,persons_total,1,0.0023970434739663993,0.0023970434739663993,0.017379591291621404
national,b300k.cps2022-2023-2024.acs100.s2,national,real_estate_taxes_aggregate,1,0.32388849047574314,0.32388849047574314,0.36958236939275463
national,b300k.cps2022-2023-2024.acs100.s2,national,rent_contract_annual_aggregate,1,0.1070254914023418,0.1070254914023418,0.1319312994116549
national,b300k.cps2022-2023-2024.acs100.s2,national,rent_gross_annual_aggregate,1,0.21554446085996273,0.21554446085996273,0.23742358379298573
national,b300k.cps2022-2023-2024.acs100.s2,national,renter,1,0.03787951532990728,0.03787951532990728,0.022082308540014823
national,b300k.cps2022-2023-2024.acs100.s2,state,households,51,0.03534972909746922,0.028576687302064658,0.023725680491648735
national,b300k.cps2022-2023-2024.acs100.s2,state,owner,51,0.04469837441325257,0.03186143373820745,0.029002895268317442
national,b300k.cps2022-2023-2024.acs100.s2,state,persons_0_17,51,0.06766924094823157,0.05490332197751628,0.05567407681743994
national,b300k.cps2022-2023-2024.acs100.s2,state,persons_18_64,51,0.02595315210345113,0.017066582528234196,0.029783437644543102
national,b300k.cps2022-2023-2024.acs100.s2,state,persons_65p,51,0.02432752611106001,0.007677537585413598,0.029325220378664408
national,b300k.cps2022-2023-2024.acs100.s2,state,persons_in_households,51,0.0228657035741335,0.022983894751011903,0.022200252461611364
national,b300k.cps2022-2023-2024.acs100.s2,state,persons_male,51,0.020431863979743278,0.01269889931006266,0.032881620970388825
national,b300k.cps2022-2023-2024.acs100.s2,state,persons_total,51,0.013999615895199028,0.011700764039253731,0.025249273649564613
national,b300k.cps2022-2023-2024.acs100.s2,state,real_estate_taxes_aggregate,51,0.31591962536590174,0.31843321374142297,0.30670737513987084
national,b300k.cps2022-2023-2024.acs100.s2,state,rent_contract_annual_aggregate,51,0.15221782764048242,0.13024632009286127,0.16133794028836196
national,b300k.cps2022-2023-2024.acs100.s2,state,rent_gross_annual_aggregate,51,0.2119161267608786,0.1961121659278051,0.21528276283846245
national,b300k.cps2022-2023-2024.acs100.s2,state,renter,51,0.08542468235741517,0.07084438461011466,0.05241661969934416
national,b300k.cps2023-2024.acs000.s0,cd,households,436,0.06659889923483614,0.051311160694353146,0.053614520750817074
national,b300k.cps2023-2024.acs000.s0,cd,owner,436,0.14791701351081213,0.08916555842401622,0.1444815335505615
national,b300k.cps2023-2024.acs000.s0,cd,persons_0_17,436,0.1543914354506224,0.11299528451525888,0.12478861103159995
national,b300k.cps2023-2024.acs000.s0,cd,persons_18_64,436,0.0677764113520785,0.05483046523633475,0.058743708228535384
national,b300k.cps2023-2024.acs000.s0,cd,persons_65p,436,0.1511188999139415,0.11960451167110006,0.13699227201391515
national,b300k.cps2023-2024.acs000.s0,cd,persons_in_households,436,0.06896617849794623,0.05612577873155741,0.0511102742236791
national,b300k.cps2023-2024.acs000.s0,cd,persons_male,436,0.06726033016483961,0.05498153562468454,0.05884683651812112
national,b300k.cps2023-2024.acs000.s0,cd,persons_total,436,0.0608741726701753,0.04609898058317008,0.04886493140741495
national,b300k.cps2023-2024.acs000.s0,cd,real_estate_taxes_aggregate,436,0.4688395506933809,0.4799024758012721,0.5698652645724244
national,b300k.cps2023-2024.acs000.s0,cd,rent_contract_annual_aggregate,436,0.33647046003690545,0.2724058027700966,0.31469264573928035
national,b300k.cps2023-2024.acs000.s0,cd,rent_gross_annual_aggregate,436,0.307788953906389,0.27659623129080335,0.2838529241053794
national,b300k.cps2023-2024.acs000.s0,cd,renter,436,0.25028549451040044,0.19101227574221857,0.22968050589278796
national,b300k.cps2023-2024.acs000.s0,county,households,850,0.11617686438961268,0.08114939956723048,0.08498367212326344
national,b300k.cps2023-2024.acs000.s0,county,owner,850,0.17370158782088552,0.12817272686087883,0.15082548224521902
national,b300k.cps2023-2024.acs000.s0,county,persons_0_17,850,0.23995037520519888,0.16948172196743988,0.1761961413648731
national,b300k.cps2023-2024.acs000.s0,county,persons_18_64,850,0.13838075805944242,0.09463916326384954,0.10700797062471092
national,b300k.cps2023-2024.acs000.s0,county,persons_65p,850,0.22897294207402644,0.18029957194224444,0.18115346083985567
national,b300k.cps2023-2024.acs000.s0,county,persons_in_households,850,0.12713312999793547,0.08527523162796746,0.08877408961987057
national,b300k.cps2023-2024.acs000.s0,county,persons_male,850,0.12793613627333555,0.09277973243724809,0.09538987885247817
national,b300k.cps2023-2024.acs000.s0,county,persons_total,850,0.11868086905453715,0.08173662813252805,0.08495552849814238
national,b300k.cps2023-2024.acs000.s0,county,real_estate_taxes_aggregate,850,0.5077095040562315,0.53343373313728,0.5565735457281109
national,b300k.cps2023-2024.acs000.s0,county,rent_contract_annual_aggregate,850,0.4243566774620468,0.347182897524689,0.40679322886452596
national,b300k.cps2023-2024.acs000.s0,county,rent_gross_annual_aggregate,850,0.3769364279446927,0.3282559589386741,0.3478483126845342
national,b300k.cps2023-2024.acs000.s0,county,renter,850,0.33524706027076234,0.2536655526101482,0.3152559717195768
national,b300k.cps2023-2024.acs000.s0,national,households,1,0.040631761105864236,0.040631761105864236,0.04063176077374351
national,b300k.cps2023-2024.acs000.s0,national,owner,1,0.0392446082526435,0.0392446082526435,0.042345165727939324
national,b300k.cps2023-2024.acs000.s0,national,persons_0_17,1,0.06569901803100475,0.06569901803100475,0.027390231881220944
national,b300k.cps2023-2024.acs000.s0,national,persons_18_64,1,0.01406179214628397,0.01406179214628397,0.0268050150704322
national,b300k.cps2023-2024.acs000.s0,national,persons_65p,1,0.0005051204167362431,0.0005051204167362431,0.026233676447505128
national,b300k.cps2023-2024.acs000.s0,national,persons_in_households,1,0.0309088963030605,0.0309088963030605,0.007468807603602755
national,b300k.cps2023-2024.acs000.s0,national,persons_male,1,0.008127402438907076,0.008127402438907076,0.030408793666099887
national,b300k.cps2023-2024.acs000.s0,national,persons_total,1,0.005482366680830717,0.005482366680830717,0.017379591291652247
national,b300k.cps2023-2024.acs000.s0,national,real_estate_taxes_aggregate,1,0.5381625114329095,0.5381625114329095,0.6562268648260717
national,b300k.cps2023-2024.acs000.s0,national,rent_contract_annual_aggregate,1,0.10978734361116428,0.10978734361116428,0.1222749686343984
national,b300k.cps2023-2024.acs000.s0,national,rent_gross_annual_aggregate,1,0.21797067822970526,0.21797067822970526,0.22894074123359048
national,b300k.cps2023-2024.acs000.s0,national,renter,1,0.007375939804224396,0.007375939804224396,0.0025205865935754137
national,b300k.cps2023-2024.acs000.s0,state,households,51,0.03875452190987316,0.03181887519552718,0.04016948176038674
national,b300k.cps2023-2024.acs000.s0,state,owner,51,0.03714970471491217,0.03382802406109517,0.04757532621275756
national,b300k.cps2023-2024.acs000.s0,state,persons_0_17,51,0.07138750113934637,0.06548445498460775,0.05483953711216335
national,b300k.cps2023-2024.acs000.s0,state,persons_18_64,51,0.024236911251203638,0.019473020495144204,0.03073725927409018
national,b300k.cps2023-2024.acs000.s0,state,persons_65p,51,0.02363361982948631,0.009000253497431615,0.039588997541003985
national,b300k.cps2023-2024.acs000.s0,state,persons_in_households,51,0.030977514738353036,0.027827512117769345,0.01955854451458431
national,b300k.cps2023-2024.acs000.s0,state,persons_male,51,0.02380948902352055,0.018787251109654627,0.031232583282333352
national,b300k.cps2023-2024.acs000.s0,state,persons_total,51,0.01447806205206007,0.010800827824127349,0.018964847449261527
national,b300k.cps2023-2024.acs000.s0,state,real_estate_taxes_aggregate,51,0.45137187585806465,0.44442876777037893,0.5416227019420784
national,b300k.cps2023-2024.acs000.s0,state,rent_contract_annual_aggregate,51,0.13914983315567697,0.1232397328882248,0.14160292476457162
national,b300k.cps2023-2024.acs000.s0,state,rent_gross_annual_aggregate,51,0.2210850571814336,0.21702269016447423,0.2199685049241719
national,b300k.cps2023-2024.acs000.s0,state,renter,51,0.07604324701499145,0.06528083210475862,0.06435477021533259
national,b300k.cps2023-2024.acs100.s0,cd,households,436,0.07961824129945907,0.0616681821545923,0.04810264997891757
national,b300k.cps2023-2024.acs100.s0,cd,owner,436,0.12445454145347881,0.07972488458953067,0.08310383827346488
national,b300k.cps2023-2024.acs100.s0,cd,persons_0_17,436,0.1444030482368346,0.11229628622420793,0.10115797654787498
national,b300k.cps2023-2024.acs100.s0,cd,persons_18_64,436,0.07535532479122792,0.06285717880494338,0.050864185115396025
national,b300k.cps2023-2024.acs100.s0,cd,persons_65p,436,0.12097081218856884,0.09737025702265684,0.08461932860175533
national,b300k.cps2023-2024.acs100.s0,cd,persons_in_households,436,0.0704768301988397,0.06044381136349781,0.04836032333640076
national,b300k.cps2023-2024.acs100.s0,cd,persons_male,436,0.07030458718615719,0.0595905185978135,0.055839076005064214
national,b300k.cps2023-2024.acs100.s0,cd,persons_total,436,0.06634769936563761,0.05426985748258721,0.0485463192051605
national,b300k.cps2023-2024.acs100.s0,cd,real_estate_taxes_aggregate,436,0.25183324188363093,0.25567419546934844,0.2102526769439945
national,b300k.cps2023-2024.acs100.s0,cd,rent_contract_annual_aggregate,436,0.33960569110906974,0.2905279255006018,0.3202053889884849
national,b300k.cps2023-2024.acs100.s0,cd,rent_gross_annual_aggregate,436,0.2868448502891181,0.25861594264509885,0.27860549586486605
national,b300k.cps2023-2024.acs100.s0,cd,renter,436,0.18543935109762338,0.1560607398091599,0.12801205780457262
national,b300k.cps2023-2024.acs100.s0,county,households,850,0.14196346577140373,0.10100760457919018,0.09369935551642367
national,b300k.cps2023-2024.acs100.s0,county,owner,850,0.17360733137128886,0.12365838853235137,0.11978550005293273
national,b300k.cps2023-2024.acs100.s0,county,persons_0_17,850,0.27580389666721083,0.2017430120662784,0.19000776698181512
national,b300k.cps2023-2024.acs100.s0,county,persons_18_64,850,0.1621963712949039,0.12138495621749865,0.11135210001064201
national,b300k.cps2023-2024.acs100.s0,county,persons_65p,850,0.21882682325865213,0.16380830564079968,0.15311411284075127
national,b300k.cps2023-2024.acs100.s0,county,persons_in_households,850,0.15396977108032836,0.10577262572585516,0.10472957916788693
national,b300k.cps2023-2024.acs100.s0,county,persons_male,850,0.16118398373624968,0.11804835601267216,0.11200379817229747
national,b300k.cps2023-2024.acs100.s0,county,persons_total,850,0.14863649799586695,0.10358054666477248,0.10265556765772516
national,b300k.cps2023-2024.acs100.s0,county,real_estate_taxes_aggregate,850,0.32375312424283825,0.296007989645402,0.24968300885360645
national,b300k.cps2023-2024.acs100.s0,county,rent_contract_annual_aggregate,850,0.42508473949547565,0.34149317305755333,0.4031064691966803
national,b300k.cps2023-2024.acs100.s0,county,rent_gross_annual_aggregate,850,0.3786310986704824,0.32603580054692594,0.3395014437392735
national,b300k.cps2023-2024.acs100.s0,county,renter,850,0.28467770833676814,0.2261159140106025,0.21072750235659535
national,b300k.cps2023-2024.acs100.s0,national,households,1,0.034882399020032546,0.034882399020032546,0.01622813986048555
national,b300k.cps2023-2024.acs100.s0,national,owner,1,0.05363313991248341,0.05363313991248341,0.0185637728817818
national,b300k.cps2023-2024.acs100.s0,national,persons_0_17,1,0.07178102244750267,0.07178102244750267,0.037168881908996844
national,b300k.cps2023-2024.acs100.s0,national,persons_18_64,1,0.020186245213107676,0.020186245213107676,0.021405258145536843
national,b300k.cps2023-2024.acs100.s0,national,persons_65p,1,0.0006120076998306613,0.0006120076998306613,0.019721236033055835
national,b300k.cps2023-2024.acs100.s0,national,persons_in_households,1,0.020333508837103394,0.020333508837103394,0.008086271457001712
national,b300k.cps2023-2024.acs100.s0,national,persons_male,1,0.010969830695297103,0.010969830695297103,0.028695428893634082
national,b300k.cps2023-2024.acs100.s0,national,persons_total,1,0.003058929172514386,0.003058929172514386,0.017379591291705
national,b300k.cps2023-2024.acs100.s0,national,real_estate_taxes_aggregate,1,0.23753767895848144,0.23753767895848144,0.2345658564217346
national,b300k.cps2023-2024.acs100.s0,national,rent_contract_annual_aggregate,1,0.09690855532197688,0.09690855532197688,0.1242698815104491
national,b300k.cps2023-2024.acs100.s0,national,rent_gross_annual_aggregate,1,0.20665698818190026,0.20665698818190026,0.23069322178107815
national,b300k.cps2023-2024.acs100.s0,national,renter,1,0.041560062177077105,0.041560062177077105,0.029848196630025862
national,b300k.cps2023-2024.acs100.s0,state,households,51,0.03370761774420467,0.02574402369139925,0.025384052373917356
national,b300k.cps2023-2024.acs100.s0,state,owner,51,0.046291804301377346,0.040212461714923396,0.028873511573039103
national,b300k.cps2023-2024.acs100.s0,state,persons_0_17,51,0.0711226611541805,0.06087086387381244,0.057898369342281576
national,b300k.cps2023-2024.acs100.s0,state,persons_18_64,51,0.02799674999962056,0.019706871092281576,0.03114044991340005
national,b300k.cps2023-2024.acs100.s0,state,persons_65p,51,0.021392302116394,0.005845414174498385,0.03431761949732328
national,b300k.cps2023-2024.acs100.s0,state,persons_in_households,51,0.02115270158590316,0.01734774861219062,0.024100213806170213
national,b300k.cps2023-2024.acs100.s0,state,persons_male,51,0.022924287855974886,0.0166345643623313,0.03638023804000716
national,b300k.cps2023-2024.acs100.s0,state,persons_total,51,0.01526269965988254,0.011576768719616827,0.026083135523212342
national,b300k.cps2023-2024.acs100.s0,state,real_estate_taxes_aggregate,51,0.23784795928982574,0.2458778620639227,0.19667184532866613
national,b300k.cps2023-2024.acs100.s0,state,rent_contract_annual_aggregate,51,0.15836580717548704,0.1377371280516969,0.1688786671295249
national,b300k.cps2023-2024.acs100.s0,state,rent_gross_annual_aggregate,51,0.20154609340709723,0.19214184171043472,0.20586815296275546
national,b300k.cps2023-2024.acs100.s0,state,renter,51,0.08330569322846994,0.06682898554489158,0.054246188130893436
national,b300k.cps2024.acs000.s0,cd,households,436,0.0674880287692212,0.05274079102107186,0.05325389470712396
national,b300k.cps2024.acs000.s0,cd,owner,436,0.14948548400318845,0.08402531771642886,0.14077060356552817
national,b300k.cps2024.acs000.s0,cd,persons_0_17,436,0.15855785812568668,0.11705060612775171,0.1311649722369435
national,b300k.cps2024.acs000.s0,cd,persons_18_64,436,0.07382234285797036,0.06293296397970277,0.0634839506501305
national,b300k.cps2024.acs000.s0,cd,persons_65p,436,0.14756112073144062,0.11700262046407992,0.13998017631797427
national,b300k.cps2024.acs000.s0,cd,persons_in_households,436,0.07284803023289094,0.05624676030117298,0.054935697126162315
national,b300k.cps2024.acs000.s0,cd,persons_male,436,0.07079418050637383,0.05634993397208461,0.06229145930936586
national,b300k.cps2024.acs000.s0,cd,persons_total,436,0.0655346483464504,0.051385470638122745,0.05264424882012382
national,b300k.cps2024.acs000.s0,cd,real_estate_taxes_aggregate,436,0.47442543093482886,0.4892309031266726,0.5528534080004882
national,b300k.cps2024.acs000.s0,cd,rent_contract_annual_aggregate,436,0.3423974188779214,0.27937321602011955,0.3179372350717971
national,b300k.cps2024.acs000.s0,cd,rent_gross_annual_aggregate,436,0.30627033374209384,0.2792992862348131,0.2829032167660115
national,b300k.cps2024.acs000.s0,cd,renter,436,0.25755434460731363,0.20981758259890973,0.23473340185005617
national,b300k.cps2024.acs000.s0,county,households,850,0.11625416081719966,0.08864360093225396,0.0832784674286999
national,b300k.cps2024.acs000.s0,county,owner,850,0.17077169053970184,0.12691693072537097,0.1498085561133901
national,b300k.cps2024.acs000.s0,county,persons_0_17,850,0.2477880007924063,0.18233374179118197,0.18566076860806963
national,b300k.cps2024.acs000.s0,county,persons_18_64,850,0.14453210750117587,0.10500014593255137,0.11424708179130634
national,b300k.cps2024.acs000.s0,county,persons_65p,850,0.22115153441433608,0.173095122380731,0.1836137625425742
national,b300k.cps2024.acs000.s0,county,persons_in_households,850,0.1321239878341516,0.09274942452037857,0.09485734865046187
national,b300k.cps2024.acs000.s0,county,persons_male,850,0.1320743996079062,0.09628938090125672,0.09915657570484801
national,b300k.cps2024.acs000.s0,county,persons_total,850,0.12413153002487026,0.0899671731678316,0.09014898316489524
national,b300k.cps2024.acs000.s0,county,real_estate_taxes_aggregate,850,0.5166186032188235,0.5407454241482218,0.5446751934509556
national,b300k.cps2024.acs000.s0,county,rent_contract_annual_aggregate,850,0.422244695526828,0.32576534766260085,0.403997187213267
national,b300k.cps2024.acs000.s0,county,rent_gross_annual_aggregate,850,0.37065127192112185,0.3120786078398141,0.3407041948901364
national,b300k.cps2024.acs000.s0,county,renter,850,0.3419525006311758,0.25255761324094816,0.3116467943447933
national,b300k.cps2024.acs000.s0,national,households,1,0.042503266857548044,0.042503266857548044,0.04250326623243594
national,b300k.cps2024.acs000.s0,national,owner,1,0.03200889182651092,0.03200889182651092,0.04010859549596169
national,b300k.cps2024.acs000.s0,national,persons_0_17,1,0.06116570239836122,0.06116570239836122,0.03288093308214637
national,b300k.cps2024.acs000.s0,national,persons_18_64,1,0.012113673348359475,0.012113673348359475,0.028643647198409762
national,b300k.cps2024.acs000.s0,national,persons_65p,1,0.0005023724973787453,0.0005023724973787453,0.03895423703662803
national,b300k.cps2024.acs000.s0,national,persons_in_households,1,0.031122162766266025,0.031122162766266025,0.007468807603647675
national,b300k.cps2024.acs000.s0,national,persons_male,1,0.012777707326235562,0.012777707326235562,0.03015050978084711
national,b300k.cps2024.acs000.s0,national,persons_total,1,0.005690373100143351,0.005690373100143351,0.017379591291608435
national,b300k.cps2024.acs000.s0,national,real_estate_taxes_aggregate,1,0.539094283926172,0.539094283926172,0.6395411932654282
national,b300k.cps2024.acs000.s0,national,rent_contract_annual_aggregate,1,0.08438736842290485,0.08438736842290485,0.09886944608010037
national,b300k.cps2024.acs000.s0,national,rent_gross_annual_aggregate,1,0.19565744191824505,0.19565744191824505,0.2083795811585734
national,b300k.cps2024.acs000.s0,national,renter,1,0.02769438835940242,0.02769438835940242,0.01224278155079332
national,b300k.cps2024.acs000.s0,state,households,51,0.04069855900412696,0.03511809975705684,0.04113183240018178
national,b300k.cps2024.acs000.s0,state,owner,51,0.03867846568274794,0.03497919514241723,0.0473744543754758
national,b300k.cps2024.acs000.s0,state,persons_0_17,51,0.06931207437732052,0.06841205804135012,0.05938231280038831
national,b300k.cps2024.acs000.s0,state,persons_18_64,51,0.024564903767353007,0.01827959725215107,0.03622043144079565
national,b300k.cps2024.acs000.s0,state,persons_65p,51,0.02724168933835994,0.005588968124640139,0.05328853265489987
national,b300k.cps2024.acs000.s0,state,persons_in_households,51,0.03129060768796522,0.027356701512200335,0.019861435559825554
national,b300k.cps2024.acs000.s0,state,persons_male,51,0.02937596239091268,0.030908491940299227,0.03069101486430921
national,b300k.cps2024.acs000.s0,state,persons_total,51,0.016076452960188586,0.012021854517197478,0.01840903075160705
national,b300k.cps2024.acs000.s0,state,real_estate_taxes_aggregate,51,0.4510311884013043,0.43990476993901145,0.5260015221555048
national,b300k.cps2024.acs000.s0,state,rent_contract_annual_aggregate,51,0.12998074429606976,0.12292752854083262,0.12759779821473954
national,b300k.cps2024.acs000.s0,state,rent_gross_annual_aggregate,51,0.2032555429435214,0.20852181839423425,0.2025211568796703
national,b300k.cps2024.acs000.s0,state,renter,51,0.08380148348937297,0.06955425013749097,0.07151289876278501
national,b300k.cps2024.acs100.s0,cd,households,436,0.08101844286363714,0.06244082613945334,0.0445186582648168
national,b300k.cps2024.acs100.s0,cd,owner,436,0.11083279251046732,0.07281490873375449,0.06408132108321789
national,b300k.cps2024.acs100.s0,cd,persons_0_17,436,0.15973412311961405,0.13511999168206051,0.1011149875638067
national,b300k.cps2024.acs100.s0,cd,persons_18_64,436,0.07990605697391219,0.06712449773448276,0.053087998847227875
national,b300k.cps2024.acs100.s0,cd,persons_65p,436,0.11689433493406204,0.09483952053155462,0.07579294253113192
national,b300k.cps2024.acs100.s0,cd,persons_in_households,436,0.07623224611086325,0.06371590565423646,0.05045012484316011
national,b300k.cps2024.acs100.s0,cd,persons_male,436,0.0747591958768181,0.058275535778771384,0.05742995594700321
national,b300k.cps2024.acs100.s0,cd,persons_total,436,0.07224448546698713,0.06015847184488131,0.05020954772082696
national,b300k.cps2024.acs100.s0,cd,real_estate_taxes_aggregate,436,0.20958508420403657,0.19616147687331023,0.138503910174953
national,b300k.cps2024.acs100.s0,cd,rent_contract_annual_aggregate,436,0.35197755641584283,0.2956658940415483,0.3277378477880494
national,b300k.cps2024.acs100.s0,cd,rent_gross_annual_aggregate,436,0.29434144621757646,0.2620733066920712,0.2850439607136127
national,b300k.cps2024.acs100.s0,cd,renter,436,0.1772693289735572,0.15270928382069043,0.10562970911566646
national,b300k.cps2024.acs100.s0,county,households,850,0.15013125385387072,0.10772058801535508,0.09604511971690513
national,b300k.cps2024.acs100.s0,county,owner,850,0.17514464100730928,0.1245931078961891,0.11549907454876397
national,b300k.cps2024.acs100.s0,county,persons_0_17,850,0.2879883025468139,0.2029813636717652,0.1968736402180397
national,b300k.cps2024.acs100.s0,county,persons_18_64,850,0.1747503036493535,0.12746597738386423,0.1152949893009183
national,b300k.cps2024.acs100.s0,county,persons_65p,850,0.22571087990564637,0.16695494507217645,0.14765770582025672
national,b300k.cps2024.acs100.s0,county,persons_in_households,850,0.16503361760536123,0.11212833461444041,0.11037454032549172
national,b300k.cps2024.acs100.s0,county,persons_male,850,0.16847248342287163,0.12437125115061683,0.11540155756888201
national,b300k.cps2024.acs100.s0,county,persons_total,850,0.1601278463052193,0.11297570378761504,0.10711382447994193
national,b300k.cps2024.acs100.s0,county,real_estate_taxes_aggregate,850,0.2938229587280357,0.24931931617984762,0.2025009679662354
national,b300k.cps2024.acs100.s0,county,rent_contract_annual_aggregate,850,0.4369494948799025,0.36144628290904923,0.4115667347806425
national,b300k.cps2024.acs100.s0,county,rent_gross_annual_aggregate,850,0.39359774115216034,0.3306757850955234,0.34975265949333967
national,b300k.cps2024.acs100.s0,county,renter,850,0.2928867117169829,0.23405432052624758,0.20593617007171544
national,b300k.cps2024.acs100.s0,national,households,1,0.031917591807078885,0.031917591807078885,0.009405048708776023
national,b300k.cps2024.acs100.s0,national,owner,1,0.0492879263060249,0.0492879263060249,0.011149148171989243
national,b300k.cps2024.acs100.s0,national,persons_0_17,1,0.07437901819327178,0.07437901819327178,0.03934535382767289
national,b300k.cps2024.acs100.s0,national,persons_18_64,1,0.0216063919393169,0.0216063919393169,0.020760608153350738
national,b300k.cps2024.acs100.s0,national,persons_65p,1,0.00029937477859186626,0.00029937477859186626,0.020145296515002298
national,b300k.cps2024.acs100.s0,national,persons_in_households,1,0.01682310045549248,0.01682310045549248,0.012887804579998606
national,b300k.cps2024.acs100.s0,national,persons_male,1,0.010509988378541783,0.010509988378541783,0.028825524095141112
national,b300k.cps2024.acs100.s0,national,persons_total,1,0.0028124138713776334,0.0028124138713776334,0.017379591291554284
national,b300k.cps2024.acs100.s0,national,real_estate_taxes_aggregate,1,0.15667006070176775,0.15667006070176775,0.10519850185068137
national,b300k.cps2024.acs100.s0,national,rent_contract_annual_aggregate,1,0.08643647394290539,0.08643647394290539,0.12122007030868508
national,b300k.cps2024.acs100.s0,national,rent_gross_annual_aggregate,1,0.19745752933392188,0.19745752933392188,0.22801403971314627
national,b300k.cps2024.acs100.s0,national,renter,1,0.042895779129269895,0.042895779129269895,0.03793725868236157
national,b300k.cps2024.acs100.s0,state,households,51,0.03174321950118475,0.025206728160688356,0.023801392273112943
national,b300k.cps2024.acs100.s0,state,owner,51,0.04505511413885919,0.03754914523365948,0.026253475518179904
national,b300k.cps2024.acs100.s0,state,persons_0_17,51,0.07261998383730159,0.05719899134518714,0.060576324539654995
national,b300k.cps2024.acs100.s0,state,persons_18_64,51,0.02890874931497288,0.019334619387050805,0.02961978201893944
national,b300k.cps2024.acs100.s0,state,persons_65p,51,0.01714481098139381,0.006083395392028057,0.036465302363331495
national,b300k.cps2024.acs100.s0,state,persons_in_households,51,0.019810127062663763,0.014700575482996326,0.02595010544588405
national,b300k.cps2024.acs100.s0,state,persons_male,51,0.02196700495106504,0.015933855064098335,0.03638472546612089
national,b300k.cps2024.acs100.s0,state,persons_total,51,0.016456923859269206,0.010832280780540429,0.02698706008569942
national,b300k.cps2024.acs100.s0,state,real_estate_taxes_aggregate,51,0.149662549977381,0.164209908776001,0.09423245701524154
national,b300k.cps2024.acs100.s0,state,rent_contract_annual_aggregate,51,0.16999885751565932,0.14246137144566384,0.18470102376411873
national,b300k.cps2024.acs100.s0,state,rent_gross_annual_aggregate,51,0.1968943346979549,0.17193769151224367,0.2070420821336953
national,b300k.cps2024.acs100.s0,state,renter,51,0.08999175388385075,0.07928263425250653,0.05772056447604141
national,b300k.cps2024.acs100.s1,cd,households,436,0.08090495149435195,0.06439555096032126,0.043666327344408395
national,b300k.cps2024.acs100.s1,cd,owner,436,0.11369207866160631,0.07799464926655283,0.06446595871546629
national,b300k.cps2024.acs100.s1,cd,persons_0_17,436,0.15733575255459678,0.13047504761535053,0.10131289177297828
national,b300k.cps2024.acs100.s1,cd,persons_18_64,436,0.08717027344041157,0.06986084917752453,0.05527546733560979
national,b300k.cps2024.acs100.s1,cd,persons_65p,436,0.123186357972296,0.10600993806678005,0.0749841921549136
national,b300k.cps2024.acs100.s1,cd,persons_in_households,436,0.08286219840918974,0.0695924438857558,0.051333162330392645
national,b300k.cps2024.acs100.s1,cd,persons_male,436,0.08496627243348687,0.07033838177000806,0.059876637977190415
national,b300k.cps2024.acs100.s1,cd,persons_total,436,0.07929735999720403,0.06560368269212902,0.050658066765181003
national,b300k.cps2024.acs100.s1,cd,real_estate_taxes_aggregate,436,0.20736179189541065,0.19744739839579323,0.13922265124603075
national,b300k.cps2024.acs100.s1,cd,rent_contract_annual_aggregate,436,0.34234722584202837,0.3031378295950551,0.3144112076841177
national,b300k.cps2024.acs100.s1,cd,rent_gross_annual_aggregate,436,0.2933881582287202,0.25627463121780714,0.27424807769698756
national,b300k.cps2024.acs100.s1,cd,renter,436,0.1756544876393553,0.1452731770019195,0.10866752087198374
national,b300k.cps2024.acs100.s1,county,households,850,0.15538294981932654,0.10714172001438019,0.09244479905077944
national,b300k.cps2024.acs100.s1,county,owner,850,0.18268736915728287,0.1304092523579447,0.10829972908532866
national,b300k.cps2024.acs100.s1,county,persons_0_17,850,0.2736368676517163,0.2040349061632739,0.21066372424798901
national,b300k.cps2024.acs100.s1,county,persons_18_64,850,0.180161997878847,0.12977168661762362,0.11697017284834327
national,b300k.cps2024.acs100.s1,county,persons_65p,850,0.22747961396315852,0.18306658038429635,0.14874591163846015
national,b300k.cps2024.acs100.s1,county,persons_in_households,850,0.17157539051335982,0.12224969764678216,0.110588593691157
national,b300k.cps2024.acs100.s1,county,persons_male,850,0.17550761058211847,0.1338113818337976,0.11910281121417693
national,b300k.cps2024.acs100.s1,county,persons_total,850,0.16521151397144235,0.11879837984501371,0.10785239755419546
national,b300k.cps2024.acs100.s1,county,real_estate_taxes_aggregate,850,0.2990019267273842,0.2599970486608152,0.19817254415613586
national,b300k.cps2024.acs100.s1,county,rent_contract_annual_aggregate,850,0.44233824244083264,0.36846341530873017,0.40114437891484006
national,b300k.cps2024.acs100.s1,county,rent_gross_annual_aggregate,850,0.39354343081934234,0.3448988507797871,0.344211001664788
national,b300k.cps2024.acs100.s1,county,renter,850,0.2999630430838605,0.2476454530648217,0.20313929769454747
national,b300k.cps2024.acs100.s1,national,households,1,0.029664512333914417,0.029664512333914417,0.007135480860673591
national,b300k.cps2024.acs100.s1,national,owner,1,0.04774269104458574,0.04774269104458574,0.006760642135513097
national,b300k.cps2024.acs100.s1,national,persons_0_17,1,0.0700403992756002,0.0700403992756002,0.03239665815108548
national,b300k.cps2024.acs100.s1,national,persons_18_64,1,0.022531468286676744,0.022531468286676744,0.0220436135717044
national,b300k.cps2024.acs100.s1,national,persons_65p,1,0.00021447581033412648,0.00021447581033412648,0.016185055455979563
national,b300k.cps2024.acs100.s1,national,persons_in_households,1,0.01545990995360194,0.01545990995360194,0.012745124341986979
national,b300k.cps2024.acs100.s1,national,persons_male,1,0.01090774456103616,0.01090774456103616,0.028988409494756603
national,b300k.cps2024.acs100.s1,national,persons_total,1,0.0013372491922772505,0.0013372491922772505,0.017379591291681866
national,b300k.cps2024.acs100.s1,national,real_estate_taxes_aggregate,1,0.16532160437225468,0.16532160437225468,0.10788924995015199
national,b300k.cps2024.acs100.s1,national,rent_contract_annual_aggregate,1,0.09370651102558565,0.09370651102558565,0.12613857323223815
national,b300k.cps2024.acs100.s1,national,rent_gross_annual_aggregate,1,0.20384407318747277,0.20384407318747277,0.23233482023432472
national,b300k.cps2024.acs100.s1,national,renter,1,0.047175707797804785,0.047175707797804785,0.03680538251027018
national,b300k.cps2024.acs100.s1,state,households,51,0.030973130746136848,0.03170484940368832,0.016509876960375154
national,b300k.cps2024.acs100.s1,state,owner,51,0.04391442887134357,0.038867723343318915,0.01776575510010848
national,b300k.cps2024.acs100.s1,state,persons_0_17,51,0.07127828185679741,0.06177772250845184,0.05779517814902032
national,b300k.cps2024.acs100.s1,state,persons_18_64,51,0.03106230303485937,0.026768688162270255,0.03303962043118999
national,b300k.cps2024.acs100.s1,state,persons_65p,51,0.0172312829094892,0.007344244275853212,0.0328039014021689
national,b300k.cps2024.acs100.s1,state,persons_in_households,51,0.019981711268529042,0.01439446935042592,0.025786709402797463
national,b300k.cps2024.acs100.s1,state,persons_male,51,0.021181788075647117,0.015432562421127049,0.03465236347769676
national,b300k.cps2024.acs100.s1,state,persons_total,51,0.016039126247091518,0.012282493054078424,0.026587166511169637
national,b300k.cps2024.acs100.s1,state,real_estate_taxes_aggregate,51,0.16080889511440075,0.1661977637430562,0.09775079182205315
national,b300k.cps2024.acs100.s1,state,rent_contract_annual_aggregate,51,0.17660178672044036,0.1418145031753751,0.1858112142185224
national,b300k.cps2024.acs100.s1,state,rent_gross_annual_aggregate,51,0.2029804040732784,0.19595850103326176,0.21231117244279066
national,b300k.cps2024.acs100.s1,state,renter,51,0.0907474767974611,0.07844612181801494,0.059409183848200924
national,b300k.cps2024.acs100.s2,cd,households,436,0.0796632761545261,0.06491814787465713,0.04331851304134574
national,b300k.cps2024.acs100.s2,cd,owner,436,0.11032653516592009,0.07482241492795524,0.06209214806116888
national,b300k.cps2024.acs100.s2,cd,persons_0_17,436,0.15360197090677855,0.12485544930224737,0.10342165829279419
national,b300k.cps2024.acs100.s2,cd,persons_18_64,436,0.07792838319061317,0.06011630018174159,0.05272373485245502
national,b300k.cps2024.acs100.s2,cd,persons_65p,436,0.1136356727965607,0.08733024280321836,0.07597605451221584
national,b300k.cps2024.acs100.s2,cd,persons_in_households,436,0.07527311476083347,0.06069084501951149,0.04808302024496203
national,b300k.cps2024.acs100.s2,cd,persons_male,436,0.07632176993783851,0.06608779842171816,0.05751957426886549
national,b300k.cps2024.acs100.s2,cd,persons_total,436,0.07151978177926634,0.05936441321319234,0.047740968379590465
national,b300k.cps2024.acs100.s2,cd,real_estate_taxes_aggregate,436,0.20615728549294782,0.18977911262270505,0.13228862206640338
national,b300k.cps2024.acs100.s2,cd,rent_contract_annual_aggregate,436,0.3371702649298445,0.28086557492548686,0.31819942924787176
national,b300k.cps2024.acs100.s2,cd,rent_gross_annual_aggregate,436,0.29167083277838046,0.263388721234841,0.28118437560497095
national,b300k.cps2024.acs100.s2,cd,renter,436,0.17501289384321697,0.15194451569088313,0.1065898955736187
national,b300k.cps2024.acs100.s2,county,households,850,0.15421677195523284,0.10929058905022947,0.09529876221809666
national,b300k.cps2024.acs100.s2,county,owner,850,0.18215617002387807,0.1307058989634349,0.11440609929049368
national,b300k.cps2024.acs100.s2,county,persons_0_17,850,0.29315559244602835,0.21462360854512524,0.2042996714476425
national,b300k.cps2024.acs100.s2,county,persons_18_64,850,0.17057096166931207,0.11852041429239686,0.11326194007444529
national,b300k.cps2024.acs100.s2,county,persons_65p,850,0.22743351853445293,0.16479584027520924,0.1485364586129691
national,b300k.cps2024.acs100.s2,county,persons_in_households,850,0.16595004860069243,0.11169222237883542,0.10562303715711137
national,b300k.cps2024.acs100.s2,county,persons_male,850,0.16890012452954137,0.12108803948108335,0.11606407051368871
national,b300k.cps2024.acs100.s2,county,persons_total,850,0.16007184643706154,0.10986252338844743,0.10342246146173768
national,b300k.cps2024.acs100.s2,county,real_estate_taxes_aggregate,850,0.284537056219742,0.24832880123302736,0.2012923720797865
national,b300k.cps2024.acs100.s2,county,rent_contract_annual_aggregate,850,0.4389965800787208,0.3573445191779637,0.4198081193231573
national,b300k.cps2024.acs100.s2,county,rent_gross_annual_aggregate,850,0.39319346493734963,0.3337812999606556,0.3598222288063871
national,b300k.cps2024.acs100.s2,county,renter,850,0.29914290644038594,0.23544416047199868,0.21394875331770885
national,b300k.cps2024.acs100.s2,national,households,1,0.031697250542291604,0.031697250542291604,0.009413301953973515
national,b300k.cps2024.acs100.s2,national,owner,1,0.04976176613597217,0.04976176613597217,0.009173457161656365
national,b300k.cps2024.acs100.s2,national,persons_0_17,1,0.07047162679810698,0.07047162679810698,0.041448735400090655
national,b300k.cps2024.acs100.s2,national,persons_18_64,1,0.02059516060577593,0.02059516060577593,0.020082445625907344
national,b300k.cps2024.acs100.s2,national,persons_65p,1,8.764769359694069e-06,8.764769359694069e-06,0.02036963746209138
national,b300k.cps2024.acs100.s2,national,persons_in_households,1,0.01671651565923538,0.01671651565923538,0.012728549890750515
national,b300k.cps2024.acs100.s2,national,persons_male,1,0.01123974923492748,0.01123974923492748,0.028652397462910772
national,b300k.cps2024.acs100.s2,national,persons_total,1,0.0026423460444105107,0.0026423460444105107,0.017379591291678886
national,b300k.cps2024.acs100.s2,national,real_estate_taxes_aggregate,1,0.1576311932517165,0.1576311932517165,0.10864498173634508
national,b300k.cps2024.acs100.s2,national,rent_contract_annual_aggregate,1,0.10569512482147018,0.10569512482147018,0.12946497246197944
national,b300k.cps2024.acs100.s2,national,rent_gross_annual_aggregate,1,0.2143757674388141,0.2143757674388141,0.23525697789508435
national,b300k.cps2024.acs100.s2,national,renter,1,0.04674174898811652,0.04674174898811652,0.0360035549662605
national,b300k.cps2024.acs100.s2,state,households,51,0.03550932233634552,0.02843941210856927,0.01901002835770843
national,b300k.cps2024.acs100.s2,state,owner,51,0.048115047627153316,0.04552955364245188,0.020465468366677945
national,b300k.cps2024.acs100.s2,state,persons_0_17,51,0.06979605353577457,0.056158679819566425,0.06185684002766886
national,b300k.cps2024.acs100.s2,state,persons_18_64,51,0.027623340397241746,0.018624683502374773,0.03214162327583207
national,b300k.cps2024.acs100.s2,state,persons_65p,51,0.014208337741794742,0.00424222757886437,0.037406340913297025
national,b300k.cps2024.acs100.s2,state,persons_in_households,51,0.01936984940608259,0.014637205697088098,0.025402788785354857
national,b300k.cps2024.acs100.s2,state,persons_male,51,0.021700435233918514,0.019792807434610985,0.03649148102859059
national,b300k.cps2024.acs100.s2,state,persons_total,51,0.015782366378167215,0.012513948356589906,0.026426138315958702
national,b300k.cps2024.acs100.s2,state,real_estate_taxes_aggregate,51,0.14663139183255766,0.1490657237348988,0.0804511919488555
national,b300k.cps2024.acs100.s2,state,rent_contract_annual_aggregate,51,0.1640570546864926,0.13633168092887502,0.17336608078593066
national,b300k.cps2024.acs100.s2,state,rent_gross_annual_aggregate,51,0.20419602209063933,0.20811255200627807,0.20851901486314603
national,b300k.cps2024.acs100.s2,state,renter,51,0.0983311496687627,0.10291726643095801,0.0697055944503938
national,b600k.cps0.acs100.s0,cd,households,436,0.07414084845147878,0.0592889669286078,0.029131914349442446
national,b600k.cps0.acs100.s0,cd,owner,436,0.09372409390044747,0.07352282209835181,0.04051540121109158
national,b600k.cps0.acs100.s0,cd,persons_0_17,436,0.13445616284441006,0.09852284371209775,0.08208722591935363
national,b600k.cps0.acs100.s0,cd,persons_18_64,436,0.08253020441367115,0.07026191177347488,0.040825249109997776
national,b600k.cps0.acs100.s0,cd,persons_65p,436,0.11128995168636581,0.09054000794144755,0.05276132280332941
national,b600k.cps0.acs100.s0,cd,persons_in_households,436,0.07778708708649938,0.0603154466722691,0.040826895330692475
national,b600k.cps0.acs100.s0,cd,persons_male,436,0.08062953696897535,0.0660810460441365,0.046373344829246
national,b600k.cps0.acs100.s0,cd,persons_total,436,0.07598268332078968,0.0608142389807673,0.03991902722308742
national,b600k.cps0.acs100.s0,cd,real_estate_taxes_aggregate,436,0.19648535303447318,0.1436157769380832,0.11040149519824126
national,b600k.cps0.acs100.s0,cd,rent_contract_annual_aggregate,436,0.3408448752227502,0.28978424585600404,0.3172776952532818
national,b600k.cps0.acs100.s0,cd,rent_gross_annual_aggregate,436,0.2990170935597884,0.25822955148458215,0.2794535424362954
national,b600k.cps0.acs100.s0,cd,renter,436,0.1521027443946247,0.13516958803994114,0.07627181026553721
national,b600k.cps0.acs100.s0,county,households,850,0.1325565622420884,0.09648368739824512,0.06554917480320599
national,b600k.cps0.acs100.s0,county,owner,850,0.15700278761903955,0.11644330110669229,0.08017899518063644
national,b600k.cps0.acs100.s0,county,persons_0_17,850,0.2526746746679987,0.17831862187174213,0.15566370071385557
national,b600k.cps0.acs100.s0,county,persons_18_64,850,0.15631605531575166,0.11620858098665025,0.08602364741400081
national,b600k.cps0.acs100.s0,county,persons_65p,850,0.19675160251967536,0.14741428163197515,0.10686977334736653
national,b600k.cps0.acs100.s0,county,persons_in_households,850,0.15122268911313838,0.10633865633499147,0.08255564542316682
national,b600k.cps0.acs100.s0,county,persons_male,850,0.15017490544259623,0.10878277109563886,0.08761508069603569
national,b600k.cps0.acs100.s0,county,persons_total,850,0.1460272847974737,0.10364575503605182,0.07963123059554887
national,b600k.cps0.acs100.s0,county,real_estate_taxes_aggregate,850,0.266432288838334,0.19220570052705302,0.16370180319595093
national,b600k.cps0.acs100.s0,county,rent_contract_annual_aggregate,850,0.42245980878793316,0.34361815584287125,0.3984796007607794
national,b600k.cps0.acs100.s0,county,rent_gross_annual_aggregate,850,0.37995965936480885,0.3181968564453314,0.3316674139615876
national,b600k.cps0.acs100.s0,county,renter,850,0.2611773038780707,0.21368606301717857,0.15085102425283922
national,b600k.cps0.acs100.s0,national,households,1,0.012045714376214284,0.012045714376214284,5.938114703318635e-05
national,b600k.cps0.acs100.s0,national,owner,1,0.05248147138028743,0.05248147138028743,0.0019768920071729147
national,b600k.cps0.acs100.s0,national,persons_0_17,1,0.07395108680626285,0.07395108680626285,0.036576349200425594
national,b600k.cps0.acs100.s0,national,persons_18_64,1,0.02939642887682944,0.02939642887682944,0.01945871613649533
national,b600k.cps0.acs100.s0,national,persons_65p,1,4.591653435175951e-05,4.591653435175951e-05,0.01247044340014511
national,b600k.cps0.acs100.s0,national,persons_in_households,1,0.0030307115927772628,0.0030307115927772628,0.01760172242520067
national,b600k.cps0.acs100.s0,national,persons_male,1,0.015098837338009556,0.015098837338009556,0.02802336143491234
national,b600k.cps0.acs100.s0,national,persons_total,1,0.001934017289994047,0.001934017289994047,0.01737959129143231
national,b600k.cps0.acs100.s0,national,real_estate_taxes_aggregate,1,0.15008327882654668,0.15008327882654668,0.017499562552654998
national,b600k.cps0.acs100.s0,national,rent_contract_annual_aggregate,1,0.13023971515691185,0.13023971515691185,0.13137360530288825
national,b600k.cps0.acs100.s0,national,rent_gross_annual_aggregate,1,0.23593756977379593,0.23593756977379593,0.23693366361211204
national,b600k.cps0.acs100.s0,national,renter,1,0.10787699829625168,0.10787699829625168,0.050253109583821384
national,b600k.cps0.acs100.s0,state,households,51,0.028565035004521767,0.019802480373603368,0.012233601743234922
national,b600k.cps0.acs100.s0,state,owner,51,0.04858950048682312,0.042297729120746905,0.014361305690807256
national,b600k.cps0.acs100.s0,state,persons_0_17,51,0.07301360197790821,0.0550027749049991,0.04112786132694817
national,b600k.cps0.acs100.s0,state,persons_18_64,51,0.03524905436085624,0.022125164691657064,0.02441474410562478
national,b600k.cps0.acs100.s0,state,persons_65p,51,0.013212537725317164,0.00605772163208258,0.027109918630514686
national,b600k.cps0.acs100.s0,state,persons_in_households,51,0.01915306251643372,0.012786106671555214,0.020857298561184786
national,b600k.cps0.acs100.s0,state,persons_male,51,0.026888063565977834,0.021372932514964468,0.02713622544399762
national,b600k.cps0.acs100.s0,state,persons_total,51,0.01877583409487135,0.015564008647042028,0.02027053840681421
national,b600k.cps0.acs100.s0,state,real_estate_taxes_aggregate,51,0.12055726341052146,0.1114048500077787,0.03325181722010736
national,b600k.cps0.acs100.s0,state,rent_contract_annual_aggregate,51,0.20666991501973037,0.16295141484906492,0.19724700364051598
national,b600k.cps0.acs100.s0,state,rent_gross_annual_aggregate,51,0.2279878544664096,0.20558944537267823,0.21690873070493952
national,b600k.cps0.acs100.s0,state,renter,51,0.1284315345577252,0.12535442061465393,0.05752235131944817
national,b600k.cps2022-2023-2024.acs000.s0,cd,households,436,0.060002043442581164,0.04213460844445295,0.04801722281360067
national,b600k.cps2022-2023-2024.acs000.s0,cd,owner,436,0.14326228774706112,0.07434173363185752,0.13969944664351838
national,b600k.cps2022-2023-2024.acs000.s0,cd,persons_0_17,436,0.14310699911165264,0.11035296798849335,0.11894334403780951
national,b600k.cps2022-2023-2024.acs000.s0,cd,persons_18_64,436,0.0607214366725124,0.048993480782563784,0.05613206137225359
national,b600k.cps2022-2023-2024.acs000.s0,cd,persons_65p,436,0.13295318338546633,0.09979987805681113,0.128341874121303
national,b600k.cps2022-2023-2024.acs000.s0,cd,persons_in_households,436,0.06240987772719216,0.049689236898378134,0.049958866335626136
national,b600k.cps2022-2023-2024.acs000.s0,cd,persons_male,436,0.058947519657393393,0.04591717631697646,0.05638393934796342
national,b600k.cps2022-2023-2024.acs000.s0,cd,persons_total,436,0.052023965226079535,0.038595972693146074,0.0464902838324475
national,b600k.cps2022-2023-2024.acs000.s0,cd,real_estate_taxes_aggregate,436,0.47067137359535527,0.49330508660923317,0.5765731026475934
national,b600k.cps2022-2023-2024.acs000.s0,cd,rent_contract_annual_aggregate,436,0.3302130491278194,0.27318683291778295,0.31623224000001665
national,b600k.cps2022-2023-2024.acs000.s0,cd,rent_gross_annual_aggregate,436,0.3034504527868623,0.2773548241098357,0.2882616247944339
national,b600k.cps2022-2023-2024.acs000.s0,cd,renter,436,0.2399534641362912,0.18609340750199205,0.22575486338826894
national,b600k.cps2022-2023-2024.acs000.s0,county,households,850,0.09446881620630154,0.06747145075664128,0.07079583003375713
national,b600k.cps2022-2023-2024.acs000.s0,county,owner,850,0.15074632729203594,0.10822696448706343,0.13838716902434267
national,b600k.cps2022-2023-2024.acs000.s0,county,persons_0_17,850,0.20733802516706298,0.14282471744502548,0.16096348049085904
national,b600k.cps2022-2023-2024.acs000.s0,county,persons_18_64,850,0.11478420826302678,0.08171178918757732,0.09531176868706699
national,b600k.cps2022-2023-2024.acs000.s0,county,persons_65p,850,0.19138340201787282,0.1435126004574654,0.16230870184838916
national,b600k.cps2022-2023-2024.acs000.s0,county,persons_in_households,850,0.10373348752884909,0.07365410999630892,0.07866774822280603
national,b600k.cps2022-2023-2024.acs000.s0,county,persons_male,850,0.10172602005891411,0.06995245979756279,0.08335934248251217
national,b600k.cps2022-2023-2024.acs000.s0,county,persons_total,850,0.09451653230901969,0.06558855116675497,0.0736315251376632
national,b600k.cps2022-2023-2024.acs000.s0,county,real_estate_taxes_aggregate,850,0.4834972577024314,0.5191533106045221,0.5552760703819513
national,b600k.cps2022-2023-2024.acs000.s0,county,rent_contract_annual_aggregate,850,0.40747700523924174,0.3291136526184297,0.40070703161679877
national,b600k.cps2022-2023-2024.acs000.s0,county,rent_gross_annual_aggregate,850,0.35685438924987317,0.29584505029955566,0.3405721258724111
national,b600k.cps2022-2023-2024.acs000.s0,county,renter,850,0.32325428680811946,0.2485297201235461,0.3028016551040578
national,b600k.cps2022-2023-2024.acs000.s0,national,households,1,0.04038778034585477,0.04038778034585477,0.04038778011268734
national,b600k.cps2022-2023-2024.acs000.s0,national,owner,1,0.04808511804256383,0.04808511804256383,0.04504294266356592
national,b600k.cps2022-2023-2024.acs000.s0,national,persons_0_17,1,0.06309578807752662,0.06309578807752662,0.02109426309349261
national,b600k.cps2022-2023-2024.acs000.s0,national,persons_18_64,1,0.01379274395344962,0.01379274395344962,0.026748636552436502
national,b600k.cps2022-2023-2024.acs000.s0,national,persons_65p,1,0.0007490670670807014,0.0007490670670807014,0.018547026346196087
national,b600k.cps2022-2023-2024.acs000.s0,national,persons_in_households,1,0.030458563364602367,0.030458563364602367,0.00746880760395044
national,b600k.cps2022-2023-2024.acs000.s0,national,persons_male,1,0.007673079924162458,0.007673079924162458,0.030890456469041976
national,b600k.cps2022-2023-2024.acs000.s0,national,persons_total,1,0.005043140838102024,0.005043140838102024,0.01737959129131314
national,b600k.cps2022-2023-2024.acs000.s0,national,real_estate_taxes_aggregate,1,0.5421010033465041,0.5421010033465041,0.6659411721508722
national,b600k.cps2022-2023-2024.acs000.s0,national,rent_contract_annual_aggregate,1,0.12051269370451184,0.12051269370451184,0.13110826309034238
national,b600k.cps2022-2023-2024.acs000.s0,national,rent_gross_annual_aggregate,1,0.22739262724273523,0.22739262724273523,0.23670056718394392
national,b600k.cps2022-2023-2024.acs000.s0,national,renter,1,0.007383763114273543,0.007383763114273543,0.0022442128363200317
national,b600k.cps2022-2023-2024.acs000.s0,state,households,51,0.038240237370375116,0.029819493556678144,0.038818772971578756
national,b600k.cps2022-2023-2024.acs000.s0,state,owner,51,0.042982311003997825,0.044097596966668144,0.04937364843674589
national,b600k.cps2022-2023-2024.acs000.s0,state,persons_0_17,51,0.07068732524346281,0.069014781025452,0.051251297935895425
national,b600k.cps2022-2023-2024.acs000.s0,state,persons_18_64,51,0.02381404389278115,0.017356694059507252,0.029082605581341018
national,b600k.cps2022-2023-2024.acs000.s0,state,persons_65p,51,0.02467220163146709,0.008102424051727033,0.033742093722682706
national,b600k.cps2022-2023-2024.acs000.s0,state,persons_in_households,51,0.030393275766316532,0.027038150434896206,0.020461498374015723
national,b600k.cps2022-2023-2024.acs000.s0,state,persons_male,51,0.021502312363578212,0.015273283186426618,0.030540574782716375
national,b600k.cps2022-2023-2024.acs000.s0,state,persons_total,51,0.014906519702088925,0.010039531454165057,0.01771959021526217
national,b600k.cps2022-2023-2024.acs000.s0,state,real_estate_taxes_aggregate,51,0.45702651951832735,0.4503891104629668,0.5512094530501028
national,b600k.cps2022-2023-2024.acs000.s0,state,rent_contract_annual_aggregate,51,0.14195838173980319,0.1353850548696627,0.1468564716660872
national,b600k.cps2022-2023-2024.acs000.s0,state,rent_gross_annual_aggregate,51,0.23015237560818547,0.20931457006047932,0.2319063763479941
national,b600k.cps2022-2023-2024.acs000.s0,state,renter,51,0.08637478324960471,0.079804582343505,0.058740079396225546
national,b600k.cps2022-2023-2024.acs050.s0,cd,households,436,0.06431988196538463,0.04855680375725209,0.04076660944068676
national,b600k.cps2022-2023-2024.acs050.s0,cd,owner,436,0.11874910795021167,0.06724313025720116,0.10309806957703438
national,b600k.cps2022-2023-2024.acs050.s0,cd,persons_0_17,436,0.1282129942376719,0.09219186505423582,0.09416791053042188
national,b600k.cps2022-2023-2024.acs050.s0,cd,persons_18_64,436,0.05902393460910494,0.051929914155506574,0.045930432415639405
national,b600k.cps2022-2023-2024.acs050.s0,cd,persons_65p,436,0.10454568720461468,0.07996915853684633,0.09371557363276464
national,b600k.cps2022-2023-2024.acs050.s0,cd,persons_in_households,436,0.056687107047555314,0.04395009712170181,0.03934938141426412
national,b600k.cps2022-2023-2024.acs050.s0,cd,persons_male,436,0.05532995666771832,0.04435232166625247,0.04798835098337538
national,b600k.cps2022-2023-2024.acs050.s0,cd,persons_total,436,0.04998730202579807,0.03978905884200983,0.03878063239127864
national,b600k.cps2022-2023-2024.acs050.s0,cd,real_estate_taxes_aggregate,436,0.3296921416338998,0.34410136633391597,0.36210372447109174
national,b600k.cps2022-2023-2024.acs050.s0,cd,rent_contract_annual_aggregate,436,0.3291714993672582,0.2696407846288373,0.31345895784069233
national,b600k.cps2022-2023-2024.acs050.s0,cd,rent_gross_annual_aggregate,436,0.287558196871872,0.25736570657438596,0.27504990828074793
national,b600k.cps2022-2023-2024.acs050.s0,cd,renter,436,0.19141413353249856,0.15029211016155553,0.15967464680644824
national,b600k.cps2022-2023-2024.acs050.s0,county,households,850,0.10064921625922718,0.07009304943956829,0.07282913072759298
national,b600k.cps2022-2023-2024.acs050.s0,county,owner,850,0.1403053843260553,0.10270079993047368,0.11646523216809596
national,b600k.cps2022-2023-2024.acs050.s0,county,persons_0_17,850,0.20999554918229338,0.15081971195987606,0.14915435274988675
national,b600k.cps2022-2023-2024.acs050.s0,county,persons_18_64,850,0.12086811479495004,0.08820950277043715,0.0885193849220127
national,b600k.cps2022-2023-2024.acs050.s0,county,persons_65p,850,0.17916075846917842,0.13463538841834735,0.13962343544320704
national,b600k.cps2022-2023-2024.acs050.s0,county,persons_in_households,850,0.10898724205584127,0.07130788518157291,0.07782725672079106
national,b600k.cps2022-2023-2024.acs050.s0,county,persons_male,850,0.11281729269082172,0.08044528774737583,0.08404599951802504
national,b600k.cps2022-2023-2024.acs050.s0,county,persons_total,850,0.10248919467571839,0.06833925889239964,0.07530376871577389
national,b600k.cps2022-2023-2024.acs050.s0,county,real_estate_taxes_aggregate,850,0.3640312380557337,0.3588156313221753,0.35876215059500544
national,b600k.cps2022-2023-2024.acs050.s0,county,rent_contract_annual_aggregate,850,0.4102324731642064,0.3272082430158455,0.3952793971545376
national,b600k.cps2022-2023-2024.acs050.s0,county,rent_gross_annual_aggregate,850,0.3545246595185222,0.29614631684517784,0.3307980790519032
national,b600k.cps2022-2023-2024.acs050.s0,county,renter,850,0.2685897414002361,0.21697013122521813,0.22587235478886497
national,b600k.cps2022-2023-2024.acs050.s0,national,households,1,0.03735191267418759,0.03735191267418759,0.02654951890742389
national,b600k.cps2022-2023-2024.acs050.s0,national,owner,1,0.05352323415737309,0.05352323415737309,0.030642047718378935
national,b600k.cps2022-2023-2024.acs050.s0,national,persons_0_17,1,0.06664145892594266,0.06664145892594266,0.02843698537315832
national,b600k.cps2022-2023-2024.acs050.s0,national,persons_18_64,1,0.017952517107229064,0.017952517107229064,0.02401883189545691
national,b600k.cps2022-2023-2024.acs050.s0,national,persons_65p,1,0.0007773664598441149,0.0007773664598441149,0.01811162226616691
national,b600k.cps2022-2023-2024.acs050.s0,national,persons_in_households,1,0.024106379671600172,0.024106379671600172,0.0013977685137549069
national,b600k.cps2022-2023-2024.acs050.s0,national,persons_male,1,0.009786033367151711,0.009786033367151711,0.02998682446234174
national,b600k.cps2022-2023-2024.acs050.s0,national,persons_total,1,0.0032796031292041936,0.0032796031292041936,0.017379591291606683
national,b600k.cps2022-2023-2024.acs050.s0,national,real_estate_taxes_aggregate,1,0.3561441874108551,0.3561441874108551,0.42226202267962937
national,b600k.cps2022-2023-2024.acs050.s0,national,rent_contract_annual_aggregate,1,0.10578927172847728,0.10578927172847728,0.1294539567926372
national,b600k.cps2022-2023-2024.acs050.s0,national,rent_gross_annual_aggregate,1,0.21445847311740127,0.21445847311740127,0.23524730090794793
national,b600k.cps2022-2023-2024.acs050.s0,national,renter,1,0.029664240016926333,0.029664240016926333,0.019179098677224803
national,b600k.cps2022-2023-2024.acs050.s0,state,households,51,0.034668605864753566,0.02310329272596817,0.029996373805502928
national,b600k.cps2022-2023-2024.acs050.s0,state,owner,51,0.04404109540015243,0.03735817507902847,0.03478868669108088
national,b600k.cps2022-2023-2024.acs050.s0,state,persons_0_17,51,0.06926400422984134,0.06250894111415595,0.04757777527998962
national,b600k.cps2022-2023-2024.acs050.s0,state,persons_18_64,51,0.02672218821079481,0.016942192006532544,0.027509490333724632
national,b600k.cps2022-2023-2024.acs050.s0,state,persons_65p,51,0.02255547665958944,0.006402838718725874,0.02919642305626463
national,b600k.cps2022-2023-2024.acs050.s0,state,persons_in_households,51,0.024344253285723483,0.02355789814396465,0.01794596655497512
national,b600k.cps2022-2023-2024.acs050.s0,state,persons_male,51,0.020852752675555104,0.015304652472317971,0.030145794013306495
national,b600k.cps2022-2023-2024.acs050.s0,state,persons_total,51,0.015483636551312397,0.011843237014794299,0.018901079284208228
national,b600k.cps2022-2023-2024.acs050.s0,state,real_estate_taxes_aggregate,51,0.3448752801525748,0.36532710173280963,0.350556825426126
national,b600k.cps2022-2023-2024.acs050.s0,state,rent_contract_annual_aggregate,51,0.1480749849853002,0.1298085643033683,0.15280228479458702
national,b600k.cps2022-2023-2024.acs050.s0,state,rent_gross_annual_aggregate,51,0.21025370645541508,0.2235069699401014,0.21406906286509106
national,b600k.cps2022-2023-2024.acs050.s0,state,renter,51,0.08171857211175315,0.07691359064514947,0.05134947943147949
national,b600k.cps2022-2023-2024.acs100.s0,cd,households,436,0.06908926125073285,0.05207447178940018,0.03506520730176734
national,b600k.cps2022-2023-2024.acs100.s0,cd,owner,436,0.11300950009413746,0.07081139755228653,0.06384594718594004
national,b600k.cps2022-2023-2024.acs100.s0,cd,persons_0_17,436,0.127554646461951,0.09867266393190277,0.07749915796910463
national,b600k.cps2022-2023-2024.acs100.s0,cd,persons_18_64,436,0.062213946472975554,0.05260486884811352,0.0393318807368864
national,b600k.cps2022-2023-2024.acs100.s0,cd,persons_65p,436,0.09826985716910151,0.08226361926357904,0.06486340081137254
national,b600k.cps2022-2023-2024.acs100.s0,cd,persons_in_households,436,0.056418828624367666,0.04278526812417422,0.035676884526310466
national,b600k.cps2022-2023-2024.acs100.s0,cd,persons_male,436,0.05767244748682679,0.04836883913001587,0.0443238019796366
national,b600k.cps2022-2023-2024.acs100.s0,cd,persons_total,436,0.05272369141945046,0.041327427285298056,0.03631302649441157
national,b600k.cps2022-2023-2024.acs100.s0,cd,real_estate_taxes_aggregate,436,0.24162500181028324,0.23659379540221293,0.1659213056597975
national,b600k.cps2022-2023-2024.acs100.s0,cd,rent_contract_annual_aggregate,436,0.3340546505626047,0.2780195189448083,0.31245072840633165
national,b600k.cps2022-2023-2024.acs100.s0,cd,rent_gross_annual_aggregate,436,0.28211089423377445,0.26000933373617674,0.2731156193254158
national,b600k.cps2022-2023-2024.acs100.s0,cd,renter,436,0.16556579062878252,0.14082531310278043,0.10015830093827033
national,b600k.cps2022-2023-2024.acs100.s0,county,households,850,0.11656777479424907,0.08415781193935037,0.07022295455240964
national,b600k.cps2022-2023-2024.acs100.s0,county,owner,850,0.15107011442922452,0.10908366770328891,0.09120412403910466
national,b600k.cps2022-2023-2024.acs100.s0,county,persons_0_17,850,0.22547328411158046,0.15717295308949744,0.14930389281148404
national,b600k.cps2022-2023-2024.acs100.s0,county,persons_18_64,850,0.13353202989051544,0.09539762552531901,0.08464531723176698
national,b600k.cps2022-2023-2024.acs100.s0,county,persons_65p,850,0.17790024419405145,0.13426979573666215,0.11514056128954414
national,b600k.cps2022-2023-2024.acs100.s0,county,persons_in_households,850,0.12416136438192883,0.08568818830593485,0.07930916467963997
national,b600k.cps2022-2023-2024.acs100.s0,county,persons_male,850,0.1267813850709114,0.09358076993299061,0.08247131400907916
national,b600k.cps2022-2023-2024.acs100.s0,county,persons_total,850,0.11826195552192546,0.08314949417016515,0.07734309998358456
national,b600k.cps2022-2023-2024.acs100.s0,county,real_estate_taxes_aggregate,850,0.2990910271301661,0.27449817923566766,0.19722729789148571
national,b600k.cps2022-2023-2024.acs100.s0,county,rent_contract_annual_aggregate,850,0.4255368494328012,0.3438173249598957,0.39346589899240614
national,b600k.cps2022-2023-2024.acs100.s0,county,rent_gross_annual_aggregate,850,0.36700634362940066,0.3162811642218729,0.3286331922752514
national,b600k.cps2022-2023-2024.acs100.s0,county,renter,850,0.24838573316012114,0.19375049577671521,0.16162469496419019
national,b600k.cps2022-2023-2024.acs100.s0,national,households,1,0.03418899787895899,0.03418899787895899,0.011916986562554879
national,b600k.cps2022-2023-2024.acs100.s0,national,owner,1,0.05957472086488447,0.05957472086488447,0.014413246770240463
national,b600k.cps2022-2023-2024.acs100.s0,national,persons_0_17,1,0.07050766467152457,0.07050766467152457,0.03192184197385389
national,b600k.cps2022-2023-2024.acs100.s0,national,persons_18_64,1,0.021128295393195017,0.021128295393195017,0.021832260889236167
national,b600k.cps2022-2023-2024.acs100.s0,national,persons_65p,1,0.0003900754203071322,0.0003900754203071322,0.014908986136342239
national,b600k.cps2022-2023-2024.acs100.s0,national,persons_in_households,1,0.018672926633771104,0.018672926633771104,0.010370673031291317
national,b600k.cps2022-2023-2024.acs100.s0,national,persons_male,1,0.009756960821811888,0.009756960821811888,0.028618045204852963
national,b600k.cps2022-2023-2024.acs100.s0,national,persons_total,1,0.0022554408193166254,0.0022554408193166254,0.017379591291674157
national,b600k.cps2022-2023-2024.acs100.s0,national,real_estate_taxes_aggregate,1,0.2378912961103497,0.2378912961103497,0.17769908558937333
national,b600k.cps2022-2023-2024.acs100.s0,national,rent_contract_annual_aggregate,1,0.09547586627810646,0.09547586627810646,0.1296810222713484
national,b600k.cps2022-2023-2024.acs100.s0,national,rent_gross_annual_aggregate,1,0.20539840706283297,0.20539840706283297,0.23544677219274665
national,b600k.cps2022-2023-2024.acs100.s0,national,renter,1,0.053640645915570606,0.053640645915570606,0.03589758252028333
national,b600k.cps2022-2023-2024.acs100.s0,state,households,51,0.033711835186838394,0.025765636013757462,0.0169975748768794
national,b600k.cps2022-2023-2024.acs100.s0,state,owner,51,0.04695649448623879,0.040644256925322,0.019295694410602426
national,b600k.cps2022-2023-2024.acs100.s0,state,persons_0_17,51,0.07238559070757364,0.06399653520408499,0.04707282476037992
national,b600k.cps2022-2023-2024.acs100.s0,state,persons_18_64,51,0.028583950436674273,0.020011404886954454,0.023794807114982382
national,b600k.cps2022-2023-2024.acs100.s0,state,persons_65p,51,0.018230840500665733,0.005017513908969191,0.02611831638512562
national,b600k.cps2022-2023-2024.acs100.s0,state,persons_in_households,51,0.02028343347789527,0.017399435001435443,0.0173595699878346
national,b600k.cps2022-2023-2024.acs100.s0,state,persons_male,51,0.019043914374072855,0.013438223096802183,0.02845235826373236
national,b600k.cps2022-2023-2024.acs100.s0,state,persons_total,51,0.014768802256811056,0.011536816971793444,0.018551922555122165
national,b600k.cps2022-2023-2024.acs100.s0,state,real_estate_taxes_aggregate,51,0.22506188014540546,0.2432459464807265,0.14846945183719518
national,b600k.cps2022-2023-2024.acs100.s0,state,rent_contract_annual_aggregate,51,0.16568385554360393,0.12260005038045753,0.17508609473163061
national,b600k.cps2022-2023-2024.acs100.s0,state,rent_gross_annual_aggregate,51,0.20336088078134168,0.20818266021253673,0.20840159791979437
national,b600k.cps2022-2023-2024.acs100.s0,state,renter,51,0.09291403711144701,0.08526125584070257,0.049236075039910135
national,b600k.cps2023-2024.acs000.s0,cd,households,436,0.05703256152369086,0.04674433571192389,0.04757020470526813
national,b600k.cps2023-2024.acs000.s0,cd,owner,436,0.14509701583720427,0.08017712109732308,0.1419669757238363
national,b600k.cps2023-2024.acs000.s0,cd,persons_0_17,436,0.14871016466183484,0.10773987393600484,0.12400367196258869
national,b600k.cps2023-2024.acs000.s0,cd,persons_18_64,436,0.062131502973460234,0.04612383970451321,0.05876189764179027
national,b600k.cps2023-2024.acs000.s0,cd,persons_65p,436,0.13552991352300414,0.10004372080126725,0.13165846430457087
national,b600k.cps2023-2024.acs000.s0,cd,persons_in_households,436,0.06596254198800537,0.05196205220855834,0.05343453964063293
national,b600k.cps2023-2024.acs000.s0,cd,persons_male,436,0.06303572770676645,0.04842733001503467,0.06047215373767997
national,b600k.cps2023-2024.acs000.s0,cd,persons_total,436,0.05629197807612599,0.04111666615747935,0.05023260618751336
national,b600k.cps2023-2024.acs000.s0,cd,real_estate_taxes_aggregate,436,0.46058316150484274,0.4785814043453197,0.5676811076228979
national,b600k.cps2023-2024.acs000.s0,cd,rent_contract_annual_aggregate,436,0.3255752631669309,0.27136261802627304,0.3153573695476941
national,b600k.cps2023-2024.acs000.s0,cd,rent_gross_annual_aggregate,436,0.29698070867465953,0.271635713961847,0.2843506848649899
national,b600k.cps2023-2024.acs000.s0,cd,renter,436,0.23569133993169747,0.18148070782138187,0.22450938418467437
national,b600k.cps2023-2024.acs000.s0,county,households,850,0.08826811151156883,0.06081638145126741,0.07000860107884044
national,b600k.cps2023-2024.acs000.s0,county,owner,850,0.1517574943292643,0.11252278839596795,0.143311577796287
national,b600k.cps2023-2024.acs000.s0,county,persons_0_17,850,0.2101299837395836,0.1556978619816583,0.1628470211171628
national,b600k.cps2023-2024.acs000.s0,county,persons_18_64,850,0.11462440211914957,0.0811425115572117,0.09830799978136316
national,b600k.cps2023-2024.acs000.s0,county,persons_65p,850,0.1891709628085182,0.14411003030682673,0.1647273008511208
national,b600k.cps2023-2024.acs000.s0,county,persons_in_households,850,0.10525964462597594,0.07242826253109197,0.0806695740889332
national,b600k.cps2023-2024.acs000.s0,county,persons_male,850,0.10447936427248697,0.07524951793442436,0.08569271421999052
national,b600k.cps2023-2024.acs000.s0,county,persons_total,850,0.09653635719638558,0.06737335365543407,0.07497035879383328
national,b600k.cps2023-2024.acs000.s0,county,real_estate_taxes_aggregate,850,0.4819924869747365,0.5011499428401845,0.5480828336968154
national,b600k.cps2023-2024.acs000.s0,county,rent_contract_annual_aggregate,850,0.4066375278503289,0.32414234585650215,0.39961295150573706
national,b600k.cps2023-2024.acs000.s0,county,rent_gross_annual_aggregate,850,0.35451622576621006,0.2925154183234935,0.3377649518117794
national,b600k.cps2023-2024.acs000.s0,county,renter,850,0.32108925891049345,0.2380649003491035,0.3030451079437595
national,b600k.cps2023-2024.acs000.s0,national,households,1,0.040631761222204237,0.040631761222204237,0.04063176077450957
national,b600k.cps2023-2024.acs000.s0,national,owner,1,0.039320779934016246,0.039320779934016246,0.04234516572802962
national,b600k.cps2023-2024.acs000.s0,national,persons_0_17,1,0.06568841610672783,0.06568841610672783,0.027390231881040526
national,b600k.cps2023-2024.acs000.s0,national,persons_18_64,1,0.014269256840130659,0.014269256840130659,0.02680501507024841
national,b600k.cps2023-2024.acs000.s0,national,persons_65p,1,0.0005657582419710235,0.0005657582419710235,0.026233676447590164
national,b600k.cps2023-2024.acs000.s0,national,persons_in_households,1,0.030766573991336744,0.030766573991336744,0.007468807603687385
national,b600k.cps2023-2024.acs000.s0,national,persons_male,1,0.008252262351349952,0.008252262351349952,0.030408793665966896
national,b600k.cps2023-2024.acs000.s0,national,persons_total,1,0.005343554633193268,0.005343554633193268,0.017379591291569706
national,b600k.cps2023-2024.acs000.s0,national,real_estate_taxes_aggregate,1,0.53800422227846,0.53800422227846,0.6562268648260858
national,b600k.cps2023-2024.acs000.s0,national,rent_contract_annual_aggregate,1,0.1090863993014265,0.1090863993014265,0.12227496863436776
national,b600k.cps2023-2024.acs000.s0,national,rent_gross_annual_aggregate,1,0.21735491636740306,0.21735491636740306,0.22894074123356356
national,b600k.cps2023-2024.acs000.s0,national,renter,1,0.007322778077142631,0.007322778077142631,0.0025205865936245436
national,b600k.cps2023-2024.acs000.s0,state,households,51,0.03880058885955302,0.029877486609536066,0.04016948176038709
national,b600k.cps2023-2024.acs000.s0,state,owner,51,0.037508274223974764,0.032938858887970594,0.047575326212758874
national,b600k.cps2023-2024.acs000.s0,state,persons_0_17,51,0.07139074565283368,0.06624560195723926,0.05483953711216379
national,b600k.cps2023-2024.acs000.s0,state,persons_18_64,51,0.02433389328266441,0.019649874209693993,0.030737259274090257
national,b600k.cps2023-2024.acs000.s0,state,persons_65p,51,0.023813017407775954,0.008211560198885817,0.03958899754100455
national,b600k.cps2023-2024.acs000.s0,state,persons_in_households,51,0.030897564398201516,0.02752399020180724,0.019558544514582006
national,b600k.cps2023-2024.acs000.s0,state,persons_male,51,0.023950344827044716,0.02019577399791625,0.031232583282334508
national,b600k.cps2023-2024.acs000.s0,state,persons_total,51,0.014489923552418857,0.010663614023361197,0.018964847449262308
national,b600k.cps2023-2024.acs000.s0,state,real_estate_taxes_aggregate,51,0.4515117367745328,0.4443537791378309,0.541622701942078
national,b600k.cps2023-2024.acs000.s0,state,rent_contract_annual_aggregate,51,0.13863821291624503,0.1237646295342629,0.1416029247645714
national,b600k.cps2023-2024.acs000.s0,state,rent_gross_annual_aggregate,51,0.22030078593737376,0.21613356811818704,0.21996850492417253
national,b600k.cps2023-2024.acs000.s0,state,renter,51,0.07623616522488934,0.06322679357335191,0.06435477021533302
national,b600k.cps2023-2024.acs100.s0,cd,households,436,0.06780531413482804,0.05419836704773337,0.03201891814786413
national,b600k.cps2023-2024.acs100.s0,cd,owner,436,0.10072486139503938,0.06554970778181754,0.05429203104563203
national,b600k.cps2023-2024.acs100.s0,cd,persons_0_17,436,0.12865593416463966,0.1064718047724041,0.07857924097754165
national,b600k.cps2023-2024.acs100.s0,cd,persons_18_64,436,0.06932097981385807,0.05718594777187609,0.04069222534409441
national,b600k.cps2023-2024.acs100.s0,cd,persons_65p,436,0.09383069187021528,0.07708152180559494,0.05900141255712118
national,b600k.cps2023-2024.acs100.s0,cd,persons_in_households,436,0.06390567284621224,0.05248706919878206,0.03815058862728164
national,b600k.cps2023-2024.acs100.s0,cd,persons_male,436,0.06367386683156001,0.05564356485463627,0.045321618142586624
national,b600k.cps2023-2024.acs100.s0,cd,persons_total,436,0.0595400158914573,0.05265457187748077,0.03817866115212427
national,b600k.cps2023-2024.acs100.s0,cd,real_estate_taxes_aggregate,436,0.1908097293745798,0.17741421534076898,0.1283149673485505
national,b600k.cps2023-2024.acs100.s0,cd,rent_contract_annual_aggregate,436,0.334908729804153,0.28456517378363566,0.31389979158479325
national,b600k.cps2023-2024.acs100.s0,cd,rent_gross_annual_aggregate,436,0.28327866586878203,0.25191508057773415,0.27326254525660193
national,b600k.cps2023-2024.acs100.s0,cd,renter,436,0.1535855150571525,0.12505938271119815,0.08687767837826281
national,b600k.cps2023-2024.acs100.s0,county,households,850,0.11758014802519659,0.0825295344224373,0.06786876691051111
national,b600k.cps2023-2024.acs100.s0,county,owner,850,0.1446333861722108,0.10305318688205636,0.08533779859957384
national,b600k.cps2023-2024.acs100.s0,county,persons_0_17,850,0.2336120199434144,0.16576767705036477,0.15092560849272915
national,b600k.cps2023-2024.acs100.s0,county,persons_18_64,850,0.13958157490097223,0.09876154408815388,0.08535920677713327
national,b600k.cps2023-2024.acs100.s0,county,persons_65p,850,0.17507787485466414,0.13386583123398516,0.11181692901151243
national,b600k.cps2023-2024.acs100.s0,county,persons_in_households,850,0.1302731111724608,0.09067741622415051,0.07974345026069395
national,b600k.cps2023-2024.acs100.s0,county,persons_male,850,0.13307876715664493,0.09913267079765418,0.0848549067859619
national,b600k.cps2023-2024.acs100.s0,county,persons_total,850,0.12438359007900343,0.08925154821315978,0.07768986651702461
national,b600k.cps2023-2024.acs100.s0,county,real_estate_taxes_aggregate,850,0.2618597379914219,0.22186501604170886,0.17081468563330832
national,b600k.cps2023-2024.acs100.s0,county,rent_contract_annual_aggregate,850,0.4173626906787209,0.3266695372685663,0.3921769114729371
national,b600k.cps2023-2024.acs100.s0,county,rent_gross_annual_aggregate,850,0.36438553694662074,0.30558963051724075,0.32672405393682935
national,b600k.cps2023-2024.acs100.s0,county,renter,850,0.23523224686595387,0.17832961194646543,0.15205682831065692
national,b600k.cps2023-2024.acs100.s0,national,households,1,0.030553584844695274,0.030553584844695274,0.007898100092096693
national,b600k.cps2023-2024.acs100.s0,national,owner,1,0.052802254119552736,0.052802254119552736,0.009375892152526346
national,b600k.cps2023-2024.acs100.s0,national,persons_0_17,1,0.07320045264417356,0.07320045264417356,0.03465086915036744
national,b600k.cps2023-2024.acs100.s0,national,persons_18_64,1,0.022683106787590914,0.022683106787590914,0.021099151615868166
national,b600k.cps2023-2024.acs100.s0,national,persons_65p,1,0.0001404461695498836,0.0001404461695498836,0.01569357216696269
national,b600k.cps2023-2024.acs100.s0,national,persons_in_households,1,0.016082471332805586,0.016082471332805586,0.012787431015813356
national,b600k.cps2023-2024.acs100.s0,national,persons_male,1,0.010548491784949132,0.010548491784949132,0.028925993511865398
national,b600k.cps2023-2024.acs100.s0,national,persons_total,1,0.0019363671393303385,0.0019363671393303385,0.01737959129168467
national,b600k.cps2023-2024.acs100.s0,national,real_estate_taxes_aggregate,1,0.16240586758810216,0.16240586758810216,0.11048028880911435
national,b600k.cps2023-2024.acs100.s0,national,rent_contract_annual_aggregate,1,0.09851572169752405,0.09851572169752405,0.1281570822615306
national,b600k.cps2023-2024.acs100.s0,national,rent_gross_annual_aggregate,1,0.20806884322756947,0.20806884322756947,0.23410802940612888
national,b600k.cps2023-2024.acs100.s0,national,renter,1,0.053842726060901895,0.053842726060901895,0.039266486957245474
national,b600k.cps2023-2024.acs100.s0,state,households,51,0.03216136691150738,0.027128943520879075,0.014483036257314095
national,b600k.cps2023-2024.acs100.s0,state,owner,51,0.043956856901977856,0.0402621652643649,0.016025862707060336
national,b600k.cps2023-2024.acs100.s0,state,persons_0_17,51,0.07479845318353526,0.06235625370909042,0.041562306128017895
national,b600k.cps2023-2024.acs100.s0,state,persons_18_64,51,0.02980549801461339,0.020827325810047644,0.023431882857797973
national,b600k.cps2023-2024.acs100.s0,state,persons_65p,51,0.01630849156559745,0.007101992020573173,0.0283621353351104
national,b600k.cps2023-2024.acs100.s0,state,persons_in_households,51,0.019261191901169716,0.015669318630287008,0.017972250831526402
national,b600k.cps2023-2024.acs100.s0,state,persons_male,51,0.019559518015193317,0.014536775117830242,0.02784736053088848
national,b600k.cps2023-2024.acs100.s0,state,persons_total,51,0.015740122658653526,0.012975126410714504,0.01888189852316395
national,b600k.cps2023-2024.acs100.s0,state,real_estate_taxes_aggregate,51,0.15694620043747307,0.16628079793800857,0.09512214865337698
national,b600k.cps2023-2024.acs100.s0,state,rent_contract_annual_aggregate,51,0.1727086949590483,0.13826751705522128,0.18348344571762085
national,b600k.cps2023-2024.acs100.s0,state,rent_gross_annual_aggregate,51,0.20423994309887167,0.19067833773584394,0.21014181331630405
national,b600k.cps2023-2024.acs100.s0,state,renter,51,0.08982736430410553,0.07847696597877879,0.04939571988322804
national,b600k.cps2024.acs000.s0,cd,households,436,0.05909732925150094,0.047608563337719234,0.04860373422342944
national,b600k.cps2024.acs000.s0,cd,owner,436,0.1450250439339014,0.08528196579510532,0.14086797245473626
national,b600k.cps2024.acs000.s0,cd,persons_0_17,436,0.1484597556423358,0.11466113484554954,0.1287218736419662
national,b600k.cps2024.acs000.s0,cd,persons_18_64,436,0.0658518713971586,0.05289222094897673,0.06368655569089146
national,b600k.cps2024.acs000.s0,cd,persons_65p,436,0.1349757261225433,0.09390751110777246,0.13475217085653052
national,b600k.cps2024.acs000.s0,cd,persons_in_households,436,0.06742512053161434,0.05177015510025937,0.05672902969785781
national,b600k.cps2024.acs000.s0,cd,persons_male,436,0.06545588870838409,0.050269635353718464,0.06347128608512126
national,b600k.cps2024.acs000.s0,cd,persons_total,436,0.05835452311673779,0.043127644855343726,0.053441021977624
national,b600k.cps2024.acs000.s0,cd,real_estate_taxes_aggregate,436,0.4675706107416856,0.4921636039427403,0.5512385370971004
national,b600k.cps2024.acs000.s0,cd,rent_contract_annual_aggregate,436,0.3335740692582731,0.26963743885169367,0.32027836579887575
national,b600k.cps2024.acs000.s0,cd,rent_gross_annual_aggregate,436,0.293706888207474,0.261080416132075,0.28394427611551737
national,b600k.cps2024.acs000.s0,cd,renter,436,0.24718375256564035,0.18809954159737574,0.2296633622834789
national,b600k.cps2024.acs000.s0,county,households,850,0.0900310379084711,0.061904303399174895,0.07032960345071332
national,b600k.cps2024.acs000.s0,county,owner,850,0.15440931932198357,0.1145931383420031,0.14217725774268836
national,b600k.cps2024.acs000.s0,county,persons_0_17,850,0.20827475333289738,0.15274614307866086,0.1679169791612588
national,b600k.cps2024.acs000.s0,county,persons_18_64,850,0.11940227419597083,0.08691026810168125,0.101923904001775
national,b600k.cps2024.acs000.s0,county,persons_65p,850,0.18556502522978544,0.14177215275149607,0.16532852292906403
national,b600k.cps2024.acs000.s0,county,persons_in_households,850,0.10969012181027894,0.07983379198078516,0.08620704438537921
national,b600k.cps2024.acs000.s0,county,persons_male,850,0.10750253406544807,0.07853998533148608,0.08967680931621032
national,b600k.cps2024.acs000.s0,county,persons_total,850,0.099795575239555,0.07238772784150807,0.07962418337759103
national,b600k.cps2024.acs000.s0,county,real_estate_taxes_aggregate,850,0.48439125627856705,0.5047991473751721,0.5307062105782046
national,b600k.cps2024.acs000.s0,county,rent_contract_annual_aggregate,850,0.41179035782052803,0.31993601086778856,0.40670800802871676
national,b600k.cps2024.acs000.s0,county,rent_gross_annual_aggregate,850,0.35412051091446917,0.2948121360373408,0.33684740200907715
national,b600k.cps2024.acs000.s0,county,renter,850,0.3238565126651163,0.2338287017246663,0.30476853363678535
national,b600k.cps2024.acs000.s0,national,households,1,0.04250326675600782,0.04250326675600782,0.042503266231344095
national,b600k.cps2024.acs000.s0,national,owner,1,0.03205826891998349,0.03205826891998349,0.04010859549479916
national,b600k.cps2024.acs000.s0,national,persons_0_17,1,0.06129604717228814,0.06129604717228814,0.03288093308216741
national,b600k.cps2024.acs000.s0,national,persons_18_64,1,0.012211351835314549,0.012211351835314549,0.028643647199171115
national,b600k.cps2024.acs000.s0,national,persons_65p,1,0.0006813167436588355,0.0006813167436588355,0.03895423703662267
national,b600k.cps2024.acs000.s0,national,persons_in_households,1,0.031057141260680182,0.031057141260680182,0.007468807602916907
national,b600k.cps2024.acs000.s0,national,persons_male,1,0.012676270791828216,0.012676270791828216,0.03015050978129372
national,b600k.cps2024.acs000.s0,national,persons_total,1,0.0056269552971191916,0.0056269552971191916,0.01737959129232118
national,b600k.cps2024.acs000.s0,national,real_estate_taxes_aggregate,1,0.5389774706546059,0.5389774706546059,0.6395411932654015
national,b600k.cps2024.acs000.s0,national,rent_contract_annual_aggregate,1,0.08391663082609926,0.08391663082609926,0.098869446080184
national,b600k.cps2024.acs000.s0,national,rent_gross_annual_aggregate,1,0.1952439108356215,0.1952439108356215,0.20837958115864685
national,b600k.cps2024.acs000.s0,national,renter,1,0.02763436254682897,0.02763436254682897,0.012242781551081959
national,b600k.cps2024.acs000.s0,state,households,51,0.04088688904768443,0.03569291353443703,0.0411318324001774
national,b600k.cps2024.acs000.s0,state,owner,51,0.03893937091307738,0.033556471297507204,0.04737445437548185
national,b600k.cps2024.acs000.s0,state,persons_0_17,51,0.06951615910491699,0.0696815760109167,0.05938231280038855
national,b600k.cps2024.acs000.s0,state,persons_18_64,51,0.024586898840412937,0.01793943991452501,0.03622043144080088
national,b600k.cps2024.acs000.s0,state,persons_65p,51,0.027316550645966962,0.006504385338956131,0.053288532654899204
national,b600k.cps2024.acs000.s0,state,persons_in_households,51,0.03139765443139715,0.02732098573865823,0.01986143555982416
national,b600k.cps2024.acs000.s0,state,persons_male,51,0.029379504198897535,0.030072098572305896,0.03069101486431198
national,b600k.cps2024.acs000.s0,state,persons_total,51,0.016035579076317554,0.012099187004840695,0.018409030751611464
national,b600k.cps2024.acs000.s0,state,real_estate_taxes_aggregate,51,0.4512187019336541,0.43992733257982414,0.526001522155504
national,b600k.cps2024.acs000.s0,state,rent_contract_annual_aggregate,51,0.12964602178372334,0.12410094052567115,0.12759779821473993
national,b600k.cps2024.acs000.s0,state,rent_gross_annual_aggregate,51,0.2029127037136362,0.20723349125761953,0.20252115687966885
national,b600k.cps2024.acs000.s0,state,renter,51,0.08443706429886408,0.07160580520127227,0.07151289876278472
national,b600k.cps2024.acs050.s0,cd,households,436,0.060417038644129756,0.04756782532969223,0.0378119201009434
national,b600k.cps2024.acs050.s0,cd,owner,436,0.10953383972115097,0.06543359326777926,0.08940336052967823
national,b600k.cps2024.acs050.s0,cd,persons_0_17,436,0.13215089825317164,0.099725653096252,0.09558272273817567
national,b600k.cps2024.acs050.s0,cd,persons_18_64,436,0.06172772625320176,0.050898414569317374,0.0492840182173179
national,b600k.cps2024.acs050.s0,cd,persons_65p,436,0.0990630614571277,0.07792831718515728,0.08642160122209239
national,b600k.cps2024.acs050.s0,cd,persons_in_households,436,0.05998006270741012,0.04632203816170904,0.04333922551642038
national,b600k.cps2024.acs050.s0,cd,persons_male,436,0.05790491456017837,0.04777316444957812,0.05095400388283775
national,b600k.cps2024.acs050.s0,cd,persons_total,436,0.053488301942434445,0.040307339822974034,0.04227227158393402
national,b600k.cps2024.acs050.s0,cd,real_estate_taxes_aggregate,436,0.2917190005815743,0.30568121645455637,0.2935751668108753
national,b600k.cps2024.acs050.s0,cd,rent_contract_annual_aggregate,436,0.3413175120663349,0.2892356852179321,0.31815952267130265
national,b600k.cps2024.acs050.s0,cd,rent_gross_annual_aggregate,436,0.29075794180238057,0.25910342396783614,0.2756038510261207
national,b600k.cps2024.acs050.s0,cd,renter,436,0.18245663810772425,0.1398051115706993,0.1439488670291109
national,b600k.cps2024.acs050.s0,county,households,850,0.10363682933519934,0.07391419462675249,0.07134703071043064
national,b600k.cps2024.acs050.s0,county,owner,850,0.1405702981820702,0.10061267070616106,0.10953933697417954
national,b600k.cps2024.acs050.s0,county,persons_0_17,850,0.22228506606786533,0.16098333773263648,0.15324594300906216
national,b600k.cps2024.acs050.s0,county,persons_18_64,850,0.12643048055324443,0.09165975210808655,0.09387407087829701
national,b600k.cps2024.acs050.s0,county,persons_65p,850,0.1749050469076079,0.12670165049132026,0.13138329285662573
national,b600k.cps2024.acs050.s0,county,persons_in_households,850,0.11786324543067253,0.07605337333619458,0.08305863152062937
national,b600k.cps2024.acs050.s0,county,persons_male,850,0.1193691512544531,0.08123402674132005,0.08620642395998672
national,b600k.cps2024.acs050.s0,county,persons_total,850,0.11245420997054399,0.07685572430901802,0.07985714392887511
national,b600k.cps2024.acs050.s0,county,real_estate_taxes_aggregate,850,0.3329466717722224,0.33315618298379884,0.30599337024901835
national,b600k.cps2024.acs050.s0,county,rent_contract_annual_aggregate,850,0.41785475831498964,0.3198194811778282,0.39561522450692965
national,b600k.cps2024.acs050.s0,county,rent_gross_annual_aggregate,850,0.35893926362831857,0.3033380158662424,0.32499046551842276
national,b600k.cps2024.acs050.s0,county,renter,850,0.2696228361468962,0.2013575724282055,0.212857145745422
national,b600k.cps2024.acs050.s0,national,households,1,0.036884336760090855,0.036884336760090855,0.024115482131001297
national,b600k.cps2024.acs050.s0,national,owner,1,0.04355352348319061,0.04355352348319061,0.023264152060971526
national,b600k.cps2024.acs050.s0,national,persons_0_17,1,0.06689771847485369,0.06689771847485369,0.03600752374625699
national,b600k.cps2024.acs050.s0,national,persons_18_64,1,0.01800885291452288,0.01800885291452288,0.02417241595557154
national,b600k.cps2024.acs050.s0,national,persons_65p,1,0.0005189519491646605,0.0005189519491646605,0.027642849392773294
national,b600k.cps2024.acs050.s0,national,persons_in_households,1,0.022606681666048314,0.022606681666048314,0.00375341199422468
national,b600k.cps2024.acs050.s0,national,persons_male,1,0.011736187305509651,0.011736187305509651,0.02929129328905722
national,b600k.cps2024.acs050.s0,national,persons_total,1,0.0033469749872814224,0.0033469749872814224,0.017379591291849055
national,b600k.cps2024.acs050.s0,national,real_estate_taxes_aggregate,1,0.31093766574478404,0.31093766574478404,0.3442077419912742
national,b600k.cps2024.acs050.s0,national,rent_contract_annual_aggregate,1,0.08177982237680421,0.08177982237680421,0.11117040245830881
national,b600k.cps2024.acs050.s0,national,rent_gross_annual_aggregate,1,0.19336677861293006,0.19336677861293006,0.21918566047517046
national,b600k.cps2024.acs050.s0,national,renter,1,0.014365266701905157,0.014365266701905157,0.014194095837008477
national,b600k.cps2024.acs050.s0,state,households,51,0.03308787787781821,0.024449555735203066,0.027163858774878504
national,b600k.cps2024.acs050.s0,state,owner,51,0.0386284100623994,0.030988694049454604,0.02920626243099388
national,b600k.cps2024.acs050.s0,state,persons_0_17,51,0.06993743575288588,0.0586568028132086,0.05148227764742262
national,b600k.cps2024.acs050.s0,state,persons_18_64,51,0.02786054935240013,0.018609060347731,0.029377604727982252
national,b600k.cps2024.acs050.s0,state,persons_65p,51,0.022254570950417447,0.006689357272505792,0.038644476717323954
national,b600k.cps2024.acs050.s0,state,persons_in_households,51,0.02256009904113447,0.020294824169693713,0.017402341813074974
national,b600k.cps2024.acs050.s0,state,persons_male,51,0.02242409587889977,0.020488480959045725,0.02993045326881342
national,b600k.cps2024.acs050.s0,state,persons_total,51,0.015363711485070462,0.010554016302630339,0.01932238423550864
national,b600k.cps2024.acs050.s0,state,real_estate_taxes_aggregate,51,0.302742201720904,0.3135821487650572,0.2831545117659953
national,b600k.cps2024.acs050.s0,state,rent_contract_annual_aggregate,51,0.14846537040445987,0.12415822609562564,0.14725449826944895
national,b600k.cps2024.acs050.s0,state,rent_gross_annual_aggregate,51,0.18973032593386593,0.19898225675447806,0.1951523975767883
national,b600k.cps2024.acs050.s0,state,renter,51,0.08111740510758178,0.06264600053489816,0.05321330049212731
national,b600k.cps2024.acs100.s0,cd,households,436,0.06836556991120657,0.05543132498583103,0.030061419843700195
national,b600k.cps2024.acs100.s0,cd,owner,436,0.09037464503359825,0.06428909433980756,0.04509465449094906
national,b600k.cps2024.acs100.s0,cd,persons_0_17,436,0.13139976136405257,0.10654106299461283,0.07972314206638158
national,b600k.cps2024.acs100.s0,cd,persons_18_64,436,0.074909721670411,0.06708131827666372,0.040270052483086245
national,b600k.cps2024.acs100.s0,cd,persons_65p,436,0.09092991706455276,0.07424845194229025,0.0553797197180921
national,b600k.cps2024.acs100.s0,cd,persons_in_households,436,0.06908750527983176,0.05514488946392326,0.03873134255766415
national,b600k.cps2024.acs100.s0,cd,persons_male,436,0.07048912770458814,0.05606773341627455,0.044717927558343314
national,b600k.cps2024.acs100.s0,cd,persons_total,436,0.06655568444075587,0.05522348181023063,0.038299130155592116
national,b600k.cps2024.acs100.s0,cd,real_estate_taxes_aggregate,436,0.1471910299907742,0.11656752417202526,0.10919882484157147
national,b600k.cps2024.acs100.s0,cd,rent_contract_annual_aggregate,436,0.3380963467064058,0.28173250425454355,0.3160626471752382
national,b600k.cps2024.acs100.s0,cd,rent_gross_annual_aggregate,436,0.28703845245474396,0.25589066960101836,0.27585730257839186
national,b600k.cps2024.acs100.s0,cd,renter,436,0.14381582560798314,0.12773777521579077,0.07901117774209547
national,b600k.cps2024.acs100.s0,county,households,850,0.12381071699874424,0.09135951089552667,0.06689653047543878
national,b600k.cps2024.acs100.s0,county,owner,850,0.14382721026787879,0.10666246008098866,0.08065964061352399
national,b600k.cps2024.acs100.s0,county,persons_0_17,850,0.24242257180622614,0.18137279657540306,0.15509941710625452
national,b600k.cps2024.acs100.s0,county,persons_18_64,850,0.14791174039715427,0.10991508946188644,0.08543760291011471
national,b600k.cps2024.acs100.s0,county,persons_65p,850,0.17206772529914854,0.12774787965760329,0.10929178763468612
national,b600k.cps2024.acs100.s0,county,persons_in_households,850,0.14020862700111672,0.101566768268216,0.08135099465475124
national,b600k.cps2024.acs100.s0,county,persons_male,850,0.13903278360958204,0.10073546907349962,0.08556084387389476
national,b600k.cps2024.acs100.s0,county,persons_total,850,0.13358457245412128,0.09801223354153532,0.07847623406391573
national,b600k.cps2024.acs100.s0,county,real_estate_taxes_aggregate,850,0.2274208273352574,0.17117299034518868,0.16153074306399925
national,b600k.cps2024.acs100.s0,county,rent_contract_annual_aggregate,850,0.4246075309029734,0.3390113737134252,0.3958742716723528
national,b600k.cps2024.acs100.s0,county,rent_gross_annual_aggregate,850,0.37124731922091225,0.31098764083152186,0.3284680199300558
national,b600k.cps2024.acs100.s0,county,renter,850,0.2398971611681569,0.19436443367031836,0.1488208730998836
national,b600k.cps2024.acs100.s0,national,households,1,0.023490303286665418,0.023490303286665418,0.004032550306107907
national,b600k.cps2024.acs100.s0,national,owner,1,0.05092060956542508,0.05092060956542508,0.005330971097048906
national,b600k.cps2024.acs100.s0,national,persons_0_17,1,0.0730549650458692,0.0730549650458692,0.036277025047341385
national,b600k.cps2024.acs100.s0,national,persons_18_64,1,0.02545302334982694,0.02545302334982694,0.020396038644001573
national,b600k.cps2024.acs100.s0,national,persons_65p,1,0.00017641218693276587,0.00017641218693276587,0.015265749505787189
national,b600k.cps2024.acs100.s0,national,persons_in_households,1,0.01065044079448586,0.01065044079448586,0.015181688429502196
national,b600k.cps2024.acs100.s0,national,persons_male,1,0.013229820178755416,0.013229820178755416,0.028476246299673852
national,b600k.cps2024.acs100.s0,national,persons_total,1,0.0002215160825327939,0.0002215160825327939,0.017379591291975412
national,b600k.cps2024.acs100.s0,national,real_estate_taxes_aggregate,1,0.034656919004043205,0.034656919004043205,0.0444345280130821
national,b600k.cps2024.acs100.s0,national,rent_contract_annual_aggregate,1,0.11077564161350498,0.11077564161350498,0.12799956725070355
national,b600k.cps2024.acs100.s0,national,rent_gross_annual_aggregate,1,0.21883887304914607,0.21883887304914607,0.2339696564497328
national,b600k.cps2024.acs100.s0,national,renter,1,0.07138872921839172,0.07138872921839172,0.04398605432062964
national,b600k.cps2024.acs100.s0,state,households,51,0.03062167999321035,0.025758994726909158,0.012551797889670965
national,b600k.cps2024.acs100.s0,state,owner,51,0.04369508094307644,0.0367829959836869,0.01450316633318095
national,b600k.cps2024.acs100.s0,state,persons_0_17,51,0.07373695008595113,0.06489127136915863,0.0418250264669515
national,b600k.cps2024.acs100.s0,state,persons_18_64,51,0.032459607172187696,0.021682165664307314,0.024308408417819696
national,b600k.cps2024.acs100.s0,state,persons_65p,51,0.01530637230565709,0.007313734524350135,0.02918024219017552
national,b600k.cps2024.acs100.s0,state,persons_in_households,51,0.018691105580198885,0.014639453547372148,0.018703698460971988
national,b600k.cps2024.acs100.s0,state,persons_male,51,0.021631672335317223,0.01721863933655879,0.026977597799269778
national,b600k.cps2024.acs100.s0,state,persons_total,51,0.0173502368348526,0.013773701343673846,0.019067969513008286
national,b600k.cps2024.acs100.s0,state,real_estate_taxes_aggregate,51,0.06211923753598985,0.052101103123615586,0.04640083779828414
national,b600k.cps2024.acs100.s0,state,rent_contract_annual_aggregate,51,0.18746604724007823,0.14932282339320377,0.1896387156641729
national,b600k.cps2024.acs100.s0,state,rent_gross_annual_aggregate,51,0.20861021849375427,0.2025538023502695,0.2128487121032932
national,b600k.cps2024.acs100.s0,state,renter,51,0.10125561946588531,0.09021066812338849,0.05368877525129426
national,natural.cps2022-2023-2024.acs100.s0,cd,households,436,0.0940861512139551,0.06574455851970415,0.07702745456319936
national,natural.cps2022-2023-2024.acs100.s0,cd,owner,436,0.1617246211926523,0.10186547151596559,0.1551484793891346
national,natural.cps2022-2023-2024.acs100.s0,cd,persons_0_17,436,0.16416887915882633,0.12879122138066348,0.12072268393512044
national,natural.cps2022-2023-2024.acs100.s0,cd,persons_18_64,436,0.07929621495227553,0.05999238176547872,0.05917639471386573
national,natural.cps2022-2023-2024.acs100.s0,cd,persons_65p,436,0.1735551088590183,0.13548431704630187,0.14635989769733457
national,natural.cps2022-2023-2024.acs100.s0,cd,persons_in_households,436,0.0736388645287251,0.053955750342474296,0.05081100721582784
national,natural.cps2022-2023-2024.acs100.s0,cd,persons_male,436,0.07772691911257665,0.06256886430492933,0.0586641436442937
national,natural.cps2022-2023-2024.acs100.s0,cd,persons_total,436,0.06921721938357514,0.051696537290746095,0.05043010613657911
national,natural.cps2022-2023-2024.acs100.s0,cd,real_estate_taxes_aggregate,436,0.4887181008840391,0.5125304640191821,0.5774003843679367
national,natural.cps2022-2023-2024.acs100.s0,cd,rent_contract_annual_aggregate,436,0.32934606519784043,0.2628567378762088,0.31082246755836407
national,natural.cps2022-2023-2024.acs100.s0,cd,rent_gross_annual_aggregate,436,0.302368030257167,0.2802810567632519,0.28236030841940746
national,natural.cps2022-2023-2024.acs100.s0,cd,renter,436,0.26567339534292084,0.21906476739675312,0.24081713613269728
national,natural.cps2022-2023-2024.acs100.s0,county,households,850,0.15289533365292338,0.1148650269898827,0.11263403490092005
national,natural.cps2022-2023-2024.acs100.s0,county,owner,850,0.20518943313777951,0.15593772948201573,0.167805318211452
national,natural.cps2022-2023-2024.acs100.s0,county,persons_0_17,850,0.2647697688695239,0.19250001046055398,0.1809033074472681
national,natural.cps2022-2023-2024.acs100.s0,county,persons_18_64,850,0.17044270962634386,0.12366278099261066,0.11595858180255403
national,natural.cps2022-2023-2024.acs100.s0,county,persons_65p,850,0.27772690464147604,0.2215095777878296,0.20499269577599868
national,natural.cps2022-2023-2024.acs100.s0,county,persons_in_households,850,0.14948732388531058,0.10100988634772948,0.09871282288235243
national,natural.cps2022-2023-2024.acs100.s0,county,persons_male,850,0.1559952839307883,0.11344063991155208,0.1072620855597396
national,natural.cps2022-2023-2024.acs100.s0,county,persons_total,850,0.14317033374904775,0.09899440446445183,0.09804707185198311
national,natural.cps2022-2023-2024.acs100.s0,county,real_estate_taxes_aggregate,850,0.5374150597741382,0.5595407736372762,0.5759967143315385
national,natural.cps2022-2023-2024.acs100.s0,county,rent_contract_annual_aggregate,850,0.4290314132601668,0.35200836582169426,0.40674062383306964
national,natural.cps2022-2023-2024.acs100.s0,county,rent_gross_annual_aggregate,850,0.3991972898462411,0.3500836963628263,0.3555046169024228
national,natural.cps2022-2023-2024.acs100.s0,county,renter,850,0.36551925434580185,0.3011354035453164,0.31997071274398775
national,natural.cps2022-2023-2024.acs100.s0,national,households,1,0.040387780509507705,0.040387780509507705,0.04038778011146347
national,natural.cps2022-2023-2024.acs100.s0,national,owner,1,0.047821939017516656,0.047821939017516656,0.045042942663381706
national,natural.cps2022-2023-2024.acs100.s0,national,persons_0_17,1,0.06299104550567233,0.06299104550567233,0.02109426309341987
national,natural.cps2022-2023-2024.acs100.s0,national,persons_18_64,1,0.013548765087756631,0.013548765087756631,0.02674863655270408
national,natural.cps2022-2023-2024.acs100.s0,national,persons_65p,1,0.00051236910987619,0.00051236910987619,0.01854702634614402
national,natural.cps2022-2023-2024.acs100.s0,national,persons_in_households,1,0.030630701130194362,0.030630701130194362,0.007468807603571669
national,natural.cps2022-2023-2024.acs100.s0,national,persons_male,1,0.0075086151630289685,0.0075086151630289685,0.030890456469580847
national,natural.cps2022-2023-2024.acs100.s0,national,persons_total,1,0.005211032965683111,0.005211032965683111,0.017379591291682567
national,natural.cps2022-2023-2024.acs100.s0,national,real_estate_taxes_aggregate,1,0.5422849392890163,0.5422849392890163,0.6659411721508848
national,natural.cps2022-2023-2024.acs100.s0,national,rent_contract_annual_aggregate,1,0.12134149010297295,0.12134149010297295,0.13110826309032833
national,natural.cps2022-2023-2024.acs100.s0,national,rent_gross_annual_aggregate,1,0.22812070393398717,0.22812070393398717,0.2367005671839316
national,natural.cps2022-2023-2024.acs100.s0,national,renter,1,0.00691349753312386,0.00691349753312386,0.0022442128363368394
national,natural.cps2022-2023-2024.acs100.s0,state,households,51,0.038318493790818045,0.02820356831038204,0.03881877297157921
national,natural.cps2022-2023-2024.acs100.s0,state,owner,51,0.04249403628805439,0.043516763829469084,0.04937364843674731
national,natural.cps2022-2023-2024.acs100.s0,state,persons_0_17,51,0.07042721153114621,0.06840302280161081,0.0512512979358957
national,natural.cps2022-2023-2024.acs100.s0,state,persons_18_64,51,0.024052687422585945,0.018254565779735065,0.029082605581339526
national,natural.cps2022-2023-2024.acs100.s0,state,persons_65p,51,0.024896266248447867,0.00819881790644387,0.033742093722682304
national,natural.cps2022-2023-2024.acs100.s0,state,persons_in_households,51,0.03046584486827954,0.026872215379890964,0.02046149837401532
national,natural.cps2022-2023-2024.acs100.s0,state,persons_male,51,0.02138893128969123,0.014333843156608185,0.030540574782716583
national,natural.cps2022-2023-2024.acs100.s0,state,persons_total,51,0.015168681432916812,0.010650933973115529,0.017719590215261614
national,natural.cps2022-2023-2024.acs100.s0,state,real_estate_taxes_aggregate,51,0.45712535524917564,0.45119982875088616,0.5512094530501028
national,natural.cps2022-2023-2024.acs100.s0,state,rent_contract_annual_aggregate,51,0.14279060069746713,0.13879167255458336,0.146856471666088
national,natural.cps2022-2023-2024.acs100.s0,state,rent_gross_annual_aggregate,51,0.23112118107582924,0.20989011222655918,0.23190637634799494
national,natural.cps2022-2023-2024.acs100.s0,state,renter,51,0.0855461816485221,0.07767980868045872,0.058740079396226365
national,natural.cps2023-2024.acs100.s0,cd,households,436,0.10106441250592343,0.0691754582259759,0.08277502694406316
national,natural.cps2023-2024.acs100.s0,cd,owner,436,0.16709611059539048,0.10228078156257464,0.15894818149309695
national,natural.cps2023-2024.acs100.s0,cd,persons_0_17,436,0.18153964245677331,0.14820195869176417,0.1314240580340637
national,natural.cps2023-2024.acs100.s0,cd,persons_18_64,436,0.08905840178024187,0.0689832388385194,0.06701928843575958
national,natural.cps2023-2024.acs100.s0,cd,persons_65p,436,0.19158407862067586,0.14275905132196853,0.15607458611058003
national,natural.cps2023-2024.acs100.s0,cd,persons_in_households,436,0.08539461913169916,0.06785050364792317,0.0588039890715151
national,natural.cps2023-2024.acs100.s0,cd,persons_male,436,0.08883066277750679,0.07348470893882525,0.06519931740039178
national,natural.cps2023-2024.acs100.s0,cd,persons_total,436,0.08009736533901184,0.06012325001506546,0.05778904881748221
national,natural.cps2023-2024.acs100.s0,cd,real_estate_taxes_aggregate,436,0.4811295568261527,0.515580210790958,0.5708461692628187
national,natural.cps2023-2024.acs100.s0,cd,rent_contract_annual_aggregate,436,0.3382567440188225,0.2925659682399142,0.31372344832396415
national,natural.cps2023-2024.acs100.s0,cd,rent_gross_annual_aggregate,436,0.30901330189169773,0.278408263956922,0.2819052309567561
national,natural.cps2023-2024.acs100.s0,cd,renter,436,0.27903238189625335,0.2148945444582656,0.24063252735457533
national,natural.cps2023-2024.acs100.s0,county,households,850,0.17924155604206465,0.13545377726451135,0.12839005773406914
national,natural.cps2023-2024.acs100.s0,county,owner,850,0.22157094220528809,0.16299887334000743,0.18183632780875766
national,natural.cps2023-2024.acs100.s0,county,persons_0_17,850,0.30398011485020576,0.23142604743680217,0.20671475325314057
national,natural.cps2023-2024.acs100.s0,county,persons_18_64,850,0.19326126769492716,0.14491829740130652,0.13482870982268952
national,natural.cps2023-2024.acs100.s0,county,persons_65p,850,0.3136897944738122,0.26414511730300844,0.22583543516884713
national,natural.cps2023-2024.acs100.s0,county,persons_in_households,850,0.1779037098562041,0.12877545164347742,0.11802989076874319
national,natural.cps2023-2024.acs100.s0,county,persons_male,850,0.1877993443190246,0.14294947443916134,0.12467915689743747
national,natural.cps2023-2024.acs100.s0,county,persons_total,850,0.17156523092462525,0.12721625418180332,0.1159027429880289
national,natural.cps2023-2024.acs100.s0,county,real_estate_taxes_aggregate,850,0.5599010887380488,0.577191177332645,0.5805521226553558
national,natural.cps2023-2024.acs100.s0,county,rent_contract_annual_aggregate,850,0.4516505467791954,0.38434084365920984,0.4183083479274824
national,natural.cps2023-2024.acs100.s0,county,rent_gross_annual_aggregate,850,0.4245469829358094,0.37832470260263806,0.36442305605289327
national,natural.cps2023-2024.acs100.s0,county,renter,850,0.39447863434377267,0.3279719625343773,0.3377028256883096
national,natural.cps2023-2024.acs100.s0,national,households,1,0.04063176100183833,0.04063176100183833,0.04063176077420849
national,natural.cps2023-2024.acs100.s0,national,owner,1,0.03910054989378656,0.03910054989378656,0.04234516572780774
national,natural.cps2023-2024.acs100.s0,national,persons_0_17,1,0.06598315358667897,0.06598315358667897,0.027390231881191725
national,natural.cps2023-2024.acs100.s0,national,persons_18_64,1,0.013844301637839413,0.013844301637839413,0.026805015070435673
national,natural.cps2023-2024.acs100.s0,national,persons_65p,1,0.0005456921065300877,0.0005456921065300877,0.026233676447537487
national,natural.cps2023-2024.acs100.s0,national,persons_in_households,1,0.031098893094690636,0.031098893094690636,0.007468807603658995
national,natural.cps2023-2024.acs100.s0,national,persons_male,1,0.008021747520744997,0.008021747520744997,0.030408793665987435
national,natural.cps2023-2024.acs100.s0,national,persons_total,1,0.005667677356095154,0.005667677356095154,0.017379591291597395
national,natural.cps2023-2024.acs100.s0,national,real_estate_taxes_aggregate,1,0.5382698858638026,0.5382698858638026,0.6562268648260742
national,natural.cps2023-2024.acs100.s0,national,rent_contract_annual_aggregate,1,0.11042450970658219,0.11042450970658219,0.1222749686344348
national,natural.cps2023-2024.acs100.s0,national,rent_gross_annual_aggregate,1,0.21853041254248845,0.21853041254248845,0.22894074123362246
national,natural.cps2023-2024.acs100.s0,national,renter,1,0.00760834928444179,0.00760834928444179,0.0025205865935970695
national,natural.cps2023-2024.acs100.s0,state,households,51,0.03892480418853457,0.033386268817317,0.04016948176038618
national,natural.cps2023-2024.acs100.s0,state,owner,51,0.037140029606045344,0.03403047399581731,0.0475753262127579
national,natural.cps2023-2024.acs100.s0,state,persons_0_17,51,0.07138264949357123,0.0640949948730007,0.05483953711216384
national,natural.cps2023-2024.acs100.s0,state,persons_18_64,51,0.024266579978822797,0.019554560275549325,0.030737259274090486
national,natural.cps2023-2024.acs100.s0,state,persons_65p,51,0.02363072959238116,0.009289369884753719,0.039588997541004305
national,natural.cps2023-2024.acs100.s0,state,persons_in_households,51,0.031087925100481917,0.027283123847888717,0.019558544514582797
national,natural.cps2023-2024.acs100.s0,state,persons_male,51,0.02386522852775628,0.018048906238047505,0.031232583282333474
national,natural.cps2023-2024.acs100.s0,state,persons_total,51,0.014497218592895347,0.010943259872457428,0.01896484744926104
national,natural.cps2023-2024.acs100.s0,state,real_estate_taxes_aggregate,51,0.45131152018260395,0.44809849525360973,0.5416227019420785
national,natural.cps2023-2024.acs100.s0,state,rent_contract_annual_aggregate,51,0.14001723367411703,0.1227372938116644,0.14160292476457131
national,natural.cps2023-2024.acs100.s0,state,rent_gross_annual_aggregate,51,0.22166945049014553,0.22092739571395786,0.2199685049241719
national,natural.cps2023-2024.acs100.s0,state,renter,51,0.0759305353335019,0.06560938904505627,0.06435477021533247
national,natural.cps2024.acs100.s0,cd,households,436,0.13023985075635885,0.09840600792805938,0.09485650794965793
national,natural.cps2024.acs100.s0,cd,owner,436,0.18989697611617315,0.13405599008291005,0.16382697748832892
national,natural.cps2024.acs100.s0,cd,persons_0_17,436,0.22870855399480294,0.16639623834731154,0.14777727883399977
national,natural.cps2024.acs100.s0,cd,persons_18_64,436,0.12959972647317256,0.10667930273548616,0.08294160725513632
national,natural.cps2024.acs100.s0,cd,persons_65p,436,0.23050962583229342,0.1813783408928991,0.18024911975409463
national,natural.cps2024.acs100.s0,cd,persons_in_households,436,0.1226329072792917,0.10393474531785367,0.06904594523875002
national,natural.cps2024.acs100.s0,cd,persons_male,436,0.12492491585447374,0.10684373811238065,0.07885285265254408
national,natural.cps2024.acs100.s0,cd,persons_total,436,0.11787076362377015,0.09841640018629097,0.06848544826429406
national,natural.cps2024.acs100.s0,cd,real_estate_taxes_aggregate,436,0.5092146861209821,0.5565789508978605,0.5633972274948349
national,natural.cps2024.acs100.s0,cd,rent_contract_annual_aggregate,436,0.3666762653904068,0.30144804687329496,0.3259537712970768
national,natural.cps2024.acs100.s0,cd,rent_gross_annual_aggregate,436,0.3362638184767631,0.30321040297631235,0.28928162032719945
national,natural.cps2024.acs100.s0,cd,renter,436,0.30945864990487937,0.24322146856614982,0.26236095878741444
national,natural.cps2024.acs100.s0,county,households,850,0.2272709288486537,0.16357191911402108,0.15704041939673816
national,natural.cps2024.acs100.s0,county,owner,850,0.28372731793828543,0.22618733733591134,0.2061870685621213
national,natural.cps2024.acs100.s0,county,persons_0_17,850,0.38633831952390585,0.3232762081974058,0.2581973448995865
national,natural.cps2024.acs100.s0,county,persons_18_64,850,0.25473469210615435,0.179983060786002,0.17287164263315008
national,natural.cps2024.acs100.s0,county,persons_65p,850,0.3857653634431159,0.30888211494789,0.2717549856453685
national,natural.cps2024.acs100.s0,county,persons_in_households,850,0.23420014951964926,0.16423304659580204,0.14800136876415262
national,natural.cps2024.acs100.s0,county,persons_male,850,0.2488649386510056,0.1830849051416803,0.15951010376184974
national,natural.cps2024.acs100.s0,county,persons_total,850,0.22950581296867262,0.16418984217847665,0.1444797641695114
national,natural.cps2024.acs100.s0,county,real_estate_taxes_aggregate,850,0.6092951915819063,0.6344647408350037,0.5894351449274059
national,natural.cps2024.acs100.s0,county,rent_contract_annual_aggregate,850,0.485318467419899,0.4261064953388414,0.44581404382435347
national,natural.cps2024.acs100.s0,county,rent_gross_annual_aggregate,850,0.4594888753297135,0.43060638980878196,0.4024978514520762
national,natural.cps2024.acs100.s0,county,renter,850,0.4437223040625908,0.3857529881829422,0.3615559908221512
national,natural.cps2024.acs100.s0,national,households,1,0.042503266320651725,0.042503266320651725,0.042503266232261264
national,natural.cps2024.acs100.s0,national,owner,1,0.03207377080456342,0.03207377080456342,0.040108595495469086
national,natural.cps2024.acs100.s0,national,persons_0_17,1,0.060973799161126926,0.060973799161126926,0.03288093308224219
national,natural.cps2024.acs100.s0,national,persons_18_64,1,0.01194111349940154,0.01194111349940154,0.02864364719867025
national,natural.cps2024.acs100.s0,national,persons_65p,1,0.0004552964102374369,0.0004552964102374369,0.03895423703666744
national,natural.cps2024.acs100.s0,national,persons_in_households,1,0.031195791102209512,0.031195791102209512,0.007468807603635457
national,natural.cps2024.acs100.s0,national,persons_male,1,0.012817210793962822,0.012817210793962822,0.030150509780975852
national,natural.cps2024.acs100.s0,national,persons_total,1,0.005762185453053213,0.005762185453053213,0.017379591291620353
national,natural.cps2024.acs100.s0,national,real_estate_taxes_aggregate,1,0.5396339018555558,0.5396339018555558,0.639541193265433
national,natural.cps2024.acs100.s0,national,rent_contract_annual_aggregate,1,0.08548604101616518,0.08548604101616518,0.09886944608012654
national,natural.cps2024.acs100.s0,national,rent_gross_annual_aggregate,1,0.19662259802649487,0.19662259802649487,0.2083795811585964
national,natural.cps2024.acs100.s0,national,renter,1,0.027564154707477938,0.027564154707477938,0.012242781550831461
national,natural.cps2024.acs100.s0,state,households,51,0.04066451396715349,0.03319829184374662,0.04113183240017889
national,natural.cps2024.acs100.s0,state,owner,51,0.03901313955152319,0.03533230409476756,0.04737445437547842
national,natural.cps2024.acs100.s0,state,persons_0_17,51,0.06931114951412531,0.07063671170534119,0.05938231280038797
national,natural.cps2024.acs100.s0,state,persons_18_64,51,0.02444708532830795,0.018091443919835616,0.036220431440798125
national,natural.cps2024.acs100.s0,state,persons_65p,51,0.027182267685173175,0.0062413498194037334,0.05328853265490045
national,natural.cps2024.acs100.s0,state,persons_in_households,51,0.03145159495528121,0.02801499840026266,0.019861435559825478
national,natural.cps2024.acs100.s0,state,persons_male,51,0.02940261752553699,0.02895042084661409,0.030691014864309484
national,natural.cps2024.acs100.s0,state,persons_total,51,0.015848376085106444,0.011930523023124053,0.018409030751607942
national,natural.cps2024.acs100.s0,state,real_estate_taxes_aggregate,51,0.45083465513064636,0.4354481587917564,0.5260015221555046
national,natural.cps2024.acs100.s0,state,rent_contract_annual_aggregate,51,0.13031814607011133,0.12749188878570464,0.1275977982147394
national,natural.cps2024.acs100.s0,state,rent_gross_annual_aggregate,51,0.20338576184216023,0.21000953309297338,0.20252115687966973
national,natural.cps2024.acs100.s0,state,renter,51,0.0836061774399151,0.07037375308913235,0.0715128987627851
