name,family,cgt,control_target,control_estimate,control_relative_error,candidate_target,candidate_estimate,candidate_relative_error
dfe.funded_childcare.early_learning_2_year_olds@2025,dfe_funded_childcare,False,95031.0,95047.27766418457,0.00017128793956256707,95031.0,95226.60805130005,0.0020583604434347615
dfe.funded_childcare.universal_only_children@2025,dfe_funded_childcare,False,396965.0,396292.4543914795,-0.0016942189072601055,396965.0,399077.0820541382,0.0053205749981438755
dfe.funded_childcare.working_parent_children_2_to_4@2025,dfe_funded_childcare,False,621482.0,620727.0542449951,-0.0012147507972956302,621482.0,621149.7807846069,-0.0005345596741226076
dfi_ni.bus.passenger_receipts@2025,dft_local_bus,False,150082817.48999995,150509095.65825486,0.0028402862858255902,150082817.48999995,149940099.0576724,-0.0009509311906211255
dft.bus_fare_receipts.england@2025,dft_local_bus,False,3612036036.2194014,3616635669.2031064,0.0012734183539650748,3612036036.2194014,3615558540.0405464,0.0009752128123372617
dft.bus_fare_receipts.london@2025,dft_local_bus,False,1347434943.01459,1347895803.0490305,0.0003420276703003146,1347434943.01459,1349843100.1812236,0.0017872159091005036
dft.bus_net_support.england@2025,dft_local_bus,False,3024904320.8399997,3024139711.4189057,-0.00025277144001751857,3024904320.8399997,3026883353.518125,0.0006542463721880019
dft.bus_net_support.london@2025,dft_local_bus,False,1130214000.0,1129647735.7705243,-0.000501023902973894,1130214000.0,1129464312.8057988,-0.0006633143760396093
dwp.benefit_cap.capped_households@2025,dwp_benefit_cap,False,110637.0,110650.46585845947,0.00012171207154453443,110637.0,110652.5015411377,0.0001401117269782741
dwp.esa_claimants@2025,dwp_legacy_benefits,False,1000000.0,799690.1333656311,-0.2003098666343689,1000000.0,801276.4079780579,-0.19872359202194215
dwp.esa_contrib_claimants@2025,dwp_legacy_benefits,False,620000.0,618975.989107132,-0.0016516304723678096,620000.0,621727.5820178986,0.002786422609513806
dwp.esa_income_claimants@2025,dwp_legacy_benefits,False,180000.0,180962.3353919983,0.005346307733323839,180000.0,179799.56708335876,-0.0011135162035624186
dwp.uc.households@2025,dwp_universal_credit,False,6197311.0,5993232.183032036,-0.03293022037589596,6197311.0,5990835.067541599,-0.033317019665206525
dwp.uc.households_children_1@2025,dwp_universal_credit,False,1190123.8333333333,1009313.3557415009,-0.151925768166001,1190123.8333333333,1012309.0588769913,-0.1494086325103777
dwp.uc.households_children_2@2025,dwp_universal_credit,False,1049895.5,972132.5900774002,-0.07406728567043082,1049895.5,972363.0009222031,-0.07384782492904954
dwp.uc.households_children_3@2025,dwp_universal_credit,False,477887.6666666667,477354.73596191406,-0.0011151798674150554,477887.6666666667,476299.82789993286,-0.0033226192628263923
dwp.uc.households_children_4@2025,dwp_universal_credit,False,170713.66666666666,170712.4619140625,-7.057153815982115e-06,170713.66666666666,170709.08554077148,-2.6835144394840038e-05
dwp.uc.households_children_5_or_more@2025,dwp_universal_credit,False,76320.08333333333,76147.23992919922,-0.0022647171830146467,76320.08333333333,76290.16525268555,-0.0003920079662008791
dwp.uc.households_couple_no_children@2025,dwp_universal_credit,False,241130.91666666666,246000.0862159729,0.02019305370135204,241130.91666666666,246280.49199295044,0.021355931447821875
dwp.uc.households_couple_with_children@2025,dwp_universal_credit,False,826160.8333333334,881816.1841773987,0.06736624226001027,826160.8333333334,879515.3665218353,0.06458129099782059
dwp.uc.households_housing_element_private_rented@2025,dwp_universal_credit,False,1570545.4166666667,1568871.7276172638,-0.001065673766350034,1570545.4166666667,1568338.0812263489,-0.0014054578854540399
dwp.uc.households_housing_element_social_rented@2025,dwp_universal_credit,False,2354587.5833333335,2351571.8600873947,-0.0012807861840796284,2354587.5833333335,2352212.996580124,-0.0010084937039581009
dwp.uc.households_lcwra_element@2025,dwp_universal_credit,False,2272425.1666666665,2532342.0919208527,0.11437865108466842,2272425.1666666665,2530512.840438843,0.11357367342958764
dwp.uc.households_single_no_children@2025,dwp_universal_credit,False,2990070.1666666665,3041571.713191986,0.017224193298023355,2990070.1666666665,3036583.4370560646,0.01555591266985254
dwp.uc.households_single_with_children@2025,dwp_universal_credit,False,2138780.1666666665,1823844.1994466782,-0.14725027477266286,2138780.1666666665,1828455.771970749,-0.1450941052906642
dwp.uc.households_with_deduction@2025,dwp_universal_credit,False,3130000.0,3125382.3320770264,-0.0014752932661257613,3130000.0,3125704.6840438843,-0.0013723054172893683
dwp.uc.scotland_households_child_under_1@2025,dwp_universal_credit,False,14333.222222222223,14301.71420288086,-0.002198250948241996,14333.222222222223,14278.118621826172,-0.003844467039003843
dwp.uc.two_child_limit.children_affected@2025,dwp_two_child_limit,False,597920.0,597791.6025695801,-0.00021474014988614174,597920.0,597215.3494491577,-0.0011785030620188072
dwp.uc.two_child_limit.children_claimant_pip@2025,dwp_two_child_limit,False,235270.0,235307.4132385254,0.0001590225635456736,235270.0,234973.21188354492,-0.0012614787965107245
dwp.uc.two_child_limit.children_disabled_child_element@2025,dwp_two_child_limit,False,479460.0,478645.0094909668,-0.0016998091791457122,479460.0,479270.6258544922,-0.0003949738153502117
dwp.uc.two_child_limit.children_in_3_children_households@2025,dwp_two_child_limit,False,891930.0,892616.9891967773,0.0007702277048393302,891930.0,889723.6804275513,-0.002473646555726044
dwp.uc.two_child_limit.children_in_4_children_households@2025,dwp_two_child_limit,False,468760.0,468702.7509765625,-0.00012212864458891544,468760.0,468880.34338378906,0.00025672707523906156
dwp.uc.two_child_limit.children_in_5_children_households@2025,dwp_two_child_limit,False,185120.0,184785.40176391602,-0.0018074667031330184,185120.0,185009.00955200195,-0.0005995594641208236
dwp.uc.two_child_limit.children_in_6_plus_children_households@2025,dwp_two_child_limit,False,119720.0,119234.7495727539,-0.004053211052840743,119720.0,119675.93530273438,-0.00036806462801223686
dwp.uc.two_child_limit.children_in_affected_households@2025,dwp_two_child_limit,False,1665540.0,1665339.8915100098,-0.00012014631290166215,1665540.0,1663288.9686660767,-0.00135153243628093
dwp.uc.two_child_limit.households_3_children@2025,dwp_two_child_limit,False,297310.0,297538.9963989258,0.0007702277048393302,297310.0,296574.5601425171,-0.002473646555726044
dwp.uc.two_child_limit.households_4_children@2025,dwp_two_child_limit,False,117190.0,117175.68774414062,-0.00012212864458891544,117190.0,117220.08584594727,0.00025672707523906156
dwp.uc.two_child_limit.households_5_children@2025,dwp_two_child_limit,False,37020.0,36957.0803527832,-0.0016996122965099102,37020.0,37001.80191040039,-0.0004915745434794537
dwp.uc.two_child_limit.households_6_plus_children@2025,dwp_two_child_limit,False,18260.0,18186.105865478516,-0.004046776260760371,18260.0,18254.970764160156,-0.0002754236494985624
dwp.uc.two_child_limit.households_affected@2025,dwp_two_child_limit,False,469780.0,469857.8703613281,0.00016575920926417684,469780.0,469051.4186630249,-0.001550899010121967
dwp.uc.two_child_limit.households_claimant_pip@2025,dwp_two_child_limit,False,65280.0,65316.3913269043,0.0005574651792937634,65280.0,65186.07778930664,-0.001438759354984059
dwp.uc.two_child_limit.households_disabled_child_element@2025,dwp_two_child_limit,False,129630.0,129406.58740234375,-0.0017234636863091106,129630.0,129579.42135620117,-0.0003901769945138326
dwp/uc_payment_dist/COUPLE_NO_CHILDREN_annual_payment_0_to_1_200@2025,dwp_universal_credit,False,7506.333333333333,7498.405059814453,-0.0010562112241502605,7506.333333333333,7523.316635131836,0.002262529659199286
dwp/uc_payment_dist/COUPLE_NO_CHILDREN_annual_payment_10_800_to_12_000@2025,dwp_universal_credit,False,13313.333333333334,13310.319107055664,-0.0002264065806962852,13313.333333333334,13322.92155456543,0.0007201968877387893
dwp/uc_payment_dist/COUPLE_NO_CHILDREN_annual_payment_12_000_to_13_200@2025,dwp_universal_credit,False,16121.444444444445,16058.476440429688,-0.003905853736105944,16121.444444444445,16169.579727172852,0.002985792178503834
dwp/uc_payment_dist/COUPLE_NO_CHILDREN_annual_payment_13_200_to_14_400@2025,dwp_universal_credit,False,13317.333333333334,13302.247177124023,-0.0011328211010195111,13317.333333333334,13339.242889404297,0.0016451909344435524
dwp/uc_payment_dist/COUPLE_NO_CHILDREN_annual_payment_14_400_to_15_600@2025,dwp_universal_credit,False,19657.333333333332,19695.704788208008,0.0019520173069257798,19657.333333333332,19666.062393188477,0.000444061242037464
dwp/uc_payment_dist/COUPLE_NO_CHILDREN_annual_payment_15_600_to_16_800@2025,dwp_universal_credit,False,16443.222222222223,16377.807235717773,-0.0039782340480714285,16443.222222222223,16338.61117553711,-0.006361955416727049
dwp/uc_payment_dist/COUPLE_NO_CHILDREN_annual_payment_16_800_to_18_000@2025,dwp_universal_credit,False,13441.111111111111,13377.848594665527,-0.004706643366208611,13441.111111111111,13444.801445007324,0.00027455571683819254
dwp/uc_payment_dist/COUPLE_NO_CHILDREN_annual_payment_18_000_to_19_200@2025,dwp_universal_credit,False,10728.555555555555,10738.631607055664,0.0009391806238903844,10728.555555555555,10680.136169433594,-0.004513131881662117
dwp/uc_payment_dist/COUPLE_NO_CHILDREN_annual_payment_19_200_to_20_400@2025,dwp_universal_credit,False,9653.222222222223,9637.923370361328,-0.001584844056078575,9653.222222222223,9549.162139892578,-0.010779828738438524
dwp/uc_payment_dist/COUPLE_NO_CHILDREN_annual_payment_1_200_to_2_400@2025,dwp_universal_credit,False,8797.0,8798.397567749023,0.0001588686767106329,8797.0,8824.167709350586,0.0030882925259276954
dwp/uc_payment_dist/COUPLE_NO_CHILDREN_annual_payment_20_400_to_21_600@2025,dwp_universal_credit,False,6486.888888888889,6491.204345703125,0.0006652583215396324,6486.888888888889,6466.7021484375,-0.0031119294313743653
dwp/uc_payment_dist/COUPLE_NO_CHILDREN_annual_payment_21_600_to_22_800@2025,dwp_universal_credit,False,3981.8888888888887,3976.0797119140625,-0.0014588998178819567,3981.8888888888887,3985.1322021484375,0.0008145162635248296
dwp/uc_payment_dist/COUPLE_NO_CHILDREN_annual_payment_22_800_to_24_000@2025,dwp_universal_credit,False,2761.4444444444443,2749.086669921875,-0.004475112489563598,2761.4444444444443,2757.652099609375,-0.0013733192578611875
dwp/uc_payment_dist/COUPLE_NO_CHILDREN_annual_payment_24_000_to_25_200@2025,dwp_universal_credit,False,2131.222222222222,2128.817626953125,-0.00112827055012119,2131.222222222222,2124.2066040039062,-0.0032918285785330952
dwp/uc_payment_dist/COUPLE_NO_CHILDREN_annual_payment_25_200_to_26_400@2025,dwp_universal_credit,False,1475.3333333333333,1477.4501953125,0.0014348364070267121,1475.3333333333333,1473.9725952148438,-0.0009223258823923459
dwp/uc_payment_dist/COUPLE_NO_CHILDREN_annual_payment_2_400_to_3_600@2025,dwp_universal_credit,False,12256.0,12243.781646728516,-0.00099692830217725,12256.0,12241.703666687012,-0.0011664762820649708
dwp/uc_payment_dist/COUPLE_NO_CHILDREN_annual_payment_3_600_to_4_800@2025,dwp_universal_credit,False,10945.444444444445,10929.908752441406,-0.0014193751639682772,10945.444444444445,10967.605407714844,0.0020246745925101917
dwp/uc_payment_dist/COUPLE_NO_CHILDREN_annual_payment_4_800_to_6_000@2025,dwp_universal_credit,False,12492.444444444445,12383.94172668457,-0.008685467303248847,12492.444444444445,12520.376174926758,0.0022358899098193843
dwp/uc_payment_dist/COUPLE_NO_CHILDREN_annual_payment_6_000_to_7_200@2025,dwp_universal_credit,False,12979.666666666666,12952.064193725586,-0.0021265933594401595,12979.666666666666,12976.815544128418,-0.00021966069017551236
dwp/uc_payment_dist/COUPLE_NO_CHILDREN_annual_payment_7_200_to_8_400@2025,dwp_universal_credit,False,16484.444444444445,16478.29605102539,-0.000372981536610216,16484.444444444445,16518.108154296875,0.002042150098893689
dwp/uc_payment_dist/COUPLE_NO_CHILDREN_annual_payment_8_400_to_9_600@2025,dwp_universal_credit,False,15272.444444444445,15276.852722167969,0.00028864257713028164,15272.444444444445,15331.554763793945,0.0038703902027289565
dwp/uc_payment_dist/COUPLE_NO_CHILDREN_annual_payment_9_600_to_10_800@2025,dwp_universal_credit,False,19142.333333333332,19122.398849487305,-0.0010413821292786026,19142.333333333332,19068.651084899902,-0.0038491780051245817
dwp/uc_payment_dist/COUPLE_WITH_CHILDREN_annual_payment_0_to_1_200@2025,dwp_universal_credit,False,19073.555555555555,19092.62907409668,0.0009999980593848638,19073.555555555555,19041.182376861572,-0.001697280750811725
dwp/uc_payment_dist/COUPLE_WITH_CHILDREN_annual_payment_10_800_to_12_000@2025,dwp_universal_credit,False,40805.444444444445,40858.6354675293,0.0013035276005208035,40805.444444444445,40800.98840332031,-0.00010920212204034531
dwp/uc_payment_dist/COUPLE_WITH_CHILDREN_annual_payment_12_000_to_13_200@2025,dwp_universal_credit,False,40009.555555555555,40064.99139022827,0.0013855648707654577,40009.555555555555,39920.6286239624,-0.002222642325273328
dwp/uc_payment_dist/COUPLE_WITH_CHILDREN_annual_payment_13_200_to_14_400@2025,dwp_universal_credit,False,39972.555555555555,40166.868392944336,0.004861156228020421,39972.555555555555,39920.657207489014,-0.001298349513690976
dwp/uc_payment_dist/COUPLE_WITH_CHILDREN_annual_payment_14_400_to_15_600@2025,dwp_universal_credit,False,40518.77777777778,40522.407554626465,8.958258485956988e-05,40518.77777777778,40616.498054504395,0.002411728143986798
dwp/uc_payment_dist/COUPLE_WITH_CHILDREN_annual_payment_15_600_to_16_800@2025,dwp_universal_credit,False,37118.0,37304.101470947266,0.005013779593385032,37118.0,36873.41766357422,-0.006589318832528187
dwp/uc_payment_dist/COUPLE_WITH_CHILDREN_annual_payment_16_800_to_18_000@2025,dwp_universal_credit,False,37177.77777777778,37144.1795501709,-0.0009037180169215276,37177.77777777778,37116.73960876465,-0.0016417917546867695
dwp/uc_payment_dist/COUPLE_WITH_CHILDREN_annual_payment_18_000_to_19_200@2025,dwp_universal_credit,False,37164.555555555555,37127.98385620117,-0.0009840478059723746,37164.555555555555,37060.58052062988,-0.0027976934843266057
dwp/uc_payment_dist/COUPLE_WITH_CHILDREN_annual_payment_19_200_to_20_400@2025,dwp_universal_credit,False,33309.555555555555,33318.652252197266,0.0002730957075226925,33309.555555555555,33166.010025024414,-0.004309439983122181
dwp/uc_payment_dist/COUPLE_WITH_CHILDREN_annual_payment_1_200_to_2_400@2025,dwp_universal_credit,False,22775.777777777777,22834.02562713623,0.0025574472111018426,22775.777777777777,22726.909790039062,-0.002145612247165282
dwp/uc_payment_dist/COUPLE_WITH_CHILDREN_annual_payment_20_400_to_21_600@2025,dwp_universal_credit,False,29102.555555555555,29077.092582702637,-0.0008749394122557479,29102.555555555555,29147.91876220703,0.0015587361929394843
dwp/uc_payment_dist/COUPLE_WITH_CHILDREN_annual_payment_21_600_to_22_800@2025,dwp_universal_credit,False,27534.666666666668,27590.600036621094,0.0020313799557318967,27534.666666666668,27453.626251220703,-0.002943213964673554
dwp/uc_payment_dist/COUPLE_WITH_CHILDREN_annual_payment_22_800_to_24_000@2025,dwp_universal_credit,False,25584.777777777777,25619.315826416016,0.0013499452267370106,25584.777777777777,25630.944885253906,0.001804475609564541
dwp/uc_payment_dist/COUPLE_WITH_CHILDREN_annual_payment_24_000_to_25_200@2025,dwp_universal_credit,False,22927.777777777777,22769.79803466797,-0.0068903207559402845,22927.777777777777,22838.819213867188,-0.003879947056919355
dwp/uc_payment_dist/COUPLE_WITH_CHILDREN_annual_payment_25_200_to_26_400@2025,dwp_universal_credit,False,20334.666666666668,20361.552001953125,0.0013221429063564906,20334.666666666668,20315.576080322266,-0.0009388197336765911
dwp/uc_payment_dist/COUPLE_WITH_CHILDREN_annual_payment_26_400_to_27_600@2025,dwp_universal_credit,False,17535.0,17429.07177734375,-0.006040959375891075,17535.0,17494.820739746094,-0.002291374978836969
dwp/uc_payment_dist/COUPLE_WITH_CHILDREN_annual_payment_27_600_to_28_800@2025,dwp_universal_credit,False,15399.888888888889,15318.989013671875,-0.005253276552883665,15399.888888888889,15422.971893310547,0.0014989072056430688
dwp/uc_payment_dist/COUPLE_WITH_CHILDREN_annual_payment_28_800_to_30_000@2025,dwp_universal_credit,False,12836.222222222223,12856.200317382812,0.0015563843329234014,12836.222222222223,12866.7255859375,0.0023763505482531757
dwp/uc_payment_dist/COUPLE_WITH_CHILDREN_annual_payment_2_400_to_3_600@2025,dwp_universal_credit,False,26502.666666666668,26532.5386428833,0.0011271309635495635,26502.666666666668,26413.158878326416,-0.0033773125348487646
dwp/uc_payment_dist/COUPLE_WITH_CHILDREN_annual_payment_3_600_to_4_800@2025,dwp_universal_credit,False,29027.0,29059.226558685303,0.0011102269847143259,29027.0,28976.345252990723,-0.0017450906745194938
dwp/uc_payment_dist/COUPLE_WITH_CHILDREN_annual_payment_4_800_to_6_000@2025,dwp_universal_credit,False,32427.0,32448.47692489624,0.0006623161222512176,32427.0,32321.311349868774,-0.0032592793083302675
dwp/uc_payment_dist/COUPLE_WITH_CHILDREN_annual_payment_6_000_to_7_200@2025,dwp_universal_credit,False,34956.88888888889,34907.42909240723,-0.0014148798149306939,34956.88888888889,34946.16667175293,-0.00030672687063318426
dwp/uc_payment_dist/COUPLE_WITH_CHILDREN_annual_payment_7_200_to_8_400@2025,dwp_universal_credit,False,37410.77777777778,37357.75244140625,-0.0014173812874595825,37410.77777777778,37452.8896522522,0.001125661560007206
dwp/uc_payment_dist/COUPLE_WITH_CHILDREN_annual_payment_8_400_to_9_600@2025,dwp_universal_credit,False,39910.333333333336,39906.17240905762,-0.0001042568159219894,39910.333333333336,39909.99817657471,-8.397743908312652e-06
dwp/uc_payment_dist/COUPLE_WITH_CHILDREN_annual_payment_9_600_to_10_800@2025,dwp_universal_credit,False,39368.0,39521.73371887207,0.0039050426456022735,39368.0,39256.82487869263,-0.0028239971882588156
dwp/uc_payment_dist/LONE_PARENT_annual_payment_0_to_1_200@2025,dwp_universal_credit,False,26670.222222222223,26553.321952819824,-0.004383175679166051,26670.222222222223,26602.20059967041,-0.0025504707829219113
dwp/uc_payment_dist/LONE_PARENT_annual_payment_1_200_to_2_400@2025,dwp_universal_credit,False,36208.11111111111,36166.45346069336,-0.0011505060368909087,36208.11111111111,35936.29881286621,-0.0075069449883975875
dwp/uc_payment_dist/LONE_PARENT_annual_payment_20_400_to_21_600@2025,dwp_universal_credit,False,85490.44444444444,85069.96188354492,-0.004918474381926564,85490.44444444444,85085.32662963867,-0.004738749663057724
dwp/uc_payment_dist/LONE_PARENT_annual_payment_22_800_to_24_000@2025,dwp_universal_credit,False,71259.55555555556,71256.97412109375,-3.622580076014477e-05,71259.55555555556,71214.4896850586,-0.0006324186299735465
dwp/uc_payment_dist/LONE_PARENT_annual_payment_24_000_to_25_200@2025,dwp_universal_credit,False,51301.666666666664,51210.21199798584,-0.0017826841625838874,51301.666666666664,51538.24935913086,0.004611598566600081
dwp/uc_payment_dist/LONE_PARENT_annual_payment_25_200_to_26_400@2025,dwp_universal_credit,False,43305.22222222222,43181.172912597656,-0.0028645346509942726,43305.22222222222,43431.56689453125,0.0029175389439335753
dwp/uc_payment_dist/LONE_PARENT_annual_payment_26_400_to_27_600@2025,dwp_universal_credit,False,34910.555555555555,34776.64959716797,-0.003835686836163128,34910.555555555555,34975.26689910889,0.0018536325911615009
dwp/uc_payment_dist/LONE_PARENT_annual_payment_27_600_to_28_800@2025,dwp_universal_credit,False,28513.0,28486.287338256836,-0.0009368590377429265,28513.0,28534.22135925293,0.0007442696051951632
dwp/uc_payment_dist/LONE_PARENT_annual_payment_28_800_to_30_000@2025,dwp_universal_credit,False,22593.0,22691.866119384766,0.004375962439019414,22593.0,22657.938262939453,0.002874264725333206
dwp/uc_payment_dist/LONE_PARENT_annual_payment_2_400_to_3_600@2025,dwp_universal_credit,False,46312.77777777778,46348.127014160156,0.0007632717811052316,46312.77777777778,46327.76824951172,0.0003236789597433865
dwp/uc_payment_dist/LONE_PARENT_annual_payment_3_600_to_4_800@2025,dwp_universal_credit,False,60310.11111111111,60158.27948760986,-0.0025175152342452544,60310.11111111111,60165.3752746582,-0.0023998602188985397
dwp/uc_payment_dist/LONE_PARENT_annual_payment_4_800_to_6_000@2025,dwp_universal_credit,False,67858.66666666667,67831.38890075684,-0.0004019791022984376,67858.66666666667,67810.4252243042,-0.0007109105547187138
dwp/uc_payment_dist/LONE_PARENT_annual_payment_6_000_to_7_200@2025,dwp_universal_credit,False,89577.44444444444,89445.29569244385,-0.0014752458369422276,89577.44444444444,89617.30568695068,0.00044499195923106957
dwp/uc_payment_dist/LONE_PARENT_annual_payment_7_200_to_8_400@2025,dwp_universal_credit,False,116076.0,116154.6541671753,0.0006776092144396169,116076.0,116171.90098571777,0.0008261913377250546
dwp/uc_payment_dist/LONE_PARENT_annual_payment_8_400_to_9_600@2025,dwp_universal_credit,False,97511.0,97341.0114479065,-0.0017432756519111265,97511.0,97169.26430511475,-0.0035045860968019394
dwp/uc_payment_dist/LONE_PARENT_annual_payment_9_600_to_10_800@2025,dwp_universal_credit,False,102343.0,102097.2710723877,-0.0024010330712633467,102343.0,102430.47212219238,0.0008546957016345311
dwp/uc_payment_dist/SINGLE_annual_payment_0_to_1_200@2025,dwp_universal_credit,False,89479.33333333333,89524.17416000366,0.0005011305404264705,89479.33333333333,89774.30750274658,0.00329656199286152
dwp/uc_payment_dist/SINGLE_annual_payment_10_800_to_12_000@2025,dwp_universal_credit,False,104891.11111111111,104533.52238464355,-0.00340914232559479,104891.11111111111,105254.81552124023,0.003467447396413343
dwp/uc_payment_dist/SINGLE_annual_payment_12_000_to_13_200@2025,dwp_universal_credit,False,122035.55555555556,121750.02020263672,-0.002339771811739374,122035.55555555556,121596.40381622314,-0.0035985556613662294
dwp/uc_payment_dist/SINGLE_annual_payment_15_600_to_16_800@2025,dwp_universal_credit,False,149963.22222222222,150106.4390258789,0.0009550128460460938,149963.22222222222,149825.42459106445,-0.0009188761692088155
dwp/uc_payment_dist/SINGLE_annual_payment_16_800_to_18_000@2025,dwp_universal_credit,False,108689.66666666667,108647.64122009277,-0.0003866554003039057,108689.66666666667,108819.55644226074,0.0011950517429814302
dwp/uc_payment_dist/SINGLE_annual_payment_18_000_to_19_200@2025,dwp_universal_credit,False,61718.666666666664,61730.9599609375,0.0001991827583902616,61718.666666666664,61458.175048828125,-0.004220629380174651
dwp/uc_payment_dist/SINGLE_annual_payment_19_200_to_20_400@2025,dwp_universal_credit,False,34050.444444444445,33983.67492675781,-0.0019609000345229455,34050.444444444445,34076.34939575195,0.0007607815912586256
dwp/uc_payment_dist/SINGLE_annual_payment_1_200_to_2_400@2025,dwp_universal_credit,False,127403.22222222222,127282.98274993896,-0.0009437710458651293,127403.22222222222,127243.31181716919,-0.0012551519676174822
dwp/uc_payment_dist/SINGLE_annual_payment_20_400_to_21_600@2025,dwp_universal_credit,False,22338.333333333332,22264.31005859375,-0.0033137331077929774,22338.333333333332,22447.4462890625,0.004884561175669681
dwp/uc_payment_dist/SINGLE_annual_payment_22_800_to_24_000@2025,dwp_universal_credit,False,11133.666666666666,10729.99609375,-0.03625675035927063,11133.666666666666,10729.99609375,-0.03625675035927063
dwp/uc_payment_dist/SINGLE_annual_payment_24_000_to_25_200@2025,dwp_universal_credit,False,6951.222222222223,6955.0751953125,0.0005542871407505692,6951.222222222223,6975.48193359375,0.0034899922051077562
dwp/uc_payment_dist/SINGLE_annual_payment_25_200_to_26_400@2025,dwp_universal_credit,False,6508.222222222223,6503.87255859375,-0.0006683336063142971,6508.222222222223,6500.73681640625,-0.0011501460092149013
dwp/uc_payment_dist/SINGLE_annual_payment_26_400_to_27_600@2025,dwp_universal_credit,False,5913.444444444444,5903.55810546875,-0.0016718410172910899,5913.444444444444,5856.7587890625,-0.009585894636280774
dwp/uc_payment_dist/SINGLE_annual_payment_28_800_to_30_000@2025,dwp_universal_credit,False,1653.7777777777778,1651.2129211425781,-0.0015509076670785628,1653.7777777777778,1656.4339904785156,0.0016061485021929703
dwp/uc_payment_dist/SINGLE_annual_payment_2_400_to_3_600@2025,dwp_universal_credit,False,197136.66666666666,196609.87888526917,-0.0026721958441562974,197136.66666666666,196916.91854524612,-0.00111469938665494
dwp/uc_payment_dist/SINGLE_annual_payment_3_600_to_4_800@2025,dwp_universal_credit,False,377063.1111111111,377087.6189517975,6.4996654311112e-05,377063.1111111111,376241.8713874817,-0.0021779901014698723
dwp/uc_payment_dist/SINGLE_annual_payment_4_800_to_6_000@2025,dwp_universal_credit,False,195983.22222222222,196211.13967514038,0.0011629436965768934,195983.22222222222,196438.4694595337,0.0023228888276736
dwp/uc_payment_dist/SINGLE_annual_payment_6_000_to_7_200@2025,dwp_universal_credit,False,114033.33333333333,114000.27459716797,-0.0002899041464369459,114033.33333333333,114170.00187683105,0.0011984964352329103
dwp/uc_payment_dist/SINGLE_annual_payment_7_200_to_8_400@2025,dwp_universal_credit,False,149043.77777777778,148972.4663619995,-0.00047845952941821986,149043.77777777778,149111.38083648682,0.00045357853723910986
hmrc.cgt.gains_by_age_band.age_16_to_24@2025,hmrc_cgt,True,,,,319000000.0,93908318.06642029,-0.7056165577855164
hmrc.cgt.gains_by_age_band.age_25_to_34@2025,hmrc_cgt,True,,,,2499000000.0,2264711938.653756,-0.09375272562874905
hmrc.cgt.gains_by_age_band.age_35_to_44@2025,hmrc_cgt,True,,,,11775000000.0,11756694044.570152,-0.0015546458963777254
hmrc.cgt.gains_by_age_band.age_45_to_54@2025,hmrc_cgt,True,,,,28422000000.0,28564262780.701237,0.005005375438084467
hmrc.cgt.gains_by_age_band.age_55_to_64@2025,hmrc_cgt,True,,,,38118000000.0,38112477377.60352,-0.000144882270750741
hmrc.cgt.gains_by_age_band.age_65_to_74@2025,hmrc_cgt,True,,,,24260000000.0,24235467443.831024,-0.0010112347967426146
hmrc.cgt.gains_by_age_band.age_75_to_84@2025,hmrc_cgt,True,,,,11736000000.0,11714316556.84219,-0.0018476008144010065
hmrc.cgt.gains_by_age_band.age_85_plus@2025,hmrc_cgt,True,,,,2076000000.0,2038613306.6853666,-0.018009004486817616
hmrc.cgt.gains_by_region@E12000001@2025,hmrc_cgt,True,,,,1497797150.3974364,1497152683.5495627,-0.0004302764547940822
hmrc.cgt.gains_by_region@E12000002@2025,hmrc_cgt,True,,,,8790074083.38308,8756234355.975298,-0.0038497658935267515
hmrc.cgt.gains_by_region@E12000003@2025,hmrc_cgt,True,,,,6970985861.949795,6966113198.937089,-0.0006989919516696469
hmrc.cgt.gains_by_region@E12000004@2025,hmrc_cgt,True,,,,6299365751.358824,6301285595.220215,0.00030476780316763505
hmrc.cgt.gains_by_region@E12000005@2025,hmrc_cgt,True,,,,5890960774.765152,5891921359.129771,0.00016306073004832553
hmrc.cgt.gains_by_region@E12000006@2025,hmrc_cgt,True,,,,11545870966.728456,11523829363.024897,-0.0019090464259540745
hmrc.cgt.gains_by_region@E12000007@2025,hmrc_cgt,True,,,,32519714615.602127,32186918327.256603,-0.01023367800976509
hmrc.cgt.gains_by_region@E12000008@2025,hmrc_cgt,True,,,,25606804690.69088,25566605585.54138,-0.0015698602631242001
hmrc.cgt.gains_by_region@E12000009@2025,hmrc_cgt,True,,,,10341263627.509504,10295403185.765337,-0.00443470386173802
hmrc.cgt.gains_by_region@N92000002@2025,hmrc_cgt,True,,,,1757265449.747086,1766411686.0498238,0.005204812001541419
hmrc.cgt.gains_by_region@S92000003@2025,hmrc_cgt,True,,,,5680201325.83493,5672412469.308121,-0.0013712289547527282
hmrc.cgt.gains_by_region@W92000004@2025,hmrc_cgt,True,,,,2358632410.6946497,2356163957.1955605,-0.0010465613411808614
hmrc.cgt.gains_total@2025,hmrc_cgt,True,119258000000.0,107931956702.93329,-0.09497093106598058,119258000000.0,118780451766.95367,-0.004004328707896541
hmrc.cgt.liability_total@2025,hmrc_cgt,True,22503000000.0,22629780697.062336,0.005633946454354351,22503000000.0,25065767241.866356,0.11388558156096325
hmrc.cgt.residential_property_gains.ty2024@2025,hmrc_cgt,True,,,,12242481474.688189,12238960600.728003,-0.00028759479583167434
hmrc.cgt.residential_property_taxpayers.ty2024@2025,hmrc_cgt,True,,,,202630.0578034682,202661.28561019897,0.00015411241090927363
hmrc.cgt.tax_by_age_band.age_16_to_24@2025,hmrc_cgt,True,,,,59000000.0,12050655.492611237,-0.7957516018201485
hmrc.cgt.tax_by_age_band.age_25_to_34@2025,hmrc_cgt,True,,,,456000000.0,458723389.79726875,0.005972346046641992
hmrc.cgt.tax_by_age_band.age_35_to_44@2025,hmrc_cgt,True,,,,2246000000.0,2486943171.444068,0.10727656787358324
hmrc.cgt.tax_by_age_band.age_45_to_54@2025,hmrc_cgt,True,,,,5522000000.0,6110400482.883022,0.10655568324574834
hmrc.cgt.tax_by_age_band.age_55_to_64@2025,hmrc_cgt,True,,,,7152000000.0,8111413789.799624,0.13414622340598775
hmrc.cgt.tax_by_age_band.age_65_to_74@2025,hmrc_cgt,True,,,,4409000000.0,5081912631.686146,0.15262250661967472
hmrc.cgt.tax_by_age_band.age_75_to_84@2025,hmrc_cgt,True,,,,2260000000.0,2411014837.104593,0.06682072438256319
hmrc.cgt.tax_by_age_band.age_85_plus@2025,hmrc_cgt,True,,,,390000000.0,393308283.65903914,0.008482778612920872
hmrc.cgt.taxpayers_by_age_band.age_16_to_24@2025,hmrc_cgt,True,,,,4000.0,4012.647476196289,0.0031618690490722657
hmrc.cgt.taxpayers_by_age_band.age_25_to_34@2025,hmrc_cgt,True,,,,27000.0,27078.57518386841,0.0029101919951262296
hmrc.cgt.taxpayers_by_age_band.age_35_to_44@2025,hmrc_cgt,True,,,,65000.0,64942.10457229614,-0.0008906988877516527
hmrc.cgt.taxpayers_by_age_band.age_45_to_54@2025,hmrc_cgt,True,,,,98000.0,97889.81784439087,-0.0011243077102972537
hmrc.cgt.taxpayers_by_age_band.age_55_to_64@2025,hmrc_cgt,True,,,,144000.0,143422.31245231628,-0.004011719081136915
hmrc.cgt.taxpayers_by_age_band.age_65_to_74@2025,hmrc_cgt,True,,,,125000.0,124932.23085594177,-0.0005421531524658203
hmrc.cgt.taxpayers_by_age_band.age_75_to_84@2025,hmrc_cgt,True,,,,68000.0,67895.72945785522,-0.0015333903256584617
hmrc.cgt.taxpayers_by_age_band.age_85_plus@2025,hmrc_cgt,True,,,,19000.0,19019.399349212646,0.0010210183796129728
hmrc.cgt.taxpayers_by_region@E12000001@2025,hmrc_cgt,True,,,,11321.91780821918,11346.488628387451,0.0021701994824970938
hmrc.cgt.taxpayers_by_region@E12000002@2025,hmrc_cgt,True,,,,41513.69863013699,41387.560134887695,-0.0030384788494303124
hmrc.cgt.taxpayers_by_region@E12000003@2025,hmrc_cgt,True,,,,32078.767123287675,32046.018800258636,-0.0010208722455940149
hmrc.cgt.taxpayers_by_region@E12000004@2025,hmrc_cgt,True,,,,31135.273972602743,31117.72386932373,-0.0005636726785977741
hmrc.cgt.taxpayers_by_region@E12000005@2025,hmrc_cgt,True,,,,33022.260273972606,32994.58889770508,-0.0008379613036160959
hmrc.cgt.taxpayers_by_region@E12000006@2025,hmrc_cgt,True,,,,58496.57534246576,58293.886348724365,-0.003464971967243554
hmrc.cgt.taxpayers_by_region@E12000007@2025,hmrc_cgt,True,,,,106614.72602739726,106568.08265209198,-0.0004374946786741085
hmrc.cgt.taxpayers_by_region@E12000008@2025,hmrc_cgt,True,,,,114162.67123287672,114015.95173072815,-0.0012851793021668122
hmrc.cgt.taxpayers_by_region@E12000009@2025,hmrc_cgt,True,,,,60383.56164383562,60122.20346212387,-0.004328300196224567
hmrc.cgt.taxpayers_by_region@N92000002@2025,hmrc_cgt,True,,,,9434.931506849316,9489.673076629639,0.00580201029976559
hmrc.cgt.taxpayers_by_region@S92000003@2025,hmrc_cgt,True,,,,34909.24657534247,34843.238636016846,-0.0018908439969669035
hmrc.cgt.taxpayers_by_region@W92000004@2025,hmrc_cgt,True,,,,16982.87671232877,16967.400955200195,-0.0009112565197708191
hmrc.cgt.taxpayers_total@2025,hmrc_cgt,True,551000.0,550625.616733551,-0.0006794614636097542,551000.0,549192.8171920776,-0.0032798236078445796
hmrc.salary_sacrifice.users_above_cap@2025,hmrc_salary_sacrifice,False,3300000.0,3303812.1317478744,0.0011551914387498278,3300000.0,3307957.3777186004,0.002411326581394074
hmrc.salary_sacrifice.users_below_cap@2025,hmrc_salary_sacrifice,False,4300000.0,4298576.552334656,-0.00033103434077767264,4300000.0,4298678.463606654,-0.00030733404496424764
hmrc.salary_sacrifice.users_total@2025,hmrc_salary_sacrifice,False,7700000.0,7602388.6840825295,-0.012676794274996168,7700000.0,7606635.841325253,-0.012125215412304774
hmrc.tfc.children_with_used_accounts@2025,hmrc_tfc,False,1151515.0,1150141.6304855347,-0.0011926631563334668,1151515.0,1153438.0757255554,0.0016700396656191365
hmrc.tfc.government_top_up@2025,hmrc_tfc,False,599800000.0,599060490.0332513,-0.0012329275871102274,599800000.0,600105465.4765728,0.0005092788872503367
hmrc/capital_gains_band_1000000@2025,hmrc_cgt,True,,,,12806000000.0,12828156004.771564,0.0017301268758054414
hmrc/capital_gains_band_100000@2025,hmrc_cgt,True,,,,9487000000.0,9490842339.38142,0.00040501100257406297
hmrc/capital_gains_band_10000@2025,hmrc_cgt,True,,,,289000000.0,288232751.16344905,-0.0026548402648821834
hmrc/capital_gains_band_12300@2025,hmrc_cgt,True,,,,1747000000.0,1742762763.4591463,-0.002425435913482392
hmrc/capital_gains_band_2000000@2025,hmrc_cgt,True,,,,16477000000.0,16450541419.762945,-0.0016057886895099122
hmrc/capital_gains_band_250000@2025,hmrc_cgt,True,,,,8820000000.0,8802024947.038269,-0.0020379878641418317
hmrc/capital_gains_band_25000@2025,hmrc_cgt,True,,,,3516000000.0,3514018121.244543,-0.0005636742762960536
hmrc/capital_gains_band_3000@2025,hmrc_cgt,True,,,,311000000.0,310319001.087522,-0.002189707114077266
hmrc/capital_gains_band_5000000@2025,hmrc_cgt,True,,,,48474000000.0,48051623955.84032,-0.00871345554647199
hmrc/capital_gains_band_500000@2025,hmrc_cgt,True,,,,11372000000.0,11337989333.8238,-0.002990737440749285
hmrc/capital_gains_band_50000@2025,hmrc_cgt,True,,,,5510000000.0,5516355665.250963,0.0011534782669624702
hmrc/capital_gains_band_6000@2025,hmrc_cgt,True,,,,448000000.0,447585464.12971497,-0.000925303281886237
hmrc/cgt_taxpayers_band_1000000@2025,hmrc_cgt,True,,,,9000.0,9019.947410583496,0.0022163789537217884
hmrc/cgt_taxpayers_band_100000@2025,hmrc_cgt,True,,,,61000.0,61114.00471687317,0.0018689297848060483
hmrc/cgt_taxpayers_band_10000@2025,hmrc_cgt,True,,,,26000.0,25944.814949035645,-0.002122501960167518
hmrc/cgt_taxpayers_band_12300@2025,hmrc_cgt,True,,,,97000.0,96963.66179656982,-0.00037462065391933794
hmrc/cgt_taxpayers_band_2000000@2025,hmrc_cgt,True,,,,5000.0,4993.589327812195,-0.0012821344375610352
hmrc/cgt_taxpayers_band_250000@2025,hmrc_cgt,True,,,,25000.0,24967.479124069214,-0.0013008350372314453
hmrc/cgt_taxpayers_band_25000@2025,hmrc_cgt,True,,,,98000.0,98987.91841125488,0.010080800114845743
hmrc/cgt_taxpayers_band_3000@2025,hmrc_cgt,True,,,,73000.0,72994.23070144653,-7.903148703379174e-05
hmrc/cgt_taxpayers_band_5000000@2025,hmrc_cgt,True,,,,3000.0,2996.490288734436,-0.0011699037551879882
hmrc/cgt_taxpayers_band_500000@2025,hmrc_cgt,True,,,,16000.0,15968.293199539185,-0.0019816750288009642
hmrc/cgt_taxpayers_band_50000@2025,hmrc_cgt,True,,,,78000.0,78235.93495750427,0.0030248071474906725
hmrc/cgt_taxpayers_band_6000@2025,hmrc_cgt,True,,,,57000.0,57006.452308654785,0.00011319839745237117
hmrc/dividend_income_count_income_band_100_000_to_150_000@2025,hmrc_spi,False,222000.0,221963.19381713867,-0.00016579361649246904,222000.0,221749.81780052185,-0.0011269468444961685
hmrc/dividend_income_count_income_band_12_570_to_15_000@2025,hmrc_spi,False,115000.0,114800.81825351715,-0.0017320151868073837,115000.0,114808.42598438263,-0.00166586100536844
hmrc/dividend_income_count_income_band_150_000_to_200_000@2025,hmrc_spi,False,92000.0,91786.6767654419,-0.00231873081041419,92000.0,92236.22834968567,0.0025676994531050974
hmrc/dividend_income_count_income_band_15_000_to_20_000@2025,hmrc_spi,False,372000.0,371776.244808197,-0.0006014924510832756,372000.0,371712.2736129761,-0.0007734580296342091
hmrc/dividend_income_count_income_band_200_000_to_300_000@2025,hmrc_spi,False,75000.0,75144.38858795166,0.001925181172688802,75000.0,74901.4013671875,-0.0013146484375
hmrc/dividend_income_count_income_band_20_000_to_30_000@2025,hmrc_spi,False,843000.0,843093.3517951965,0.00011073759809790415,843000.0,842019.704826355,-0.0011628649746678761
hmrc/dividend_income_count_income_band_300_000_to_500_000@2025,hmrc_spi,False,49000.0,48970.97156524658,-0.0005924170357840401,49000.0,48942.86185455322,-0.0011660846009546397
hmrc/dividend_income_count_income_band_30_000_to_40_000@2025,hmrc_spi,False,667000.0,666466.6921432202,-0.0007995620041675838,667000.0,665831.4935088526,-0.0017518837948237592
hmrc/dividend_income_count_income_band_40_000_to_50_000@2025,hmrc_spi,False,627000.0,627184.7502727509,0.00029465753229801354,627000.0,626423.8365139113,-0.0009189210304445654
hmrc/dividend_income_count_income_band_500_000_to_1_000_000@2025,hmrc_spi,False,32000.0,32111.354385375977,0.0034798245429992674,32000.0,31967.902053833008,-0.0010030608177185058
hmrc/dividend_income_count_income_band_50_000_to_70_000@2025,hmrc_spi,False,643000.0,642913.7146296869,-0.00013419186673887525,643000.0,642524.8407464027,-0.000738972400617822
hmrc/dividend_income_count_income_band_70_000_to_100_000@2025,hmrc_spi,False,336000.0,335919.25883102417,-0.00024030109814235143,336000.0,335497.177544117,-0.0014964954044137681
hmrc/dividend_income_income_band_100_000_to_150_000@2025,hmrc_spi,False,6870000000.0,6879438939.833873,0.001373935929239126,6870000000.0,6869574471.408043,-6.194011527759713e-05
hmrc/dividend_income_income_band_12_570_to_15_000@2025,hmrc_spi,False,175000000.0,174978041.63896134,-0.00012547634879231452,175000000.0,174559480.80271026,-0.0025172525559413435
hmrc/dividend_income_income_band_150_000_to_200_000@2025,hmrc_spi,False,3450000000.0,3440344525.534564,-0.0027986882508510094,3450000000.0,3444063764.093953,-0.001720648088709237
hmrc/dividend_income_income_band_15_000_to_20_000@2025,hmrc_spi,False,855000000.0,856134897.0437845,0.0013273649634906422,855000000.0,854246275.1377269,-0.0008815495465182421
hmrc/dividend_income_income_band_200_000_to_300_000@2025,hmrc_spi,False,3700000000.0,3707377797.4451647,0.001993999309503968,3700000000.0,3686807745.1767993,-0.0035654742765407303
hmrc/dividend_income_income_band_20_000_to_30_000@2025,hmrc_spi,False,3330000000.0,3325445083.384061,-0.0013678428276093515,3330000000.0,3330864154.4867067,0.000259505851863884
hmrc/dividend_income_income_band_300_000_to_500_000@2025,hmrc_spi,False,3430000000.0,3427392193.533094,-0.0007602934305848603,3430000000.0,3423591088.388026,-0.0018684873504296684
hmrc/dividend_income_income_band_30_000_to_40_000@2025,hmrc_spi,False,4700000000.0,4692439284.376222,-0.0016086628986762433,4700000000.0,4698739773.235292,-0.000268133354193099
hmrc/dividend_income_income_band_40_000_to_50_000@2025,hmrc_spi,False,8400000000.0,8403907956.808586,0.0004652329534031096,8400000000.0,8381200367.01758,-0.0022380515455261867
hmrc/dividend_income_income_band_50_000_to_70_000@2025,hmrc_spi,False,12500000000.0,12501017713.255322,8.141706042572021e-05,12500000000.0,12488332030.454592,-0.0009334375636326599
hmrc/dividend_income_income_band_70_000_to_100_000@2025,hmrc_spi,False,9440000000.0,9441737974.44081,0.0001841074619501324,9440000000.0,9417685045.657688,-0.002363872282024561
hmrc/employment_income_count_income_band_100_000_to_150_000@2025,hmrc_spi,False,791000.0,790755.0606002808,-0.00030965790103569947,791000.0,791010.3477487564,1.308185683490353e-05
hmrc/employment_income_count_income_band_12_570_to_15_000@2025,hmrc_spi,False,1360000.0,1363439.2267636193,0.0025288432085436344,1360000.0,1362880.6574404927,0.0021181304709504785
hmrc/employment_income_count_income_band_150_000_to_200_000@2025,hmrc_spi,False,264000.0,263669.8199682236,-0.0012506819385470767,264000.0,264311.0181956291,0.0011780992258678784
hmrc/employment_income_count_income_band_15_000_to_20_000@2025,hmrc_spi,False,3100000.0,3110240.5114422515,0.0033033907878230657,3100000.0,3110463.953984655,0.0033754690273080563
hmrc/employment_income_count_income_band_200_000_to_300_000@2025,hmrc_spi,False,180000.0,180180.4045600891,0.0010022475560506185,180000.0,180073.5999212265,0.00040888845125834145
hmrc/employment_income_count_income_band_20_000_to_30_000@2025,hmrc_spi,False,7470000.0,7522615.122937659,0.007043523820302383,7470000.0,7518721.817696149,0.0065223316862315205
hmrc/employment_income_count_income_band_300_000_to_500_000@2025,hmrc_spi,False,93000.0,92989.72315073013,-0.00011050375558996714,93000.0,92688.43758964539,-0.0033501334446732717
hmrc/employment_income_count_income_band_30_000_to_40_000@2025,hmrc_spi,False,5370000.0,5493143.641452337,0.02293177680676661,5370000.0,5490874.307227966,0.02250918197913713
hmrc/employment_income_count_income_band_40_000_to_50_000@2025,hmrc_spi,False,3500000.0,3522982.0286870706,0.006566293910591597,3500000.0,3519190.642580968,0.005483040737419389
hmrc/employment_income_count_income_band_500_000_to_1_000_000@2025,hmrc_spi,False,44000.0,44115.540702819824,0.002625925064086914,44000.0,43974.29800605774,-0.0005841362259604714
hmrc/employment_income_count_income_band_50_000_to_70_000@2025,hmrc_spi,False,3430000.0,3444064.3382329457,0.004100390155377741,3430000.0,3448484.2697037803,0.005388999913638571
hmrc/employment_income_count_income_band_70_000_to_100_000@2025,hmrc_spi,False,1640000.0,1665444.7557668686,0.015515094979797922,1640000.0,1666778.6879491806,0.01632846826169549
hmrc/employment_income_income_band_100_000_to_150_000@2025,hmrc_spi,False,82300000000.0,82384748125.20845,0.0010297463573323245,82300000000.0,82427405589.12312,0.0015480630513137687
hmrc/employment_income_income_band_12_570_to_15_000@2025,hmrc_spi,False,16900000000.0,16754994383.94453,-0.008580213967779261,16900000000.0,16769729568.433786,-0.007708309560130982
hmrc/employment_income_income_band_150_000_to_200_000@2025,hmrc_spi,False,39200000000.0,39190755099.379776,-0.0002358393015363265,39200000000.0,39301036241.688156,0.0025774551451060237
hmrc/employment_income_income_band_15_000_to_20_000@2025,hmrc_spi,False,48600000000.0,48526358458.516045,-0.0015152580552254193,48600000000.0,48531403894.1203,-0.0014114425078127512
hmrc/employment_income_income_band_200_000_to_300_000@2025,hmrc_spi,False,36600000000.0,36701675538.797935,0.0027780201857359422,36600000000.0,36686633063.06134,0.002367023580910938
hmrc/employment_income_income_band_20_000_to_30_000@2025,hmrc_spi,False,172000000000.0,172017810961.37323,0.00010355210100715105,172000000000.0,171901350258.55554,-0.0005735450083980116
hmrc/employment_income_income_band_300_000_to_500_000@2025,hmrc_spi,False,29000000000.0,30761169689.167236,0.060729989281628836,29000000000.0,30873515524.989193,0.064603983620317
hmrc/employment_income_income_band_30_000_to_40_000@2025,hmrc_spi,False,170000000000.0,170129889872.73483,0.000764058074910781,170000000000.0,170005000589.3329,2.941523136991613e-05
hmrc/employment_income_income_band_40_000_to_50_000@2025,hmrc_spi,False,139000000000.0,139072058127.369,0.0005184037940214966,139000000000.0,139070409768.1246,0.0005065450944216062
hmrc/employment_income_income_band_500_000_to_1_000_000@2025,hmrc_spi,False,23100000000.0,23177961815.981277,0.0033749703887998904,23100000000.0,23100371880.205326,1.6098710187276206e-05
hmrc/employment_income_income_band_50_000_to_70_000@2025,hmrc_spi,False,174000000000.0,174506758047.72006,0.002912402573103806,174000000000.0,174560803458.12024,0.003223008380001375
hmrc/employment_income_income_band_70_000_to_100_000@2025,hmrc_spi,False,118000000000.0,118014222925.64903,0.00012053326821214061,118000000000.0,118035181071.36996,0.00029814467262681863
hmrc/private_pension_income_count_income_band_100_000_to_150_000@2025,hmrc_spi,False,109000.0,108702.59630584717,-0.002728474258282863,109000.0,108475.68524169922,-0.00481022714037414
hmrc/private_pension_income_count_income_band_12_570_to_15_000@2025,hmrc_spi,False,1070000.0,1068823.110198021,-0.0010998970111953878,1070000.0,1069515.374516047,-0.00045292101304011994
hmrc/private_pension_income_count_income_band_150_000_to_200_000@2025,hmrc_spi,False,29000.0,28931.538548469543,-0.0023607397079467773,29000.0,28878.2021856308,-0.004199924633420747
hmrc/private_pension_income_count_income_band_15_000_to_20_000@2025,hmrc_spi,False,2140000.0,2141063.1404143614,0.0004967945861501759,2140000.0,2138318.369115851,-0.0007858088243687439
hmrc/private_pension_income_count_income_band_200_000_to_300_000@2025,hmrc_spi,False,20000.0,19981.10668182373,-0.0009446659088134765,20000.0,19917.961540222168,-0.0041019229888916015
hmrc/private_pension_income_count_income_band_20_000_to_30_000@2025,hmrc_spi,False,2660000.0,2658452.9267192255,-0.0005816064965317754,2660000.0,2656940.5918064117,-0.0011501534562361867
hmrc/private_pension_income_count_income_band_300_000_to_500_000@2025,hmrc_spi,False,10000.0,10046.791735172272,0.0046791735172271726,10000.0,10066.374691963196,0.00663746919631958
hmrc/private_pension_income_count_income_band_30_000_to_40_000@2025,hmrc_spi,False,1450000.0,1448387.6006736755,-0.0011119995353961814,1450000.0,1447520.1496119127,-0.0017102416469567808
hmrc/private_pension_income_count_income_band_40_000_to_50_000@2025,hmrc_spi,False,779000.0,779052.3097419739,6.714986132718479e-05,779000.0,778398.1477718353,-0.0007725959283243554
hmrc/private_pension_income_count_income_band_500_000_to_1_000_000@2025,hmrc_spi,False,4000.0,4010.1061096191406,0.002526527404785156,4000.0,3992.143943786621,-0.0019640140533447267
hmrc/private_pension_income_count_income_band_50_000_to_70_000@2025,hmrc_spi,False,643000.0,642463.3175230026,-0.0008346539300114705,643000.0,642354.9462776184,-0.0010031939694892563
hmrc/private_pension_income_count_income_band_70_000_to_100_000@2025,hmrc_spi,False,259000.0,258775.71597194672,-0.0008659614982752266,259000.0,258688.3879570961,-0.0012031353007872592
hmrc/private_pension_income_income_band_100_000_to_150_000@2025,hmrc_spi,False,5430000000.0,5410998914.152588,-0.0034992791615860237,5430000000.0,5403548371.319018,-0.004871386497418349
hmrc/private_pension_income_income_band_12_570_to_15_000@2025,hmrc_spi,False,4350000000.0,4346645485.746268,-0.0007711527020072937,4350000000.0,4350034772.108743,7.993588216715846e-06
hmrc/private_pension_income_income_band_150_000_to_200_000@2025,hmrc_spi,False,1810000000.0,1801069134.3691978,-0.004934179906520527,1810000000.0,1805680170.2604175,-0.0023866462649627285
hmrc/private_pension_income_income_band_15_000_to_20_000@2025,hmrc_spi,False,13600000000.0,13578160298.319824,-0.0016058604176599838,13600000000.0,13575575609.182514,-0.0017959110895210155
hmrc/private_pension_income_income_band_200_000_to_300_000@2025,hmrc_spi,False,1570000000.0,1567671040.824632,-0.0014834134874955863,1570000000.0,1563741359.6026456,-0.003986395157550551
hmrc/private_pension_income_income_band_20_000_to_30_000@2025,hmrc_spi,False,30200000000.0,30169523826.97483,-0.0010091448021579263,30200000000.0,30151146764.059402,-0.001617656819225084
hmrc/private_pension_income_income_band_300_000_to_500_000@2025,hmrc_spi,False,1120000000.0,998581436.0865912,-0.10840943206554353,1120000000.0,973923600.4508489,-0.13042535674031344
hmrc/private_pension_income_income_band_30_000_to_40_000@2025,hmrc_spi,False,24900000000.0,24890833410.855362,-0.00036813611022642816,24900000000.0,24871439786.352585,-0.0011469965320247053
hmrc/private_pension_income_income_band_40_000_to_50_000@2025,hmrc_spi,False,16900000000.0,16900922286.389114,5.457315911919408e-05,16900000000.0,16886000327.936195,-0.0008283829623553033
hmrc/private_pension_income_income_band_500_000_to_1_000_000@2025,hmrc_spi,False,640000000.0,641528101.5653784,0.002387658695903793,640000000.0,638968987.0733439,-0.0016109576979001985
hmrc/private_pension_income_income_band_50_000_to_70_000@2025,hmrc_spi,False,17400000000.0,17389574266.466526,-0.0005991800881306878,17400000000.0,17398051161.038784,-0.00011200223915034328
hmrc/private_pension_income_income_band_70_000_to_100_000@2025,hmrc_spi,False,9470000000.0,9457622862.91149,-0.001306983853063412,9470000000.0,9456098352.779343,-0.0014679669715583262
hmrc/property_income_count_income_band_100_000_to_150_000@2025,hmrc_spi,False,137000.0,136881.7260723114,-0.0008633133407926907,137000.0,137032.01652145386,0.00023369723688947022
hmrc/property_income_count_income_band_12_570_to_15_000@2025,hmrc_spi,False,101000.0,100859.34951019287,-0.0013925791070012762,101000.0,100733.78307723999,-0.0026358111164357404
hmrc/property_income_count_income_band_150_000_to_200_000@2025,hmrc_spi,False,54000.0,53917.88989448547,-0.001520557509528266,54000.0,54168.03489494324,0.0031117573137636537
hmrc/property_income_count_income_band_15_000_to_20_000@2025,hmrc_spi,False,232000.0,231537.66903686523,-0.0019928058755808863,232000.0,232094.10341835022,0.0004056181825440505
hmrc/property_income_count_income_band_200_000_to_300_000@2025,hmrc_spi,False,41000.0,41046.37253570557,0.001131037456233327,41000.0,41053.719252586365,0.0013102256728381645
hmrc/property_income_count_income_band_20_000_to_30_000@2025,hmrc_spi,False,431000.0,430617.2193546295,-0.0008881221470312839,431000.0,430623.5626182556,-0.0008734045980148138
hmrc/property_income_count_income_band_300_000_to_500_000@2025,hmrc_spi,False,23000.0,23007.192695617676,0.00031272589642068613,23000.0,22978.776708602905,-0.0009227517998736838
hmrc/property_income_count_income_band_30_000_to_40_000@2025,hmrc_spi,False,364000.0,364387.31760406494,0.0010640593518267622,364000.0,364290.6761540626,0.000798560862809389
hmrc/property_income_count_income_band_40_000_to_50_000@2025,hmrc_spi,False,325000.0,324773.2037878793,-0.000697834498832862,325000.0,325272.62531486386,0.0008388471226580441
hmrc/property_income_count_income_band_50_000_to_70_000@2025,hmrc_spi,False,397000.0,397118.30762290955,0.000298004087933365,397000.0,397203.9712314606,0.0005137814394472829
hmrc/property_income_count_income_band_70_000_to_100_000@2025,hmrc_spi,False,226000.0,225893.8906803131,-0.0004695102641012816,226000.0,226162.23794555664,0.0007178670157373479
hmrc/self_employment_income_count_income_band_100_000_to_150_000@2025,hmrc_spi,False,85000.0,84938.21348953247,-0.0007269001231474035,85000.0,85151.61635684967,0.0017837218452902402
hmrc/self_employment_income_count_income_band_12_570_to_15_000@2025,hmrc_spi,False,444000.0,444277.90880966187,0.0006259207424816784,444000.0,443925.4870452881,-0.00016782197007187853
hmrc/self_employment_income_count_income_band_150_000_to_200_000@2025,hmrc_spi,False,40000.0,39921.50653076172,-0.0019623367309570313,40000.0,40054.87124252319,0.001371781063079834
hmrc/self_employment_income_count_income_band_15_000_to_20_000@2025,hmrc_spi,False,651000.0,650179.803440094,-0.0012599025497788108,651000.0,650115.1590298758,-0.0013592027190848456
hmrc/self_employment_income_count_income_band_200_000_to_300_000@2025,hmrc_spi,False,34000.0,33966.705949783325,-0.0009792367710786708,34000.0,34117.96673774719,0.0034696099337409524
hmrc/self_employment_income_count_income_band_20_000_to_30_000@2025,hmrc_spi,False,961000.0,961503.7924113274,0.0005242376808817503,961000.0,959363.8700499535,-0.0017025285640442657
hmrc/self_employment_income_count_income_band_300_000_to_500_000@2025,hmrc_spi,False,21000.0,21016.631408691406,0.0007919718424479167,21000.0,20974.027465820312,-0.001236787341889881
hmrc/self_employment_income_count_income_band_30_000_to_40_000@2025,hmrc_spi,False,595000.0,594765.2763404846,-0.00039449354540400147,595000.0,593875.3341479301,-0.0018901947093611004
hmrc/self_employment_income_count_income_band_40_000_to_50_000@2025,hmrc_spi,False,359000.0,358786.50452423096,-0.0005946949185767214,359000.0,359109.0376300812,0.00030372598908405784
hmrc/self_employment_income_count_income_band_50_000_to_70_000@2025,hmrc_spi,False,311000.0,310726.179210186,-0.0008804527003665446,311000.0,310821.2483224869,-0.0005747642363765999
hmrc/self_employment_income_count_income_band_70_000_to_100_000@2025,hmrc_spi,False,143000.0,142997.57814216614,-1.6936068768267866e-05,143000.0,142938.3185210228,-0.00043133901382659697
hmrc/self_employment_income_income_band_100_000_to_150_000@2025,hmrc_spi,False,4980000000.0,4980030897.899983,6.20439758702933e-06,4980000000.0,4996134400.140031,0.003239839385548366
hmrc/self_employment_income_income_band_12_570_to_15_000@2025,hmrc_spi,False,4810000000.0,4815403310.5660715,0.001123349390035657,4810000000.0,4809268946.417897,-0.00015198619170535876
hmrc/self_employment_income_income_band_150_000_to_200_000@2025,hmrc_spi,False,3650000000.0,3650444531.748102,0.00012178952002799675,3650000000.0,3648762866.461845,-0.0003389406953849531
hmrc/self_employment_income_income_band_15_000_to_20_000@2025,hmrc_spi,False,8030000000.0,8030099199.409501,1.2353600186933468e-05,8030000000.0,8025529190.604052,-0.0005567633120732764
hmrc/self_employment_income_income_band_200_000_to_300_000@2025,hmrc_spi,False,4390000000.0,4399745372.18752,0.002219902548410029,4390000000.0,4425735456.532742,0.008140195109963905
hmrc/self_employment_income_income_band_20_000_to_30_000@2025,hmrc_spi,False,15700000000.0,19788765386.485855,0.26043091633667864,15700000000.0,19678337398.761765,0.25339728654533533
hmrc/self_employment_income_income_band_300_000_to_500_000@2025,hmrc_spi,False,4840000000.0,4853366121.748816,0.002761595402647838,4840000000.0,4845410769.00428,0.001117927480223159
hmrc/self_employment_income_income_band_30_000_to_40_000@2025,hmrc_spi,False,12600000000.0,14576649818.495884,0.15687696972189555,12600000000.0,14512750618.42308,0.1518056046367524
hmrc/self_employment_income_income_band_40_000_to_50_000@2025,hmrc_spi,False,8730000000.0,9167749771.00845,0.05014315819111679,8730000000.0,9211204364.769573,0.055120774887694526
hmrc/self_employment_income_income_band_500_000_to_1_000_000@2025,hmrc_spi,False,6670000000.0,6668763574.350714,-0.0001853711618120345,6670000000.0,6677524747.689924,0.0011281480794489115
hmrc/self_employment_income_income_band_50_000_to_70_000@2025,hmrc_spi,False,8220000000.0,9020495703.55576,0.09738390554206319,8220000000.0,9028730003.63488,0.09838564521105597
hmrc/self_employment_income_income_band_70_000_to_100_000@2025,hmrc_spi,False,5360000000.0,5363217000.100863,0.0006001865859819881,5360000000.0,5362726971.27182,0.000508763296981356
hmrc/state_pension_count_income_band_100_000_to_150_000@2025,hmrc_spi,False,74000.0,73578.40440750122,-0.005697237736469991,74000.0,73569.19233894348,-0.005821725149412413
hmrc/state_pension_count_income_band_12_570_to_15_000@2025,hmrc_spi,False,1140000.0,1136605.0162029266,-0.0029780559623450564,1140000.0,1136066.4237857233,-0.0034505054511199296
hmrc/state_pension_count_income_band_150_000_to_200_000@2025,hmrc_spi,False,21000.0,20964.464184761047,-0.0016921816780453636,21000.0,20909.216032981873,-0.0043230460484822595
hmrc/state_pension_count_income_band_15_000_to_20_000@2025,hmrc_spi,False,2050000.0,2044478.4216796202,-0.0026934528392096755,2050000.0,2043799.4250564792,-0.003024670704156501
hmrc/state_pension_count_income_band_200_000_to_300_000@2025,hmrc_spi,False,14000.0,13981.479522705078,-0.0013228912353515625,14000.0,13929.801578521729,-0.005014172962733677
hmrc/state_pension_count_income_band_20_000_to_30_000@2025,hmrc_spi,False,2320000.0,2315902.1012153625,-0.0017663356830333841,2320000.0,2314517.7426748276,-0.002363041950505355
hmrc/state_pension_count_income_band_300_000_to_500_000@2025,hmrc_spi,False,8000.0,8027.89266204834,0.0034865827560424806,8000.0,7992.936065673828,-0.0008829917907714844
hmrc/state_pension_count_income_band_30_000_to_40_000@2025,hmrc_spi,False,1160000.0,1157001.814716339,-0.0025846424859145593,1160000.0,1156712.5533051116,-0.0028340057714555237
hmrc/state_pension_count_income_band_40_000_to_50_000@2025,hmrc_spi,False,568000.0,566338.753660202,-0.002924729471475306,568000.0,565714.5786209106,-0.004023629188537598
hmrc/state_pension_count_income_band_500_000_to_1_000_000@2025,hmrc_spi,False,3000.0,3004.3687133789062,0.00145623779296875,3000.0,2995.0454635620117,-0.0016515121459960938
hmrc/state_pension_count_income_band_50_000_to_70_000@2025,hmrc_spi,False,441000.0,430194.61750415654,-0.02450200112436158,441000.0,428175.54030799866,-0.029080407464855653
hmrc/state_pension_count_income_band_70_000_to_100_000@2025,hmrc_spi,False,176000.0,175729.2636976242,-0.0015382744453170084,176000.0,175603.90340471268,-0.0022505488368597896
hmrc/state_pension_income_band_100_000_to_150_000@2025,hmrc_spi,False,847000000.0,843181828.0615735,-0.0045078771409994035,847000000.0,842947821.0252441,-0.004784154633714148
hmrc/state_pension_income_band_12_570_to_15_000@2025,hmrc_spi,False,11800000000.0,13111748721.3314,0.11116514587554237,11800000000.0,13109858779.740211,0.11100498133391623
hmrc/state_pension_income_band_150_000_to_200_000@2025,hmrc_spi,False,265000000.0,264843222.44576156,-0.0005916134122205231,265000000.0,263749175.3133915,-0.004720093157013183
hmrc/state_pension_income_band_15_000_to_20_000@2025,hmrc_spi,False,22200000000.0,25377650196.5516,0.14313739624106311,22200000000.0,25368815829.222473,0.14273945176677807
hmrc/state_pension_income_band_200_000_to_300_000@2025,hmrc_spi,False,179000000.0,178816343.4071458,-0.0010260144852190045,179000000.0,178197935.65254474,-0.004480806410364599
hmrc/state_pension_income_band_20_000_to_30_000@2025,hmrc_spi,False,24900000000.0,29167459646.592186,0.171383921549887,24900000000.0,29160418018.945892,0.17110112525887117
hmrc/state_pension_income_band_300_000_to_500_000@2025,hmrc_spi,False,96000000.0,95930007.81504366,-0.0007290852599618956,96000000.0,95586052.38875926,-0.004311954283757756
hmrc/state_pension_income_band_30_000_to_40_000@2025,hmrc_spi,False,12300000000.0,14067869503.18636,0.14372922790133003,12300000000.0,14060019371.372112,0.14309100580261075
hmrc/state_pension_income_band_40_000_to_50_000@2025,hmrc_spi,False,6020000000.0,6530387864.006682,0.08478203721041236,6020000000.0,6516524999.703514,0.08247923583114852
hmrc/state_pension_income_band_500_000_to_1_000_000@2025,hmrc_spi,False,43000000.0,43050091.75034857,0.001164924426710883,43000000.0,42917029.15362482,-0.001929554566864704
hmrc/state_pension_income_band_50_000_to_70_000@2025,hmrc_spi,False,4660000000.0,4842589049.834036,0.03918219953520083,4660000000.0,4824547994.83874,0.035310728506167455
hmrc/state_pension_income_band_70_000_to_100_000@2025,hmrc_spi,False,1890000000.0,1888501998.2143908,-0.000792593537359389,1890000000.0,1887959290.8685439,-0.001079740281193723
isc.private_school_students@2025,isc,False,556551.0,556112.8858337402,-0.0007871950032607355,556551.0,556479.6089248657,-0.0001282740937205707
mhclg.council_tax_stock.band_a@E12000001@2025,council_tax_stock,False,621096.0,620194.9571781158,-0.0014507303571173462,621096.0,622049.6735458374,0.0015354688258134045
mhclg.council_tax_stock.band_a@E12000002@2025,council_tax_stock,False,1285713.0,1285283.3794378387,-0.0003341496602751306,1285713.0,1284559.07183964,-0.0008975005777806423
mhclg.council_tax_stock.band_a@E12000003@2025,council_tax_stock,False,988548.0,988687.8627319336,0.00014148299519456186,988548.0,988576.0378575325,2.8362666792610192e-05
mhclg.council_tax_stock.band_a@E12000004@2025,council_tax_stock,False,739971.0,739584.0246810913,-0.000522960114529747,739971.0,738831.6317186356,-0.0015397472081533478
mhclg.council_tax_stock.band_a@E12000005@2025,council_tax_stock,False,728493.0,727134.7655916971,-0.0018644440074275677,728493.0,726744.8303852081,-0.002399706812271182
mhclg.council_tax_stock.band_a@E12000006@2025,council_tax_stock,False,364482.0,363957.9205608368,-0.0014378746801301792,364482.0,364609.83808612823,0.0003507390930916612
mhclg.council_tax_stock.band_a@E12000007@2025,council_tax_stock,False,118732.0,118437.56732177734,-0.0024798089666025693,118732.0,118578.48318481445,-0.001292969167415245
mhclg.council_tax_stock.band_a@E12000008@2025,council_tax_stock,False,320025.0,320278.77394485474,0.0007929816259815212,320025.0,321513.36463165283,0.004650776132029785
mhclg.council_tax_stock.band_a@E12000009@2025,council_tax_stock,False,422969.0,422346.27302360535,-0.0014722756901679635,422969.0,423122.8185067177,0.00036366378320321796
mhclg.council_tax_stock.band_b@E12000001@2025,council_tax_stock,False,193309.0,192903.76585388184,-0.002096302531791919,193309.0,192985.77997207642,-0.001672038176823552
mhclg.council_tax_stock.band_b@E12000002@2025,council_tax_stock,False,666970.0,667705.5748056517,0.0011028604069923309,666970.0,667151.865908061,0.00027267479505980444
mhclg.council_tax_stock.band_b@E12000003@2025,council_tax_stock,False,482052.0,481753.3534965515,-0.000619531717425685,482052.0,482122.763007164,0.00014679538133645636
mhclg.council_tax_stock.band_b@E12000004@2025,council_tax_stock,False,478320.0,477547.1876602173,-0.001615680589945465,478320.0,476841.7201948166,-0.003090566577152138
mhclg.council_tax_stock.band_b@E12000005@2025,council_tax_stock,False,625673.0,625848.6727115994,0.00028077400111461634,625673.0,625430.9611675625,-0.0003868455765831031
mhclg.council_tax_stock.band_b@E12000006@2025,council_tax_stock,False,568914.0,568559.471321106,-0.000623167436368314,568914.0,568284.5200715433,-0.0011064588469552735
mhclg.council_tax_stock.band_b@E12000007@2025,council_tax_stock,False,463447.0,463533.025182724,0.00018562032492172573,463447.0,463696.96045924316,0.000539350690031777
mhclg.council_tax_stock.band_b@E12000008@2025,council_tax_stock,False,649092.0,648308.064116478,-0.0012077423285482393,649092.0,649059.7980632782,-4.9610743502926795e-05
mhclg.council_tax_stock.band_b@E12000009@2025,council_tax_stock,False,609286.0,609887.542760849,0.0009872912898852082,609286.0,609817.2607212067,0.0008719398134975447
mhclg.council_tax_stock.band_c@E12000001@2025,council_tax_stock,False,186703.0,186750.9312095642,0.0002567243673867532,186703.0,186859.11717414856,0.0008361792480493595
mhclg.council_tax_stock.band_c@E12000002@2025,council_tax_stock,False,585587.0,585362.172203064,-0.00038393577203051836,585587.0,584842.3816293821,-0.0012715759923254038
mhclg.council_tax_stock.band_c@E12000003@2025,council_tax_stock,False,408440.0,408506.7806444168,0.00016350172465186827,408440.0,408394.01471042633,-0.00011258762504570912
mhclg.council_tax_stock.band_c@E12000004@2025,council_tax_stock,False,384470.0,384445.54001426697,-6.362001127014391e-05,384470.0,384324.8839702606,-0.00037744435128717426
mhclg.council_tax_stock.band_c@E12000005@2025,council_tax_stock,False,503657.0,503460.320852431,-0.0003905021623227653,503657.0,501770.00629997253,-0.003746584878255372
mhclg.council_tax_stock.band_c@E12000006@2025,council_tax_stock,False,708146.0,707312.1177453995,-0.0011775569650898613,708146.0,708117.3152685165,-4.050680436443823e-05
mhclg.council_tax_stock.band_c@E12000007@2025,council_tax_stock,False,991205.0,991777.1511862333,0.0005772279056635812,991205.0,991054.4381990541,-0.00015189774158312302
mhclg.council_tax_stock.band_c@E12000008@2025,council_tax_stock,False,1024169.0,1024776.7852220535,0.0005934423147483744,1024169.0,1023257.9715738297,-0.0008895293903353344
mhclg.council_tax_stock.band_c@E12000009@2025,council_tax_stock,False,587214.0,586099.308303833,-0.001898271662744744,587214.0,587217.0872716904,5.257489927639076e-06
mhclg.council_tax_stock.band_d@E12000001@2025,council_tax_stock,False,108432.0,108514.6448726654,0.0007621815761528448,108432.0,108371.78597450256,-0.00055531600908806
mhclg.council_tax_stock.band_d@E12000002@2025,council_tax_stock,False,346489.0,346640.89738082886,0.0004383901965974603,346489.0,346690.149231349,0.0005805356918949855
mhclg.council_tax_stock.band_d@E12000003@2025,council_tax_stock,False,237496.0,237483.99088859558,-5.056553122755308e-05,237496.0,237591.2750635147,0.00040116491862898524
mhclg.council_tax_stock.band_d@E12000004@2025,council_tax_stock,False,238335.0,238126.12706756592,-0.0008763837977388215,238335.0,238087.25663375854,-0.0010394753864999059
mhclg.council_tax_stock.band_d@E12000005@2025,council_tax_stock,False,288790.0,288892.22273460263,0.0003539690938143075,288790.0,288306.36939430237,-0.0016746791983712449
mhclg.council_tax_stock.band_d@E12000006@2025,council_tax_stock,False,485975.0,485387.6507373223,-0.001208599748295108,485975.0,484025.24270248413,-0.004012052672495229
mhclg.council_tax_stock.band_d@E12000007@2025,council_tax_stock,False,929941.0,930067.9663539041,0.00013653162287081294,929941.0,930181.5587587357,0.00025868174296612013
mhclg.council_tax_stock.band_d@E12000008@2025,council_tax_stock,False,807114.0,806798.9860906601,-0.00039029667350573127,807114.0,806588.0575590134,-0.000651633401213005
mhclg.council_tax_stock.band_d@E12000009@2025,council_tax_stock,False,404568.0,404870.18783569336,0.000746939539690137,404568.0,404881.0755572319,0.0007738515088487055
mhclg.council_tax_stock.band_e@E12000001@2025,council_tax_stock,False,58932.0,58708.52875518799,-0.0037920186793594605,58932.0,59031.00852584839,0.0016800469328783797
mhclg.council_tax_stock.band_e@E12000002@2025,council_tax_stock,False,207825.0,207981.2329711914,0.0007517525379112535,207825.0,207749.39052391052,-0.00036381318941165666
mhclg.council_tax_stock.band_e@E12000003@2025,council_tax_stock,False,152517.0,152760.4509420395,0.0015962216804650613,152517.0,152056.79827404022,-0.0030173798721439436
mhclg.council_tax_stock.band_e@E12000004@2025,council_tax_stock,False,149931.0,150015.4684267044,0.0005633820004162363,149931.0,149568.74155712128,-0.0024161677230107393
mhclg.council_tax_stock.band_e@E12000005@2025,council_tax_stock,False,185672.0,185746.73205566406,0.0004024950216729636,185672.0,185674.12697601318,1.1455556105301788e-05
mhclg.council_tax_stock.band_e@E12000006@2025,council_tax_stock,False,301723.0,302064.2689078404,0.0011310669317235408,301723.0,301444.86578992696,-0.0009218197156764312
mhclg.council_tax_stock.band_e@E12000007@2025,council_tax_stock,False,551952.0,552325.0366301645,0.000675849766219676,551952.0,552704.0915022113,0.0013626030926806852
mhclg.council_tax_stock.band_e@E12000008@2025,council_tax_stock,False,529137.0,529146.0169086456,1.704078271908765e-05,529137.0,528713.4236831665,-0.0008005040600704469
mhclg.council_tax_stock.band_e@E12000009@2025,council_tax_stock,False,274120.0,274278.4754009247,0.0005781241825648717,274120.0,274139.85486221313,7.24312790498131e-05
mhclg.council_tax_stock.band_f@E12000001@2025,council_tax_stock,False,25729.0,25775.728233337402,0.001816169821501121,25729.0,25630.183868408203,-0.003840651855563639
mhclg.council_tax_stock.band_f@E12000002@2025,council_tax_stock,False,100117.0,99958.25249481201,-0.0015856198766242325,100117.0,99888.52194213867,-0.00228211050931738
mhclg.council_tax_stock.band_f@E12000003@2025,council_tax_stock,False,73172.0,73123.63964128494,-0.0006609134466060429,73172.0,73363.23878097534,0.0026135513717725606
mhclg.council_tax_stock.band_f@E12000004@2025,council_tax_stock,False,71418.0,71433.54439926147,0.0002176538024234032,71418.0,71266.578125,-0.0021202200425663
mhclg.council_tax_stock.band_f@E12000005@2025,council_tax_stock,False,102077.0,102066.87266921997,-9.92126608347551e-05,102077.0,102116.6750793457,0.00038867795238597453
mhclg.council_tax_stock.band_f@E12000006@2025,council_tax_stock,False,166744.0,166552.83470344543,-0.0011464598219699984,166744.0,166316.21382522583,-0.002565526644282073
mhclg.council_tax_stock.band_f@E12000007@2025,council_tax_stock,False,279261.0,279144.99192619324,-0.00041541093746267006,279261.0,278944.65284347534,-0.0011328010589543767
mhclg.council_tax_stock.band_f@E12000008@2025,council_tax_stock,False,325815.0,326410.0446662903,0.0018263267998412695,325815.0,325438.6130657196,-0.0011552167158675798
mhclg.council_tax_stock.band_f@E12000009@2025,council_tax_stock,False,139412.0,139273.56274032593,-0.000993008203555449,139412.0,139154.98787498474,-0.0018435437768288153
mhclg.council_tax_stock.band_g@E12000001@2025,council_tax_stock,False,14062.0,14076.558532714844,0.0010353102485310588,14062.0,14016.375885009766,-0.0032444968703053884
mhclg.council_tax_stock.band_g@E12000002@2025,council_tax_stock,False,62587.0,62479.37763786316,-0.0017195641608775116,62587.0,62375.85375022888,-0.0033736438840512913
mhclg.council_tax_stock.band_g@E12000003@2025,council_tax_stock,False,40487.0,40558.9407081604,0.0017768841396102548,40487.0,40397.65264129639,-0.0022068159829973393
mhclg.council_tax_stock.band_g@E12000004@2025,council_tax_stock,False,37892.0,37878.61399459839,-0.0003532673229602905,37892.0,37618.3215713501,-0.007222591276520172
mhclg.council_tax_stock.band_g@E12000005@2025,council_tax_stock,False,60209.0,60203.69123840332,-8.817222668836366e-05,60209.0,59928.25450134277,-0.004662849385593957
mhclg.council_tax_stock.band_g@E12000006@2025,council_tax_stock,False,108700.0,108689.91599845886,-9.276910341433022e-05,108700.0,108905.96536973806,0.0018948056093657435
mhclg.council_tax_stock.band_g@E12000007@2025,council_tax_stock,False,207056.0,207102.33735466003,0.00022379141227510518,207056.0,207396.55295181274,0.0016447383887100307
mhclg.council_tax_stock.band_g@E12000008@2025,council_tax_stock,False,255206.0,255706.63027000427,0.0019616712381537757,255206.0,254637.2344675064,-0.0022286526668400873
mhclg.council_tax_stock.band_g@E12000009@2025,council_tax_stock,False,75533.0,75494.89457321167,-0.0005044871352697507,75533.0,75093.62637329102,-0.005816975715369235
mhclg.council_tax_stock.band_h@E12000004@2025,council_tax_stock,False,2779.0,2777.045166015625,-0.0007034307248560633,2779.0,2779.6568603515625,0.00023636572564321697
mhclg.council_tax_stock.band_h@E12000005@2025,council_tax_stock,False,5285.0,5266.8173828125,-0.0034404195245979186,5285.0,5291.653579711914,0.0012589554800215823
mhclg.council_tax_stock.band_h@E12000006@2025,council_tax_stock,False,13447.0,13547.438842773438,0.007469237954446159,13447.0,13475.417846679688,0.002113322427283967
mhclg.council_tax_stock.band_h@E12000007@2025,council_tax_stock,False,59569.0,59460.119148254395,-0.0018278106354917066,59569.0,59552.63742351532,-0.00027468274580201406
mhclg.council_tax_stock.band_h@E12000008@2025,council_tax_stock,False,36978.0,37319.16191101074,0.009226077965567153,36978.0,36855.20357513428,-0.0033207968215079953
mhclg.council_tax_stock.band_h@E12000009@2025,council_tax_stock,False,6697.0,6735.3565673828125,0.005727425322205839,6697.0,6671.47021484375,-0.0038121226155368075
mhclg.council_tax_stock.total@E12000001@2025,council_tax_stock,False,1209414.0,1206925.1146354675,-0.0020579267021321656,1209414.0,1208943.9249458313,-0.00038868001707331084
mhclg.council_tax_stock.total@E12000002@2025,council_tax_stock,False,3261518.0,3255410.88693125,-0.0018724756597235177,3261518.0,3253257.2348247105,-0.0025327976651637286
mhclg.council_tax_stock.total@E12000003@2025,council_tax_stock,False,2385734.0,2382875.0190529823,-0.0011983653445931817,2385734.0,2382501.7803349495,-0.0013548114186453756
mhclg.council_tax_stock.total@E12000004@2025,council_tax_stock,False,2103116.0,2101807.5514097214,-0.0006221476087284893,2103116.0,2099318.7906312943,-0.0018055158957973546
mhclg.council_tax_stock.total@E12000005@2025,council_tax_stock,False,2499856.0,2498620.0952364304,-0.0004943903823138572,2499856.0,2495262.8773834594,-0.0018373548782572439
mhclg.council_tax_stock.total@E12000006@2025,council_tax_stock,False,2718131.0,2716071.6188171823,-0.000757646037964227,2718131.0,2715179.378960242,-0.0010859009517046716
mhclg.council_tax_stock.total@E12000007@2025,council_tax_stock,False,3601163.0,3601848.195103911,0.000190270505364855,3601163.0,3602109.3753228625,0.00026279713605369386
mhclg.council_tax_stock.total@E12000008@2025,council_tax_stock,False,3947536.0,3948744.4631299973,0.00030613099665139303,3947536.0,3946063.666619301,-0.00037297528906618147
mhclg.council_tax_stock.total@E12000009@2025,council_tax_stock,False,2519799.0,2518985.601205826,-0.0003228030466613386,2519799.0,2520098.1813821793,0.00011873224101575572
nithc.public_transport_support@2025,dft_local_bus,False,111700000.0,111492148.58393034,-0.0018608005019664872,111700000.0,111742322.41018805,0.0003788935558464555
obr.attendance_allowance@2025,obr,False,8492497075.074617,8464315474.324637,-0.003318411593298354,8492497075.074617,8469470533.252484,-0.002711398263499637
obr.carers_allowance@2025,obr,False,4569403813.760573,4569753917.682451,7.661916874659608e-05,4569403813.760573,4571205428.399673,0.00039427783416177525
obr.child_benefit@2025,obr,False,13389272724.45089,16031537202.628736,0.1973418969465505,13389272724.45089,16040484303.018097,0.19801012595147782
obr.council_tax@2025,obr,False,50925163826.30539,44769794834.09963,-0.1208708726632746,50925163826.30539,44763595795.852585,-0.12099260105413832
obr.esa@2025,obr,False,7206287181.538654,6498237299.695721,-0.09825446363792485,7206287181.538654,6508208131.488838,-0.09687083410139165
obr.fuel_duties_cars@2025,obr,False,14400000000.0,12015455374.64862,-0.16559337676051245,14400000000.0,12057525841.91529,-0.16267181653366036
obr.income_tax@2025,obr,False,331437583074.4429,288873911060.3093,-0.12842138063918204,331437583074.4429,289030712955.9042,-0.12794828433507452
obr.jobseekers_allowance@2025,obr,False,280558748.04472804,279958185.4513395,-0.0021405947865607558,280558748.04472804,280679096.84732753,0.0004289611478459517
obr.ni@2025,obr,False,200081395082.7125,196428193894.51556,-0.018258575149811992,200081395082.7125,196458321965.47675,-0.018107996076986523
obr.ni_employee@2025,obr,False,49544363784.26465,47677389950.58033,-0.03768287028195267,49544363784.26465,47680060018.79099,-0.03762897781050447
obr.ni_employer@2025,obr,False,145324007512.71753,145850768556.15732,0.003624735186260888,145324007512.71753,145879262955.651,0.003820810149932594
obr.ni_self_employed@2025,obr,False,2902816090.4147716,2900035497.4771214,-0.0009578949720004123,2902816090.4147716,2898999097.1628437,-0.0013149276885062525
obr.pension_credit@2025,obr,False,6146422389.476461,6131573069.689932,-0.002415928949489977,6146422389.476461,6142532938.556917,-0.0006327991591016436
obr.pip@2025,obr,False,36910059270.5278,36874599088.03161,-0.0009607186549415113,36910059270.5278,36858729542.63221,-0.0013906704272506505
obr.sdlt@2025,obr,False,15406516698.785578,15374327355.247734,-0.002089332985981253,15406516698.785578,15379452304.907034,-0.0017566848112186976
obr.state_pension@2025,obr,False,146185954351.57382,135388915617.3279,-0.07385824980339287,146185954351.57382,135394668803.62427,-0.07381889454301993
obr.statutory_maternity_pay@2025,obr,False,3194800881.520547,3201543213.261227,0.002110407499784852,3194800881.520547,3192831299.1970973,-0.0006164961124313326
obr.tv_licence_fee@2025,obr,False,3872000000.0,3870761512.745221,-0.00031985724555239206,3872000000.0,3868551895.843459,-0.0008905227677016712
obr.universal_credit@2025,obr,False,79286349139.54411,79166803620.77298,-0.0015077692448763544,79286349139.54411,79180150994.71027,-0.0013394253359672057
obr.vat@2025,obr,False,180168938685.41794,218219977029.93292,0.21119643942041305,180168938685.41794,218208644894.7719,0.2111335421460899
obr.winter_fuel_allowance@2025,obr,False,1911040880.4619167,1885485588.748808,-0.013372446384784726,1911040880.4619167,1885099606.7991765,-0.01357442110629783
ons.household_composition.couple_3_plus_children_households@2025,ons_household_composition,False,931000.0,931460.5526982867,0.0004946860346796089,931000.0,929688.9077796936,-0.0014082623204150339
ons.household_composition.couple_no_children_households@2025,ons_household_composition,False,8119000.0,8120444.919556134,0.00017796767534602543,8119000.0,8114841.361414371,-0.0005122106892017418
ons.household_composition.couple_non_dependent_children_only_households@2025,ons_household_composition,False,1848000.0,1847621.5034827339,-0.00020481413271977643,1848000.0,1848432.1303667282,0.00023383677853256246
ons.household_composition.couple_under_3_children_households@2025,ons_household_composition,False,5439000.0,5437932.706181859,-0.00019622978822234486,5439000.0,5439154.972141846,2.8492763715036423e-05
ons.household_composition.lone_households_over_65@2025,ons_household_composition,False,4254000.0,4250446.745724829,-0.0008352736895089531,4254000.0,4246772.411339356,-0.001699010028360218
ons.household_composition.lone_households_under_65@2025,ons_household_composition,False,4316000.0,4312240.722036762,-0.0008710097227149761,4316000.0,4315595.344229221,-9.375712946678777e-05
ons.household_composition.lone_parent_dependent_children_households@2025,ons_household_composition,False,1835000.0,1833730.5642666817,-0.0006917905903642119,1835000.0,1834299.319185257,-0.0003818424058545188
ons.household_composition.lone_parent_non_dependent_children_households@2025,ons_household_composition,False,1204000.0,1207919.7250995636,0.0032555856308667764,1204000.0,1203812.6405958282,-0.0001556141230662932
ons.household_composition.multi_family_households@2025,ons_household_composition,False,244000.0,243946.38682937622,-0.00021972610911384958,244000.0,244446.89408874512,0.0018315331505947426
ons.household_composition.unrelated_adult_households@2025,ons_household_composition,False,813000.0,812647.3109092712,-0.00043381191971557164,813000.0,811785.9488677979,-0.0014932978255868985
ons.household_energy_expenditure@2025,ons_national_accounts,False,43427000000.0,43402765371.90854,-0.0005580543922320488,43427000000.0,43400491701.18111,-0.0006104105468693079
ons.land.corporate_land_value@2025,ons_land,False,2103053000000.0,2102251629065.8828,-0.00038105123081405345,2103053000000.0,2100732092689.287,-0.0011035895484863628
ons.land.household_land_value@2025,ons_land,False,4559831000000.0,4559926839959.675,2.1018313984620196e-05,4559831000000.0,4560075719702.076,5.366859036577713e-05
ons.land.land_value@2025,ons_land,False,7117771000000.0,6662178468268.26,-0.06400775351324736,7117771000000.0,6660807823458.541,-0.06420032009198652
ons.population.age_0_9_by_region@E12000001@2025,ons_population,False,285165.0,284609.9429988861,-0.0019464415377549544,285165.0,285815.25963783264,0.0022802925949279946
ons.population.age_0_9_by_region@E12000002@2025,ons_population,False,865892.0,865455.561085701,-0.0005040338914079484,865892.0,865820.2304600821,-8.288509412020855e-05
ons.population.age_0_9_by_region@E12000003@2025,ons_population,False,626938.0,626571.9527072906,-0.0005838652190636882,626938.0,627695.364358902,0.00120803709282573
ons.population.age_0_9_by_region@E12000004@2025,ons_population,False,543004.0,542600.5250740051,-0.0007430422722390131,543004.0,542680.280093193,-0.000596164865833301
ons.population.age_0_9_by_region@E12000005@2025,ons_population,False,718837.0,718518.2166614532,-0.0004434709656664208,718837.0,718677.0200996399,-0.00022255379225068745
ons.population.age_0_9_by_region@E12000006@2025,ons_population,False,744698.0,744733.5138652509,4.76889494142072e-05,744698.0,744480.8659558664,-0.00029157328760597234
ons.population.age_0_9_by_region@E12000007@2025,ons_population,False,1054493.0,1054045.5713834763,-0.00042430686265697607,1054493.0,1054900.6959486008,0.0003866274585044842
ons.population.age_0_9_by_region@E12000008@2025,ons_population,False,1059434.0,1058727.9531116486,-0.000666437822791642,1059434.0,1059327.5348834991,-0.00010049244832698827
ons.population.age_0_9_by_region@E12000009@2025,ons_population,False,575506.0,575020.3139476776,-0.0008439287380537956,575506.0,575581.3799886703,0.00013098036974479695
ons.population.age_0_9_by_region@N92000002@2025,ons_population,False,229505.0,229853.9004907608,0.001520230455810563,229505.0,229409.21150445938,-0.00041736997250874227
ons.population.age_0_9_by_region@S92000003@2025,ons_population,False,527989.0,527794.9173984528,-0.0003675883428390387,527989.0,526921.1991195679,-0.002022392285506192
ons.population.age_0_9_by_region@W92000004@2025,ons_population,False,321552.0,321050.732875824,-0.0015588991024034226,321552.0,320682.1037788391,-0.0027053049620617774
ons.population.age_10_19_by_region@E12000001@2025,ons_population,False,326306.0,325976.6063747406,-0.0010094623612786752,326306.0,326321.7274646759,4.819851512354453e-05
ons.population.age_10_19_by_region@E12000002@2025,ons_population,False,952864.0,952052.4070858107,-0.0008517405570882397,952864.0,952313.461977397,-0.0005777718778367371
ons.population.age_10_19_by_region@E12000003@2025,ons_population,False,696780.0,696847.7113595009,9.717753021166653e-05,696780.0,697422.7549877167,0.0009224647488686168
ons.population.age_10_19_by_region@E12000004@2025,ons_population,False,615630.0,614734.3473949432,-0.001454855359642582,615630.0,613958.1790428162,-0.002715626199476695
ons.population.age_10_19_by_region@E12000005@2025,ons_population,False,785062.0,785543.875207477,0.0006138052885976093,785062.0,783924.057891997,-0.0014494932986222197
ons.population.age_10_19_by_region@E12000006@2025,ons_population,False,785091.0,784457.7626464551,-0.0008065782865233649,785091.0,783689.0186858545,-0.0017857564462533569
ons.population.age_10_19_by_region@E12000007@2025,ons_population,False,1068691.0,1068464.3065729141,-0.00021212251912468288,1068691.0,1069404.2698369026,0.0006674238268148776
ons.population.age_10_19_by_region@E12000008@2025,ons_population,False,1183235.0,1183052.2799797058,-0.00015442411718229215,1183235.0,1183647.8443317413,0.0003489115279224609
ons.population.age_10_19_by_region@E12000009@2025,ons_population,False,677228.0,677339.0187215805,0.0001639310861046876,677228.0,676980.6806235313,-0.000365193666636138
ons.population.age_10_19_by_region@N92000002@2025,ons_population,False,252764.0,253409.34803533554,0.002553164356219797,252764.0,252508.54029607773,-0.001010664904504881
ons.population.age_10_19_by_region@S92000003@2025,ons_population,False,612935.0,612865.6775856018,-0.00011309912861591091,612935.0,611732.4179592133,-0.001962005825718458
ons.population.age_10_19_by_region@W92000004@2025,ons_population,False,374851.0,374968.99680805206,0.0003147832286750282,374851.0,373927.1735391617,-0.0024645164634436558
ons.population.age_20_29_by_region@E12000001@2025,ons_population,False,343015.0,342763.2720069885,-0.0007338687608748148,343015.0,343350.73349380493,0.0009787720473009391
ons.population.age_20_29_by_region@E12000002@2025,ons_population,False,986590.0,986526.0422205076,-6.482711105156953e-05,986590.0,984142.3954427928,-0.0024808730650089737
ons.population.age_20_29_by_region@E12000003@2025,ons_population,False,717479.0,717085.464466095,-0.0005484976339447277,717479.0,716543.3863258362,-0.001304029350216269
ons.population.age_20_29_by_region@E12000004@2025,ons_population,False,612108.0,612098.2460422516,-1.593502739453346e-05,612108.0,611090.4865036011,-0.0016623104033911104
ons.population.age_20_29_by_region@E12000005@2025,ons_population,False,766058.0,766542.9874440753,0.0006330949406902482,766058.0,765128.3332730853,-0.0012135722450711305
ons.population.age_20_29_by_region@E12000006@2025,ons_population,False,727218.0,727476.6374969482,0.00035565332121625454,727218.0,727026.8712005615,-0.0002628218765741175
ons.population.age_20_29_by_region@E12000007@2025,ons_population,False,1508607.0,1507259.431204086,-0.0008932537075023935,1508607.0,1507956.7768521416,-0.0004310089691075276
ons.population.age_20_29_by_region@E12000008@2025,ons_population,False,1066121.0,1066585.0860977173,0.0004353034015062879,1066121.0,1065363.6288585663,-0.0007103988585101652
ons.population.age_20_29_by_region@E12000009@2025,ons_population,False,684393.0,684861.380903244,0.0006843741874098925,684393.0,683352.1511750221,-0.0015208349953577474
ons.population.age_20_29_by_region@N92000002@2025,ons_population,False,219525.0,219736.91438388824,0.0009653314378236858,219525.0,219611.79107570648,0.0003953585045278758
ons.population.age_20_29_by_region@S92000003@2025,ons_population,False,703554.0,701364.6888618469,-0.003111788346243609,703554.0,701357.0057449341,-0.003122708782930547
ons.population.age_20_29_by_region@W92000004@2025,ons_population,False,380557.0,380362.6153793335,-0.0005107897651771059,380557.0,380323.02798461914,-0.0006148146411204087
ons.population.age_30_39_by_region@E12000001@2025,ons_population,False,363357.0,362320.89476394653,-0.002851480048694443,363357.0,364221.94745635986,0.002380434273620333
ons.population.age_30_39_by_region@E12000002@2025,ons_population,False,1064968.0,1065548.3231199475,0.0005449207111832975,1064968.0,1064815.721108966,-0.00014298917059851437
ons.population.age_30_39_by_region@E12000003@2025,ons_population,False,770809.0,770560.1672348976,-0.0003228202642968446,770809.0,770692.0764551163,-0.00015168938723306036
ons.population.age_30_39_by_region@E12000004@2025,ons_population,False,676709.0,676543.4868240356,-0.00024458545100531465,676709.0,676283.2432584763,-0.0006291577938578365
ons.population.age_30_39_by_region@E12000005@2025,ons_population,False,839114.0,838854.9021657913,-0.00030877548725053735,839114.0,838569.7612229907,-0.0006485874112567596
ons.population.age_30_39_by_region@E12000006@2025,ons_population,False,895639.0,895252.0604333878,-0.0004320262590309753,895639.0,894946.3261709213,-0.0007733850681788916
ons.population.age_30_39_by_region@E12000007@2025,ons_population,False,1537372.0,1534018.7645695263,-0.00218114771862223,1537372.0,1535416.734953902,-0.001271822985001702
ons.population.age_30_39_by_region@E12000008@2025,ons_population,False,1284552.0,1284259.926044464,-0.00022737417834068895,1284552.0,1283483.7594604492,-0.0008316055243779787
ons.population.age_30_39_by_region@E12000009@2025,ons_population,False,742082.0,742132.8662395477,6.85453083995158e-05,742082.0,742458.5950021744,0.0005074843510210157
ons.population.age_30_39_by_region@N92000002@2025,ons_population,False,254067.0,254494.06637835503,0.0016809203019480146,254067.0,253962.04452872276,-0.0004131015491080579
ons.population.age_30_39_by_region@S92000003@2025,ons_population,False,733480.0,732783.4366836548,-0.0009496691339166914,733480.0,731727.1338710785,-0.0023897940351768404
ons.population.age_30_39_by_region@W92000004@2025,ons_population,False,410248.0,410204.61909103394,-0.00010574313333901555,410248.0,409649.31188201904,-0.0014593322038887625
ons.population.age_40_49_by_region@E12000001@2025,ons_population,False,320860.0,321013.66044425964,0.00047890183961741433,320860.0,320955.7583427429,0.0002984427561644328
ons.population.age_40_49_by_region@E12000002@2025,ons_population,False,930967.0,930497.6449722395,-0.0005041586090167486,930967.0,930514.6682628737,-0.00048587300852376096
ons.population.age_40_49_by_region@E12000003@2025,ons_population,False,674349.0,674379.5499053001,4.53028110075649e-05,674349.0,675647.6875538826,0.0019258389259605914
ons.population.age_40_49_by_region@E12000004@2025,ons_population,False,610611.0,609682.2416114807,-0.001521031210573159,610611.0,609894.2202425003,-0.0011738729854190227
ons.population.age_40_49_by_region@E12000005@2025,ons_population,False,746341.0,746289.8564990209,-6.852564843557897e-05,746341.0,745498.659040451,-0.001128627476648007
ons.population.age_40_49_by_region@E12000006@2025,ons_population,False,838578.0,838616.4733310112,4.587925155590736e-05,838578.0,839165.2361746568,0.0007002761516004196
ons.population.age_40_49_by_region@E12000007@2025,ons_population,False,1268973.0,1258015.5042910683,-0.008634932113553009,1268973.0,1260049.6612625122,-0.007031937430889226
ons.population.age_40_49_by_region@E12000008@2025,ons_population,False,1255951.0,1255119.7139348984,-0.0006618777843256812,1255951.0,1256068.7916908264,9.378685221510713e-05
ons.population.age_40_49_by_region@E12000009@2025,ons_population,False,688417.0,687546.2866687775,-0.0012648050981055583,688417.0,688346.198431015,-0.00010284692124829188
ons.population.age_40_49_by_region@N92000002@2025,ons_population,False,246140.0,246243.06718850136,0.00041873400707466494,246140.0,245986.4394609928,-0.0006238747826732221
ons.population.age_40_49_by_region@S92000003@2025,ons_population,False,675368.0,675158.1136274338,-0.00031077334514845704,675368.0,674564.2146978378,-0.001190144191258944
ons.population.age_40_49_by_region@W92000004@2025,ons_population,False,365951.0,365483.1434059143,-0.0012784678661506414,365951.0,365288.0163421631,-0.0018116733055434035
ons.population.age_50_59_by_region@E12000001@2025,ons_population,False,360074.0,359886.9211444855,-0.0005195566897763414,360074.0,360060.7395076752,-3.682713088095531e-05
ons.population.age_50_59_by_region@E12000002@2025,ons_population,False,995810.0,995746.7963461027,-6.346959148559988e-05,995810.0,995157.0894172877,-0.0006556577888475406
ons.population.age_50_59_by_region@E12000003@2025,ons_population,False,736903.0,736626.5655660629,-0.0003751300156697323,736903.0,736839.2894077301,-8.645723015091194e-05
ons.population.age_50_59_by_region@E12000004@2025,ons_population,False,676307.0,675686.4504814148,-0.0009175559599193932,676307.0,675215.1486797333,-0.0016144314937842187
ons.population.age_50_59_by_region@E12000005@2025,ons_population,False,794143.0,794746.8683930957,0.0007604025888230153,794143.0,793417.4542658972,-0.00091362101548819
ons.population.age_50_59_by_region@E12000006@2025,ons_population,False,866946.0,866605.7335467706,-0.0003924886362349634,866946.0,866234.2415981293,-0.0008209950814361304
ons.population.age_50_59_by_region@E12000007@2025,ons_population,False,1087518.0,1086155.139494896,-0.001253184319803502,1087518.0,1087197.0747542598,-0.0002950987898501157
ons.population.age_50_59_by_region@E12000008@2025,ons_population,False,1287719.0,1287957.7299718857,0.00018538980312139618,1287719.0,1287292.6985797882,-0.00033105158828268587
ons.population.age_50_59_by_region@E12000009@2025,ons_population,False,784718.0,785513.1134653091,0.0010132473899020324,784718.0,785809.610013485,0.0013910857320527307
ons.population.age_50_59_by_region@N92000002@2025,ons_population,False,255269.0,255796.59795570374,0.0020668312866181766,255269.0,255591.3528227806,0.0012627965901876419
ons.population.age_50_59_by_region@S92000003@2025,ons_population,False,766715.0,765937.3916301727,-0.001014207847540834,766715.0,765246.7736721039,-0.0019149570934390461
ons.population.age_50_59_by_region@W92000004@2025,ons_population,False,424694.0,424568.29020404816,-0.0002960008758113919,424694.0,424018.76752376556,-0.0015899270444942382
ons.population.age_60_69_by_region@E12000001@2025,ons_population,False,349719.0,349593.85594177246,-0.00035784174788198254,349719.0,349581.4758758545,-0.0003932417859638962
ons.population.age_60_69_by_region@E12000002@2025,ons_population,False,884043.0,883623.4940605164,-0.0004745311477876558,884043.0,884008.8717594147,-3.860472916512788e-05
ons.population.age_60_69_by_region@E12000003@2025,ons_population,False,652931.0,652570.0643081665,-0.0005527930085008923,652931.0,652054.3723888397,-0.0013426037531688315
ons.population.age_60_69_by_region@E12000004@2025,ons_population,False,591429.0,592810.8889827728,0.0023365255724234475,591429.0,590234.4848117828,-0.0020197102073404635
ons.population.age_60_69_by_region@E12000005@2025,ons_population,False,677922.0,677563.8161260211,-0.0005283555836496074,677922.0,676045.3267688751,-0.002768273092073834
ons.population.age_60_69_by_region@E12000006@2025,ons_population,False,744651.0,744053.5699324976,-0.0008022953940872003,744651.0,744311.7387185465,-0.0004555976980539054
ons.population.age_60_69_by_region@E12000007@2025,ons_population,False,787666.0,787340.3348808289,-0.00041345585460225855,787666.0,787007.7885556329,-0.0008356479070660312
ons.population.age_60_69_by_region@E12000008@2025,ons_population,False,1089421.0,1089254.1041965485,-0.0001531967930226589,1089421.0,1089327.0130081177,-8.627242533632473e-05
ons.population.age_60_69_by_region@E12000009@2025,ons_population,False,736639.0,736440.7810535431,-0.0002690855988576619,736639.0,736614.7931623459,-3.2861194769912766e-05
ons.population.age_60_69_by_region@N92000002@2025,ons_population,False,223111.0,223016.45362138748,-0.0004237638601974726,223111.0,223218.37842559814,0.00048127804365604804
ons.population.age_60_69_by_region@S92000003@2025,ons_population,False,721727.0,721488.6410321316,-0.0003302619520516461,721727.0,719639.0931892395,-0.0028929315527346186
ons.population.age_60_69_by_region@W92000004@2025,ons_population,False,401775.0,401787.2392578125,3.0462965123514406e-05,401775.0,401233.8584213257,-0.0013468771792030773
ons.population.age_70_79_by_region@E12000001@2025,ons_population,False,265573.0,265352.5727844238,-0.0008300061210144551,265573.0,264993.0436668396,-0.0021837925284588435
ons.population.age_70_79_by_region@E12000002@2025,ons_population,False,669277.0,669028.6429100037,-0.00037108266083600344,669277.0,669569.8539856167,0.0004375676821655375
ons.population.age_70_79_by_region@E12000003@2025,ons_population,False,504131.0,502623.55839538574,-0.0029901783556541012,504131.0,504414.83004951477,0.0005630085226156901
ons.population.age_70_79_by_region@E12000004@2025,ons_population,False,466530.0,466128.36456394196,-0.0008608994835445619,466530.0,465037.3242826462,-0.003199527827479092
ons.population.age_70_79_by_region@E12000005@2025,ons_population,False,528207.0,527308.1121683877,-0.0017017719030839374,528207.0,526965.4424419403,-0.002350513261012619
ons.population.age_70_79_by_region@E12000006@2025,ons_population,False,599882.0,599092.2607718247,-0.0013164909568469374,599882.0,598601.670190371,-0.0021343027622582594
ons.population.age_70_79_by_region@E12000007@2025,ons_population,False,485057.0,484442.09627628326,-0.0012676937426255798,485057.0,484379.666138183,-0.0013964005504858682
ons.population.age_70_79_by_region@E12000008@2025,ons_population,False,865392.0,865970.3027620316,0.0006682552670137408,865392.0,864877.9712352753,-0.0005939837261318933
ons.population.age_70_79_by_region@E12000009@2025,ons_population,False,618254.0,617349.0966053009,-0.0014636434130617783,618254.0,618397.3721866608,0.00023189851850657917
ons.population.age_70_79_by_region@N92000002@2025,ons_population,False,155382.0,155182.01890945435,-0.0012870286812221125,155382.0,155616.71235752106,0.0015105504982627146
ons.population.age_70_79_by_region@S92000003@2025,ons_population,False,519252.0,518779.34658813477,-0.000910258240440546,519252.0,517701.6430130005,-0.002985750631676935
ons.population.age_70_79_by_region@W92000004@2025,ons_population,False,321668.0,320977.74789333344,-0.0021458525767765677,321668.0,321189.5973548889,-0.0014872559443621497
ons.population.age_80_89_by_region@E12000001@2025,ons_population,False,122118.0,121468.60262298584,-0.005317785887536319,122118.0,122207.36476135254,0.0007317902467493659
ons.population.age_80_89_by_region@E12000002@2025,ons_population,False,324141.0,324328.1623210907,0.0005774102044810692,324141.0,322488.746257782,-0.00509733030446015
ons.population.age_80_89_by_region@E12000003@2025,ons_population,False,243274.0,244611.01162147522,0.00549590840564639,243274.0,242405.27213668823,-0.0035709852401480126
ons.population.age_80_89_by_region@E12000004@2025,ons_population,False,225626.0,224939.7790260315,-0.003041409119376782,225626.0,225039.21353149414,-0.0026007041232209913
ons.population.age_80_89_by_region@E12000005@2025,ons_population,False,275030.0,274663.54776763916,-0.0013324082185973889,275030.0,274508.46419525146,-0.0018962869677800064
ons.population.age_80_89_by_region@E12000006@2025,ons_population,False,305691.0,304833.524810791,-0.0028050390401058076,305691.0,304614.04920196533,-0.0035230045962578813
ons.population.age_80_89_by_region@E12000007@2025,ons_population,False,237061.0,236868.22968771245,-0.0008131675488062299,237061.0,237358.36215879704,0.001254369798478202
ons.population.age_80_89_by_region@E12000008@2025,ons_population,False,447958.0,448803.9723072052,0.001888508090502235,447958.0,448037.39949035645,0.0001772476222245061
ons.population.age_80_89_by_region@E12000009@2025,ons_population,False,313605.0,313154.55645370483,-0.0014363404483192742,313605.0,313186.11070632935,-0.0013357226245457002
ons.population.age_80_89_by_region@N92000002@2025,ons_population,False,77441.0,77351.94020271301,-0.001150034184566151,77441.0,77490.62666893005,0.0006408319744070158
ons.population.age_80_89_by_region@S92000003@2025,ons_population,False,238904.0,237507.3569869995,-0.0058460428163634275,238904.0,238180.14039993286,-0.0030299182938215295
ons.population.age_80_89_by_region@W92000004@2025,ons_population,False,154319.0,154141.38262557983,-0.001150975410805967,154319.0,154351.05325317383,0.0002077077558423015
ons.population.female_0_4@2025,ons_population,False,1744355.0,1742985.2922632694,-0.000785223040453678,1744355.0,1744649.4765617,0.00016881687597994325
ons.population.female_10_14@2025,ons_population,False,2052052.0,2051975.3098326556,-3.737242883923415e-05,2052052.0,2050729.4956689249,-0.000644478956222903
ons.population.female_15_19@2025,ons_population,False,2002835.0,2001723.708850299,-0.0005548590621299267,2002835.0,2001327.430930053,-0.0007527175578353265
ons.population.female_20_24@2025,ons_population,False,2034609.0,2034606.7757162955,-1.0932241548789832e-06,2034609.0,2033604.1656512367,-0.0004938709839400785
ons.population.female_25_29@2025,ons_population,False,2291610.0,2289598.055078826,-0.000877961311555669,2291610.0,2287394.4428207004,-0.0018395613473931641
ons.population.female_30_34@2025,ons_population,False,2463301.0,2462376.36257822,-0.000375365179399432,2463301.0,2461629.791898798,-0.000678442505078268
ons.population.female_35_39@2025,ons_population,False,2472291.0,2470152.486272335,-0.0008649927244264318,2472291.0,2471185.3275518417,-0.0004472258517133558
ons.population.female_40_44@2025,ons_population,False,2333109.0,2331627.573281127,-0.0006349582119279348,2333109.0,2332149.466465627,-0.00041126819808811195
ons.population.female_45_49@2025,ons_population,False,2088285.0,2086710.9461190884,-0.0007537543395233665,2088285.0,2087834.4595938097,-0.0002157466084324336
ons.population.female_50_54@2025,ons_population,False,2255231.0,2255495.922010974,0.00011747001126449007,2255231.0,2254599.1304951487,-0.0002801795048273499
ons.population.female_55_59@2025,ons_population,False,2360202.0,2360069.2718506227,-5.6235927847394104e-05,2360202.0,2357994.824465275,-0.0009351638269627724
ons.population.female_5_9@2025,ons_population,False,1941658.0,1940493.6505188942,-0.0005996676454379734,1941658.0,1940492.186041832,-0.0006004218859181328
ons.population.female_60_64@2025,ons_population,False,2193915.0,2191220.3231972773,-0.0012282503208751192,2193915.0,2190363.3816184998,-0.0016188495823677054
ons.population.female_65_69@2025,ons_population,False,1838574.0,1840315.3586513125,0.0009471245929250243,1838574.0,1838630.617681991,3.079434496032039e-05
ons.population.female_70_74@2025,ons_population,False,1622996.0,1621580.1644964975,-0.0008723592069866568,1622996.0,1620830.1395730972,-0.0013344829111733923
ons.population.female_75_79@2025,ons_population,False,1551183.0,1548807.0104699503,-0.0015317274171066405,1551183.0,1549433.1555437194,-0.0011280709344291303
ons.population.female_80_84@2025,ons_population,False,1024480.0,1025348.5131001581,0.000847759936902696,1024480.0,1023086.6159196008,-0.0013600890992495481
ons.population.female_85_89@2025,ons_population,False,665267.0,663693.7828521729,-0.0023647905996045924,665267.0,663725.1879673004,-0.00231758381627164
ons.population.female_90_plus@2025,ons_population,False,414716.0,415213.40118364186,0.0011993778480740192,414716.0,414197.69990825653,-0.0012497711487945227
ons.population.male_0_4@2025,ons_population,False,1829801.0,1828830.5834515095,-0.0005303399377804057,1829801.0,1829790.553957224,-5.708840893686138e-06
ons.population.male_10_14@2025,ons_population,False,2152800.0,2152562.5578729995,-0.00011029455917899503,2152800.0,2152228.8411780917,-0.0002653097463342119
ons.population.male_15_19@2025,ons_population,False,2123750.0,2123450.7612161636,-0.0001409011342372524,2123750.0,2121544.358860016,-0.001038559689221486
ons.population.male_20_24@2025,ons_population,False,2131646.0,2131875.620774269,0.00010771993767684878,2131646.0,2128754.585910797,-0.0013564232002888288
ons.population.male_25_29@2025,ons_population,False,2257360.0,2256582.3149375916,-0.00034451087217300175,2257360.0,2255493.3935479377,-0.0008268979923726213
ons.population.male_30_34@2025,ons_population,False,2333326.0,2332847.006454712,-0.0002052835931576728,2333326.0,2330619.9241375076,-0.0011597504431410076
ons.population.male_35_39@2025,ons_population,False,2303479.0,2301597.658243322,-0.0008167392698948792,2303479.0,2302791.6117830295,-0.0002984130599716726
ons.population.male_40_44@2025,ons_population,False,2196013.0,2186858.1871728897,-0.0041688336212537406,2196013.0,2188398.390153885,-0.003467470295537919
ons.population.male_45_49@2025,ons_population,False,2005099.0,2002848.5493068008,-0.001122363879887815,2005099.0,2003597.2352891336,-0.0007489728491542714
ons.population.male_50_54@2025,ons_population,False,2164862.0,2162712.046805457,-0.0009931132767551872,2164862.0,2163669.90831581,-0.0005506548150367509
ons.population.male_55_59@2025,ons_population,False,2256521.0,2256950.3575328933,0.00019027411351071294,2256521.0,2255816.3769664024,-0.0003122607915448603
ons.population.male_5_9@2025,ons_population,False,2037199.0,2036673.5753667539,-0.00025791522244324096,2037199.0,2037058.929268397,-6.875652874514214e-05
ons.population.male_60_64@2025,ons_population,False,2094462.0,2092904.4500098596,-0.0007436515869661838,2094462.0,2091097.6361236572,-0.001606314116151438
ons.population.male_65_69@2025,ons_population,False,1734083.0,1735103.1115355492,0.0005882714584879523,1734083.0,1733185.5596614252,-0.0005175302096697884
ons.population.male_70_74@2025,ons_population,False,1473758.0,1472312.485072136,-0.0009808360177614472,1473758.0,1472310.5347918984,-0.0009821593559468731
ons.population.male_75_79@2025,ons_population,False,1350668.0,1349534.4605899225,-0.0008392435521367953,1350668.0,1349171.2969937434,-0.0011081205790442986
ons.population.male_80_84@2025,ons_population,False,815910.0,814888.0688061822,-0.0012525048030024833,815910.0,815200.2075066675,-0.0008699396910597084
ons.population.male_85_89@2025,ons_population,False,459511.0,458741.70167541504,-0.0016741673748505714,459511.0,457854.7913684845,-0.003604285058498062
ons.population.male_90_plus@2025,ons_population,False,210520.0,210153.3474187851,-0.0017416520103311077,210520.0,210271.06010198593,-0.001182499990566543
ons.population.scotland_babies_under_1@2025,ons_population,False,46776.0,46718.190574645996,-0.0012358779150419854,46776.0,46501.006675720215,-0.005878940573793936
ons.population.scotland_children_under_16@2025,ons_population,False,896833.0,896850.7508964539,1.9792867182471454e-05,896833.0,895063.9235610962,-0.00197258178379231
ons.population.uk_total@2025,ons_population,False,69281437.0,69241420.75256681,-0.0005775897436016747,69281437.0,69222712.1922735,-0.0008476268719210085
ons.public_sector_employment@2025,ons_employment,False,6146000.0,6146408.809994146,6.651643250019978e-05,6146000.0,6144086.765251085,-0.0003112975510762834
orr.rail_government_support@2025,orr_rail,False,21621100549.34064,21630095912.89506,0.0004160455909213555,21621100549.34064,21645246826.270462,0.0011167922222422384
scotgov.bus.government_support@2025,dft_local_bus,False,499000000.0,499433283.7901752,0.0008683041887278547,499000000.0,498502404.4339237,-0.000997185503158875
scotgov.bus.passenger_revenue@2025,dft_local_bus,False,391000000.0,388643854.6842788,-0.0060259470990312375,391000000.0,390581307.70029926,-0.0010708242959098133
scotgov.council_tax_stock.band_a@2025,council_tax_stock,False,498707.0,497020.141664505,-0.003382463722175536,498707.0,496785.52547454834,-0.0038529126831018216
scotgov.council_tax_stock.band_b@2025,council_tax_stock,False,583705.0,583027.2126274109,-0.0011611813717359134,583705.0,583974.1954879761,0.0004611841392074322
scotgov.council_tax_stock.band_c@2025,council_tax_stock,False,426388.0,425330.3944672664,-0.0024803829674700205,426388.0,425246.31650161743,-0.0026775694869052794
scotgov.council_tax_stock.band_d@2025,council_tax_stock,False,369621.0,368154.1543941498,-0.003968512627394601,369621.0,367985.1022529602,-0.004425878797578587
scotgov.council_tax_stock.band_e@2025,council_tax_stock,False,366881.0,366802.6941642761,-0.00021343660675771423,366881.0,365744.2815608978,-0.003098330082784807
scotgov.council_tax_stock.band_f@2025,council_tax_stock,False,221282.0,221274.51622104645,-3.3820098126156877e-05,221282.0,220969.4873456955,-0.0014122823108273805
scotgov.council_tax_stock.band_g@2025,council_tax_stock,False,142084.0,141809.02550315857,-0.0019352952960321405,142084.0,141494.5899734497,-0.00414832089855503
scotgov.council_tax_stock.band_h@2025,council_tax_stock,False,14481.0,14478.901580810547,-0.00014490844482101546,14481.0,14454.777770996094,-0.0018108023619851012
scotgov.council_tax_stock.total@2025,council_tax_stock,False,2623149.0,2617897.0406226236,-0.0020021582370564396,2623149.0,2616654.276368141,-0.002475926312938695
scotgov.scottish_child_payment_spending@2025,scotgov_social_security,False,471000000.0,470649557.5122337,-0.0007440392521578036,471000000.0,470515291.9583651,-0.001029104122367128
slc.borrowers.plan_5_above_threshold@2025,slc_borrowers,False,35000.0,34992.94677734375,-0.00020152064732142856,35000.0,34990.390869140625,-0.00027454659598214284
slc.repayments.england_plan_1@2025,slc_repayments,False,1852699178.55,1851842083.45906,-0.0004626196745068982,1852699178.55,1855616446.343596,0.0015746041383141354
slc.repayments.england_plan_2@2025,slc_repayments,False,2778253361.64,2779780257.7217193,0.0005495884942682382,2778253361.64,2774860230.8476114,-0.0012213179831753998
slc.repayments.england_total_higher_education@2025,slc_repayments,False,5018231834.949999,5022408978.767491,0.0008323935511309644,5018231834.949999,5019659448.91632,0.0002844854548923438
slc.support.adult_dependants_grant_recipients@2025,slc_student_support,False,18611.0,15702.80029296875,-0.15626240970561764,18611.0,15788.589233398438,-0.15165282717755965
slc.support.adult_dependants_grant_spend@2025,slc_student_support,False,55364916.81,55666427.03857422,0.005445871608710837,55364916.81,55970548.83239746,0.010938913255769029
slc.support.maintenance_loan_recipients@2025,slc_student_support,False,1159761.0,1161001.3805103302,0.0010695139001313204,1159761.0,1159126.8409671783,-0.000546801481358362
slc.support.maintenance_loan_spend@2025,slc_student_support,False,8591659718.080004,8601706708.275253,0.0011693887473344649,8591659718.080004,8586877723.470213,-0.0005565856617584297
slc.support.parents_learning_allowance_recipients@2025,slc_student_support,False,99645.0,90412.25402832031,-0.09265638990094523,99645.0,90076.85375976562,-0.09602234171543354
slc.support.parents_learning_allowance_spend@2025,slc_student_support,False,181421659.32,182994402.1533203,0.00866899155930573,181421659.32,182315552.00976562,0.004927155297311786
welshgov.bus.public_support@2025,dft_local_bus,False,131489970.0,131356817.11180069,-0.0010126467303879867,131489970.0,131373842.19144568,-0.0008831685683274665
welshgov.council_tax_stock.band_a@2025,council_tax_stock,False,194973.29,195355.29622650146,0.0019592746601416874,194973.29,194382.98224639893,-0.0030276339574568513
welshgov.council_tax_stock.band_b@2025,council_tax_stock,False,285787.52,285829.3788471222,0.0001464684221416448,285787.52,285460.8245487213,-0.0011431410695565193
welshgov.council_tax_stock.band_c@2025,council_tax_stock,False,301699.86,301656.5366868973,-0.00014359739213239342,301699.86,301583.0379896164,-0.0003872126768093031
welshgov.council_tax_stock.band_d@2025,council_tax_stock,False,225179.88,224034.700466156,-0.005085621032589585,225179.88,224744.42152690887,-0.0019338249629191123
welshgov.council_tax_stock.band_e@2025,council_tax_stock,False,185447.46,185598.83496189117,0.0008162687258762265,185447.46,185589.07086086273,0.0007636171499072573
welshgov.council_tax_stock.band_f@2025,council_tax_stock,False,114672.0,114573.23415756226,-0.0008612899612611984,114672.0,114522.90254211426,-0.0013002080532801572
welshgov.council_tax_stock.band_g@2025,council_tax_stock,False,52211.0,52101.870948791504,-0.002090154396745822,52211.0,52062.370178222656,-0.0028467147110253347
welshgov.council_tax_stock.band_h@2025,council_tax_stock,False,12357.0,12298.32290649414,-0.004748490208453458,12357.0,12366.139068603516,0.0007395863561961338
welshgov.council_tax_stock.band_i@2025,council_tax_stock,False,5305.0,5320.9476318359375,0.0030061511472078226,5305.0,5303.201545715332,-0.00033901117524372644
welshgov.council_tax_stock.total@2025,council_tax_stock,False,1377633.03,1376769.122833252,-0.0006270952771421826,1377633.03,1376014.950507164,-0.0011745359305416962
