name,family,cgt,control_target,control_estimate,control_relative_error,candidate_target,candidate_estimate,candidate_relative_error
dfe.funded_childcare.early_learning_2_year_olds@2025,dfe_funded_childcare,False,95031.0,95047.27766418457,0.00017128793956256707,95031.0,95063.73341369629,0.00034444985000988164
dfe.funded_childcare.universal_only_children@2025,dfe_funded_childcare,False,396965.0,396292.4543914795,-0.0016942189072601055,396965.0,397329.78537989745,0.0009189358757005122
dfe.funded_childcare.working_parent_children_2_to_4@2025,dfe_funded_childcare,False,621482.0,620727.0542449951,-0.0012147507972956302,621482.0,622038.7998948205,0.000895922801980668
dfi_ni.bus.passenger_receipts@2025,dft_local_bus,False,150082817.48999995,150509095.65825486,0.0028402862858255902,150082817.48999995,150706355.55705628,0.00415462660872471
dft.bus_fare_receipts.england@2025,dft_local_bus,False,3612036036.2194014,3616635669.2031064,0.0012734183539650748,3612036036.2194014,3607345945.128986,-0.0012984618767326699
dft.bus_fare_receipts.london@2025,dft_local_bus,False,1347434943.01459,1347895803.0490305,0.0003420276703003146,1347434943.01459,1345923444.1349523,-0.0011217601914464762
dft.bus_net_support.england@2025,dft_local_bus,False,3024904320.8399997,3024139711.4189057,-0.00025277144001751857,3024904320.8399997,3026696204.962112,0.0005923771240522006
dft.bus_net_support.london@2025,dft_local_bus,False,1130214000.0,1129647735.7705243,-0.000501023902973894,1130214000.0,1130193852.562644,-1.782621464253246e-05
dwp.benefit_cap.capped_households@2025,dwp_benefit_cap,False,110637.0,110650.46585845947,0.00012171207154453443,110637.0,110640.32186889648,3.002493647228662e-05
dwp.esa_claimants@2025,dwp_legacy_benefits,False,1000000.0,799690.1333656311,-0.2003098666343689,1000000.0,800075.4277038574,-0.19992457229614258
dwp.esa_contrib_claimants@2025,dwp_legacy_benefits,False,620000.0,618975.989107132,-0.0016516304723678096,620000.0,620182.2778720856,0.0002939965678799537
dwp.esa_income_claimants@2025,dwp_legacy_benefits,False,180000.0,180962.3353919983,0.005346307733323839,180000.0,180148.76445007324,0.0008264691670735677
dwp.uc.households@2025,dwp_universal_credit,False,6197311.0,5993232.183032036,-0.03293022037589596,6197311.0,6001751.206190597,-0.03155558819129825
dwp.uc.households_children_1@2025,dwp_universal_credit,False,1190123.8333333333,1009313.3557415009,-0.151925768166001,1190123.8333333333,1013414.8221654892,-0.14847951634823778
dwp.uc.households_children_2@2025,dwp_universal_credit,False,1049895.5,972132.5900774002,-0.07406728567043082,1049895.5,969203.4458441843,-0.07685722451026387
dwp.uc.households_children_3@2025,dwp_universal_credit,False,477887.6666666667,477354.73596191406,-0.0011151798674150554,477887.6666666667,477500.7862854004,-0.0008095634356183331
dwp.uc.households_children_4@2025,dwp_universal_credit,False,170713.66666666666,170712.4619140625,-7.057153815982115e-06,170713.66666666666,170340.04092407227,-0.0021886106126695073
dwp.uc.households_children_5_or_more@2025,dwp_universal_credit,False,76320.08333333333,76147.23992919922,-0.0022647171830146467,76320.08333333333,76233.62957763672,-0.0011327785809538084
dwp.uc.households_couple_no_children@2025,dwp_universal_credit,False,241130.91666666666,246000.0862159729,0.02019305370135204,241130.91666666666,246194.35676765442,0.020998717920470294
dwp.uc.households_couple_with_children@2025,dwp_universal_credit,False,826160.8333333334,881816.1841773987,0.06736624226001027,826160.8333333334,882222.1507225037,0.06785763150133635
dwp.uc.households_housing_element_private_rented@2025,dwp_universal_credit,False,1570545.4166666667,1568871.7276172638,-0.001065673766350034,1570545.4166666667,1570497.7183365931,-3.0370551254004845e-05
dwp.uc.households_housing_element_social_rented@2025,dwp_universal_credit,False,2354587.5833333335,2351571.8600873947,-0.0012807861840796284,2354587.5833333335,2355191.730662346,0.00025658307777072395
dwp.uc.households_lcwra_element@2025,dwp_universal_credit,False,2272425.1666666665,2532342.0919208527,0.11437865108466842,2272425.1666666665,2541303.960767746,0.11832239760638079
dwp.uc.households_single_no_children@2025,dwp_universal_credit,False,2990070.1666666665,3041571.713191986,0.017224193298023355,2990070.1666666665,3048864.1246261597,0.019663069654661892
dwp.uc.households_single_with_children@2025,dwp_universal_credit,False,2138780.1666666665,1823844.1994466782,-0.14725027477266286,2138780.1666666665,1824470.5740742793,-0.14695740941073213
dwp.uc.households_with_deduction@2025,dwp_universal_credit,False,3130000.0,3125382.3320770264,-0.0014752932661257613,3130000.0,3129812.068283569,-6.004208192681543e-05
dwp.uc.scotland_households_child_under_1@2025,dwp_universal_credit,False,14333.222222222223,14301.71420288086,-0.002198250948241996,14333.222222222223,14353.80908203125,0.0014363036789529094
dwp.uc.two_child_limit.children_affected@2025,dwp_two_child_limit,False,597920.0,597791.6025695801,-0.00021474014988614174,597920.0,597375.9829406738,-0.0009098492429190726
dwp.uc.two_child_limit.children_claimant_pip@2025,dwp_two_child_limit,False,235270.0,235307.4132385254,0.0001590225635456736,235270.0,234821.01153564453,-0.0019083965841606187
dwp.uc.two_child_limit.children_disabled_child_element@2025,dwp_two_child_limit,False,479460.0,478645.0094909668,-0.0016998091791457122,479460.0,478057.21447753906,-0.0029257613199452246
dwp.uc.two_child_limit.children_in_3_children_households@2025,dwp_two_child_limit,False,891930.0,892616.9891967773,0.0007702277048393302,891930.0,892074.8620605469,0.00016241415867486797
dwp.uc.two_child_limit.children_in_4_children_households@2025,dwp_two_child_limit,False,468760.0,468702.7509765625,-0.00012212864458891544,468760.0,466866.7109375,-0.0040389305028159395
dwp.uc.two_child_limit.children_in_5_children_households@2025,dwp_two_child_limit,False,185120.0,184785.40176391602,-0.0018074667031330184,185120.0,185042.17742919922,-0.000420389859554782
dwp.uc.two_child_limit.children_in_6_plus_children_households@2025,dwp_two_child_limit,False,119720.0,119234.7495727539,-0.004053211052840743,119720.0,120008.49279785156,0.002409729350581043
dwp.uc.two_child_limit.children_in_affected_households@2025,dwp_two_child_limit,False,1665540.0,1665339.8915100098,-0.00012014631290166215,1665540.0,1663992.2432250977,-0.0009292822597489965
dwp.uc.two_child_limit.households_3_children@2025,dwp_two_child_limit,False,297310.0,297538.9963989258,0.0007702277048393302,297310.0,297358.2873535156,0.00016241415867486797
dwp.uc.two_child_limit.households_4_children@2025,dwp_two_child_limit,False,117190.0,117175.68774414062,-0.00012212864458891544,117190.0,116716.677734375,-0.0040389305028159395
dwp.uc.two_child_limit.households_5_children@2025,dwp_two_child_limit,False,37020.0,36957.0803527832,-0.0016996122965099102,37020.0,37008.435485839844,-0.00031238557969087656
dwp.uc.two_child_limit.households_6_plus_children@2025,dwp_two_child_limit,False,18260.0,18186.105865478516,-0.004046776260760371,18260.0,18304.677490234375,0.0024467409766908543
dwp.uc.two_child_limit.households_affected@2025,dwp_two_child_limit,False,469780.0,469857.8703613281,0.00016575920926417684,469780.0,469388.07806396484,-0.0008342669675915455
dwp.uc.two_child_limit.households_claimant_pip@2025,dwp_two_child_limit,False,65280.0,65316.3913269043,0.0005574651792937634,65280.0,65139.74841308594,-0.0021484618093453203
dwp.uc.two_child_limit.households_disabled_child_element@2025,dwp_two_child_limit,False,129630.0,129406.58740234375,-0.0017234636863091106,129630.0,129250.24478149414,-0.002929531886954095
dwp/uc_payment_dist/COUPLE_NO_CHILDREN_annual_payment_0_to_1_200@2025,dwp_universal_credit,False,7506.333333333333,7498.405059814453,-0.0010562112241502605,7506.333333333333,7516.44580078125,0.0013471913647919939
dwp/uc_payment_dist/COUPLE_NO_CHILDREN_annual_payment_10_800_to_12_000@2025,dwp_universal_credit,False,13313.333333333334,13310.319107055664,-0.0002264065806962852,13313.333333333334,13243.772811889648,-0.005224876422910778
dwp/uc_payment_dist/COUPLE_NO_CHILDREN_annual_payment_12_000_to_13_200@2025,dwp_universal_credit,False,16121.444444444445,16058.476440429688,-0.003905853736105944,16121.444444444445,16152.975036621094,0.001955816818108637
dwp/uc_payment_dist/COUPLE_NO_CHILDREN_annual_payment_13_200_to_14_400@2025,dwp_universal_credit,False,13317.333333333334,13302.247177124023,-0.0011328211010195111,13317.333333333334,13320.68911743164,0.00025198619080196374
dwp/uc_payment_dist/COUPLE_NO_CHILDREN_annual_payment_14_400_to_15_600@2025,dwp_universal_credit,False,19657.333333333332,19695.704788208008,0.0019520173069257798,19657.333333333332,19651.6863861084,-0.00028726924090756716
dwp/uc_payment_dist/COUPLE_NO_CHILDREN_annual_payment_15_600_to_16_800@2025,dwp_universal_credit,False,16443.222222222223,16377.807235717773,-0.0039782340480714285,16443.222222222223,16345.225143432617,-0.005959724770803566
dwp/uc_payment_dist/COUPLE_NO_CHILDREN_annual_payment_16_800_to_18_000@2025,dwp_universal_credit,False,13441.111111111111,13377.848594665527,-0.004706643366208611,13441.111111111111,13444.616882324219,0.00026082450953101536
dwp/uc_payment_dist/COUPLE_NO_CHILDREN_annual_payment_18_000_to_19_200@2025,dwp_universal_credit,False,10728.555555555555,10738.631607055664,0.0009391806238903844,10728.555555555555,10718.420928955078,-0.0009446403616960925
dwp/uc_payment_dist/COUPLE_NO_CHILDREN_annual_payment_19_200_to_20_400@2025,dwp_universal_credit,False,9653.222222222223,9637.923370361328,-0.001584844056078575,9653.222222222223,9644.6865234375,-0.0008842331180435276
dwp/uc_payment_dist/COUPLE_NO_CHILDREN_annual_payment_1_200_to_2_400@2025,dwp_universal_credit,False,8797.0,8798.397567749023,0.0001588686767106329,8797.0,8814.609298706055,0.0020017390821933257
dwp/uc_payment_dist/COUPLE_NO_CHILDREN_annual_payment_20_400_to_21_600@2025,dwp_universal_credit,False,6486.888888888889,6491.204345703125,0.0006652583215396324,6486.888888888889,6477.6090087890625,-0.0014305594343879224
dwp/uc_payment_dist/COUPLE_NO_CHILDREN_annual_payment_21_600_to_22_800@2025,dwp_universal_credit,False,3981.8888888888887,3976.0797119140625,-0.0014588998178819567,3981.8888888888887,3978.750732421875,-0.000788107492343756
dwp/uc_payment_dist/COUPLE_NO_CHILDREN_annual_payment_22_800_to_24_000@2025,dwp_universal_credit,False,2761.4444444444443,2749.086669921875,-0.004475112489563598,2761.4444444444443,2772.95556640625,0.004168514773115958
dwp/uc_payment_dist/COUPLE_NO_CHILDREN_annual_payment_24_000_to_25_200@2025,dwp_universal_credit,False,2131.222222222222,2128.817626953125,-0.00112827055012119,2131.222222222222,2121.7318725585938,-0.00445300802735289
dwp/uc_payment_dist/COUPLE_NO_CHILDREN_annual_payment_25_200_to_26_400@2025,dwp_universal_credit,False,1475.3333333333333,1477.4501953125,0.0014348364070267121,1475.3333333333333,1479.3150634765625,0.0026988681495001645
dwp/uc_payment_dist/COUPLE_NO_CHILDREN_annual_payment_2_400_to_3_600@2025,dwp_universal_credit,False,12256.0,12243.781646728516,-0.00099692830217725,12256.0,12279.902435302734,0.0019502639770507812
dwp/uc_payment_dist/COUPLE_NO_CHILDREN_annual_payment_3_600_to_4_800@2025,dwp_universal_credit,False,10945.444444444445,10929.908752441406,-0.0014193751639682772,10945.444444444445,10930.828048706055,-0.0013353862250709589
dwp/uc_payment_dist/COUPLE_NO_CHILDREN_annual_payment_4_800_to_6_000@2025,dwp_universal_credit,False,12492.444444444445,12383.94172668457,-0.008685467303248847,12492.444444444445,12491.23403930664,-9.689097623667328e-05
dwp/uc_payment_dist/COUPLE_NO_CHILDREN_annual_payment_6_000_to_7_200@2025,dwp_universal_credit,False,12979.666666666666,12952.064193725586,-0.0021265933594401595,12979.666666666666,12959.383407592773,-0.0015626949131122491
dwp/uc_payment_dist/COUPLE_NO_CHILDREN_annual_payment_7_200_to_8_400@2025,dwp_universal_credit,False,16484.444444444445,16478.29605102539,-0.000372981536610216,16484.444444444445,16547.355987548828,0.003816418764757656
dwp/uc_payment_dist/COUPLE_NO_CHILDREN_annual_payment_8_400_to_9_600@2025,dwp_universal_credit,False,15272.444444444445,15276.852722167969,0.00028864257713028164,15272.444444444445,15198.660079956055,-0.0048312085702319
dwp/uc_payment_dist/COUPLE_NO_CHILDREN_annual_payment_9_600_to_10_800@2025,dwp_universal_credit,False,19142.333333333332,19122.398849487305,-0.0010413821292786026,19142.333333333332,19097.416107177734,-0.0023464864692007807
dwp/uc_payment_dist/COUPLE_WITH_CHILDREN_annual_payment_0_to_1_200@2025,dwp_universal_credit,False,19073.555555555555,19092.62907409668,0.0009999980593848638,19073.555555555555,19041.492336273193,-0.0016810300097939701
dwp/uc_payment_dist/COUPLE_WITH_CHILDREN_annual_payment_10_800_to_12_000@2025,dwp_universal_credit,False,40805.444444444445,40858.6354675293,0.0013035276005208035,40805.444444444445,40854.91134643555,0.001212262301381119
dwp/uc_payment_dist/COUPLE_WITH_CHILDREN_annual_payment_12_000_to_13_200@2025,dwp_universal_credit,False,40009.555555555555,40064.99139022827,0.0013855648707654577,40009.555555555555,40056.69575500488,0.001178223521725234
dwp/uc_payment_dist/COUPLE_WITH_CHILDREN_annual_payment_13_200_to_14_400@2025,dwp_universal_credit,False,39972.555555555555,40166.868392944336,0.004861156228020421,39972.555555555555,40046.510078430176,0.0018501324683090601
dwp/uc_payment_dist/COUPLE_WITH_CHILDREN_annual_payment_14_400_to_15_600@2025,dwp_universal_credit,False,40518.77777777778,40522.407554626465,8.958258485956988e-05,40518.77777777778,40644.5133895874,0.003103144238437026
dwp/uc_payment_dist/COUPLE_WITH_CHILDREN_annual_payment_15_600_to_16_800@2025,dwp_universal_credit,False,37118.0,37304.101470947266,0.005013779593385032,37118.0,37068.687927246094,-0.001328521815666422
dwp/uc_payment_dist/COUPLE_WITH_CHILDREN_annual_payment_16_800_to_18_000@2025,dwp_universal_credit,False,37177.77777777778,37144.1795501709,-0.0009037180169215276,37177.77777777778,37107.51940917969,-0.0018897947321662926
dwp/uc_payment_dist/COUPLE_WITH_CHILDREN_annual_payment_18_000_to_19_200@2025,dwp_universal_credit,False,37164.555555555555,37127.98385620117,-0.0009840478059723746,37164.555555555555,37233.34178161621,0.0018508556077801303
dwp/uc_payment_dist/COUPLE_WITH_CHILDREN_annual_payment_19_200_to_20_400@2025,dwp_universal_credit,False,33309.555555555555,33318.652252197266,0.0002730957075226925,33309.555555555555,33390.47039794922,0.002429178085510918
dwp/uc_payment_dist/COUPLE_WITH_CHILDREN_annual_payment_1_200_to_2_400@2025,dwp_universal_credit,False,22775.777777777777,22834.02562713623,0.0025574472111018426,22775.777777777777,22855.34016418457,0.0034932895457217535
dwp/uc_payment_dist/COUPLE_WITH_CHILDREN_annual_payment_20_400_to_21_600@2025,dwp_universal_credit,False,29102.555555555555,29077.092582702637,-0.0008749394122557479,29102.555555555555,29170.145629882812,0.0023224790069803713
dwp/uc_payment_dist/COUPLE_WITH_CHILDREN_annual_payment_21_600_to_22_800@2025,dwp_universal_credit,False,27534.666666666668,27590.600036621094,0.0020313799557318967,27534.666666666668,27424.218048095703,-0.004011256787962983
dwp/uc_payment_dist/COUPLE_WITH_CHILDREN_annual_payment_22_800_to_24_000@2025,dwp_universal_credit,False,25584.777777777777,25619.315826416016,0.0013499452267370106,25584.777777777777,25592.045654296875,0.0002840703398803917
dwp/uc_payment_dist/COUPLE_WITH_CHILDREN_annual_payment_24_000_to_25_200@2025,dwp_universal_credit,False,22927.777777777777,22769.79803466797,-0.0068903207559402845,22927.777777777777,22942.94403076172,0.0006614794129172395
dwp/uc_payment_dist/COUPLE_WITH_CHILDREN_annual_payment_25_200_to_26_400@2025,dwp_universal_credit,False,20334.666666666668,20361.552001953125,0.0013221429063564906,20334.666666666668,20329.137451171875,-0.0002719108006750154
dwp/uc_payment_dist/COUPLE_WITH_CHILDREN_annual_payment_26_400_to_27_600@2025,dwp_universal_credit,False,17535.0,17429.07177734375,-0.006040959375891075,17535.0,17496.486938476562,-0.002196353665436983
dwp/uc_payment_dist/COUPLE_WITH_CHILDREN_annual_payment_27_600_to_28_800@2025,dwp_universal_credit,False,15399.888888888889,15318.989013671875,-0.005253276552883665,15399.888888888889,15356.902069091797,-0.00279137207464575
dwp/uc_payment_dist/COUPLE_WITH_CHILDREN_annual_payment_28_800_to_30_000@2025,dwp_universal_credit,False,12836.222222222223,12856.200317382812,0.0015563843329234014,12836.222222222223,12841.13818359375,0.000382975714070827
dwp/uc_payment_dist/COUPLE_WITH_CHILDREN_annual_payment_2_400_to_3_600@2025,dwp_universal_credit,False,26502.666666666668,26532.5386428833,0.0011271309635495635,26502.666666666668,26479.587890625,-0.0008708095804825129
dwp/uc_payment_dist/COUPLE_WITH_CHILDREN_annual_payment_3_600_to_4_800@2025,dwp_universal_credit,False,29027.0,29059.226558685303,0.0011102269847143259,29027.0,29076.381046295166,0.0017012108139031251
dwp/uc_payment_dist/COUPLE_WITH_CHILDREN_annual_payment_4_800_to_6_000@2025,dwp_universal_credit,False,32427.0,32448.47692489624,0.0006623161222512176,32427.0,32530.736972808838,0.003199092509601193
dwp/uc_payment_dist/COUPLE_WITH_CHILDREN_annual_payment_6_000_to_7_200@2025,dwp_universal_credit,False,34956.88888888889,34907.42909240723,-0.0014148798149306939,34956.88888888889,34969.641258239746,0.00036480275436951
dwp/uc_payment_dist/COUPLE_WITH_CHILDREN_annual_payment_7_200_to_8_400@2025,dwp_universal_credit,False,37410.77777777778,37357.75244140625,-0.0014173812874595825,37410.77777777778,37450.03072357178,0.001049241639058165
dwp/uc_payment_dist/COUPLE_WITH_CHILDREN_annual_payment_8_400_to_9_600@2025,dwp_universal_credit,False,39910.333333333336,39906.17240905762,-0.0001042568159219894,39910.333333333336,39942.47152709961,0.0008052599685864216
dwp/uc_payment_dist/COUPLE_WITH_CHILDREN_annual_payment_9_600_to_10_800@2025,dwp_universal_credit,False,39368.0,39521.73371887207,0.0039050426456022735,39368.0,39354.25365447998,-0.00034917561268084564
dwp/uc_payment_dist/LONE_PARENT_annual_payment_0_to_1_200@2025,dwp_universal_credit,False,26670.222222222223,26553.321952819824,-0.004383175679166051,26670.222222222223,26707.130332946777,0.001383869636219306
dwp/uc_payment_dist/LONE_PARENT_annual_payment_1_200_to_2_400@2025,dwp_universal_credit,False,36208.11111111111,36166.45346069336,-0.0011505060368909087,36208.11111111111,36296.13874053955,0.0024311577358540645
dwp/uc_payment_dist/LONE_PARENT_annual_payment_20_400_to_21_600@2025,dwp_universal_credit,False,85490.44444444444,85069.96188354492,-0.004918474381926564,85490.44444444444,85577.71228027344,0.001020790526895788
dwp/uc_payment_dist/LONE_PARENT_annual_payment_22_800_to_24_000@2025,dwp_universal_credit,False,71259.55555555556,71256.97412109375,-3.622580076014477e-05,71259.55555555556,71109.12762451172,-0.0021109860968269198
dwp/uc_payment_dist/LONE_PARENT_annual_payment_24_000_to_25_200@2025,dwp_universal_credit,False,51301.666666666664,51210.21199798584,-0.0017826841625838874,51301.666666666664,51430.993576049805,0.002520910484710837
dwp/uc_payment_dist/LONE_PARENT_annual_payment_25_200_to_26_400@2025,dwp_universal_credit,False,43305.22222222222,43181.172912597656,-0.0028645346509942726,43305.22222222222,43338.71063232422,0.0007733111246988377
dwp/uc_payment_dist/LONE_PARENT_annual_payment_26_400_to_27_600@2025,dwp_universal_credit,False,34910.555555555555,34776.64959716797,-0.003835686836163128,34910.555555555555,34933.81604003906,0.0006662880069751899
dwp/uc_payment_dist/LONE_PARENT_annual_payment_27_600_to_28_800@2025,dwp_universal_credit,False,28513.0,28486.287338256836,-0.0009368590377429265,28513.0,28508.245651245117,-0.0001667431962572445
dwp/uc_payment_dist/LONE_PARENT_annual_payment_28_800_to_30_000@2025,dwp_universal_credit,False,22593.0,22691.866119384766,0.004375962439019414,22593.0,22602.451782226562,0.000418350029945669
dwp/uc_payment_dist/LONE_PARENT_annual_payment_2_400_to_3_600@2025,dwp_universal_credit,False,46312.77777777778,46348.127014160156,0.0007632717811052316,46312.77777777778,46330.71649169922,0.0003873383282581952
dwp/uc_payment_dist/LONE_PARENT_annual_payment_3_600_to_4_800@2025,dwp_universal_credit,False,60310.11111111111,60158.27948760986,-0.0025175152342452544,60310.11111111111,60236.20070648193,-0.0012255060265600997
dwp/uc_payment_dist/LONE_PARENT_annual_payment_4_800_to_6_000@2025,dwp_universal_credit,False,67858.66666666667,67831.38890075684,-0.0004019791022984376,67858.66666666667,68127.24642944336,0.003957928676907216
dwp/uc_payment_dist/LONE_PARENT_annual_payment_6_000_to_7_200@2025,dwp_universal_credit,False,89577.44444444444,89445.29569244385,-0.0014752458369422276,89577.44444444444,89783.31956481934,0.002298291960121511
dwp/uc_payment_dist/LONE_PARENT_annual_payment_7_200_to_8_400@2025,dwp_universal_credit,False,116076.0,116154.6541671753,0.0006776092144396169,116076.0,116385.87257385254,0.002669566265658181
dwp/uc_payment_dist/LONE_PARENT_annual_payment_8_400_to_9_600@2025,dwp_universal_credit,False,97511.0,97341.0114479065,-0.0017432756519111265,97511.0,97600.18027496338,0.0009145663049643517
dwp/uc_payment_dist/LONE_PARENT_annual_payment_9_600_to_10_800@2025,dwp_universal_credit,False,102343.0,102097.2710723877,-0.0024010330712633467,102343.0,102501.48098754883,0.0015485278675515485
dwp/uc_payment_dist/SINGLE_annual_payment_0_to_1_200@2025,dwp_universal_credit,False,89479.33333333333,89524.17416000366,0.0005011305404264705,89479.33333333333,89429.89838790894,-0.0005524733319171608
dwp/uc_payment_dist/SINGLE_annual_payment_10_800_to_12_000@2025,dwp_universal_credit,False,104891.11111111111,104533.52238464355,-0.00340914232559479,104891.11111111111,104764.0255203247,-0.0012115954292044894
dwp/uc_payment_dist/SINGLE_annual_payment_12_000_to_13_200@2025,dwp_universal_credit,False,122035.55555555556,121750.02020263672,-0.002339771811739374,122035.55555555556,121877.09270477295,-0.0012984973933311923
dwp/uc_payment_dist/SINGLE_annual_payment_15_600_to_16_800@2025,dwp_universal_credit,False,149963.22222222222,150106.4390258789,0.0009550128460460938,149963.22222222222,149606.49250793457,-0.002378781337193666
dwp/uc_payment_dist/SINGLE_annual_payment_16_800_to_18_000@2025,dwp_universal_credit,False,108689.66666666667,108647.64122009277,-0.0003866554003039057,108689.66666666667,108981.77731323242,0.0026875659437028696
dwp/uc_payment_dist/SINGLE_annual_payment_18_000_to_19_200@2025,dwp_universal_credit,False,61718.666666666664,61730.9599609375,0.0001991827583902616,61718.666666666664,61327.30358886719,-0.006341081214750968
dwp/uc_payment_dist/SINGLE_annual_payment_19_200_to_20_400@2025,dwp_universal_credit,False,34050.444444444445,33983.67492675781,-0.0019609000345229455,34050.444444444445,34091.796966552734,0.0012144488209473595
dwp/uc_payment_dist/SINGLE_annual_payment_1_200_to_2_400@2025,dwp_universal_credit,False,127403.22222222222,127282.98274993896,-0.0009437710458651293,127403.22222222222,127387.02352142334,-0.00012714514214267413
dwp/uc_payment_dist/SINGLE_annual_payment_20_400_to_21_600@2025,dwp_universal_credit,False,22338.333333333332,22264.31005859375,-0.0033137331077929774,22338.333333333332,22382.80419921875,0.0019907871022346287
dwp/uc_payment_dist/SINGLE_annual_payment_22_800_to_24_000@2025,dwp_universal_credit,False,11133.666666666666,10729.99609375,-0.03625675035927063,11133.666666666666,10729.99609375,-0.03625675035927063
dwp/uc_payment_dist/SINGLE_annual_payment_24_000_to_25_200@2025,dwp_universal_credit,False,6951.222222222223,6955.0751953125,0.0005542871407505692,6951.222222222223,6930.300537109375,-0.003009785105986615
dwp/uc_payment_dist/SINGLE_annual_payment_25_200_to_26_400@2025,dwp_universal_credit,False,6508.222222222223,6503.87255859375,-0.0006683336063142971,6508.222222222223,6509.394775390625,0.00018016489424695875
dwp/uc_payment_dist/SINGLE_annual_payment_26_400_to_27_600@2025,dwp_universal_credit,False,5913.444444444444,5903.55810546875,-0.0016718410172910899,5913.444444444444,5932.6044921875,0.0032400824803649106
dwp/uc_payment_dist/SINGLE_annual_payment_28_800_to_30_000@2025,dwp_universal_credit,False,1653.7777777777778,1651.2129211425781,-0.0015509076670785628,1653.7777777777778,1643.0127563476562,-0.006509351845679535
dwp/uc_payment_dist/SINGLE_annual_payment_2_400_to_3_600@2025,dwp_universal_credit,False,197136.66666666666,196609.87888526917,-0.0026721958441562974,197136.66666666666,196961.2473602295,-0.0008898360178412512
dwp/uc_payment_dist/SINGLE_annual_payment_3_600_to_4_800@2025,dwp_universal_credit,False,377063.1111111111,377087.6189517975,6.4996654311112e-05,377063.1111111111,377197.3830528259,0.0003560993843156327
dwp/uc_payment_dist/SINGLE_annual_payment_4_800_to_6_000@2025,dwp_universal_credit,False,195983.22222222222,196211.13967514038,0.0011629436965768934,195983.22222222222,194657.2320175171,-0.006765835308093926
dwp/uc_payment_dist/SINGLE_annual_payment_6_000_to_7_200@2025,dwp_universal_credit,False,114033.33333333333,114000.27459716797,-0.0002899041464369459,114033.33333333333,114016.3927154541,-0.00014855847307126795
dwp/uc_payment_dist/SINGLE_annual_payment_7_200_to_8_400@2025,dwp_universal_credit,False,149043.77777777778,148972.4663619995,-0.00047845952941821986,149043.77777777778,148480.58713531494,-0.003778692749606422
hmrc.cgt.gains_by_age_band.age_16_to_24@2025,hmrc_cgt,True,,,,319000000.0,304602353.6742637,-0.04513368754149306
hmrc.cgt.gains_by_age_band.age_25_to_34@2025,hmrc_cgt,True,,,,2499000000.0,2290143470.954356,-0.08357604203507155
hmrc.cgt.gains_by_age_band.age_35_to_44@2025,hmrc_cgt,True,,,,11775000000.0,10711327435.452766,-0.09033312650082663
hmrc.cgt.gains_by_age_band.age_45_to_54@2025,hmrc_cgt,True,,,,28422000000.0,28195536126.994263,-0.007967907712537376
hmrc.cgt.gains_by_age_band.age_55_to_64@2025,hmrc_cgt,True,,,,38118000000.0,38142003324.4962,0.0006297110156933879
hmrc.cgt.gains_by_age_band.age_65_to_74@2025,hmrc_cgt,True,,,,24260000000.0,24211980961.303123,-0.0019793503172661387
hmrc.cgt.gains_by_age_band.age_75_to_84@2025,hmrc_cgt,True,,,,11736000000.0,11636013296.167141,-0.008519657790802576
hmrc.cgt.gains_by_age_band.age_85_plus@2025,hmrc_cgt,True,,,,2076000000.0,2035725469.179367,-0.01940006301571914
hmrc.cgt.gains_by_region@E12000001@2025,hmrc_cgt,True,,,,1497797150.3974364,1493263594.0932355,-0.0030268159496751085
hmrc.cgt.gains_by_region@E12000002@2025,hmrc_cgt,True,,,,8790074083.38308,8803463095.75986,0.00152319676145738
hmrc.cgt.gains_by_region@E12000003@2025,hmrc_cgt,True,,,,6970985861.949795,6989230782.923229,0.002617265525242554
hmrc.cgt.gains_by_region@E12000004@2025,hmrc_cgt,True,,,,6299365751.358824,6286858187.580633,-0.0019855274756022273
hmrc.cgt.gains_by_region@E12000005@2025,hmrc_cgt,True,,,,5890960774.765152,5878302102.455937,-0.0021488298417195353
hmrc.cgt.gains_by_region@E12000006@2025,hmrc_cgt,True,,,,11545870966.728456,11539937745.176668,-0.000513882544581175
hmrc.cgt.gains_by_region@E12000007@2025,hmrc_cgt,True,,,,32519714615.602127,32460304784.91821,-0.0018268865943680418
hmrc.cgt.gains_by_region@E12000008@2025,hmrc_cgt,True,,,,25606804690.69088,23986323102.863785,-0.06328324081825822
hmrc.cgt.gains_by_region@E12000009@2025,hmrc_cgt,True,,,,10341263627.509504,10281757357.499504,-0.005754255200660732
hmrc.cgt.gains_by_region@N92000002@2025,hmrc_cgt,True,,,,1757265449.747086,1758948684.7626376,0.000957871797794594
hmrc.cgt.gains_by_region@S92000003@2025,hmrc_cgt,True,,,,5680201325.83493,5683153778.657366,0.0005197796086921971
hmrc.cgt.gains_by_region@W92000004@2025,hmrc_cgt,True,,,,2358632410.6946497,2365789221.530397,0.003034305304758982
hmrc.cgt.gains_total@2025,hmrc_cgt,True,119258000000.0,107931956702.93329,-0.09497093106598058,119258000000.0,117527332438.22148,-0.01451196197972898
hmrc.cgt.liability_total@2025,hmrc_cgt,True,22503000000.0,22629780697.062336,0.005633946454354351,22503000000.0,24827795323.58284,0.10331046187543172
hmrc.cgt.residential_property_gains.ty2024@2025,hmrc_cgt,True,,,,12242481474.688189,12283753934.687431,0.003371249536670749
hmrc.cgt.residential_property_taxpayers.ty2024@2025,hmrc_cgt,True,,,,202630.0578034682,202611.6247985363,-9.096875918465289e-05
hmrc.cgt.tax_by_age_band.age_16_to_24@2025,hmrc_cgt,True,,,,59000000.0,59065527.34412755,0.001110632951314419
hmrc.cgt.tax_by_age_band.age_25_to_34@2025,hmrc_cgt,True,,,,456000000.0,465121807.0894269,0.020003962915409814
hmrc.cgt.tax_by_age_band.age_35_to_44@2025,hmrc_cgt,True,,,,2246000000.0,2259400826.222906,0.00596652993005615
hmrc.cgt.tax_by_age_band.age_45_to_54@2025,hmrc_cgt,True,,,,5522000000.0,6035210595.748004,0.09293926036725896
hmrc.cgt.tax_by_age_band.age_55_to_64@2025,hmrc_cgt,True,,,,7152000000.0,8116240058.089855,0.1348210372049574
hmrc.cgt.tax_by_age_band.age_65_to_74@2025,hmrc_cgt,True,,,,4409000000.0,5080986794.054556,0.15241251849729098
hmrc.cgt.tax_by_age_band.age_75_to_84@2025,hmrc_cgt,True,,,,2260000000.0,2417650409.489393,0.0697568183581386
hmrc.cgt.tax_by_age_band.age_85_plus@2025,hmrc_cgt,True,,,,390000000.0,394119305.54456615,0.010562321909143985
hmrc.cgt.taxpayers_by_age_band.age_16_to_24@2025,hmrc_cgt,True,,,,4000.0,3998.1095790863037,-0.00047260522842407227
hmrc.cgt.taxpayers_by_age_band.age_25_to_34@2025,hmrc_cgt,True,,,,27000.0,27025.803797721863,0.0009556962119208442
hmrc.cgt.taxpayers_by_age_band.age_35_to_44@2025,hmrc_cgt,True,,,,65000.0,64929.79407930374,-0.001080091087634747
hmrc.cgt.taxpayers_by_age_band.age_45_to_54@2025,hmrc_cgt,True,,,,98000.0,98029.69796689351,0.0003030404785051954
hmrc.cgt.taxpayers_by_age_band.age_55_to_64@2025,hmrc_cgt,True,,,,144000.0,143696.47997426987,-0.002107777956459257
hmrc.cgt.taxpayers_by_age_band.age_65_to_74@2025,hmrc_cgt,True,,,,125000.0,125049.99305605888,0.0003999444484710693
hmrc.cgt.taxpayers_by_age_band.age_75_to_84@2025,hmrc_cgt,True,,,,68000.0,67937.12657165527,-0.0009246092403636259
hmrc.cgt.taxpayers_by_age_band.age_85_plus@2025,hmrc_cgt,True,,,,19000.0,19025.52571105957,0.0013434584768194902
hmrc.cgt.taxpayers_by_region@E12000001@2025,hmrc_cgt,True,,,,11321.91780821918,11281.408515930176,-0.003577953220928318
hmrc.cgt.taxpayers_by_region@E12000002@2025,hmrc_cgt,True,,,,41513.69863013699,41690.90408325195,0.004268601906415528
hmrc.cgt.taxpayers_by_region@E12000003@2025,hmrc_cgt,True,,,,32078.767123287675,32090.545795440674,0.00036717970200445904
hmrc.cgt.taxpayers_by_region@E12000004@2025,hmrc_cgt,True,,,,31135.273972602743,31095.106538772583,-0.0012900941185070363
hmrc.cgt.taxpayers_by_region@E12000005@2025,hmrc_cgt,True,,,,33022.260273972606,33058.8409614563,0.0011077584387076214
hmrc.cgt.taxpayers_by_region@E12000006@2025,hmrc_cgt,True,,,,58496.57534246576,58546.18591308594,0.000848093590603123
hmrc.cgt.taxpayers_by_region@E12000007@2025,hmrc_cgt,True,,,,106614.72602739726,106434.68193133672,-0.001688735719437872
hmrc.cgt.taxpayers_by_region@E12000008@2025,hmrc_cgt,True,,,,114162.67123287672,113806.9841632843,-0.003115616214575611
hmrc.cgt.taxpayers_by_region@E12000009@2025,hmrc_cgt,True,,,,60383.56164383562,60343.198436021805,-0.0006684469533595087
hmrc.cgt.taxpayers_by_region@N92000002@2025,hmrc_cgt,True,,,,9434.931506849316,9450.702218055725,0.0016715236559968919
hmrc.cgt.taxpayers_by_region@S92000003@2025,hmrc_cgt,True,,,,34909.24657534247,34896.79920005798,-0.00035656384785107413
hmrc.cgt.taxpayers_by_region@W92000004@2025,hmrc_cgt,True,,,,16982.87671232877,16997.17297935486,0.0008418047936314031
hmrc.cgt.taxpayers_total@2025,hmrc_cgt,True,551000.0,550625.616733551,-0.0006794614636097542,551000.0,549692.5307360489,-0.0023729024754102746
hmrc.salary_sacrifice.users_above_cap@2025,hmrc_salary_sacrifice,False,3300000.0,3303812.1317478744,0.0011551914387498278,3300000.0,3302594.5870845304,0.0007862385104637537
hmrc.salary_sacrifice.users_below_cap@2025,hmrc_salary_sacrifice,False,4300000.0,4298576.552334656,-0.00033103434077767264,4300000.0,4297534.354430774,-0.0005734059463315752
hmrc.salary_sacrifice.users_total@2025,hmrc_salary_sacrifice,False,7700000.0,7602388.6840825295,-0.012676794274996168,7700000.0,7600128.941515305,-0.012970267335674666
hmrc.tfc.children_with_used_accounts@2025,hmrc_tfc,False,1151515.0,1150141.6304855347,-0.0011926631563334668,1151515.0,1150524.976412307,-0.0008597574392804216
hmrc.tfc.government_top_up@2025,hmrc_tfc,False,599800000.0,599060490.0332513,-0.0012329275871102274,599800000.0,600002278.7344412,0.00033724363861480685
hmrc/capital_gains_band_1000000@2025,hmrc_cgt,True,,,,12806000000.0,12813693020.64206,0.0006007356428283091
hmrc/capital_gains_band_100000@2025,hmrc_cgt,True,,,,9487000000.0,9476736932.984034,-0.001081803206067926
hmrc/capital_gains_band_10000@2025,hmrc_cgt,True,,,,289000000.0,289753998.038674,0.002608989753197221
hmrc/capital_gains_band_12300@2025,hmrc_cgt,True,,,,1747000000.0,1746958708.7930079,-2.363549341279299e-05
hmrc/capital_gains_band_2000000@2025,hmrc_cgt,True,,,,16477000000.0,16515791555.92095,0.002354285119921705
hmrc/capital_gains_band_250000@2025,hmrc_cgt,True,,,,8820000000.0,8857378911.53825,0.004237971829733556
hmrc/capital_gains_band_25000@2025,hmrc_cgt,True,,,,3516000000.0,3514667820.6709023,-0.00037889059416887025
hmrc/capital_gains_band_3000@2025,hmrc_cgt,True,,,,311000000.0,310684830.39308655,-0.0010134070961847182
hmrc/capital_gains_band_5000000@2025,hmrc_cgt,True,,,,48474000000.0,46635373586.566216,-0.03793015664962216
hmrc/capital_gains_band_500000@2025,hmrc_cgt,True,,,,11372000000.0,11395521863.061935,0.002068401605868398
hmrc/capital_gains_band_50000@2025,hmrc_cgt,True,,,,5510000000.0,5522647898.41343,0.0022954443581543037
hmrc/capital_gains_band_6000@2025,hmrc_cgt,True,,,,448000000.0,448123311.1989345,0.00027524821190735594
hmrc/cgt_taxpayers_band_1000000@2025,hmrc_cgt,True,,,,9000.0,9013.119789361954,0.0014577543735504151
hmrc/cgt_taxpayers_band_100000@2025,hmrc_cgt,True,,,,61000.0,60972.89083003998,-0.00044441262229544216
hmrc/cgt_taxpayers_band_10000@2025,hmrc_cgt,True,,,,26000.0,26098.53924846649,0.0037899710948650655
hmrc/cgt_taxpayers_band_12300@2025,hmrc_cgt,True,,,,97000.0,97161.79539616902,0.0016679937749383695
hmrc/cgt_taxpayers_band_2000000@2025,hmrc_cgt,True,,,,5000.0,5004.2957191467285,0.0008591438293457032
hmrc/cgt_taxpayers_band_250000@2025,hmrc_cgt,True,,,,25000.0,25068.264560699463,0.0027305824279785155
hmrc/cgt_taxpayers_band_25000@2025,hmrc_cgt,True,,,,98000.0,98939.71691703796,0.009588948133040448
hmrc/cgt_taxpayers_band_3000@2025,hmrc_cgt,True,,,,73000.0,73002.65979003906,3.6435479987157536e-05
hmrc/cgt_taxpayers_band_5000000@2025,hmrc_cgt,True,,,,3000.0,3026.4593048095703,0.008819768269856771
hmrc/cgt_taxpayers_band_500000@2025,hmrc_cgt,True,,,,16000.0,16021.13005399704,0.0013206283748149871
hmrc/cgt_taxpayers_band_50000@2025,hmrc_cgt,True,,,,78000.0,78313.82939147949,0.004023453736916567
hmrc/cgt_taxpayers_band_6000@2025,hmrc_cgt,True,,,,57000.0,57069.829734802246,0.0012250830667060717
hmrc/dividend_income_count_income_band_100_000_to_150_000@2025,hmrc_spi,False,222000.0,221963.19381713867,-0.00016579361649246904,222000.0,222535.7505698204,0.002413290855046865
hmrc/dividend_income_count_income_band_12_570_to_15_000@2025,hmrc_spi,False,115000.0,114800.81825351715,-0.0017320151868073837,115000.0,114850.22420024872,-0.0013023982587067977
hmrc/dividend_income_count_income_band_150_000_to_200_000@2025,hmrc_spi,False,92000.0,91786.6767654419,-0.00231873081041419,92000.0,91980.98323726654,-0.00020670394275499427
hmrc/dividend_income_count_income_band_15_000_to_20_000@2025,hmrc_spi,False,372000.0,371776.244808197,-0.0006014924510832756,372000.0,371955.65283584595,-0.00011921280686573316
hmrc/dividend_income_count_income_band_200_000_to_300_000@2025,hmrc_spi,False,75000.0,75144.38858795166,0.001925181172688802,75000.0,74937.18384552002,-0.0008375487263997395
hmrc/dividend_income_count_income_band_20_000_to_30_000@2025,hmrc_spi,False,843000.0,843093.3517951965,0.00011073759809790415,843000.0,842025.685634613,-0.001155770302950134
hmrc/dividend_income_count_income_band_300_000_to_500_000@2025,hmrc_spi,False,49000.0,48970.97156524658,-0.0005924170357840401,49000.0,48976.58601355553,-0.0004778364580504748
hmrc/dividend_income_count_income_band_30_000_to_40_000@2025,hmrc_spi,False,667000.0,666466.6921432202,-0.0007995620041675838,667000.0,666849.1282859216,-0.0002261944738805931
hmrc/dividend_income_count_income_band_40_000_to_50_000@2025,hmrc_spi,False,627000.0,627184.7502727509,0.00029465753229801354,627000.0,626167.6564369202,-0.0013275016955021275
hmrc/dividend_income_count_income_band_500_000_to_1_000_000@2025,hmrc_spi,False,32000.0,32111.354385375977,0.0034798245429992674,32000.0,31881.57893371582,-0.003700658321380615
hmrc/dividend_income_count_income_band_50_000_to_70_000@2025,hmrc_spi,False,643000.0,642913.7146296869,-0.00013419186673887525,643000.0,643042.9028498703,6.672293914505171e-05
hmrc/dividend_income_count_income_band_70_000_to_100_000@2025,hmrc_spi,False,336000.0,335919.25883102417,-0.00024030109814235143,336000.0,335508.24205350876,-0.0014635653169382185
hmrc/dividend_income_income_band_100_000_to_150_000@2025,hmrc_spi,False,6870000000.0,6879438939.833873,0.001373935929239126,6870000000.0,6892642309.680996,0.0032958238254724805
hmrc/dividend_income_income_band_12_570_to_15_000@2025,hmrc_spi,False,175000000.0,174978041.63896134,-0.00012547634879231452,175000000.0,174612515.97476664,-0.002214194429904904
hmrc/dividend_income_income_band_150_000_to_200_000@2025,hmrc_spi,False,3450000000.0,3440344525.534564,-0.0027986882508510094,3450000000.0,3452358321.3395295,0.0006835714027621781
hmrc/dividend_income_income_band_15_000_to_20_000@2025,hmrc_spi,False,855000000.0,856134897.0437845,0.0013273649634906422,855000000.0,855181004.1283331,0.00021170073489250495
hmrc/dividend_income_income_band_200_000_to_300_000@2025,hmrc_spi,False,3700000000.0,3707377797.4451647,0.001993999309503968,3700000000.0,3697353928.4740653,-0.0007151544664688368
hmrc/dividend_income_income_band_20_000_to_30_000@2025,hmrc_spi,False,3330000000.0,3325445083.384061,-0.0013678428276093515,3330000000.0,3327978009.378769,-0.0006072043907600838
hmrc/dividend_income_income_band_300_000_to_500_000@2025,hmrc_spi,False,3430000000.0,3427392193.533094,-0.0007602934305848603,3430000000.0,3439884789.1610684,0.0028818627291744723
hmrc/dividend_income_income_band_30_000_to_40_000@2025,hmrc_spi,False,4700000000.0,4692439284.376222,-0.0016086628986762433,4700000000.0,4704866309.713558,0.0010353850454379143
hmrc/dividend_income_income_band_40_000_to_50_000@2025,hmrc_spi,False,8400000000.0,8403907956.808586,0.0004652329534031096,8400000000.0,8391619092.874908,-0.0009977270387013753
hmrc/dividend_income_income_band_50_000_to_70_000@2025,hmrc_spi,False,12500000000.0,12501017713.255322,8.141706042572021e-05,12500000000.0,12495232082.778536,-0.00038143337771713256
hmrc/dividend_income_income_band_70_000_to_100_000@2025,hmrc_spi,False,9440000000.0,9441737974.44081,0.0001841074619501324,9440000000.0,9418642075.530502,-0.0022624919988874664
hmrc/employment_income_count_income_band_100_000_to_150_000@2025,hmrc_spi,False,791000.0,790755.0606002808,-0.00030965790103569947,791000.0,791574.4517677625,0.0007262348517857659
hmrc/employment_income_count_income_band_12_570_to_15_000@2025,hmrc_spi,False,1360000.0,1363439.2267636193,0.0025288432085436344,1360000.0,1362582.4241733341,0.0018988413039221675
hmrc/employment_income_count_income_band_150_000_to_200_000@2025,hmrc_spi,False,264000.0,263669.8199682236,-0.0012506819385470767,264000.0,263854.3094005585,-0.0005518583312179103
hmrc/employment_income_count_income_band_15_000_to_20_000@2025,hmrc_spi,False,3100000.0,3110240.5114422515,0.0033033907878230657,3100000.0,3109314.0158805996,0.0030045212518063284
hmrc/employment_income_count_income_band_200_000_to_300_000@2025,hmrc_spi,False,180000.0,180180.4045600891,0.0010022475560506185,180000.0,180052.6068534851,0.0002922602971394857
hmrc/employment_income_count_income_band_20_000_to_30_000@2025,hmrc_spi,False,7470000.0,7522615.122937659,0.007043523820302383,7470000.0,7520707.623832923,0.006788169187807678
hmrc/employment_income_count_income_band_300_000_to_500_000@2025,hmrc_spi,False,93000.0,92989.72315073013,-0.00011050375558996714,93000.0,92889.72244644165,-0.0011857801457887055
hmrc/employment_income_count_income_band_30_000_to_40_000@2025,hmrc_spi,False,5370000.0,5493143.641452337,0.02293177680676661,5370000.0,5493366.140883919,0.02297321059290854
hmrc/employment_income_count_income_band_40_000_to_50_000@2025,hmrc_spi,False,3500000.0,3522982.0286870706,0.006566293910591597,3500000.0,3520695.1127006896,0.005912889343054167
hmrc/employment_income_count_income_band_500_000_to_1_000_000@2025,hmrc_spi,False,44000.0,44115.540702819824,0.002625925064086914,44000.0,43921.574660778046,-0.001782394073226235
hmrc/employment_income_count_income_band_50_000_to_70_000@2025,hmrc_spi,False,3430000.0,3444064.3382329457,0.004100390155377741,3430000.0,3450864.642388832,0.006082986119192952
hmrc/employment_income_count_income_band_70_000_to_100_000@2025,hmrc_spi,False,1640000.0,1665444.7557668686,0.015515094979797922,1640000.0,1666970.3743920326,0.016445350239044282
hmrc/employment_income_income_band_100_000_to_150_000@2025,hmrc_spi,False,82300000000.0,82384748125.20845,0.0010297463573323245,82300000000.0,82463916459.85667,0.0019916945304577667
hmrc/employment_income_income_band_12_570_to_15_000@2025,hmrc_spi,False,16900000000.0,16754994383.94453,-0.008580213967779261,16900000000.0,16744772358.210777,-0.009185067561492469
hmrc/employment_income_income_band_150_000_to_200_000@2025,hmrc_spi,False,39200000000.0,39190755099.379776,-0.0002358393015363265,39200000000.0,39214007455.38359,0.0003573330454997627
hmrc/employment_income_income_band_15_000_to_20_000@2025,hmrc_spi,False,48600000000.0,48526358458.516045,-0.0015152580552254193,48600000000.0,48538482538.294075,-0.0012657913931260285
hmrc/employment_income_income_band_200_000_to_300_000@2025,hmrc_spi,False,36600000000.0,36701675538.797935,0.0027780201857359422,36600000000.0,36687285249.08095,0.0023848428710641495
hmrc/employment_income_income_band_20_000_to_30_000@2025,hmrc_spi,False,172000000000.0,172017810961.37323,0.00010355210100715105,172000000000.0,171889223306.36273,-0.0006440505444027213
hmrc/employment_income_income_band_300_000_to_500_000@2025,hmrc_spi,False,29000000000.0,30761169689.167236,0.060729989281628836,29000000000.0,30404740760.39452,0.04843933656532827
hmrc/employment_income_income_band_30_000_to_40_000@2025,hmrc_spi,False,170000000000.0,170129889872.73483,0.000764058074910781,170000000000.0,170049311997.3606,0.0002900705727093865
hmrc/employment_income_income_band_40_000_to_50_000@2025,hmrc_spi,False,139000000000.0,139072058127.369,0.0005184037940214966,139000000000.0,139028019314.62344,0.00020157780304635685
hmrc/employment_income_income_band_500_000_to_1_000_000@2025,hmrc_spi,False,23100000000.0,23177961815.981277,0.0033749703887998904,23100000000.0,23085764713.008217,-0.0006162461901204824
hmrc/employment_income_income_band_50_000_to_70_000@2025,hmrc_spi,False,174000000000.0,174506758047.72006,0.002912402573103806,174000000000.0,174644039188.44708,0.003701374646247601
hmrc/employment_income_income_band_70_000_to_100_000@2025,hmrc_spi,False,118000000000.0,118014222925.64903,0.00012053326821214061,118000000000.0,118007612286.52017,6.451090271332304e-05
hmrc/private_pension_income_count_income_band_100_000_to_150_000@2025,hmrc_spi,False,109000.0,108702.59630584717,-0.002728474258282863,109000.0,109116.74713516235,0.0010710746345170047
hmrc/private_pension_income_count_income_band_12_570_to_15_000@2025,hmrc_spi,False,1070000.0,1068823.110198021,-0.0010998970111953878,1070000.0,1070418.6882448196,0.00039129742506508516
hmrc/private_pension_income_count_income_band_150_000_to_200_000@2025,hmrc_spi,False,29000.0,28931.538548469543,-0.0023607397079467773,29000.0,29097.781421661377,0.0033717731607371365
hmrc/private_pension_income_count_income_band_15_000_to_20_000@2025,hmrc_spi,False,2140000.0,2141063.1404143614,0.0004967945861501759,2140000.0,2142799.9044036465,0.0013083665437600357
hmrc/private_pension_income_count_income_band_200_000_to_300_000@2025,hmrc_spi,False,20000.0,19981.10668182373,-0.0009446659088134765,20000.0,19906.331424713135,-0.004683428764343261
hmrc/private_pension_income_count_income_band_20_000_to_30_000@2025,hmrc_spi,False,2660000.0,2658452.9267192255,-0.0005816064965317754,2660000.0,2662688.5816661804,0.001010744987285864
hmrc/private_pension_income_count_income_band_300_000_to_500_000@2025,hmrc_spi,False,10000.0,10046.791735172272,0.0046791735172271726,10000.0,10012.747821569443,0.001274782156944275
hmrc/private_pension_income_count_income_band_30_000_to_40_000@2025,hmrc_spi,False,1450000.0,1448387.6006736755,-0.0011119995353961814,1450000.0,1449372.5604110132,-0.000432716957921933
hmrc/private_pension_income_count_income_band_40_000_to_50_000@2025,hmrc_spi,False,779000.0,779052.3097419739,6.714986132718479e-05,779000.0,778568.41147995,-0.0005540289089217571
hmrc/private_pension_income_count_income_band_500_000_to_1_000_000@2025,hmrc_spi,False,4000.0,4010.1061096191406,0.002526527404785156,4000.0,4001.5416564941406,0.0003854141235351563
hmrc/private_pension_income_count_income_band_50_000_to_70_000@2025,hmrc_spi,False,643000.0,642463.3175230026,-0.0008346539300114705,643000.0,642033.5467898422,-0.0015030376518783948
hmrc/private_pension_income_count_income_band_70_000_to_100_000@2025,hmrc_spi,False,259000.0,258775.71597194672,-0.0008659614982752266,259000.0,258542.51823282242,-0.0017663388694115127
hmrc/private_pension_income_income_band_100_000_to_150_000@2025,hmrc_spi,False,5430000000.0,5410998914.152588,-0.0034992791615860237,5430000000.0,5432711407.1031065,0.0004993383246973295
hmrc/private_pension_income_income_band_12_570_to_15_000@2025,hmrc_spi,False,4350000000.0,4346645485.746268,-0.0007711527020072937,4350000000.0,4345550465.554785,-0.0010228814816586724
hmrc/private_pension_income_income_band_150_000_to_200_000@2025,hmrc_spi,False,1810000000.0,1801069134.3691978,-0.004934179906520527,1810000000.0,1814480405.0464225,0.0024753619041008187
hmrc/private_pension_income_income_band_15_000_to_20_000@2025,hmrc_spi,False,13600000000.0,13578160298.319824,-0.0016058604176599838,13600000000.0,13595753035.879808,-0.0003122767735434981
hmrc/private_pension_income_income_band_200_000_to_300_000@2025,hmrc_spi,False,1570000000.0,1567671040.824632,-0.0014834134874955863,1570000000.0,1562803329.2463822,-0.004583866722049531
hmrc/private_pension_income_income_band_20_000_to_30_000@2025,hmrc_spi,False,30200000000.0,30169523826.97483,-0.0010091448021579263,30200000000.0,30212898567.303665,0.0004271048776048067
hmrc/private_pension_income_income_band_300_000_to_500_000@2025,hmrc_spi,False,1120000000.0,998581436.0865912,-0.10840943206554353,1120000000.0,995811644.3867197,-0.11088246036900026
hmrc/private_pension_income_income_band_30_000_to_40_000@2025,hmrc_spi,False,24900000000.0,24890833410.855362,-0.00036813611022642816,24900000000.0,24901954564.302505,7.849655833355394e-05
hmrc/private_pension_income_income_band_40_000_to_50_000@2025,hmrc_spi,False,16900000000.0,16900922286.389114,5.457315911919408e-05,16900000000.0,16888209544.038956,-0.000697660116038125
hmrc/private_pension_income_income_band_500_000_to_1_000_000@2025,hmrc_spi,False,640000000.0,641528101.5653784,0.002387658695903793,640000000.0,637414994.5655614,-0.004039070991310291
hmrc/private_pension_income_income_band_50_000_to_70_000@2025,hmrc_spi,False,17400000000.0,17389574266.466526,-0.0005991800881306878,17400000000.0,17388912477.500484,-0.0006372139367537663
hmrc/private_pension_income_income_band_70_000_to_100_000@2025,hmrc_spi,False,9470000000.0,9457622862.91149,-0.001306983853063412,9470000000.0,9455590074.632837,-0.0015216394263107397
hmrc/property_income_count_income_band_100_000_to_150_000@2025,hmrc_spi,False,137000.0,136881.7260723114,-0.0008633133407926907,137000.0,137055.45762634277,0.00040480019228301777
hmrc/property_income_count_income_band_12_570_to_15_000@2025,hmrc_spi,False,101000.0,100859.34951019287,-0.0013925791070012762,101000.0,101020.50074768066,0.00020297769980855506
hmrc/property_income_count_income_band_150_000_to_200_000@2025,hmrc_spi,False,54000.0,53917.88989448547,-0.001520557509528266,54000.0,54225.464029312134,0.004175259802076552
hmrc/property_income_count_income_band_15_000_to_20_000@2025,hmrc_spi,False,232000.0,231537.66903686523,-0.0019928058755808863,232000.0,231450.4735546112,-0.0023686484715034224
hmrc/property_income_count_income_band_200_000_to_300_000@2025,hmrc_spi,False,41000.0,41046.37253570557,0.001131037456233327,41000.0,40942.8830871582,-0.0013930954351657773
hmrc/property_income_count_income_band_20_000_to_30_000@2025,hmrc_spi,False,431000.0,430617.2193546295,-0.0008881221470312839,431000.0,430482.2959575653,-0.0012011694720062468
hmrc/property_income_count_income_band_300_000_to_500_000@2025,hmrc_spi,False,23000.0,23007.192695617676,0.00031272589642068613,23000.0,23032.866912841797,0.0014289962105129075
hmrc/property_income_count_income_band_30_000_to_40_000@2025,hmrc_spi,False,364000.0,364387.31760406494,0.0010640593518267622,364000.0,363236.2413806915,-0.002098237965133164
hmrc/property_income_count_income_band_40_000_to_50_000@2025,hmrc_spi,False,325000.0,324773.2037878793,-0.000697834498832862,325000.0,324902.4937468332,-0.0003000192405133007
hmrc/property_income_count_income_band_50_000_to_70_000@2025,hmrc_spi,False,397000.0,397118.30762290955,0.000298004087933365,397000.0,396827.00851917267,-0.0004357468030915152
hmrc/property_income_count_income_band_70_000_to_100_000@2025,hmrc_spi,False,226000.0,225893.8906803131,-0.0004695102641012816,226000.0,225843.97229099274,-0.000690388092952492
hmrc/self_employment_income_count_income_band_100_000_to_150_000@2025,hmrc_spi,False,85000.0,84938.21348953247,-0.0007269001231474035,85000.0,85021.83357334137,0.00025686556872199566
hmrc/self_employment_income_count_income_band_12_570_to_15_000@2025,hmrc_spi,False,444000.0,444277.90880966187,0.0006259207424816784,444000.0,443778.7690193707,-0.0004982679743902613
hmrc/self_employment_income_count_income_band_150_000_to_200_000@2025,hmrc_spi,False,40000.0,39921.50653076172,-0.0019623367309570313,40000.0,40148.18704986572,0.0037046762466430663
hmrc/self_employment_income_count_income_band_15_000_to_20_000@2025,hmrc_spi,False,651000.0,650179.803440094,-0.0012599025497788108,651000.0,650117.3122921358,-0.0013558950965656125
hmrc/self_employment_income_count_income_band_200_000_to_300_000@2025,hmrc_spi,False,34000.0,33966.705949783325,-0.0009792367710786708,34000.0,33976.87975978851,-0.0006800070650437299
hmrc/self_employment_income_count_income_band_20_000_to_30_000@2025,hmrc_spi,False,961000.0,961503.7924113274,0.0005242376808817503,961000.0,961061.7910146713,6.429866250918385e-05
hmrc/self_employment_income_count_income_band_300_000_to_500_000@2025,hmrc_spi,False,21000.0,21016.631408691406,0.0007919718424479167,21000.0,21028.26244354248,0.0013458306448800223
hmrc/self_employment_income_count_income_band_30_000_to_40_000@2025,hmrc_spi,False,595000.0,594765.2763404846,-0.00039449354540400147,595000.0,594790.3717713356,-0.00035231635069646756
hmrc/self_employment_income_count_income_band_40_000_to_50_000@2025,hmrc_spi,False,359000.0,358786.50452423096,-0.0005946949185767214,359000.0,358952.22488594055,-0.00013307831214330986
hmrc/self_employment_income_count_income_band_50_000_to_70_000@2025,hmrc_spi,False,311000.0,310726.179210186,-0.0008804527003665446,311000.0,310929.173845768,-0.00022773683032805512
hmrc/self_employment_income_count_income_band_70_000_to_100_000@2025,hmrc_spi,False,143000.0,142997.57814216614,-1.6936068768267866e-05,143000.0,142910.68205595016,-0.0006246010073415049
hmrc/self_employment_income_income_band_100_000_to_150_000@2025,hmrc_spi,False,4980000000.0,4980030897.899983,6.20439758702933e-06,4980000000.0,4983838244.925333,0.0007707319127174745
hmrc/self_employment_income_income_band_12_570_to_15_000@2025,hmrc_spi,False,4810000000.0,4815403310.5660715,0.001123349390035657,4810000000.0,4807604878.33602,-0.0004979462918876362
hmrc/self_employment_income_income_band_150_000_to_200_000@2025,hmrc_spi,False,3650000000.0,3650444531.748102,0.00012178952002799675,3650000000.0,3655312444.144494,0.0014554641491764538
hmrc/self_employment_income_income_band_15_000_to_20_000@2025,hmrc_spi,False,8030000000.0,8030099199.409501,1.2353600186933468e-05,8030000000.0,8026843232.870443,-0.0003931216848762959
hmrc/self_employment_income_income_band_200_000_to_300_000@2025,hmrc_spi,False,4390000000.0,4399745372.18752,0.002219902548410029,4390000000.0,4379157328.429791,-0.00246985684970582
hmrc/self_employment_income_income_band_20_000_to_30_000@2025,hmrc_spi,False,15700000000.0,19788765386.485855,0.26043091633667864,15700000000.0,19706442726.644512,0.2551874348181218
hmrc/self_employment_income_income_band_300_000_to_500_000@2025,hmrc_spi,False,4840000000.0,4853366121.748816,0.002761595402647838,4840000000.0,4854428632.324047,0.0029811223810014644
hmrc/self_employment_income_income_band_30_000_to_40_000@2025,hmrc_spi,False,12600000000.0,14576649818.495884,0.15687696972189555,12600000000.0,14632754549.414017,0.1613297261439696
hmrc/self_employment_income_income_band_40_000_to_50_000@2025,hmrc_spi,False,8730000000.0,9167749771.00845,0.05014315819111679,8730000000.0,9224548104.812262,0.05664926744699445
hmrc/self_employment_income_income_band_500_000_to_1_000_000@2025,hmrc_spi,False,6670000000.0,6668763574.350714,-0.0001853711618120345,6670000000.0,6697199605.73174,0.004077901908806596
hmrc/self_employment_income_income_band_50_000_to_70_000@2025,hmrc_spi,False,8220000000.0,9020495703.55576,0.09738390554206319,8220000000.0,9028272983.09009,0.09833004660463379
hmrc/self_employment_income_income_band_70_000_to_100_000@2025,hmrc_spi,False,5360000000.0,5363217000.100863,0.0006001865859819881,5360000000.0,5359311697.221921,-0.00012841469740280465
hmrc/state_pension_count_income_band_100_000_to_150_000@2025,hmrc_spi,False,74000.0,73578.40440750122,-0.005697237736469991,74000.0,74118.10123825073,0.0015959626790639516
hmrc/state_pension_count_income_band_12_570_to_15_000@2025,hmrc_spi,False,1140000.0,1136605.0162029266,-0.0029780559623450564,1140000.0,1138593.456604004,-0.0012338099964878016
hmrc/state_pension_count_income_band_150_000_to_200_000@2025,hmrc_spi,False,21000.0,20964.464184761047,-0.0016921816780453636,21000.0,21055.038578033447,0.0026208846682593935
hmrc/state_pension_count_income_band_15_000_to_20_000@2025,hmrc_spi,False,2050000.0,2044478.4216796202,-0.0026934528392096755,2050000.0,2046551.4761394688,-0.0016822067612347125
hmrc/state_pension_count_income_band_200_000_to_300_000@2025,hmrc_spi,False,14000.0,13981.479522705078,-0.0013228912353515625,14000.0,13931.389755249023,-0.004900731767926898
hmrc/state_pension_count_income_band_20_000_to_30_000@2025,hmrc_spi,False,2320000.0,2315902.1012153625,-0.0017663356830333841,2320000.0,2320141.0449987967,6.079525810200721e-05
hmrc/state_pension_count_income_band_300_000_to_500_000@2025,hmrc_spi,False,8000.0,8027.89266204834,0.0034865827560424806,8000.0,8035.611573934555,0.0044514467418193815
hmrc/state_pension_count_income_band_30_000_to_40_000@2025,hmrc_spi,False,1160000.0,1157001.814716339,-0.0025846424859145593,1160000.0,1158409.483791865,-0.0013711346621853942
hmrc/state_pension_count_income_band_40_000_to_50_000@2025,hmrc_spi,False,568000.0,566338.753660202,-0.002924729471475306,568000.0,566233.1962327957,-0.0031105700126836
hmrc/state_pension_count_income_band_500_000_to_1_000_000@2025,hmrc_spi,False,3000.0,3004.3687133789062,0.00145623779296875,3000.0,2995.8264770507812,-0.00139117431640625
hmrc/state_pension_count_income_band_50_000_to_70_000@2025,hmrc_spi,False,441000.0,430194.61750415654,-0.02450200112436158,441000.0,429988.95833988715,-0.02496834843563005
hmrc/state_pension_count_income_band_70_000_to_100_000@2025,hmrc_spi,False,176000.0,175729.2636976242,-0.0015382744453170084,176000.0,175960.8345246315,-0.00022253111004829406
hmrc/state_pension_income_band_100_000_to_150_000@2025,hmrc_spi,False,847000000.0,843181828.0615735,-0.0045078771409994035,847000000.0,849151609.3153884,0.0025402707383570733
hmrc/state_pension_income_band_12_570_to_15_000@2025,hmrc_spi,False,11800000000.0,13111748721.3314,0.11116514587554237,11800000000.0,13149147889.370502,0.11433456689580529
hmrc/state_pension_income_band_150_000_to_200_000@2025,hmrc_spi,False,265000000.0,264843222.44576156,-0.0005916134122205231,265000000.0,265846348.35114047,0.0031937673627942236
hmrc/state_pension_income_band_15_000_to_20_000@2025,hmrc_spi,False,22200000000.0,25377650196.5516,0.14313739624106311,22200000000.0,25412714951.331318,0.1447168896996089
hmrc/state_pension_income_band_200_000_to_300_000@2025,hmrc_spi,False,179000000.0,178816343.4071458,-0.0010260144852190045,179000000.0,178143410.97209966,-0.00478541356368904
hmrc/state_pension_income_band_20_000_to_30_000@2025,hmrc_spi,False,24900000000.0,29167459646.592186,0.171383921549887,24900000000.0,29221808096.577835,0.17356659022400944
hmrc/state_pension_income_band_300_000_to_500_000@2025,hmrc_spi,False,96000000.0,95930007.81504366,-0.0007290852599618956,96000000.0,96013247.87197778,0.00013799866643516968
hmrc/state_pension_income_band_30_000_to_40_000@2025,hmrc_spi,False,12300000000.0,14067869503.18636,0.14372922790133003,12300000000.0,14081519805.124918,0.1448390085467413
hmrc/state_pension_income_band_40_000_to_50_000@2025,hmrc_spi,False,6020000000.0,6530387864.006682,0.08478203721041236,6020000000.0,6525544221.235816,0.0839774453880093
hmrc/state_pension_income_band_500_000_to_1_000_000@2025,hmrc_spi,False,43000000.0,43050091.75034857,0.001164924426710883,43000000.0,42935161.564608246,-0.001507870590505905
hmrc/state_pension_income_band_50_000_to_70_000@2025,hmrc_spi,False,4660000000.0,4842589049.834036,0.03918219953520083,4660000000.0,4863937232.714339,0.043763354659729456
hmrc/state_pension_income_band_70_000_to_100_000@2025,hmrc_spi,False,1890000000.0,1888501998.2143908,-0.000792593537359389,1890000000.0,1891673151.7171013,0.0008852654587837754
isc.private_school_students@2025,isc,False,556551.0,556112.8858337402,-0.0007871950032607355,556551.0,556309.4710555077,-0.00043397450456892554
mhclg.council_tax_stock.band_a@E12000001@2025,council_tax_stock,False,621096.0,620194.9571781158,-0.0014507303571173462,621096.0,620828.8271980286,-0.0004301634561668978
mhclg.council_tax_stock.band_a@E12000002@2025,council_tax_stock,False,1285713.0,1285283.3794378387,-0.0003341496602751306,1285713.0,1285945.3197016716,0.0001806932819934156
mhclg.council_tax_stock.band_a@E12000003@2025,council_tax_stock,False,988548.0,988687.8627319336,0.00014148299519456186,988548.0,988451.1036930084,-9.801881850105119e-05
mhclg.council_tax_stock.band_a@E12000004@2025,council_tax_stock,False,739971.0,739584.0246810913,-0.000522960114529747,739971.0,738527.9442958832,-0.0019501517006974885
mhclg.council_tax_stock.band_a@E12000005@2025,council_tax_stock,False,728493.0,727134.7655916971,-0.0018644440074275677,728493.0,728669.4114780426,0.00024215946898954765
mhclg.council_tax_stock.band_a@E12000006@2025,council_tax_stock,False,364482.0,363957.9205608368,-0.0014378746801301792,364482.0,365392.26313642354,0.0024974158845252775
mhclg.council_tax_stock.band_a@E12000007@2025,council_tax_stock,False,118732.0,118437.56732177734,-0.0024798089666025693,118732.0,118462.7832107544,-0.0022674324465654203
mhclg.council_tax_stock.band_a@E12000008@2025,council_tax_stock,False,320025.0,320278.77394485474,0.0007929816259815212,320025.0,320041.97356987,5.303826222949806e-05
mhclg.council_tax_stock.band_a@E12000009@2025,council_tax_stock,False,422969.0,422346.27302360535,-0.0014722756901679635,422969.0,423436.4696302414,0.0011052101459950825
mhclg.council_tax_stock.band_b@E12000001@2025,council_tax_stock,False,193309.0,192903.76585388184,-0.002096302531791919,193309.0,193017.2031402588,-0.0015094840889002112
mhclg.council_tax_stock.band_b@E12000002@2025,council_tax_stock,False,666970.0,667705.5748056517,0.0011028604069923309,666970.0,666452.5723695755,-0.0007757884618865908
mhclg.council_tax_stock.band_b@E12000003@2025,council_tax_stock,False,482052.0,481753.3534965515,-0.000619531717425685,482052.0,482183.77356624603,0.0002733596505066522
mhclg.council_tax_stock.band_b@E12000004@2025,council_tax_stock,False,478320.0,477547.1876602173,-0.001615680589945465,478320.0,478285.3909163475,-7.235550186589801e-05
mhclg.council_tax_stock.band_b@E12000005@2025,council_tax_stock,False,625673.0,625848.6727115994,0.00028077400111461634,625673.0,625064.3031055813,-0.0009728674474025266
mhclg.council_tax_stock.band_b@E12000006@2025,council_tax_stock,False,568914.0,568559.471321106,-0.000623167436368314,568914.0,569465.764092959,0.0009698550096482033
mhclg.council_tax_stock.band_b@E12000007@2025,council_tax_stock,False,463447.0,463533.025182724,0.00018562032492172573,463447.0,463463.5151128877,3.5635386328358396e-05
mhclg.council_tax_stock.band_b@E12000008@2025,council_tax_stock,False,649092.0,648308.064116478,-0.0012077423285482393,649092.0,649057.168961525,-5.366117357021288e-05
mhclg.council_tax_stock.band_b@E12000009@2025,council_tax_stock,False,609286.0,609887.542760849,0.0009872912898852082,609286.0,609422.8482396603,0.00022460427395387892
mhclg.council_tax_stock.band_c@E12000001@2025,council_tax_stock,False,186703.0,186750.9312095642,0.0002567243673867532,186703.0,186882.22925376892,0.0009599698653418579
mhclg.council_tax_stock.band_c@E12000002@2025,council_tax_stock,False,585587.0,585362.172203064,-0.00038393577203051836,585587.0,585807.2880513244,0.0003761833020958984
mhclg.council_tax_stock.band_c@E12000003@2025,council_tax_stock,False,408440.0,408506.7806444168,0.00016350172465186827,408440.0,409151.0998249054,0.0017410141634154233
mhclg.council_tax_stock.band_c@E12000004@2025,council_tax_stock,False,384470.0,384445.54001426697,-6.362001127014391e-05,384470.0,384555.3949623108,0.0002221108599131038
mhclg.council_tax_stock.band_c@E12000005@2025,council_tax_stock,False,503657.0,503460.320852431,-0.0003905021623227653,503657.0,503800.1438981616,0.0002842090910313841
mhclg.council_tax_stock.band_c@E12000006@2025,council_tax_stock,False,708146.0,707312.1177453995,-0.0011775569650898613,708146.0,708964.4695281982,0.0011557920657579682
mhclg.council_tax_stock.band_c@E12000007@2025,council_tax_stock,False,991205.0,991777.1511862333,0.0005772279056635812,991205.0,991907.556447506,0.0007087902578235087
mhclg.council_tax_stock.band_c@E12000008@2025,council_tax_stock,False,1024169.0,1024776.7852220535,0.0005934423147483744,1024169.0,1024714.1645832062,0.0005322994380870509
mhclg.council_tax_stock.band_c@E12000009@2025,council_tax_stock,False,587214.0,586099.308303833,-0.001898271662744744,587214.0,587128.8973932266,-0.00014492605212644192
mhclg.council_tax_stock.band_d@E12000001@2025,council_tax_stock,False,108432.0,108514.6448726654,0.0007621815761528448,108432.0,108667.27582359314,0.0021698006455026157
mhclg.council_tax_stock.band_d@E12000002@2025,council_tax_stock,False,346489.0,346640.89738082886,0.0004383901965974603,346489.0,346538.2784576416,0.00014222228596463832
mhclg.council_tax_stock.band_d@E12000003@2025,council_tax_stock,False,237496.0,237483.99088859558,-5.056553122755308e-05,237496.0,237460.5350971222,-0.00014932842185892654
mhclg.council_tax_stock.band_d@E12000004@2025,council_tax_stock,False,238335.0,238126.12706756592,-0.0008763837977388215,238335.0,238463.79917430878,0.0005404123368736311
mhclg.council_tax_stock.band_d@E12000005@2025,council_tax_stock,False,288790.0,288892.22273460263,0.0003539690938143075,288790.0,288910.4956855774,0.0004172432756584112
mhclg.council_tax_stock.band_d@E12000006@2025,council_tax_stock,False,485975.0,485387.6507373223,-0.001208599748295108,485975.0,485840.56540870667,-0.00027662861524427177
mhclg.council_tax_stock.band_d@E12000007@2025,council_tax_stock,False,929941.0,930067.9663539041,0.00013653162287081294,929941.0,930066.341025862,0.00013478384742906044
mhclg.council_tax_stock.band_d@E12000008@2025,council_tax_stock,False,807114.0,806798.9860906601,-0.00039029667350573127,807114.0,806876.5358839035,-0.0002942138484730739
mhclg.council_tax_stock.band_d@E12000009@2025,council_tax_stock,False,404568.0,404870.18783569336,0.000746939539690137,404568.0,404205.1486725807,-0.0008968858817782944
mhclg.council_tax_stock.band_e@E12000001@2025,council_tax_stock,False,58932.0,58708.52875518799,-0.0037920186793594605,58932.0,59126.70862579346,0.003303954147041625
mhclg.council_tax_stock.band_e@E12000002@2025,council_tax_stock,False,207825.0,207981.2329711914,0.0007517525379112535,207825.0,207868.60858861066,0.00020983321838402192
mhclg.council_tax_stock.band_e@E12000003@2025,council_tax_stock,False,152517.0,152760.4509420395,0.0015962216804650613,152517.0,152402.1247997284,-0.0007531960389438977
mhclg.council_tax_stock.band_e@E12000004@2025,council_tax_stock,False,149931.0,150015.4684267044,0.0005633820004162363,149931.0,149807.4626235962,-0.000823961531663289
mhclg.council_tax_stock.band_e@E12000005@2025,council_tax_stock,False,185672.0,185746.73205566406,0.0004024950216729636,185672.0,185922.95343399048,0.0013515954693786812
mhclg.council_tax_stock.band_e@E12000006@2025,council_tax_stock,False,301723.0,302064.2689078404,0.0011310669317235408,301723.0,301980.3153568414,0.0008528198275949373
mhclg.council_tax_stock.band_e@E12000007@2025,council_tax_stock,False,551952.0,552325.0366301645,0.000675849766219676,551952.0,551719.7385022803,-0.00042080017414499637
mhclg.council_tax_stock.band_e@E12000008@2025,council_tax_stock,False,529137.0,529146.0169086456,1.704078271908765e-05,529137.0,528703.3565387726,-0.0008195296515409374
mhclg.council_tax_stock.band_e@E12000009@2025,council_tax_stock,False,274120.0,274278.4754009247,0.0005781241825648717,274120.0,273309.92693185806,-0.0029551768135923583
mhclg.council_tax_stock.band_f@E12000001@2025,council_tax_stock,False,25729.0,25775.728233337402,0.001816169821501121,25729.0,25656.263259887695,-0.002827033313082696
mhclg.council_tax_stock.band_f@E12000002@2025,council_tax_stock,False,100117.0,99958.25249481201,-0.0015856198766242325,100117.0,100175.3994216919,0.000583311742180594
mhclg.council_tax_stock.band_f@E12000003@2025,council_tax_stock,False,73172.0,73123.63964128494,-0.0006609134466060429,73172.0,73132.24946594238,-0.0005432478824908051
mhclg.council_tax_stock.band_f@E12000004@2025,council_tax_stock,False,71418.0,71433.54439926147,0.0002176538024234032,71418.0,71551.3461227417,0.0018671220524475512
mhclg.council_tax_stock.band_f@E12000005@2025,council_tax_stock,False,102077.0,102066.87266921997,-9.92126608347551e-05,102077.0,102095.13033485413,0.00017761429953981774
mhclg.council_tax_stock.band_f@E12000006@2025,council_tax_stock,False,166744.0,166552.83470344543,-0.0011464598219699984,166744.0,166530.1276626587,-0.0012826388796077135
mhclg.council_tax_stock.band_f@E12000007@2025,council_tax_stock,False,279261.0,279144.99192619324,-0.00041541093746267006,279261.0,278931.79169305164,-0.0011788552893113014
mhclg.council_tax_stock.band_f@E12000008@2025,council_tax_stock,False,325815.0,326410.0446662903,0.0018263267998412695,325815.0,325771.9678440094,-0.00013207542927919398
mhclg.council_tax_stock.band_f@E12000009@2025,council_tax_stock,False,139412.0,139273.56274032593,-0.000993008203555449,139412.0,139953.3873348236,0.003883362514156661
mhclg.council_tax_stock.band_g@E12000001@2025,council_tax_stock,False,14062.0,14076.558532714844,0.0010353102485310588,14062.0,14098.958679199219,0.0026282661925201784
mhclg.council_tax_stock.band_g@E12000002@2025,council_tax_stock,False,62587.0,62479.37763786316,-0.0017195641608775116,62587.0,62466.220863342285,-0.0019297799328569006
mhclg.council_tax_stock.band_g@E12000003@2025,council_tax_stock,False,40487.0,40558.9407081604,0.0017768841396102548,40487.0,40562.17418670654,0.0018567487516126897
mhclg.council_tax_stock.band_g@E12000004@2025,council_tax_stock,False,37892.0,37878.61399459839,-0.0003532673229602905,37892.0,37927.68533706665,0.0009417644111329672
mhclg.council_tax_stock.band_g@E12000005@2025,council_tax_stock,False,60209.0,60203.69123840332,-8.817222668836366e-05,60209.0,60223.78594970703,0.0002455770683291742
mhclg.council_tax_stock.band_g@E12000006@2025,council_tax_stock,False,108700.0,108689.91599845886,-9.276910341433022e-05,108700.0,108632.92223739624,-0.0006170907323252968
mhclg.council_tax_stock.band_g@E12000007@2025,council_tax_stock,False,207056.0,207102.33735466003,0.00022379141227510518,207056.0,206858.34300804138,-0.0009546064444334777
mhclg.council_tax_stock.band_g@E12000008@2025,council_tax_stock,False,255206.0,255706.63027000427,0.0019616712381537757,255206.0,254790.14219856262,-0.0016294985283942303
mhclg.council_tax_stock.band_g@E12000009@2025,council_tax_stock,False,75533.0,75494.89457321167,-0.0005044871352697507,75533.0,75552.15690612793,0.0002536230009125771
mhclg.council_tax_stock.band_h@E12000004@2025,council_tax_stock,False,2779.0,2777.045166015625,-0.0007034307248560633,2779.0,2778.135009765625,-0.00031125953018172007
mhclg.council_tax_stock.band_h@E12000005@2025,council_tax_stock,False,5285.0,5266.8173828125,-0.0034404195245979186,5285.0,5246.668487548828,-0.007252887881016438
mhclg.council_tax_stock.band_h@E12000006@2025,council_tax_stock,False,13447.0,13547.438842773438,0.007469237954446159,13447.0,13465.538330078125,0.0013786220032814011
mhclg.council_tax_stock.band_h@E12000007@2025,council_tax_stock,False,59569.0,59460.119148254395,-0.0018278106354917066,59569.0,59441.86674118042,-0.0021342184495220682
mhclg.council_tax_stock.band_h@E12000008@2025,council_tax_stock,False,36978.0,37319.16191101074,0.009226077965567153,36978.0,37013.95849609375,0.0009724294470698794
mhclg.council_tax_stock.band_h@E12000009@2025,council_tax_stock,False,6697.0,6735.3565673828125,0.005727425322205839,6697.0,6723.5098876953125,0.003958472106213603
mhclg.council_tax_stock.total@E12000001@2025,council_tax_stock,False,1209414.0,1206925.1146354675,-0.0020579267021321656,1209414.0,1208277.4659805298,-0.0009397394270863532
mhclg.council_tax_stock.total@E12000002@2025,council_tax_stock,False,3261518.0,3255410.88693125,-0.0018724756597235177,3261518.0,3255253.687453858,-0.0019206739150732608
mhclg.council_tax_stock.total@E12000003@2025,council_tax_stock,False,2385734.0,2382875.0190529823,-0.0011983653445931817,2385734.0,2383343.0606336594,-0.0010021818720530608
mhclg.council_tax_stock.total@E12000004@2025,council_tax_stock,False,2103116.0,2101807.5514097214,-0.0006221476087284893,2103116.0,2101897.1584420204,-0.0005795408137162114
mhclg.council_tax_stock.total@E12000005@2025,council_tax_stock,False,2499856.0,2498620.0952364304,-0.0004943903823138572,2499856.0,2499932.892373464,3.075872108796277e-05
mhclg.council_tax_stock.total@E12000006@2025,council_tax_stock,False,2718131.0,2716071.6188171823,-0.000757646037964227,2718131.0,2720271.9657532615,0.0007876609895775684
mhclg.council_tax_stock.total@E12000007@2025,council_tax_stock,False,3601163.0,3601848.195103911,0.000190270505364855,3601163.0,3600851.9357415647,-8.63788332922657e-05
mhclg.council_tax_stock.total@E12000008@2025,council_tax_stock,False,3947536.0,3948744.4631299973,0.00030613099665139303,3947536.0,3946969.268075943,-0.00014356599257283703
mhclg.council_tax_stock.total@E12000009@2025,council_tax_stock,False,2519799.0,2518985.601205826,-0.0003228030466613386,2519799.0,2519732.344996214,-2.6452508230254492e-05
nithc.public_transport_support@2025,dft_local_bus,False,111700000.0,111492148.58393034,-0.0018608005019664872,111700000.0,111470651.66263552,-0.002053252796459086
obr.attendance_allowance@2025,obr,False,8492497075.074617,8464315474.324637,-0.003318411593298354,8492497075.074617,8499094372.285188,0.0007768383259069147
obr.carers_allowance@2025,obr,False,4569403813.760573,4569753917.682451,7.661916874659608e-05,4569403813.760573,4565714924.158076,-0.0008073021673830096
obr.child_benefit@2025,obr,False,13389272724.45089,16031537202.628736,0.1973418969465505,13389272724.45089,16056019292.089056,0.1991703823291517
obr.council_tax@2025,obr,False,50925163826.30539,44769794834.09963,-0.1208708726632746,50925163826.30539,44787170925.43487,-0.12052966430910021
obr.esa@2025,obr,False,7206287181.538654,6498237299.695721,-0.09825446363792485,7206287181.538654,6495517345.703216,-0.09863190543617474
obr.fuel_duties_cars@2025,obr,False,14400000000.0,12015455374.64862,-0.16559337676051245,14400000000.0,11968214325.637045,-0.1688740051640941
obr.income_tax@2025,obr,False,331437583074.4429,288873911060.3093,-0.12842138063918204,331437583074.4429,288609909976.5807,-0.12921791397520188
obr.jobseekers_allowance@2025,obr,False,280558748.04472804,279958185.4513395,-0.0021405947865607558,280558748.04472804,280246992.3386736,-0.0011111958127384696
obr.ni@2025,obr,False,200081395082.7125,196428193894.51556,-0.018258575149811992,200081395082.7125,196318078706.7812,-0.01880892710876777
obr.ni_employee@2025,obr,False,49544363784.26465,47677389950.58033,-0.03768287028195267,49544363784.26465,47658903817.69792,-0.038055993105023
obr.ni_employer@2025,obr,False,145324007512.71753,145850768556.15732,0.003624735186260888,145324007512.71753,145759233609.12817,0.002994867151406881
obr.ni_self_employed@2025,obr,False,2902816090.4147716,2900035497.4771214,-0.0009578949720004123,2902816090.4147716,2899941380.1273146,-0.00099031774591212
obr.pension_credit@2025,obr,False,6146422389.476461,6131573069.689932,-0.002415928949489977,6146422389.476461,6145236373.067372,-0.00019296044657127944
obr.pip@2025,obr,False,36910059270.5278,36874599088.03161,-0.0009607186549415113,36910059270.5278,36900310902.82848,-0.00026411140735018747
obr.sdlt@2025,obr,False,15406516698.785578,15374327355.247734,-0.002089332985981253,15406516698.785578,15410837540.904264,0.00028045548537439794
obr.state_pension@2025,obr,False,146185954351.57382,135388915617.3279,-0.07385824980339287,146185954351.57382,135399818717.481,-0.07378366602958594
obr.statutory_maternity_pay@2025,obr,False,3194800881.520547,3201543213.261227,0.002110407499784852,3194800881.520547,3189545738.5790324,-0.0016449046862079672
obr.tv_licence_fee@2025,obr,False,3872000000.0,3870761512.745221,-0.00031985724555239206,3872000000.0,3871631917.563159,-9.506261282050905e-05
obr.universal_credit@2025,obr,False,79286349139.54411,79166803620.77298,-0.0015077692448763544,79286349139.54411,79263313800.74449,-0.00029053347833029046
obr.vat@2025,obr,False,180168938685.41794,218219977029.93292,0.21119643942041305,180168938685.41794,218709003507.27682,0.21391070571354898
obr.winter_fuel_allowance@2025,obr,False,1911040880.4619167,1885485588.748808,-0.013372446384784726,1911040880.4619167,1884204332.1607866,-0.014042895981714116
ons.household_composition.couple_3_plus_children_households@2025,ons_household_composition,False,931000.0,931460.5526982867,0.0004946860346796089,931000.0,931037.0906645381,3.9839596711159165e-05
ons.household_composition.couple_no_children_households@2025,ons_household_composition,False,8119000.0,8120444.919556134,0.00017796767534602543,8119000.0,8123556.063151011,0.0005611606295124083
ons.household_composition.couple_non_dependent_children_only_households@2025,ons_household_composition,False,1848000.0,1847621.5034827339,-0.00020481413271977643,1848000.0,1846515.8098635674,-0.0008031331907103072
ons.household_composition.couple_under_3_children_households@2025,ons_household_composition,False,5439000.0,5437932.706181859,-0.00019622978822234486,5439000.0,5439208.091012601,3.8259057290091807e-05
ons.household_composition.lone_households_over_65@2025,ons_household_composition,False,4254000.0,4250446.745724829,-0.0008352736895089531,4254000.0,4259033.788655831,0.0011833071593395738
ons.household_composition.lone_households_under_65@2025,ons_household_composition,False,4316000.0,4312240.722036762,-0.0008710097227149761,4316000.0,4314821.111093346,-0.0002731438615973055
ons.household_composition.lone_parent_dependent_children_households@2025,ons_household_composition,False,1835000.0,1833730.5642666817,-0.0006917905903642119,1835000.0,1836519.5412438025,0.000828087871282029
ons.household_composition.lone_parent_non_dependent_children_households@2025,ons_household_composition,False,1204000.0,1207919.7250995636,0.0032555856308667764,1204000.0,1204211.4198532104,0.00017559788472628672
ons.household_composition.multi_family_households@2025,ons_household_composition,False,244000.0,243946.38682937622,-0.00021972610911384958,244000.0,244166.8232460022,0.0006837018278778576
ons.household_composition.unrelated_adult_households@2025,ons_household_composition,False,813000.0,812647.3109092712,-0.00043381191971557164,813000.0,810725.3687744141,-0.00279782438571456
ons.household_energy_expenditure@2025,ons_national_accounts,False,43427000000.0,43402765371.90854,-0.0005580543922320488,43427000000.0,43402537629.41116,-0.0005632986526547233
ons.land.corporate_land_value@2025,ons_land,False,2103053000000.0,2102251629065.8828,-0.00038105123081405345,2103053000000.0,2102762805203.6013,-0.0001379873909020275
ons.land.household_land_value@2025,ons_land,False,4559831000000.0,4559926839959.675,2.1018313984620196e-05,4559831000000.0,4562023437863.367,0.00048081559675505243
ons.land.land_value@2025,ons_land,False,7117771000000.0,6662178468268.26,-0.06400775351324736,7117771000000.0,6664786254369.222,-0.06364137672183867
ons.population.age_0_9_by_region@E12000001@2025,ons_population,False,285165.0,284609.9429988861,-0.0019464415377549544,285165.0,285247.5110607147,0.000289344978222158
ons.population.age_0_9_by_region@E12000002@2025,ons_population,False,865892.0,865455.561085701,-0.0005040338914079484,865892.0,865643.9148364067,-0.0002865082060964788
ons.population.age_0_9_by_region@E12000003@2025,ons_population,False,626938.0,626571.9527072906,-0.0005838652190636882,626938.0,626532.0161867142,-0.00064756612820698
ons.population.age_0_9_by_region@E12000004@2025,ons_population,False,543004.0,542600.5250740051,-0.0007430422722390131,543004.0,543441.7154669762,0.0008060998942478614
ons.population.age_0_9_by_region@E12000005@2025,ons_population,False,718837.0,718518.2166614532,-0.0004434709656664208,718837.0,718858.4230747223,2.9802409617604603e-05
ons.population.age_0_9_by_region@E12000006@2025,ons_population,False,744698.0,744733.5138652509,4.76889494142072e-05,744698.0,744423.3445573221,-0.00036881452975287153
ons.population.age_0_9_by_region@E12000007@2025,ons_population,False,1054493.0,1054045.5713834763,-0.00042430686265697607,1054493.0,1055062.9527373747,0.0005404993085536811
ons.population.age_0_9_by_region@E12000008@2025,ons_population,False,1059434.0,1058727.9531116486,-0.000666437822791642,1059434.0,1059204.927977562,-0.00021622113547238367
ons.population.age_0_9_by_region@E12000009@2025,ons_population,False,575506.0,575020.3139476776,-0.0008439287380537956,575506.0,574728.971321106,-0.0013501660780149
ons.population.age_0_9_by_region@N92000002@2025,ons_population,False,229505.0,229853.9004907608,0.001520230455810563,229505.0,229426.485994339,-0.0003421015039367802
ons.population.age_0_9_by_region@S92000003@2025,ons_population,False,527989.0,527794.9173984528,-0.0003675883428390387,527989.0,528462.8393707275,0.0008974417473234084
ons.population.age_0_9_by_region@W92000004@2025,ons_population,False,321552.0,321050.732875824,-0.0015588991024034226,321552.0,321407.14340019226,-0.0004504919882561429
ons.population.age_10_19_by_region@E12000001@2025,ons_population,False,326306.0,325976.6063747406,-0.0010094623612786752,326306.0,326040.92608833313,-0.000812347648118239
ons.population.age_10_19_by_region@E12000002@2025,ons_population,False,952864.0,952052.4070858107,-0.0008517405570882397,952864.0,952376.2410825834,-0.0005118872340822639
ons.population.age_10_19_by_region@E12000003@2025,ons_population,False,696780.0,696847.7113595009,9.717753021166653e-05,696780.0,696414.382941246,-0.0005247238134762297
ons.population.age_10_19_by_region@E12000004@2025,ons_population,False,615630.0,614734.3473949432,-0.001454855359642582,615630.0,616124.4702992439,0.0008031939626787632
ons.population.age_10_19_by_region@E12000005@2025,ons_population,False,785062.0,785543.875207477,0.0006138052885976093,785062.0,785325.4289641909,0.00033555179615225747
ons.population.age_10_19_by_region@E12000006@2025,ons_population,False,785091.0,784457.7626464551,-0.0008065782865233649,785091.0,784742.9459586511,-0.00044332955205048
ons.population.age_10_19_by_region@E12000007@2025,ons_population,False,1068691.0,1068464.3065729141,-0.00021212251912468288,1068691.0,1069640.8777390374,0.0008888235598853055
ons.population.age_10_19_by_region@E12000008@2025,ons_population,False,1183235.0,1183052.2799797058,-0.00015442411718229215,1183235.0,1182684.5903186798,-0.0004651735972314802
ons.population.age_10_19_by_region@E12000009@2025,ons_population,False,677228.0,677339.0187215805,0.0001639310861046876,677228.0,676307.5769610405,-0.0013591036385966074
ons.population.age_10_19_by_region@N92000002@2025,ons_population,False,252764.0,253409.34803533554,0.002553164356219797,252764.0,252383.08780813217,-0.0015069875135218162
ons.population.age_10_19_by_region@S92000003@2025,ons_population,False,612935.0,612865.6775856018,-0.00011309912861591091,612935.0,613268.7764701843,0.000544554431031555
ons.population.age_10_19_by_region@W92000004@2025,ons_population,False,374851.0,374968.99680805206,0.0003147832286750282,374851.0,374521.0333480835,-0.0008802608287466324
ons.population.age_20_29_by_region@E12000001@2025,ons_population,False,343015.0,342763.2720069885,-0.0007338687608748148,343015.0,342766.10983657837,-0.0007255955670207742
ons.population.age_20_29_by_region@E12000002@2025,ons_population,False,986590.0,986526.0422205076,-6.482711105156953e-05,986590.0,985141.8587237515,-0.0014678248069091497
ons.population.age_20_29_by_region@E12000003@2025,ons_population,False,717479.0,717085.464466095,-0.0005484976339447277,717479.0,716522.2487335205,-0.0013334902714636835
ons.population.age_20_29_by_region@E12000004@2025,ons_population,False,612108.0,612098.2460422516,-1.593502739453346e-05,612108.0,611437.5523986816,-0.001095309326652093
ons.population.age_20_29_by_region@E12000005@2025,ons_population,False,766058.0,766542.9874440753,0.0006330949406902482,766058.0,765500.7431727212,-0.0007274342507731284
ons.population.age_20_29_by_region@E12000006@2025,ons_population,False,727218.0,727476.6374969482,0.00035565332121625454,727218.0,727405.9901809692,0.0002585059514055459
ons.population.age_20_29_by_region@E12000007@2025,ons_population,False,1508607.0,1507259.431204086,-0.0008932537075023935,1508607.0,1506392.404861938,-0.0014679735266123148
ons.population.age_20_29_by_region@E12000008@2025,ons_population,False,1066121.0,1066585.0860977173,0.0004353034015062879,1066121.0,1064055.1844997406,-0.001937693282713125
ons.population.age_20_29_by_region@E12000009@2025,ons_population,False,684393.0,684861.380903244,0.0006843741874098925,684393.0,682081.3079614639,-0.0033777260120078255
ons.population.age_20_29_by_region@N92000002@2025,ons_population,False,219525.0,219736.91438388824,0.0009653314378236858,219525.0,219493.77706861496,-0.00014222950181091122
ons.population.age_20_29_by_region@S92000003@2025,ons_population,False,703554.0,701364.6888618469,-0.003111788346243609,703554.0,704337.4576683044,0.0011135714789546267
ons.population.age_20_29_by_region@W92000004@2025,ons_population,False,380557.0,380362.6153793335,-0.0005107897651771059,380557.0,380390.2149734497,-0.0004382655595621496
ons.population.age_30_39_by_region@E12000001@2025,ons_population,False,363357.0,362320.89476394653,-0.002851480048694443,363357.0,363510.0051956177,0.0004210877886422328
ons.population.age_30_39_by_region@E12000002@2025,ons_population,False,1064968.0,1065548.3231199475,0.0005449207111832975,1064968.0,1065281.5115036964,0.0002943858441722584
ons.population.age_30_39_by_region@E12000003@2025,ons_population,False,770809.0,770560.1672348976,-0.0003228202642968446,770809.0,771122.7151870728,0.0004069947121436749
ons.population.age_30_39_by_region@E12000004@2025,ons_population,False,676709.0,676543.4868240356,-0.00024458545100531465,676709.0,677339.6542758942,0.0009319430891183138
ons.population.age_30_39_by_region@E12000005@2025,ons_population,False,839114.0,838854.9021657913,-0.00030877548725053735,839114.0,839049.6628211187,-7.66727511175837e-05
ons.population.age_30_39_by_region@E12000006@2025,ons_population,False,895639.0,895252.0604333878,-0.0004320262590309753,895639.0,895630.1384525299,-9.894106297395238e-06
ons.population.age_30_39_by_region@E12000007@2025,ons_population,False,1537372.0,1534018.7645695263,-0.00218114771862223,1537372.0,1530115.546908444,-0.004720037239884669
ons.population.age_30_39_by_region@E12000008@2025,ons_population,False,1284552.0,1284259.926044464,-0.00022737417834068895,1284552.0,1284742.8796024323,0.0001485962440074446
ons.population.age_30_39_by_region@E12000009@2025,ons_population,False,742082.0,742132.8662395477,6.85453083995158e-05,742082.0,741694.3968925476,-0.000522318433073963
ons.population.age_30_39_by_region@N92000002@2025,ons_population,False,254067.0,254494.06637835503,0.0016809203019480146,254067.0,254106.70309066772,0.00015627015971269236
ons.population.age_30_39_by_region@S92000003@2025,ons_population,False,733480.0,732783.4366836548,-0.0009496691339166914,733480.0,733646.4459934235,0.0002269264239290259
ons.population.age_30_39_by_region@W92000004@2025,ons_population,False,410248.0,410204.61909103394,-0.00010574313333901555,410248.0,410189.03466415405,-0.00014373095260902495
ons.population.age_40_49_by_region@E12000001@2025,ons_population,False,320860.0,321013.66044425964,0.00047890183961741433,320860.0,320696.62348365784,-0.0005091831837628969
ons.population.age_40_49_by_region@E12000002@2025,ons_population,False,930967.0,930497.6449722395,-0.0005041586090167486,930967.0,931101.0527038574,0.00014399297059661823
ons.population.age_40_49_by_region@E12000003@2025,ons_population,False,674349.0,674379.5499053001,4.53028110075649e-05,674349.0,673995.0336370468,-0.0005249008494906732
ons.population.age_40_49_by_region@E12000004@2025,ons_population,False,610611.0,609682.2416114807,-0.001521031210573159,610611.0,610188.1049609184,-0.0006925768436559012
ons.population.age_40_49_by_region@E12000005@2025,ons_population,False,746341.0,746289.8564990209,-6.852564843557897e-05,746341.0,747112.6068747686,0.0010338529904810566
ons.population.age_40_49_by_region@E12000006@2025,ons_population,False,838578.0,838616.4733310112,4.587925155590736e-05,838578.0,838157.6786146897,-0.000501231114231788
ons.population.age_40_49_by_region@E12000007@2025,ons_population,False,1268973.0,1258015.5042910683,-0.008634932113553009,1268973.0,1255711.6544995415,-0.010450455210992273
ons.population.age_40_49_by_region@E12000008@2025,ons_population,False,1255951.0,1255119.7139348984,-0.0006618777843256812,1255951.0,1256013.9567317963,5.0126742043491066e-05
ons.population.age_40_49_by_region@E12000009@2025,ons_population,False,688417.0,687546.2866687775,-0.0012648050981055583,688417.0,688262.6159582138,-0.0002242594848561175
ons.population.age_40_49_by_region@N92000002@2025,ons_population,False,246140.0,246243.06718850136,0.00041873400707466494,246140.0,245911.26829504967,-0.000929274823069524
ons.population.age_40_49_by_region@S92000003@2025,ons_population,False,675368.0,675158.1136274338,-0.00031077334514845704,675368.0,675904.5101385117,0.0007943967414974617
ons.population.age_40_49_by_region@W92000004@2025,ons_population,False,365951.0,365483.1434059143,-0.0012784678661506414,365951.0,365786.1674003601,-0.0004504225965768438
ons.population.age_50_59_by_region@E12000001@2025,ons_population,False,360074.0,359886.9211444855,-0.0005195566897763414,360074.0,359381.87226104736,-0.0019221819374701777
ons.population.age_50_59_by_region@E12000002@2025,ons_population,False,995810.0,995746.7963461027,-6.346959148559988e-05,995810.0,994638.2396305294,-0.0011766907035183176
ons.population.age_50_59_by_region@E12000003@2025,ons_population,False,736903.0,736626.5655660629,-0.0003751300156697323,736903.0,736589.4664516449,-0.00042547465318380106
ons.population.age_50_59_by_region@E12000004@2025,ons_population,False,676307.0,675686.4504814148,-0.0009175559599193932,676307.0,675709.3840398788,-0.00088364597752375
ons.population.age_50_59_by_region@E12000005@2025,ons_population,False,794143.0,794746.8683930957,0.0007604025888230153,794143.0,793932.4375192248,-0.00026514428859182007
ons.population.age_50_59_by_region@E12000006@2025,ons_population,False,866946.0,866605.7335467706,-0.0003924886362349634,866946.0,867232.616990603,0.00033060535558505477
ons.population.age_50_59_by_region@E12000007@2025,ons_population,False,1087518.0,1086155.139494896,-0.001253184319803502,1087518.0,1085928.081246535,-0.0014619700579346173
ons.population.age_50_59_by_region@E12000008@2025,ons_population,False,1287719.0,1287957.7299718857,0.00018538980312139618,1287719.0,1286055.517580986,-0.0012918054474726063
ons.population.age_50_59_by_region@E12000009@2025,ons_population,False,784718.0,785513.1134653091,0.0010132473899020324,784718.0,784070.1605401039,-0.0008255697714288288
ons.population.age_50_59_by_region@N92000002@2025,ons_population,False,255269.0,255796.59795570374,0.0020668312866181766,255269.0,255451.86619520187,0.0007163666375543986
ons.population.age_50_59_by_region@S92000003@2025,ons_population,False,766715.0,765937.3916301727,-0.001014207847540834,766715.0,766607.3902176936,-0.0001403517373552898
ons.population.age_50_59_by_region@W92000004@2025,ons_population,False,424694.0,424568.29020404816,-0.0002960008758113919,424694.0,423485.4629173279,-0.0028456655443027667
ons.population.age_60_69_by_region@E12000001@2025,ons_population,False,349719.0,349593.85594177246,-0.00035784174788198254,349719.0,349170.81012535095,-0.0015675152755470758
ons.population.age_60_69_by_region@E12000002@2025,ons_population,False,884043.0,883623.4940605164,-0.0004745311477876558,884043.0,884022.5665874481,-2.3113595777445082e-05
ons.population.age_60_69_by_region@E12000003@2025,ons_population,False,652931.0,652570.0643081665,-0.0005527930085008923,652931.0,651774.6505184174,-0.0017710132947932348
ons.population.age_60_69_by_region@E12000004@2025,ons_population,False,591429.0,592810.8889827728,0.0023365255724234475,591429.0,591531.8504962921,0.00017390167930912123
ons.population.age_60_69_by_region@E12000005@2025,ons_population,False,677922.0,677563.8161260211,-0.0005283555836496074,677922.0,677254.0743923187,-0.000985254362126136
ons.population.age_60_69_by_region@E12000006@2025,ons_population,False,744651.0,744053.5699324976,-0.0008022953940872003,744651.0,744640.2524625339,-1.4432986011051241e-05
ons.population.age_60_69_by_region@E12000007@2025,ons_population,False,787666.0,787340.3348808289,-0.00041345585460225855,787666.0,786395.0850906372,-0.0016135200825766161
ons.population.age_60_69_by_region@E12000008@2025,ons_population,False,1089421.0,1089254.1041965485,-0.0001531967930226589,1089421.0,1089597.2083425522,0.00016174494759343272
ons.population.age_60_69_by_region@E12000009@2025,ons_population,False,736639.0,736440.7810535431,-0.0002690855988576619,736639.0,736379.8009622097,-0.00035186711237159376
ons.population.age_60_69_by_region@N92000002@2025,ons_population,False,223111.0,223016.45362138748,-0.0004237638601974726,223111.0,222756.28890037537,-0.0015898413777206582
ons.population.age_60_69_by_region@S92000003@2025,ons_population,False,721727.0,721488.6410321316,-0.0003302619520516461,721727.0,722124.684664639,0.0005510181337804264
ons.population.age_60_69_by_region@W92000004@2025,ons_population,False,401775.0,401787.2392578125,3.0462965123514406e-05,401775.0,401768.9893293381,-1.496029036631515e-05
ons.population.age_70_79_by_region@E12000001@2025,ons_population,False,265573.0,265352.5727844238,-0.0008300061210144551,265573.0,266086.8183517456,0.0019347537277720455
ons.population.age_70_79_by_region@E12000002@2025,ons_population,False,669277.0,669028.6429100037,-0.00037108266083600344,669277.0,669534.4624151335,0.00038468737926671096
ons.population.age_70_79_by_region@E12000003@2025,ons_population,False,504131.0,502623.55839538574,-0.0029901783556541012,504131.0,504133.25401878357,4.471097360744203e-06
ons.population.age_70_79_by_region@E12000004@2025,ons_population,False,466530.0,466128.36456394196,-0.0008608994835445619,466530.0,465546.56572532654,-0.0021079764959883863
ons.population.age_70_79_by_region@E12000005@2025,ons_population,False,528207.0,527308.1121683877,-0.0017017719030839374,528207.0,528579.6392269135,0.0007054795315348947
ons.population.age_70_79_by_region@E12000006@2025,ons_population,False,599882.0,599092.2607718247,-0.0013164909568469374,599882.0,602118.3398528467,0.0037279662547745943
ons.population.age_70_79_by_region@E12000007@2025,ons_population,False,485057.0,484442.09627628326,-0.0012676937426255798,485057.0,483988.73109436035,-0.002202357466523828
ons.population.age_70_79_by_region@E12000008@2025,ons_population,False,865392.0,865970.3027620316,0.0006682552670137408,865392.0,865856.9439315796,0.0005372639585061913
ons.population.age_70_79_by_region@E12000009@2025,ons_population,False,618254.0,617349.0966053009,-0.0014636434130617783,618254.0,619161.0497434139,0.0014671150423837536
ons.population.age_70_79_by_region@N92000002@2025,ons_population,False,155382.0,155182.01890945435,-0.0012870286812221125,155382.0,155258.7429113388,-0.0007932520411707524
ons.population.age_70_79_by_region@S92000003@2025,ons_population,False,519252.0,518779.34658813477,-0.000910258240440546,519252.0,519351.99210062827,0.0001925695050346797
ons.population.age_70_79_by_region@W92000004@2025,ons_population,False,321668.0,320977.74789333344,-0.0021458525767765677,321668.0,321568.9240694046,-0.00030800679767772345
ons.population.age_80_89_by_region@E12000001@2025,ons_population,False,122118.0,121468.60262298584,-0.005317785887536319,122118.0,122365.57015991211,0.0020273027720082984
ons.population.age_80_89_by_region@E12000002@2025,ons_population,False,324141.0,324328.1623210907,0.0005774102044810692,324141.0,323960.55450439453,-0.0005566882795001828
ons.population.age_80_89_by_region@E12000003@2025,ons_population,False,243274.0,244611.01162147522,0.00549590840564639,243274.0,244575.62709617615,0.0053504570820397885
ons.population.age_80_89_by_region@E12000004@2025,ons_population,False,225626.0,224939.7790260315,-0.003041409119376782,225626.0,225237.60005569458,-0.0017214325667494878
ons.population.age_80_89_by_region@E12000005@2025,ons_population,False,275030.0,274663.54776763916,-0.0013324082185973889,275030.0,275406.8182258606,0.001370098628733577
ons.population.age_80_89_by_region@E12000006@2025,ons_population,False,305691.0,304833.524810791,-0.0028050390401058076,305691.0,306412.6411342621,0.0023606881925280266
ons.population.age_80_89_by_region@E12000007@2025,ons_population,False,237061.0,236868.22968771245,-0.0008131675488062299,237061.0,236736.23974897648,-0.0013699438162477827
ons.population.age_80_89_by_region@E12000008@2025,ons_population,False,447958.0,448803.9723072052,0.001888508090502235,447958.0,448598.55868911743,0.0014299525605468183
ons.population.age_80_89_by_region@E12000009@2025,ons_population,False,313605.0,313154.55645370483,-0.0014363404483192742,313605.0,314238.18981933594,0.002019067997436066
ons.population.age_80_89_by_region@N92000002@2025,ons_population,False,77441.0,77351.94020271301,-0.001150034184566151,77441.0,77387.24841117859,-0.0006940972975737805
ons.population.age_80_89_by_region@S92000003@2025,ons_population,False,238904.0,237507.3569869995,-0.0058460428163634275,238904.0,238821.8281659206,-0.0003439533623522553
ons.population.age_80_89_by_region@W92000004@2025,ons_population,False,154319.0,154141.38262557983,-0.001150975410805967,154319.0,154876.55652236938,0.0036130128005584846
ons.population.female_0_4@2025,ons_population,False,1744355.0,1742985.2922632694,-0.000785223040453678,1744355.0,1744697.3401003098,0.00019625598018167836
ons.population.female_10_14@2025,ons_population,False,2052052.0,2051975.3098326556,-3.737242883923415e-05,2052052.0,2052686.3707817611,0.000309139720514455
ons.population.female_15_19@2025,ons_population,False,2002835.0,2001723.708850299,-0.0005548590621299267,2002835.0,2001298.5955253497,-0.0007671148520223967
ons.population.female_20_24@2025,ons_population,False,2034609.0,2034606.7757162955,-1.0932241548789832e-06,2034609.0,2034283.486401558,-0.00015998828199525198
ons.population.female_25_29@2025,ons_population,False,2291610.0,2289598.055078826,-0.000877961311555669,2291610.0,2288009.780297366,-0.0015710438087781207
ons.population.female_30_34@2025,ons_population,False,2463301.0,2462376.36257822,-0.000375365179399432,2463301.0,2460212.9763447694,-0.001253611984581115
ons.population.female_35_39@2025,ons_population,False,2472291.0,2470152.486272335,-0.0008649927244264318,2472291.0,2471461.8074684143,-0.00033539438989410765
ons.population.female_40_44@2025,ons_population,False,2333109.0,2331627.573281127,-0.0006349582119279348,2333109.0,2332606.231226124,-0.00021549304977869896
ons.population.female_45_49@2025,ons_population,False,2088285.0,2086710.9461190884,-0.0007537543395233665,2088285.0,2086803.9330907236,-0.0007092264270807934
ons.population.female_50_54@2025,ons_population,False,2255231.0,2255495.922010974,0.00011747001126449007,2255231.0,2252801.047071289,-0.0010774740719293034
ons.population.female_55_59@2025,ons_population,False,2360202.0,2360069.2718506227,-5.6235927847394104e-05,2360202.0,2358476.730693377,-0.0007309837491125383
ons.population.female_5_9@2025,ons_population,False,1941658.0,1940493.6505188942,-0.0005996676454379734,1941658.0,1940600.782195579,-0.0005444922867059865
ons.population.female_60_64@2025,ons_population,False,2193915.0,2191220.3231972773,-0.0012282503208751192,2193915.0,2190615.436213443,-0.0015039615420638195
ons.population.female_65_69@2025,ons_population,False,1838574.0,1840315.3586513125,0.0009471245929250243,1838574.0,1840163.42689991,0.0008644889462757404
ons.population.female_70_74@2025,ons_population,False,1622996.0,1621580.1644964975,-0.0008723592069866568,1622996.0,1624382.540404314,0.0008543091938082055
ons.population.female_75_79@2025,ons_population,False,1551183.0,1548807.0104699503,-0.0015317274171066405,1551183.0,1552083.4857138712,0.0005805154606975424
ons.population.female_80_84@2025,ons_population,False,1024480.0,1025348.5131001581,0.000847759936902696,1024480.0,1026418.0937972177,0.0018917829505873274
ons.population.female_85_89@2025,ons_population,False,665267.0,663693.7828521729,-0.0023647905996045924,665267.0,666284.2124633789,0.0015290288912254873
ons.population.female_90_plus@2025,ons_population,False,414716.0,415213.40118364186,0.0011993778480740192,414716.0,415246.64153436513,0.001279529929795647
ons.population.male_0_4@2025,ons_population,False,1829801.0,1828830.5834515095,-0.0005303399377804057,1829801.0,1829905.3728904834,5.704056915662149e-05
ons.population.male_10_14@2025,ons_population,False,2152800.0,2152562.5578729995,-0.00011029455917899503,2152800.0,2152830.7612992753,1.428897216431042e-05
ons.population.male_15_19@2025,ons_population,False,2123750.0,2123450.7612161636,-0.0001409011342372524,2123750.0,2123014.61037302,-0.000346269394693268
ons.population.male_20_24@2025,ons_population,False,2131646.0,2131875.620774269,0.00010771993767684878,2131646.0,2128552.2383900797,-0.0014513486807473195
ons.population.male_25_29@2025,ons_population,False,2257360.0,2256582.3149375916,-0.00034451087217300175,2257360.0,2254679.3449907303,-0.0011875177239207369
ons.population.male_30_34@2025,ons_population,False,2333326.0,2332847.006454712,-0.0002052835931576728,2333326.0,2331306.799777031,-0.0008653742438772187
ons.population.male_35_39@2025,ons_population,False,2303479.0,2301597.658243322,-0.0008167392698948792,2303479.0,2303447.1109973844,-1.384384342795655e-05
ons.population.male_40_44@2025,ons_population,False,2196013.0,2186858.1871728897,-0.0041688336212537406,2196013.0,2185543.9764289856,-0.004767286701405868
ons.population.male_45_49@2025,ons_population,False,2005099.0,2002848.5493068008,-0.001122363879887815,2005099.0,2003887.132552579,-0.0006043928242051663
ons.population.male_50_54@2025,ons_population,False,2164862.0,2162712.046805457,-0.0009931132767551872,2164862.0,2163052.344844173,-0.0008359217150224013
ons.population.male_55_59@2025,ons_population,False,2256521.0,2256950.3575328933,0.00019027411351071294,2256521.0,2254752.3729819376,-0.0007837848697452396
ons.population.male_5_9@2025,ons_population,False,2037199.0,2036673.5753667539,-0.00025791522244324096,2037199.0,2037236.7507977854,1.8530736459890722e-05
ons.population.male_60_64@2025,ons_population,False,2094462.0,2092904.4500098596,-0.0007436515869661838,2094462.0,2092030.656758822,-0.0011608438067522663
ons.population.male_65_69@2025,ons_population,False,1734083.0,1735103.1115355492,0.0005882714584879523,1734083.0,1734606.7419999382,0.00030202821891348497
ons.population.male_70_74@2025,ons_population,False,1473758.0,1472312.485072136,-0.0009808360177614472,1473758.0,1474091.7784814835,0.00022648120076936611
ons.population.male_75_79@2025,ons_population,False,1350668.0,1349534.4605899225,-0.0008392435521367953,1350668.0,1350627.658841806,-2.9867560491550674e-05
ons.population.male_80_84@2025,ons_population,False,815910.0,814888.0688061822,-0.0012525048030024833,815910.0,816715.8502897451,0.0009876705638429972
ons.population.male_85_89@2025,ons_population,False,459511.0,458741.70167541504,-0.0016741673748505714,459511.0,459199.27598285675,-0.0006783820564540338
ons.population.male_90_plus@2025,ons_population,False,210520.0,210153.3474187851,-0.0017416520103311077,210520.0,211076.2330880165,0.002642186433671433
ons.population.scotland_babies_under_1@2025,ons_population,False,46776.0,46718.190574645996,-0.0012358779150419854,46776.0,47034.02143859863,0.00551610737554799
ons.population.scotland_children_under_16@2025,ons_population,False,896833.0,896850.7508964539,1.9792867182471454e-05,896833.0,897488.6023159027,0.0007310193936917017
ons.population.uk_total@2025,ons_population,False,69281437.0,69241420.75256681,-0.0005775897436016747,69281437.0,69245689.92998923,-0.0005159689457764334
ons.public_sector_employment@2025,ons_employment,False,6146000.0,6146408.809994146,6.651643250019978e-05,6146000.0,6142397.437063069,-0.0005861638361423556
orr.rail_government_support@2025,orr_rail,False,21621100549.34064,21630095912.89506,0.0004160455909213555,21621100549.34064,21628340515.6753,0.00033485651288367777
scotgov.bus.government_support@2025,dft_local_bus,False,499000000.0,499433283.7901752,0.0008683041887278547,499000000.0,500372116.8474839,0.0027497331612903273
scotgov.bus.passenger_revenue@2025,dft_local_bus,False,391000000.0,388643854.6842788,-0.0060259470990312375,391000000.0,390979145.9064987,-5.333527749700619e-05
scotgov.council_tax_stock.band_a@2025,council_tax_stock,False,498707.0,497020.141664505,-0.003382463722175536,498707.0,499532.9005317688,0.00165608369597539
scotgov.council_tax_stock.band_b@2025,council_tax_stock,False,583705.0,583027.2126274109,-0.0011611813717359134,583705.0,584061.297082901,0.0006104060833828749
scotgov.council_tax_stock.band_c@2025,council_tax_stock,False,426388.0,425330.3944672664,-0.0024803829674700205,426388.0,426179.61328107514,-0.0004887255713689312
scotgov.council_tax_stock.band_d@2025,council_tax_stock,False,369621.0,368154.1543941498,-0.003968512627394601,369621.0,369604.7444038391,-4.3979092532320057e-05
scotgov.council_tax_stock.band_e@2025,council_tax_stock,False,366881.0,366802.6941642761,-0.00021343660675771423,366881.0,366835.8425331116,-0.00012308477922930795
scotgov.council_tax_stock.band_f@2025,council_tax_stock,False,221282.0,221274.51622104645,-3.3820098126156877e-05,221282.0,221415.57807913623,0.0006036554222043998
scotgov.council_tax_stock.band_g@2025,council_tax_stock,False,142084.0,141809.02550315857,-0.0019352952960321405,142084.0,142087.87224388123,2.7253201495070423e-05
scotgov.council_tax_stock.band_h@2025,council_tax_stock,False,14481.0,14478.901580810547,-0.00014490844482101546,14481.0,14504.730834960938,0.0016387566439429251
scotgov.council_tax_stock.total@2025,council_tax_stock,False,2623149.0,2617897.0406226236,-0.0020021582370564396,2623149.0,2624222.5789906736,0.000409271067207256
scotgov.scottish_child_payment_spending@2025,scotgov_social_security,False,471000000.0,470649557.5122337,-0.0007440392521578036,471000000.0,471850009.6547228,0.0018046914113010824
slc.borrowers.plan_5_above_threshold@2025,slc_borrowers,False,35000.0,34992.94677734375,-0.00020152064732142856,35000.0,35003.878662109375,0.00011081891741071429
slc.repayments.england_plan_1@2025,slc_repayments,False,1852699178.55,1851842083.45906,-0.0004626196745068982,1852699178.55,1854799446.4091117,0.0011336259460942512
slc.repayments.england_plan_2@2025,slc_repayments,False,2778253361.64,2779780257.7217193,0.0005495884942682382,2778253361.64,2773324157.1930184,-0.0017742098381091226
slc.repayments.england_total_higher_education@2025,slc_repayments,False,5018231834.949999,5022408978.767491,0.0008323935511309644,5018231834.949999,5014137132.042636,-0.0008159652726374562
slc.support.adult_dependants_grant_recipients@2025,slc_student_support,False,18611.0,15702.80029296875,-0.15626240970561764,18611.0,15781.274047851562,-0.1520458842699714
slc.support.adult_dependants_grant_spend@2025,slc_student_support,False,55364916.81,55666427.03857422,0.005445871608710837,55364916.81,55944616.49963379,0.010470523989464053
slc.support.maintenance_loan_recipients@2025,slc_student_support,False,1159761.0,1161001.3805103302,0.0010695139001313204,1159761.0,1160260.418264389,0.0004306217094634481
slc.support.maintenance_loan_spend@2025,slc_student_support,False,8591659718.080004,8601706708.275253,0.0011693887473344649,8591659718.080004,8589387159.727173,-0.00026450749068292244
slc.support.parents_learning_allowance_recipients@2025,slc_student_support,False,99645.0,90412.25402832031,-0.09265638990094523,99645.0,90470.11608886719,-0.09207570787428182
slc.support.parents_learning_allowance_spend@2025,slc_student_support,False,181421659.32,182994402.1533203,0.00866899155930573,181421659.32,183111514.9638672,0.009314519832974013
welshgov.bus.public_support@2025,dft_local_bus,False,131489970.0,131356817.11180069,-0.0010126467303879867,131489970.0,131658506.90745772,0.0012817472500581163
welshgov.council_tax_stock.band_a@2025,council_tax_stock,False,194973.29,195355.29622650146,0.0019592746601416874,194973.29,194866.65041732788,-0.0005469445721110173
welshgov.council_tax_stock.band_b@2025,council_tax_stock,False,285787.52,285829.3788471222,0.0001464684221416448,285787.52,285505.69972610474,-0.0009861181968172797
welshgov.council_tax_stock.band_c@2025,council_tax_stock,False,301699.86,301656.5366868973,-0.00014359739213239342,301699.86,301819.6948661804,0.00039719894527108463
welshgov.council_tax_stock.band_d@2025,council_tax_stock,False,225179.88,224034.700466156,-0.005085621032589585,225179.88,225444.69596290588,0.0011760196466304145
welshgov.council_tax_stock.band_e@2025,council_tax_stock,False,185447.46,185598.83496189117,0.0008162687258762265,185447.46,184906.42786884308,-0.002917441582413225
welshgov.council_tax_stock.band_f@2025,council_tax_stock,False,114672.0,114573.23415756226,-0.0008612899612611984,114672.0,114490.12331390381,-0.0015860601201356163
welshgov.council_tax_stock.band_g@2025,council_tax_stock,False,52211.0,52101.870948791504,-0.002090154396745822,52211.0,52103.48324203491,-0.0020592740603529503
welshgov.council_tax_stock.band_h@2025,council_tax_stock,False,12357.0,12298.32290649414,-0.004748490208453458,12357.0,12341.735824584961,-0.0012352654701820072
welshgov.council_tax_stock.band_i@2025,council_tax_stock,False,5305.0,5320.9476318359375,0.0030061511472078226,5305.0,5297.952201843262,-0.0013285199164445394
welshgov.council_tax_stock.total@2025,council_tax_stock,False,1377633.03,1376769.122833252,-0.0006270952771421826,1377633.03,1376776.463423729,-0.0006217668694188358
