name,family,cgt,control_target,control_estimate,control_relative_error,candidate_target,candidate_estimate,candidate_relative_error
dfe.funded_childcare.early_learning_2_year_olds@2025,dfe_funded_childcare,False,95031.0,95047.27766418457,0.00017128793956256707,95031.0,95018.94245910645,-0.00012688008011653762
dfe.funded_childcare.universal_only_children@2025,dfe_funded_childcare,False,396965.0,396292.4543914795,-0.0016942189072601055,396965.0,397566.88194895873,0.0015162091090114573
dfe.funded_childcare.working_parent_children_2_to_4@2025,dfe_funded_childcare,False,621482.0,620727.0542449951,-0.0012147507972956302,621482.0,621533.231504928,8.243441471832072e-05
dfi_ni.bus.passenger_receipts@2025,dft_local_bus,False,150082817.48999995,150509095.65825486,0.0028402862858255902,150082817.48999995,149568164.47539532,-0.003429126819523624
dft.bus_fare_receipts.england@2025,dft_local_bus,False,3612036036.2194014,3616635669.2031064,0.0012734183539650748,3612036036.2194014,3617155196.3059907,0.001417250557651521
dft.bus_fare_receipts.london@2025,dft_local_bus,False,1347434943.01459,1347895803.0490305,0.0003420276703003146,1347434943.01459,1347573779.9528997,0.00010303795298573177
dft.bus_net_support.england@2025,dft_local_bus,False,3024904320.8399997,3024139711.4189057,-0.00025277144001751857,3024904320.8399997,3025414569.3885593,0.00016868254147555067
dft.bus_net_support.london@2025,dft_local_bus,False,1130214000.0,1129647735.7705243,-0.000501023902973894,1130214000.0,1130630016.6117272,0.00036808658513099086
dwp.benefit_cap.capped_households@2025,dwp_benefit_cap,False,110637.0,110650.46585845947,0.00012171207154453443,110637.0,110622.68842315674,-0.0001293561542997525
dwp.esa_claimants@2025,dwp_legacy_benefits,False,1000000.0,799690.1333656311,-0.2003098666343689,1000000.0,802322.9730930328,-0.19767702690696717
dwp.esa_contrib_claimants@2025,dwp_legacy_benefits,False,620000.0,618975.989107132,-0.0016516304723678096,620000.0,622051.3022651672,0.0033085520405923166
dwp.esa_income_claimants@2025,dwp_legacy_benefits,False,180000.0,180962.3353919983,0.005346307733323839,180000.0,180570.48644638062,0.0031693691465589737
dwp.uc.households@2025,dwp_universal_credit,False,6197311.0,5993232.183032036,-0.03293022037589596,6197311.0,6009272.601791184,-0.030341933494836004
dwp.uc.households_children_1@2025,dwp_universal_credit,False,1190123.8333333333,1009313.3557415009,-0.151925768166001,1190123.8333333333,1005983.5750780106,-0.15472361202915946
dwp.uc.households_children_2@2025,dwp_universal_credit,False,1049895.5,972132.5900774002,-0.07406728567043082,1049895.5,969444.0864367593,-0.07662802018223783
dwp.uc.households_children_3@2025,dwp_universal_credit,False,477887.6666666667,477354.73596191406,-0.0011151798674150554,477887.6666666667,468961.1383335882,-0.018679135193720883
dwp.uc.households_children_4@2025,dwp_universal_credit,False,170713.66666666666,170712.4619140625,-7.057153815982115e-06,170713.66666666666,170580.2561340332,-0.0007814871254212444
dwp.uc.households_children_5_or_more@2025,dwp_universal_credit,False,76320.08333333333,76147.23992919922,-0.0022647171830146467,76320.08333333333,76290.45468139648,-0.00038821566542896564
dwp.uc.households_couple_no_children@2025,dwp_universal_credit,False,241130.91666666666,246000.0862159729,0.02019305370135204,241130.91666666666,246465.5480632782,0.02212338206297288
dwp.uc.households_couple_with_children@2025,dwp_universal_credit,False,826160.8333333334,881816.1841773987,0.06736624226001027,826160.8333333334,883084.0804901123,0.06890092686566751
dwp.uc.households_housing_element_private_rented@2025,dwp_universal_credit,False,1570545.4166666667,1568871.7276172638,-0.001065673766350034,1570545.4166666667,1569438.5075345149,-0.0007047928193640996
dwp.uc.households_housing_element_social_rented@2025,dwp_universal_credit,False,2354587.5833333335,2351571.8600873947,-0.0012807861840796284,2354587.5833333335,2355459.781129151,0.0003704248684531322
dwp.uc.households_lcwra_element@2025,dwp_universal_credit,False,2272425.1666666665,2532342.0919208527,0.11437865108466842,2272425.1666666665,2586141.9791526794,0.1380537485184571
dwp.uc.households_single_no_children@2025,dwp_universal_credit,False,2990070.1666666665,3041571.713191986,0.017224193298023355,2990070.1666666665,3071547.5430641174,0.027249319198512985
dwp.uc.households_single_with_children@2025,dwp_universal_credit,False,2138780.1666666665,1823844.1994466782,-0.14725027477266286,2138780.1666666665,1808175.4301736755,-0.15457630552477272
dwp.uc.households_with_deduction@2025,dwp_universal_credit,False,3130000.0,3125382.3320770264,-0.0014752932661257613,3130000.0,3129088.216026108,-0.0002913047839911244
dwp.uc.scotland_households_child_under_1@2025,dwp_universal_credit,False,14333.222222222223,14301.71420288086,-0.002198250948241996,14333.222222222223,14352.736419677734,0.0013614661904325284
dwp.uc.two_child_limit.children_affected@2025,dwp_two_child_limit,False,597920.0,597791.6025695801,-0.00021474014988614174,597920.0,597937.5288300622,2.9316346772559447e-05
dwp.uc.two_child_limit.children_claimant_pip@2025,dwp_two_child_limit,False,235270.0,235307.4132385254,0.0001590225635456736,235270.0,235149.86569213867,-0.000510623147283241
dwp.uc.two_child_limit.children_disabled_child_element@2025,dwp_two_child_limit,False,479460.0,478645.0094909668,-0.0016998091791457122,479460.0,479221.1375274658,-0.0004981906155553742
dwp.uc.two_child_limit.children_in_3_children_households@2025,dwp_two_child_limit,False,891930.0,892616.9891967773,0.0007702277048393302,891930.0,891848.630099806,-9.122902043209302e-05
dwp.uc.two_child_limit.children_in_4_children_households@2025,dwp_two_child_limit,False,468760.0,468702.7509765625,-0.00012212864458891544,468760.0,469546.6135253906,0.0016780730552748207
dwp.uc.two_child_limit.children_in_5_children_households@2025,dwp_two_child_limit,False,185120.0,184785.40176391602,-0.0018074667031330184,185120.0,185107.30010986328,-6.860355518970803e-05
dwp.uc.two_child_limit.children_in_6_plus_children_households@2025,dwp_two_child_limit,False,119720.0,119234.7495727539,-0.004053211052840743,119720.0,119321.33221435547,-0.003330001550655958
dwp.uc.two_child_limit.children_in_affected_households@2025,dwp_two_child_limit,False,1665540.0,1665339.8915100098,-0.00012014631290166215,1665540.0,1665823.8759494154,0.0001704407876216592
dwp.uc.two_child_limit.households_3_children@2025,dwp_two_child_limit,False,297310.0,297538.9963989258,0.0007702277048393302,297310.0,297282.8766999353,-9.122902043222354e-05
dwp.uc.two_child_limit.households_4_children@2025,dwp_two_child_limit,False,117190.0,117175.68774414062,-0.00012212864458891544,117190.0,117386.65338134766,0.0016780730552748207
dwp.uc.two_child_limit.households_5_children@2025,dwp_two_child_limit,False,37020.0,36957.0803527832,-0.0016996122965099102,37020.0,37021.460021972656,3.943873507985548e-05
dwp.uc.two_child_limit.households_6_plus_children@2025,dwp_two_child_limit,False,18260.0,18186.105865478516,-0.004046776260760371,18260.0,18200.558624267578,-0.003255277970012151
dwp.uc.two_child_limit.households_affected@2025,dwp_two_child_limit,False,469780.0,469857.8703613281,0.00016575920926417684,469780.0,469891.5487275232,0.00023744886441139735
dwp.uc.two_child_limit.households_claimant_pip@2025,dwp_two_child_limit,False,65280.0,65316.3913269043,0.0005574651792937634,65280.0,65239.95065307617,-0.0006135010251811906
dwp.uc.two_child_limit.households_disabled_child_element@2025,dwp_two_child_limit,False,129630.0,129406.58740234375,-0.0017234636863091106,129630.0,129537.01707458496,-0.0007172948037880048
dwp/uc_payment_dist/COUPLE_NO_CHILDREN_annual_payment_0_to_1_200@2025,dwp_universal_credit,False,7506.333333333333,7498.405059814453,-0.0010562112241502605,7506.333333333333,7520.367546081543,0.0018696495512513795
dwp/uc_payment_dist/COUPLE_NO_CHILDREN_annual_payment_10_800_to_12_000@2025,dwp_universal_credit,False,13313.333333333334,13310.319107055664,-0.0002264065806962852,13313.333333333334,13296.405776977539,-0.0012714739375910022
dwp/uc_payment_dist/COUPLE_NO_CHILDREN_annual_payment_12_000_to_13_200@2025,dwp_universal_credit,False,16121.444444444445,16058.476440429688,-0.003905853736105944,16121.444444444445,16093.189697265625,-0.001752618834880954
dwp/uc_payment_dist/COUPLE_NO_CHILDREN_annual_payment_13_200_to_14_400@2025,dwp_universal_credit,False,13317.333333333334,13302.247177124023,-0.0011328211010195111,13317.333333333334,13247.265655517578,-0.005261389503585989
dwp/uc_payment_dist/COUPLE_NO_CHILDREN_annual_payment_14_400_to_15_600@2025,dwp_universal_credit,False,19657.333333333332,19695.704788208008,0.0019520173069257798,19657.333333333332,19659.018966674805,8.575086523125722e-05
dwp/uc_payment_dist/COUPLE_NO_CHILDREN_annual_payment_15_600_to_16_800@2025,dwp_universal_credit,False,16443.222222222223,16377.807235717773,-0.0039782340480714285,16443.222222222223,16505.79591369629,0.003805439750701727
dwp/uc_payment_dist/COUPLE_NO_CHILDREN_annual_payment_16_800_to_18_000@2025,dwp_universal_credit,False,13441.111111111111,13377.848594665527,-0.004706643366208611,13441.111111111111,13535.98038482666,0.007058142212448868
dwp/uc_payment_dist/COUPLE_NO_CHILDREN_annual_payment_18_000_to_19_200@2025,dwp_universal_credit,False,10728.555555555555,10738.631607055664,0.0009391806238903844,10728.555555555555,10731.096817016602,0.00023686892870968795
dwp/uc_payment_dist/COUPLE_NO_CHILDREN_annual_payment_19_200_to_20_400@2025,dwp_universal_credit,False,9653.222222222223,9637.923370361328,-0.001584844056078575,9653.222222222223,9662.81069946289,0.0009932929150428987
dwp/uc_payment_dist/COUPLE_NO_CHILDREN_annual_payment_1_200_to_2_400@2025,dwp_universal_credit,False,8797.0,8798.397567749023,0.0001588686767106329,8797.0,8762.956985473633,-0.003869843642874524
dwp/uc_payment_dist/COUPLE_NO_CHILDREN_annual_payment_20_400_to_21_600@2025,dwp_universal_credit,False,6486.888888888889,6491.204345703125,0.0006652583215396324,6486.888888888889,6518.387878417969,0.004855792980057562
dwp/uc_payment_dist/COUPLE_NO_CHILDREN_annual_payment_21_600_to_22_800@2025,dwp_universal_credit,False,3981.8888888888887,3976.0797119140625,-0.0014588998178819567,3981.8888888888887,3983.958251953125,0.0005196938242075737
dwp/uc_payment_dist/COUPLE_NO_CHILDREN_annual_payment_22_800_to_24_000@2025,dwp_universal_credit,False,2761.4444444444443,2749.086669921875,-0.004475112489563598,2761.4444444444443,2764.689453125,0.0011751127881946208
dwp/uc_payment_dist/COUPLE_NO_CHILDREN_annual_payment_24_000_to_25_200@2025,dwp_universal_credit,False,2131.222222222222,2128.817626953125,-0.00112827055012119,2131.222222222222,2147.610595703125,0.007689659628180254
dwp/uc_payment_dist/COUPLE_NO_CHILDREN_annual_payment_25_200_to_26_400@2025,dwp_universal_credit,False,1475.3333333333333,1477.4501953125,0.0014348364070267121,1475.3333333333333,1478.7342529296875,0.0023051872546458944
dwp/uc_payment_dist/COUPLE_NO_CHILDREN_annual_payment_2_400_to_3_600@2025,dwp_universal_credit,False,12256.0,12243.781646728516,-0.00099692830217725,12256.0,12250.776268005371,-0.00042621834159831156
dwp/uc_payment_dist/COUPLE_NO_CHILDREN_annual_payment_3_600_to_4_800@2025,dwp_universal_credit,False,10945.444444444445,10929.908752441406,-0.0014193751639682772,10945.444444444445,10883.92529296875,-0.005620525670560632
dwp/uc_payment_dist/COUPLE_NO_CHILDREN_annual_payment_4_800_to_6_000@2025,dwp_universal_credit,False,12492.444444444445,12383.94172668457,-0.008685467303248847,12492.444444444445,12530.928695678711,0.003080602151597331
dwp/uc_payment_dist/COUPLE_NO_CHILDREN_annual_payment_6_000_to_7_200@2025,dwp_universal_credit,False,12979.666666666666,12952.064193725586,-0.0021265933594401595,12979.666666666666,12921.721176147461,-0.004464328091569259
dwp/uc_payment_dist/COUPLE_NO_CHILDREN_annual_payment_7_200_to_8_400@2025,dwp_universal_credit,False,16484.444444444445,16478.29605102539,-0.000372981536610216,16484.444444444445,16424.08383178711,-0.003661671029361168
dwp/uc_payment_dist/COUPLE_NO_CHILDREN_annual_payment_8_400_to_9_600@2025,dwp_universal_credit,False,15272.444444444445,15276.852722167969,0.00028864257713028164,15272.444444444445,15200.370513916016,-0.004719213796495261
dwp/uc_payment_dist/COUPLE_NO_CHILDREN_annual_payment_9_600_to_10_800@2025,dwp_universal_credit,False,19142.333333333332,19122.398849487305,-0.0010413821292786026,19142.333333333332,19183.17729949951,0.0021336984083887164
dwp/uc_payment_dist/COUPLE_WITH_CHILDREN_annual_payment_0_to_1_200@2025,dwp_universal_credit,False,19073.555555555555,19092.62907409668,0.0009999980593848638,19073.555555555555,19029.11577987671,-0.0023299156546563123
dwp/uc_payment_dist/COUPLE_WITH_CHILDREN_annual_payment_10_800_to_12_000@2025,dwp_universal_credit,False,40805.444444444445,40858.6354675293,0.0013035276005208035,40805.444444444445,40939.52069091797,0.0032857440544745158
dwp/uc_payment_dist/COUPLE_WITH_CHILDREN_annual_payment_12_000_to_13_200@2025,dwp_universal_credit,False,40009.555555555555,40064.99139022827,0.0013855648707654577,40009.555555555555,39965.078884124756,-0.001111651224644085
dwp/uc_payment_dist/COUPLE_WITH_CHILDREN_annual_payment_13_200_to_14_400@2025,dwp_universal_credit,False,39972.555555555555,40166.868392944336,0.004861156228020421,39972.555555555555,39930.094650268555,-0.0010622514547008657
dwp/uc_payment_dist/COUPLE_WITH_CHILDREN_annual_payment_14_400_to_15_600@2025,dwp_universal_credit,False,40518.77777777778,40522.407554626465,8.958258485956988e-05,40518.77777777778,40540.9884185791,0.000548156731753686
dwp/uc_payment_dist/COUPLE_WITH_CHILDREN_annual_payment_15_600_to_16_800@2025,dwp_universal_credit,False,37118.0,37304.101470947266,0.005013779593385032,37118.0,37123.58499145508,0.00015046585093696118
dwp/uc_payment_dist/COUPLE_WITH_CHILDREN_annual_payment_16_800_to_18_000@2025,dwp_universal_credit,False,37177.77777777778,37144.1795501709,-0.0009037180169215276,37177.77777777778,37180.68760681152,7.826796564160738e-05
dwp/uc_payment_dist/COUPLE_WITH_CHILDREN_annual_payment_18_000_to_19_200@2025,dwp_universal_credit,False,37164.555555555555,37127.98385620117,-0.0009840478059723746,37164.555555555555,37136.51518249512,-0.0007544923554519929
dwp/uc_payment_dist/COUPLE_WITH_CHILDREN_annual_payment_19_200_to_20_400@2025,dwp_universal_credit,False,33309.555555555555,33318.652252197266,0.0002730957075226925,33309.555555555555,33258.63383483887,-0.0015287421242159008
dwp/uc_payment_dist/COUPLE_WITH_CHILDREN_annual_payment_1_200_to_2_400@2025,dwp_universal_credit,False,22775.777777777777,22834.02562713623,0.0025574472111018426,22775.777777777777,22853.79737854004,0.00342555154530815
dwp/uc_payment_dist/COUPLE_WITH_CHILDREN_annual_payment_20_400_to_21_600@2025,dwp_universal_credit,False,29102.555555555555,29077.092582702637,-0.0008749394122557479,29102.555555555555,29008.155670166016,-0.003243697454999569
dwp/uc_payment_dist/COUPLE_WITH_CHILDREN_annual_payment_21_600_to_22_800@2025,dwp_universal_credit,False,27534.666666666668,27590.600036621094,0.0020313799557318967,27534.666666666668,27378.803741455078,-0.005660606939552192
dwp/uc_payment_dist/COUPLE_WITH_CHILDREN_annual_payment_22_800_to_24_000@2025,dwp_universal_credit,False,25584.777777777777,25619.315826416016,0.0013499452267370106,25584.777777777777,25595.36849975586,0.0004139462171635826
dwp/uc_payment_dist/COUPLE_WITH_CHILDREN_annual_payment_24_000_to_25_200@2025,dwp_universal_credit,False,22927.777777777777,22769.79803466797,-0.0068903207559402845,22927.777777777777,22914.970458984375,-0.000558593986627678
dwp/uc_payment_dist/COUPLE_WITH_CHILDREN_annual_payment_25_200_to_26_400@2025,dwp_universal_credit,False,20334.666666666668,20361.552001953125,0.0013221429063564906,20334.666666666668,20425.094451904297,0.004446976521422972
dwp/uc_payment_dist/COUPLE_WITH_CHILDREN_annual_payment_26_400_to_27_600@2025,dwp_universal_credit,False,17535.0,17429.07177734375,-0.006040959375891075,17535.0,17435.231689453125,-0.005689666982998289
dwp/uc_payment_dist/COUPLE_WITH_CHILDREN_annual_payment_27_600_to_28_800@2025,dwp_universal_credit,False,15399.888888888889,15318.989013671875,-0.005253276552883665,15399.888888888889,15370.516998291016,-0.0019072793842730292
dwp/uc_payment_dist/COUPLE_WITH_CHILDREN_annual_payment_28_800_to_30_000@2025,dwp_universal_credit,False,12836.222222222223,12856.200317382812,0.0015563843329234014,12836.222222222223,12785.194091796875,-0.00397532307729973
dwp/uc_payment_dist/COUPLE_WITH_CHILDREN_annual_payment_2_400_to_3_600@2025,dwp_universal_credit,False,26502.666666666668,26532.5386428833,0.0011271309635495635,26502.666666666668,26449.93719482422,-0.0019895911798479067
dwp/uc_payment_dist/COUPLE_WITH_CHILDREN_annual_payment_3_600_to_4_800@2025,dwp_universal_credit,False,29027.0,29059.226558685303,0.0011102269847143259,29027.0,29022.100025177002,-0.00016880748348082982
dwp/uc_payment_dist/COUPLE_WITH_CHILDREN_annual_payment_4_800_to_6_000@2025,dwp_universal_credit,False,32427.0,32448.47692489624,0.0006623161222512176,32427.0,32427.487422943115,1.5031391837519178e-05
dwp/uc_payment_dist/COUPLE_WITH_CHILDREN_annual_payment_6_000_to_7_200@2025,dwp_universal_credit,False,34956.88888888889,34907.42909240723,-0.0014148798149306939,34956.88888888889,34950.91313171387,-0.00017094648193714755
dwp/uc_payment_dist/COUPLE_WITH_CHILDREN_annual_payment_7_200_to_8_400@2025,dwp_universal_credit,False,37410.77777777778,37357.75244140625,-0.0014173812874595825,37410.77777777778,37505.10767364502,0.0025214631042306482
dwp/uc_payment_dist/COUPLE_WITH_CHILDREN_annual_payment_8_400_to_9_600@2025,dwp_universal_credit,False,39910.333333333336,39906.17240905762,-0.0001042568159219894,39910.333333333336,39745.2971496582,-0.004135174274209669
dwp/uc_payment_dist/COUPLE_WITH_CHILDREN_annual_payment_9_600_to_10_800@2025,dwp_universal_credit,False,39368.0,39521.73371887207,0.0039050426456022735,39368.0,39366.044494628906,-4.96724591316234e-05
dwp/uc_payment_dist/LONE_PARENT_annual_payment_0_to_1_200@2025,dwp_universal_credit,False,26670.222222222223,26553.321952819824,-0.004383175679166051,26670.222222222223,26738.255004882812,0.0025508892312079592
dwp/uc_payment_dist/LONE_PARENT_annual_payment_1_200_to_2_400@2025,dwp_universal_credit,False,36208.11111111111,36166.45346069336,-0.0011505060368909087,36208.11111111111,36253.96908569336,0.0012665110986189373
dwp/uc_payment_dist/LONE_PARENT_annual_payment_20_400_to_21_600@2025,dwp_universal_credit,False,85490.44444444444,85069.96188354492,-0.004918474381926564,85490.44444444444,85454.54718017578,-0.00041989797224629467
dwp/uc_payment_dist/LONE_PARENT_annual_payment_22_800_to_24_000@2025,dwp_universal_credit,False,71259.55555555556,71256.97412109375,-3.622580076014477e-05,71259.55555555556,71334.54846191406,0.0010523908797050287
dwp/uc_payment_dist/LONE_PARENT_annual_payment_24_000_to_25_200@2025,dwp_universal_credit,False,51301.666666666664,51210.21199798584,-0.0017826841625838874,51301.666666666664,51520.24266052246,0.004260602199846595
dwp/uc_payment_dist/LONE_PARENT_annual_payment_25_200_to_26_400@2025,dwp_universal_credit,False,43305.22222222222,43181.172912597656,-0.0028645346509942726,43305.22222222222,43248.06329345703,-0.0013199084505761164
dwp/uc_payment_dist/LONE_PARENT_annual_payment_26_400_to_27_600@2025,dwp_universal_credit,False,34910.555555555555,34776.64959716797,-0.003835686836163128,34910.555555555555,34580.597396850586,-0.00945152987267372
dwp/uc_payment_dist/LONE_PARENT_annual_payment_27_600_to_28_800@2025,dwp_universal_credit,False,28513.0,28486.287338256836,-0.0009368590377429265,28513.0,28541.843536376953,0.0010115924798145802
dwp/uc_payment_dist/LONE_PARENT_annual_payment_28_800_to_30_000@2025,dwp_universal_credit,False,22593.0,22691.866119384766,0.004375962439019414,22593.0,22589.885986328125,-0.00013783090655844732
dwp/uc_payment_dist/LONE_PARENT_annual_payment_2_400_to_3_600@2025,dwp_universal_credit,False,46312.77777777778,46348.127014160156,0.0007632717811052316,46312.77777777778,46059.91879272461,-0.005459810384651571
dwp/uc_payment_dist/LONE_PARENT_annual_payment_3_600_to_4_800@2025,dwp_universal_credit,False,60310.11111111111,60158.27948760986,-0.0025175152342452544,60310.11111111111,60532.6766204834,0.003690351506105666
dwp/uc_payment_dist/LONE_PARENT_annual_payment_4_800_to_6_000@2025,dwp_universal_credit,False,67858.66666666667,67831.38890075684,-0.0004019791022984376,67858.66666666667,67775.34702301025,-0.0012278408602647308
dwp/uc_payment_dist/LONE_PARENT_annual_payment_6_000_to_7_200@2025,dwp_universal_credit,False,89577.44444444444,89445.29569244385,-0.0014752458369422276,89577.44444444444,89620.58641815186,0.00048161648253064384
dwp/uc_payment_dist/LONE_PARENT_annual_payment_7_200_to_8_400@2025,dwp_universal_credit,False,116076.0,116154.6541671753,0.0006776092144396169,116076.0,116212.0425491333,0.0011720127255703226
dwp/uc_payment_dist/LONE_PARENT_annual_payment_8_400_to_9_600@2025,dwp_universal_credit,False,97511.0,97341.0114479065,-0.0017432756519111265,97511.0,97563.20690776003,0.0005353950606601486
dwp/uc_payment_dist/LONE_PARENT_annual_payment_9_600_to_10_800@2025,dwp_universal_credit,False,102343.0,102097.2710723877,-0.0024010330712633467,102343.0,102378.95245361328,0.00035129372417538326
dwp/uc_payment_dist/SINGLE_annual_payment_0_to_1_200@2025,dwp_universal_credit,False,89479.33333333333,89524.17416000366,0.0005011305404264705,89479.33333333333,89569.68458938599,0.0010097444033928637
dwp/uc_payment_dist/SINGLE_annual_payment_10_800_to_12_000@2025,dwp_universal_credit,False,104891.11111111111,104533.52238464355,-0.00340914232559479,104891.11111111111,104934.10822296143,0.00040992140701769726
dwp/uc_payment_dist/SINGLE_annual_payment_12_000_to_13_200@2025,dwp_universal_credit,False,122035.55555555556,121750.02020263672,-0.002339771811739374,122035.55555555556,122382.57319641113,0.002843578162739581
dwp/uc_payment_dist/SINGLE_annual_payment_15_600_to_16_800@2025,dwp_universal_credit,False,149963.22222222222,150106.4390258789,0.0009550128460460938,149963.22222222222,149846.64894104004,-0.0007773458015555068
dwp/uc_payment_dist/SINGLE_annual_payment_16_800_to_18_000@2025,dwp_universal_credit,False,108689.66666666667,108647.64122009277,-0.0003866554003039057,108689.66666666667,108580.36124420166,-0.0010056652653120477
dwp/uc_payment_dist/SINGLE_annual_payment_18_000_to_19_200@2025,dwp_universal_credit,False,61718.666666666664,61730.9599609375,0.0001991827583902616,61718.666666666664,62044.73974609375,0.0052832165216426
dwp/uc_payment_dist/SINGLE_annual_payment_19_200_to_20_400@2025,dwp_universal_credit,False,34050.444444444445,33983.67492675781,-0.0019609000345229455,34050.444444444445,34150.39358520508,0.002935325585065608
dwp/uc_payment_dist/SINGLE_annual_payment_1_200_to_2_400@2025,dwp_universal_credit,False,127403.22222222222,127282.98274993896,-0.0009437710458651293,127403.22222222222,127493.64039230347,0.0007097008105771181
dwp/uc_payment_dist/SINGLE_annual_payment_20_400_to_21_600@2025,dwp_universal_credit,False,22338.333333333332,22264.31005859375,-0.0033137331077929774,22338.333333333332,22300.8076171875,-0.0016798798543236047
dwp/uc_payment_dist/SINGLE_annual_payment_22_800_to_24_000@2025,dwp_universal_credit,False,11133.666666666666,10729.99609375,-0.03625675035927063,11133.666666666666,10729.99609375,-0.03625675035927063
dwp/uc_payment_dist/SINGLE_annual_payment_24_000_to_25_200@2025,dwp_universal_credit,False,6951.222222222223,6955.0751953125,0.0005542871407505692,6951.222222222223,6947.78662109375,-0.0004942441801802023
dwp/uc_payment_dist/SINGLE_annual_payment_25_200_to_26_400@2025,dwp_universal_credit,False,6508.222222222223,6503.87255859375,-0.0006683336063142971,6508.222222222223,6536.330810546875,0.004318934935668921
dwp/uc_payment_dist/SINGLE_annual_payment_26_400_to_27_600@2025,dwp_universal_credit,False,5913.444444444444,5903.55810546875,-0.0016718410172910899,5913.444444444444,5895.26513671875,-0.0030742332825623173
dwp/uc_payment_dist/SINGLE_annual_payment_28_800_to_30_000@2025,dwp_universal_credit,False,1653.7777777777778,1651.2129211425781,-0.0015509076670785628,1653.7777777777778,1654.6583862304688,0.0005324829396814227
dwp/uc_payment_dist/SINGLE_annual_payment_2_400_to_3_600@2025,dwp_universal_credit,False,197136.66666666666,196609.87888526917,-0.0026721958441562974,197136.66666666666,197085.44451522827,-0.00025983066623012197
dwp/uc_payment_dist/SINGLE_annual_payment_3_600_to_4_800@2025,dwp_universal_credit,False,377063.1111111111,377087.6189517975,6.4996654311112e-05,377063.1111111111,376595.59312820435,-0.0012398931879841527
dwp/uc_payment_dist/SINGLE_annual_payment_4_800_to_6_000@2025,dwp_universal_credit,False,195983.22222222222,196211.13967514038,0.0011629436965768934,195983.22222222222,195671.27042388916,-0.0015917270611019024
dwp/uc_payment_dist/SINGLE_annual_payment_6_000_to_7_200@2025,dwp_universal_credit,False,114033.33333333333,114000.27459716797,-0.0002899041464369459,114033.33333333333,113975.86061096191,-0.0005039993192465456
dwp/uc_payment_dist/SINGLE_annual_payment_7_200_to_8_400@2025,dwp_universal_credit,False,149043.77777777778,148972.4663619995,-0.00047845952941821986,149043.77777777778,149317.12064361572,0.0018339770362335562
hmrc.cgt.gains_by_age_band.age_16_to_24@2025,hmrc_cgt,True,,,,319000000.0,313274407.3495134,-0.017948566302465795
hmrc.cgt.gains_by_age_band.age_25_to_34@2025,hmrc_cgt,True,,,,2499000000.0,2246548814.2205887,-0.10102088266483046
hmrc.cgt.gains_by_age_band.age_35_to_44@2025,hmrc_cgt,True,,,,11775000000.0,11738863982.227863,-0.0030688762439181902
hmrc.cgt.gains_by_age_band.age_45_to_54@2025,hmrc_cgt,True,,,,28422000000.0,28440843331.359566,0.0006629840039253301
hmrc.cgt.gains_by_age_band.age_55_to_64@2025,hmrc_cgt,True,,,,38118000000.0,38190316941.65641,0.0018971861497562889
hmrc.cgt.gains_by_age_band.age_65_to_74@2025,hmrc_cgt,True,,,,24260000000.0,24262504428.675697,0.00010323283906419318
hmrc.cgt.gains_by_age_band.age_75_to_84@2025,hmrc_cgt,True,,,,11736000000.0,11683267337.722862,-0.004493239798665453
hmrc.cgt.gains_by_age_band.age_85_plus@2025,hmrc_cgt,True,,,,2076000000.0,2015978020.169549,-0.028912321690968697
hmrc.cgt.gains_by_region@E12000001@2025,hmrc_cgt,True,,,,1497797150.3974364,1497707525.19249,-5.98380127258873e-05
hmrc.cgt.gains_by_region@E12000002@2025,hmrc_cgt,True,,,,8790074083.38308,8789751152.81278,-3.673809426812711e-05
hmrc.cgt.gains_by_region@E12000003@2025,hmrc_cgt,True,,,,6970985861.949795,6954829103.814346,-0.002317714948130649
hmrc.cgt.gains_by_region@E12000004@2025,hmrc_cgt,True,,,,6299365751.358824,6287460441.570799,-0.001889921979122554
hmrc.cgt.gains_by_region@E12000005@2025,hmrc_cgt,True,,,,5890960774.765152,5884458490.792638,-0.001103773089165302
hmrc.cgt.gains_by_region@E12000006@2025,hmrc_cgt,True,,,,11545870966.728456,11552234029.857738,0.0005511115746588828
hmrc.cgt.gains_by_region@E12000007@2025,hmrc_cgt,True,,,,32519714615.602127,32287223978.520866,-0.0071492213209558
hmrc.cgt.gains_by_region@E12000008@2025,hmrc_cgt,True,,,,25606804690.69088,25520321939.54021,-0.003377334743452357
hmrc.cgt.gains_by_region@E12000009@2025,hmrc_cgt,True,,,,10341263627.509504,10312847172.271683,-0.00274787069176237
hmrc.cgt.gains_by_region@N92000002@2025,hmrc_cgt,True,,,,1757265449.747086,1753138324.8926606,-0.0023486063844363556
hmrc.cgt.gains_by_region@S92000003@2025,hmrc_cgt,True,,,,5680201325.83493,5693778946.240842,0.002390341402893088
hmrc.cgt.gains_by_region@W92000004@2025,hmrc_cgt,True,,,,2358632410.6946497,2357846157.8750157,-0.0003333511470752657
hmrc.cgt.gains_total@2025,hmrc_cgt,True,119258000000.0,107931956702.93329,-0.09497093106598058,119258000000.0,118891597263.38205,-0.003072353524442389
hmrc.cgt.liability_total@2025,hmrc_cgt,True,22503000000.0,22629780697.062336,0.005633946454354351,22503000000.0,25110092875.9396,0.11585534710659032
hmrc.cgt.residential_property_gains.ty2024@2025,hmrc_cgt,True,,,,12242481474.688189,12242213972.671858,-2.1850310076743015e-05
hmrc.cgt.residential_property_taxpayers.ty2024@2025,hmrc_cgt,True,,,,202630.0578034682,202703.15572023392,0.0003607456739543478
hmrc.cgt.tax_by_age_band.age_16_to_24@2025,hmrc_cgt,True,,,,59000000.0,59482781.277098626,0.008182733510146202
hmrc.cgt.tax_by_age_band.age_25_to_34@2025,hmrc_cgt,True,,,,456000000.0,456432815.89975315,0.0009491576748972661
hmrc.cgt.tax_by_age_band.age_35_to_44@2025,hmrc_cgt,True,,,,2246000000.0,2483803072.700427,0.1058784829476523
hmrc.cgt.tax_by_age_band.age_45_to_54@2025,hmrc_cgt,True,,,,5522000000.0,6086206839.756372,0.10217436431661943
hmrc.cgt.tax_by_age_band.age_55_to_64@2025,hmrc_cgt,True,,,,7152000000.0,8120283411.955905,0.13538638310345427
hmrc.cgt.tax_by_age_band.age_65_to_74@2025,hmrc_cgt,True,,,,4409000000.0,5089767444.843525,0.1544040473675493
hmrc.cgt.tax_by_age_band.age_75_to_84@2025,hmrc_cgt,True,,,,2260000000.0,2424100402.852166,0.07261079772219742
hmrc.cgt.tax_by_age_band.age_85_plus@2025,hmrc_cgt,True,,,,390000000.0,390016106.65436184,4.129911374831811e-05
hmrc.cgt.taxpayers_by_age_band.age_16_to_24@2025,hmrc_cgt,True,,,,4000.0,4006.0354080200195,0.0015088520050048828
hmrc.cgt.taxpayers_by_age_band.age_25_to_34@2025,hmrc_cgt,True,,,,27000.0,27033.607704162598,0.0012447297837999132
hmrc.cgt.taxpayers_by_age_band.age_35_to_44@2025,hmrc_cgt,True,,,,65000.0,64883.4488363266,-0.001793094825744629
hmrc.cgt.taxpayers_by_age_band.age_45_to_54@2025,hmrc_cgt,True,,,,98000.0,97938.79466875394,-0.0006245441963883979
hmrc.cgt.taxpayers_by_age_band.age_55_to_64@2025,hmrc_cgt,True,,,,144000.0,144118.04681539536,0.0008197695513566336
hmrc.cgt.taxpayers_by_age_band.age_65_to_74@2025,hmrc_cgt,True,,,,125000.0,125080.28143501282,0.000642251480102539
hmrc.cgt.taxpayers_by_age_band.age_75_to_84@2025,hmrc_cgt,True,,,,68000.0,67951.48524284363,-0.0007134523111231186
hmrc.cgt.taxpayers_by_age_band.age_85_plus@2025,hmrc_cgt,True,,,,19000.0,18943.77908706665,-0.002958995417544716
hmrc.cgt.taxpayers_by_region@E12000001@2025,hmrc_cgt,True,,,,11321.91780821918,11352.421562194824,0.0026942214642735394
hmrc.cgt.taxpayers_by_region@E12000002@2025,hmrc_cgt,True,,,,41513.69863013699,41440.0089263916,-0.0017750695837034831
hmrc.cgt.taxpayers_by_region@E12000003@2025,hmrc_cgt,True,,,,32078.767123287675,32103.746509552002,0.0007786890988772905
hmrc.cgt.taxpayers_by_region@E12000004@2025,hmrc_cgt,True,,,,31135.273972602743,31136.994695663452,5.5266032417870196e-05
hmrc.cgt.taxpayers_by_region@E12000005@2025,hmrc_cgt,True,,,,33022.260273972606,33038.048599243164,0.00047811158714056385
hmrc.cgt.taxpayers_by_region@E12000006@2025,hmrc_cgt,True,,,,58496.57534246576,58431.856536865234,-0.0011063691373662762
hmrc.cgt.taxpayers_by_region@E12000007@2025,hmrc_cgt,True,,,,106614.72602739726,106644.96109636624,0.000283591864797437
hmrc.cgt.taxpayers_by_region@E12000008@2025,hmrc_cgt,True,,,,114162.67123287672,114160.20513677597,-2.1601597738687674e-05
hmrc.cgt.taxpayers_by_region@E12000009@2025,hmrc_cgt,True,,,,60383.56164383562,60367.02329349518,-0.0002738882883059109
hmrc.cgt.taxpayers_by_region@N92000002@2025,hmrc_cgt,True,,,,9434.931506849316,9361.172931671143,-0.007817605790209313
hmrc.cgt.taxpayers_by_region@S92000003@2025,hmrc_cgt,True,,,,34909.24657534247,34927.127197265625,0.0005122030314966815
hmrc.cgt.taxpayers_by_region@W92000004@2025,hmrc_cgt,True,,,,16982.87671232877,16991.912712097168,0.0005320653221158546
hmrc.cgt.taxpayers_total@2025,hmrc_cgt,True,551000.0,550625.616733551,-0.0006794614636097542,551000.0,549955.4791975815,-0.0018956820370571116
hmrc.salary_sacrifice.users_above_cap@2025,hmrc_salary_sacrifice,False,3300000.0,3303812.1317478744,0.0011551914387498278,3300000.0,3296798.503353925,-0.0009701504988106194
hmrc.salary_sacrifice.users_below_cap@2025,hmrc_salary_sacrifice,False,4300000.0,4298576.552334656,-0.00033103434077767264,4300000.0,4308244.268420023,0.0019172717255867239
hmrc.salary_sacrifice.users_total@2025,hmrc_salary_sacrifice,False,7700000.0,7602388.6840825295,-0.012676794274996168,7700000.0,7605042.771773948,-0.012332107561824892
hmrc.tfc.children_with_used_accounts@2025,hmrc_tfc,False,1151515.0,1150141.6304855347,-0.0011926631563334668,1151515.0,1151118.1101403343,-0.0003446675550606383
hmrc.tfc.government_top_up@2025,hmrc_tfc,False,599800000.0,599060490.0332513,-0.0012329275871102274,599800000.0,600082214.7860616,0.00047051481504108795
hmrc/capital_gains_band_1000000@2025,hmrc_cgt,True,,,,12806000000.0,12772190365.84588,-0.0026401401026174835
hmrc/capital_gains_band_100000@2025,hmrc_cgt,True,,,,9487000000.0,9478771295.636398,-0.0008673663290399161
hmrc/capital_gains_band_10000@2025,hmrc_cgt,True,,,,289000000.0,289094558.7278524,0.0003271928299391146
hmrc/capital_gains_band_12300@2025,hmrc_cgt,True,,,,1747000000.0,1747764462.5677238,0.0004375859002425593
hmrc/capital_gains_band_2000000@2025,hmrc_cgt,True,,,,16477000000.0,16446650395.020588,-0.0018419375480616665
hmrc/capital_gains_band_250000@2025,hmrc_cgt,True,,,,8820000000.0,8823195174.01934,0.0003622646280431423
hmrc/capital_gains_band_25000@2025,hmrc_cgt,True,,,,3516000000.0,3518882168.4532347,0.0008197293666765281
hmrc/capital_gains_band_3000@2025,hmrc_cgt,True,,,,311000000.0,311520424.6444865,0.0016733911398279322
hmrc/capital_gains_band_5000000@2025,hmrc_cgt,True,,,,48474000000.0,48189087247.14931,-0.005877640649640895
hmrc/capital_gains_band_500000@2025,hmrc_cgt,True,,,,11372000000.0,11359377903.628479,-0.0011099275739993842
hmrc/capital_gains_band_50000@2025,hmrc_cgt,True,,,,5510000000.0,5506713997.879043,-0.0005963706208634074
hmrc/capital_gains_band_6000@2025,hmrc_cgt,True,,,,448000000.0,448349269.809736,0.0007796201110178871
hmrc/cgt_taxpayers_band_1000000@2025,hmrc_cgt,True,,,,9000.0,8989.644360303879,-0.0011506266329023573
hmrc/cgt_taxpayers_band_100000@2025,hmrc_cgt,True,,,,61000.0,61054.725732803345,0.0008971431607105693
hmrc/cgt_taxpayers_band_10000@2025,hmrc_cgt,True,,,,26000.0,26025.944984436035,0.0009978840167705828
hmrc/cgt_taxpayers_band_12300@2025,hmrc_cgt,True,,,,97000.0,97229.84968566895,0.0023695843883396422
hmrc/cgt_taxpayers_band_2000000@2025,hmrc_cgt,True,,,,5000.0,4996.310457229614,-0.0007379085540771484
hmrc/cgt_taxpayers_band_250000@2025,hmrc_cgt,True,,,,25000.0,25014.41899871826,0.0005767599487304688
hmrc/cgt_taxpayers_band_25000@2025,hmrc_cgt,True,,,,98000.0,99109.49285125732,0.011321355625074737
hmrc/cgt_taxpayers_band_3000@2025,hmrc_cgt,True,,,,73000.0,73261.0242729187,0.003575674971489057
hmrc/cgt_taxpayers_band_5000000@2025,hmrc_cgt,True,,,,3000.0,3005.328713417053,0.0017762378056844076
hmrc/cgt_taxpayers_band_500000@2025,hmrc_cgt,True,,,,16000.0,15998.13650894165,-0.00011646819114685058
hmrc/cgt_taxpayers_band_50000@2025,hmrc_cgt,True,,,,78000.0,78174.07342656453,0.0022317105969811494
hmrc/cgt_taxpayers_band_6000@2025,hmrc_cgt,True,,,,57000.0,57096.529205322266,0.0016934948302151863
hmrc/dividend_income_count_income_band_100_000_to_150_000@2025,hmrc_spi,False,222000.0,221963.19381713867,-0.00016579361649246904,222000.0,221758.24454045296,-0.001088988556518211
hmrc/dividend_income_count_income_band_12_570_to_15_000@2025,hmrc_spi,False,115000.0,114800.81825351715,-0.0017320151868073837,115000.0,114928.49075317383,-0.0006218195376188858
hmrc/dividend_income_count_income_band_150_000_to_200_000@2025,hmrc_spi,False,92000.0,91786.6767654419,-0.00231873081041419,92000.0,91961.19618034363,-0.00042178064843882685
hmrc/dividend_income_count_income_band_15_000_to_20_000@2025,hmrc_spi,False,372000.0,371776.244808197,-0.0006014924510832756,372000.0,371866.4670124054,-0.0003589596440715175
hmrc/dividend_income_count_income_band_200_000_to_300_000@2025,hmrc_spi,False,75000.0,75144.38858795166,0.001925181172688802,75000.0,74933.98497772217,-0.0008802002970377604
hmrc/dividend_income_count_income_band_20_000_to_30_000@2025,hmrc_spi,False,843000.0,843093.3517951965,0.00011073759809790415,843000.0,842252.554857254,-0.0008866490424032879
hmrc/dividend_income_count_income_band_300_000_to_500_000@2025,hmrc_spi,False,49000.0,48970.97156524658,-0.0005924170357840401,49000.0,48908.17188358307,-0.0018740431921822685
hmrc/dividend_income_count_income_band_30_000_to_40_000@2025,hmrc_spi,False,667000.0,666466.6921432202,-0.0007995620041675838,667000.0,666462.3404746423,-0.0008060862449140217
hmrc/dividend_income_count_income_band_40_000_to_50_000@2025,hmrc_spi,False,627000.0,627184.7502727509,0.00029465753229801354,627000.0,626625.8179531097,-0.0005967815739876535
hmrc/dividend_income_count_income_band_500_000_to_1_000_000@2025,hmrc_spi,False,32000.0,32111.354385375977,0.0034798245429992674,32000.0,32038.740982055664,0.001210655689239502
hmrc/dividend_income_count_income_band_50_000_to_70_000@2025,hmrc_spi,False,643000.0,642913.7146296869,-0.00013419186673887525,643000.0,643222.1989138069,0.00034556596237470135
hmrc/dividend_income_count_income_band_70_000_to_100_000@2025,hmrc_spi,False,336000.0,335919.25883102417,-0.00024030109814235143,336000.0,335466.76017713547,-0.0015870232823349182
hmrc/dividend_income_income_band_100_000_to_150_000@2025,hmrc_spi,False,6870000000.0,6879438939.833873,0.001373935929239126,6870000000.0,6852995569.047435,-0.0024751718999367093
hmrc/dividend_income_income_band_12_570_to_15_000@2025,hmrc_spi,False,175000000.0,174978041.63896134,-0.00012547634879231452,175000000.0,175033122.61586946,0.0001892720906826428
hmrc/dividend_income_income_band_150_000_to_200_000@2025,hmrc_spi,False,3450000000.0,3440344525.534564,-0.0027986882508510094,3450000000.0,3453756448.119206,0.0010888255417988266
hmrc/dividend_income_income_band_15_000_to_20_000@2025,hmrc_spi,False,855000000.0,856134897.0437845,0.0013273649634906422,855000000.0,853355850.5799053,-0.0019229817778885713
hmrc/dividend_income_income_band_200_000_to_300_000@2025,hmrc_spi,False,3700000000.0,3707377797.4451647,0.001993999309503968,3700000000.0,3697239128.5717216,-0.0007461814671022828
hmrc/dividend_income_income_band_20_000_to_30_000@2025,hmrc_spi,False,3330000000.0,3325445083.384061,-0.0013678428276093515,3330000000.0,3323478717.4197555,-0.001958343117190553
hmrc/dividend_income_income_band_300_000_to_500_000@2025,hmrc_spi,False,3430000000.0,3427392193.533094,-0.0007602934305848603,3430000000.0,3420339725.812141,-0.002816406468763574
hmrc/dividend_income_income_band_30_000_to_40_000@2025,hmrc_spi,False,4700000000.0,4692439284.376222,-0.0016086628986762433,4700000000.0,4695128416.970846,-0.001036507027479537
hmrc/dividend_income_income_band_40_000_to_50_000@2025,hmrc_spi,False,8400000000.0,8403907956.808586,0.0004652329534031096,8400000000.0,8395900334.425274,-0.0004880554255626315
hmrc/dividend_income_income_band_50_000_to_70_000@2025,hmrc_spi,False,12500000000.0,12501017713.255322,8.141706042572021e-05,12500000000.0,12497147337.72829,-0.00022821298173675538
hmrc/dividend_income_income_band_70_000_to_100_000@2025,hmrc_spi,False,9440000000.0,9441737974.44081,0.0001841074619501324,9440000000.0,9413205492.533024,-0.0028384012147220513
hmrc/employment_income_count_income_band_100_000_to_150_000@2025,hmrc_spi,False,791000.0,790755.0606002808,-0.00030965790103569947,791000.0,791273.2583013376,0.00034545929372642074
hmrc/employment_income_count_income_band_12_570_to_15_000@2025,hmrc_spi,False,1360000.0,1363439.2267636193,0.0025288432085436344,1360000.0,1361856.242847832,0.0013648844469352352
hmrc/employment_income_count_income_band_150_000_to_200_000@2025,hmrc_spi,False,264000.0,263669.8199682236,-0.0012506819385470767,264000.0,263639.43063259125,-0.0013657930583664865
hmrc/employment_income_count_income_band_15_000_to_20_000@2025,hmrc_spi,False,3100000.0,3110240.5114422515,0.0033033907878230657,3100000.0,3114646.3052734085,0.004724614604325334
hmrc/employment_income_count_income_band_200_000_to_300_000@2025,hmrc_spi,False,180000.0,180180.4045600891,0.0010022475560506185,180000.0,179621.73049163818,-0.002101497268676758
hmrc/employment_income_count_income_band_20_000_to_30_000@2025,hmrc_spi,False,7470000.0,7522615.122937659,0.007043523820302383,7470000.0,7533114.3053160375,0.008449036856229919
hmrc/employment_income_count_income_band_300_000_to_500_000@2025,hmrc_spi,False,93000.0,92989.72315073013,-0.00011050375558996714,93000.0,92642.50290966034,-0.003844054734835061
hmrc/employment_income_count_income_band_30_000_to_40_000@2025,hmrc_spi,False,5370000.0,5493143.641452337,0.02293177680676661,5370000.0,5500600.6078667715,0.024320411148374584
hmrc/employment_income_count_income_band_40_000_to_50_000@2025,hmrc_spi,False,3500000.0,3522982.0286870706,0.006566293910591597,3500000.0,3524027.8044599723,0.006865086988563516
hmrc/employment_income_count_income_band_500_000_to_1_000_000@2025,hmrc_spi,False,44000.0,44115.540702819824,0.002625925064086914,44000.0,44025.12744140625,0.0005710782137784091
hmrc/employment_income_count_income_band_50_000_to_70_000@2025,hmrc_spi,False,3430000.0,3444064.3382329457,0.004100390155377741,3430000.0,3446950.58513733,0.004941861556072885
hmrc/employment_income_count_income_band_70_000_to_100_000@2025,hmrc_spi,False,1640000.0,1665444.7557668686,0.015515094979797922,1640000.0,1668563.0761179924,0.017416509828044147
hmrc/employment_income_income_band_100_000_to_150_000@2025,hmrc_spi,False,82300000000.0,82384748125.20845,0.0010297463573323245,82300000000.0,82463555691.10095,0.0019873109489787623
hmrc/employment_income_income_band_12_570_to_15_000@2025,hmrc_spi,False,16900000000.0,16754994383.94453,-0.008580213967779261,16900000000.0,16694116754.541838,-0.012182440559654574
hmrc/employment_income_income_band_150_000_to_200_000@2025,hmrc_spi,False,39200000000.0,39190755099.379776,-0.0002358393015363265,39200000000.0,39185674273.945694,-0.0003654521952629089
hmrc/employment_income_income_band_15_000_to_20_000@2025,hmrc_spi,False,48600000000.0,48526358458.516045,-0.0015152580552254193,48600000000.0,48527581700.494705,-0.0014900884671871359
hmrc/employment_income_income_band_200_000_to_300_000@2025,hmrc_spi,False,36600000000.0,36701675538.797935,0.0027780201857359422,36600000000.0,36576112226.06125,-0.0006526714190915634
hmrc/employment_income_income_band_20_000_to_30_000@2025,hmrc_spi,False,172000000000.0,172017810961.37323,0.00010355210100715105,172000000000.0,172038929535.9448,0.0002263345113069401
hmrc/employment_income_income_band_300_000_to_500_000@2025,hmrc_spi,False,29000000000.0,30761169689.167236,0.060729989281628836,29000000000.0,30641709029.747383,0.05661065619818562
hmrc/employment_income_income_band_30_000_to_40_000@2025,hmrc_spi,False,170000000000.0,170129889872.73483,0.000764058074910781,170000000000.0,170148118437.64297,0.0008712849273116168
hmrc/employment_income_income_band_40_000_to_50_000@2025,hmrc_spi,False,139000000000.0,139072058127.369,0.0005184037940214966,139000000000.0,139027202816.72525,0.0001957037174478435
hmrc/employment_income_income_band_500_000_to_1_000_000@2025,hmrc_spi,False,23100000000.0,23177961815.981277,0.0033749703887998904,23100000000.0,23149309813.909756,0.002134623978777303
hmrc/employment_income_income_band_50_000_to_70_000@2025,hmrc_spi,False,174000000000.0,174506758047.72006,0.002912402573103806,174000000000.0,174385665653.55417,0.0022164692732998203
hmrc/employment_income_income_band_70_000_to_100_000@2025,hmrc_spi,False,118000000000.0,118014222925.64903,0.00012053326821214061,118000000000.0,117999901730.47096,-8.327926189616575e-07
hmrc/private_pension_income_count_income_band_100_000_to_150_000@2025,hmrc_spi,False,109000.0,108702.59630584717,-0.002728474258282863,109000.0,109200.8907585144,0.0018430344817835257
hmrc/private_pension_income_count_income_band_12_570_to_15_000@2025,hmrc_spi,False,1070000.0,1068823.110198021,-0.0010998970111953878,1070000.0,1069608.6374435425,-0.0003657593985584295
hmrc/private_pension_income_count_income_band_150_000_to_200_000@2025,hmrc_spi,False,29000.0,28931.538548469543,-0.0023607397079467773,29000.0,29091.57089138031,0.003157616944148623
hmrc/private_pension_income_count_income_band_15_000_to_20_000@2025,hmrc_spi,False,2140000.0,2141063.1404143614,0.0004967945861501759,2140000.0,2151867.4180536745,0.0055455224549880895
hmrc/private_pension_income_count_income_band_200_000_to_300_000@2025,hmrc_spi,False,20000.0,19981.10668182373,-0.0009446659088134765,20000.0,19980.229385375977,-0.000988530731201172
hmrc/private_pension_income_count_income_band_20_000_to_30_000@2025,hmrc_spi,False,2660000.0,2658452.9267192255,-0.0005816064965317754,2660000.0,2664943.2441649805,0.0018583624680377753
hmrc/private_pension_income_count_income_band_300_000_to_500_000@2025,hmrc_spi,False,10000.0,10046.791735172272,0.0046791735172271726,10000.0,10063.761667251587,0.006376166725158692
hmrc/private_pension_income_count_income_band_30_000_to_40_000@2025,hmrc_spi,False,1450000.0,1448387.6006736755,-0.0011119995353961814,1450000.0,1449892.649003421,-7.403517005451281e-05
hmrc/private_pension_income_count_income_band_40_000_to_50_000@2025,hmrc_spi,False,779000.0,779052.3097419739,6.714986132718479e-05,779000.0,778199.7472400665,-0.0010272821051777556
hmrc/private_pension_income_count_income_band_500_000_to_1_000_000@2025,hmrc_spi,False,4000.0,4010.1061096191406,0.002526527404785156,4000.0,3998.0035095214844,-0.0004991226196289063
hmrc/private_pension_income_count_income_band_50_000_to_70_000@2025,hmrc_spi,False,643000.0,642463.3175230026,-0.0008346539300114705,643000.0,643417.3046509796,0.0006489963467800657
hmrc/private_pension_income_count_income_band_70_000_to_100_000@2025,hmrc_spi,False,259000.0,258775.71597194672,-0.0008659614982752266,259000.0,259216.01012659073,0.0008340159327827365
hmrc/private_pension_income_income_band_100_000_to_150_000@2025,hmrc_spi,False,5430000000.0,5410998914.152588,-0.0034992791615860237,5430000000.0,5437751732.738297,0.001427575089925868
hmrc/private_pension_income_income_band_12_570_to_15_000@2025,hmrc_spi,False,4350000000.0,4346645485.746268,-0.0007711527020072937,4350000000.0,4348689328.533115,-0.00030130378549071566
hmrc/private_pension_income_income_band_150_000_to_200_000@2025,hmrc_spi,False,1810000000.0,1801069134.3691978,-0.004934179906520527,1810000000.0,1818514517.0845988,0.004704153085413691
hmrc/private_pension_income_income_band_15_000_to_20_000@2025,hmrc_spi,False,13600000000.0,13578160298.319824,-0.0016058604176599838,13600000000.0,13586834582.422703,-0.0009680454100953832
hmrc/private_pension_income_income_band_200_000_to_300_000@2025,hmrc_spi,False,1570000000.0,1567671040.824632,-0.0014834134874955863,1570000000.0,1569289520.14824,-0.00045253493742669463
hmrc/private_pension_income_income_band_20_000_to_30_000@2025,hmrc_spi,False,30200000000.0,30169523826.97483,-0.0010091448021579263,30200000000.0,30164546774.959957,-0.0011739478490080423
hmrc/private_pension_income_income_band_300_000_to_500_000@2025,hmrc_spi,False,1120000000.0,998581436.0865912,-0.10840943206554353,1120000000.0,992669458.7102185,-0.11368798329444772
hmrc/private_pension_income_income_band_30_000_to_40_000@2025,hmrc_spi,False,24900000000.0,24890833410.855362,-0.00036813611022642816,24900000000.0,24912452277.341976,0.000500091459517115
hmrc/private_pension_income_income_band_40_000_to_50_000@2025,hmrc_spi,False,16900000000.0,16900922286.389114,5.457315911919408e-05,16900000000.0,16882125190.487408,-0.001057681036248066
hmrc/private_pension_income_income_band_500_000_to_1_000_000@2025,hmrc_spi,False,640000000.0,641528101.5653784,0.002387658695903793,640000000.0,637620326.6694638,-0.003718239578962885
hmrc/private_pension_income_income_band_50_000_to_70_000@2025,hmrc_spi,False,17400000000.0,17389574266.466526,-0.0005991800881306878,17400000000.0,17433578328.39648,0.0019297889883034805
hmrc/private_pension_income_income_band_70_000_to_100_000@2025,hmrc_spi,False,9470000000.0,9457622862.91149,-0.001306983853063412,9470000000.0,9483573419.89563,0.0014333072751457109
hmrc/property_income_count_income_band_100_000_to_150_000@2025,hmrc_spi,False,137000.0,136881.7260723114,-0.0008633133407926907,137000.0,137012.9402923584,9.445468874743386e-05
hmrc/property_income_count_income_band_12_570_to_15_000@2025,hmrc_spi,False,101000.0,100859.34951019287,-0.0013925791070012762,101000.0,100809.84999656677,-0.0018826733013190846
hmrc/property_income_count_income_band_150_000_to_200_000@2025,hmrc_spi,False,54000.0,53917.88989448547,-0.001520557509528266,54000.0,53997.35000991821,-4.9073890403464985e-05
hmrc/property_income_count_income_band_15_000_to_20_000@2025,hmrc_spi,False,232000.0,231537.66903686523,-0.0019928058755808863,232000.0,231954.02897453308,-0.00019815097184016788
hmrc/property_income_count_income_band_200_000_to_300_000@2025,hmrc_spi,False,41000.0,41046.37253570557,0.001131037456233327,41000.0,40895.59086608887,-0.0025465642417349466
hmrc/property_income_count_income_band_20_000_to_30_000@2025,hmrc_spi,False,431000.0,430617.2193546295,-0.0008881221470312839,431000.0,430360.0107536316,-0.0014848938430821535
hmrc/property_income_count_income_band_300_000_to_500_000@2025,hmrc_spi,False,23000.0,23007.192695617676,0.00031272589642068613,23000.0,22924.446266174316,-0.003284944948942765
hmrc/property_income_count_income_band_30_000_to_40_000@2025,hmrc_spi,False,364000.0,364387.31760406494,0.0010640593518267622,364000.0,363482.0405881568,-0.0014229654171516873
hmrc/property_income_count_income_band_40_000_to_50_000@2025,hmrc_spi,False,325000.0,324773.2037878793,-0.000697834498832862,325000.0,325322.8279423822,0.0009933167457913694
hmrc/property_income_count_income_band_50_000_to_70_000@2025,hmrc_spi,False,397000.0,397118.30762290955,0.000298004087933365,397000.0,397290.12153053284,0.0007307847116696144
hmrc/property_income_count_income_band_70_000_to_100_000@2025,hmrc_spi,False,226000.0,225893.8906803131,-0.0004695102641012816,226000.0,225761.45256614685,-0.0010555196188192452
hmrc/self_employment_income_count_income_band_100_000_to_150_000@2025,hmrc_spi,False,85000.0,84938.21348953247,-0.0007269001231474035,85000.0,84796.61493301392,-0.0023927654939539292
hmrc/self_employment_income_count_income_band_12_570_to_15_000@2025,hmrc_spi,False,444000.0,444277.90880966187,0.0006259207424816784,444000.0,441847.2000465393,-0.00484864854383039
hmrc/self_employment_income_count_income_band_150_000_to_200_000@2025,hmrc_spi,False,40000.0,39921.50653076172,-0.0019623367309570313,40000.0,40028.391258239746,0.0007097814559936524
hmrc/self_employment_income_count_income_band_15_000_to_20_000@2025,hmrc_spi,False,651000.0,650179.803440094,-0.0012599025497788108,651000.0,650254.9987473488,-0.001144395165362849
hmrc/self_employment_income_count_income_band_200_000_to_300_000@2025,hmrc_spi,False,34000.0,33966.705949783325,-0.0009792367710786708,34000.0,33815.35620689392,-0.00543069979723762
hmrc/self_employment_income_count_income_band_20_000_to_30_000@2025,hmrc_spi,False,961000.0,961503.7924113274,0.0005242376808817503,961000.0,959255.8120074272,-0.0018149718965377569
hmrc/self_employment_income_count_income_band_300_000_to_500_000@2025,hmrc_spi,False,21000.0,21016.631408691406,0.0007919718424479167,21000.0,21022.61789703369,0.001077042715890067
hmrc/self_employment_income_count_income_band_30_000_to_40_000@2025,hmrc_spi,False,595000.0,594765.2763404846,-0.00039449354540400147,595000.0,594353.5850861126,-0.0010864116199788081
hmrc/self_employment_income_count_income_band_40_000_to_50_000@2025,hmrc_spi,False,359000.0,358786.50452423096,-0.0005946949185767214,359000.0,358559.9247903824,-0.0012258362384891775
hmrc/self_employment_income_count_income_band_50_000_to_70_000@2025,hmrc_spi,False,311000.0,310726.179210186,-0.0008804527003665446,311000.0,311136.2716012001,0.00043817235112573555
hmrc/self_employment_income_count_income_band_70_000_to_100_000@2025,hmrc_spi,False,143000.0,142997.57814216614,-1.6936068768267866e-05,143000.0,142791.96861553192,-0.0014547649263502
hmrc/self_employment_income_income_band_100_000_to_150_000@2025,hmrc_spi,False,4980000000.0,4980030897.899983,6.20439758702933e-06,4980000000.0,4967226159.408724,-0.0025650282311799537
hmrc/self_employment_income_income_band_12_570_to_15_000@2025,hmrc_spi,False,4810000000.0,4815403310.5660715,0.001123349390035657,4810000000.0,4790406583.589268,-0.004073475345266584
hmrc/self_employment_income_income_band_150_000_to_200_000@2025,hmrc_spi,False,3650000000.0,3650444531.748102,0.00012178952002799675,3650000000.0,3640452233.071792,-0.00261582655567339
hmrc/self_employment_income_income_band_15_000_to_20_000@2025,hmrc_spi,False,8030000000.0,8030099199.409501,1.2353600186933468e-05,8030000000.0,8024917787.432276,-0.0006329031840254331
hmrc/self_employment_income_income_band_200_000_to_300_000@2025,hmrc_spi,False,4390000000.0,4399745372.18752,0.002219902548410029,4390000000.0,4370593630.318169,-0.004420585348936528
hmrc/self_employment_income_income_band_20_000_to_30_000@2025,hmrc_spi,False,15700000000.0,19788765386.485855,0.26043091633667864,15700000000.0,19585138841.417667,0.24746107270176226
hmrc/self_employment_income_income_band_300_000_to_500_000@2025,hmrc_spi,False,4840000000.0,4853366121.748816,0.002761595402647838,4840000000.0,4847359867.160474,0.001520633710841699
hmrc/self_employment_income_income_band_30_000_to_40_000@2025,hmrc_spi,False,12600000000.0,14576649818.495884,0.15687696972189555,12600000000.0,14509971621.9065,0.1515850493576587
hmrc/self_employment_income_income_band_40_000_to_50_000@2025,hmrc_spi,False,8730000000.0,9167749771.00845,0.05014315819111679,8730000000.0,9393216875.306887,0.07596985971442001
hmrc/self_employment_income_income_band_500_000_to_1_000_000@2025,hmrc_spi,False,6670000000.0,6668763574.350714,-0.0001853711618120345,6670000000.0,6636099006.788544,-0.005082607677879505
hmrc/self_employment_income_income_band_50_000_to_70_000@2025,hmrc_spi,False,8220000000.0,9020495703.55576,0.09738390554206319,8220000000.0,9254430889.608051,0.12584317391825442
hmrc/self_employment_income_income_band_70_000_to_100_000@2025,hmrc_spi,False,5360000000.0,5363217000.100863,0.0006001865859819881,5360000000.0,5355739077.997631,-0.0007949481347703223
hmrc/state_pension_count_income_band_100_000_to_150_000@2025,hmrc_spi,False,74000.0,73578.40440750122,-0.005697237736469991,74000.0,73983.26222991943,-0.0002261860821698163
hmrc/state_pension_count_income_band_12_570_to_15_000@2025,hmrc_spi,False,1140000.0,1136605.0162029266,-0.0029780559623450564,1140000.0,1138019.2859344482,-0.0017374684785541735
hmrc/state_pension_count_income_band_150_000_to_200_000@2025,hmrc_spi,False,21000.0,20964.464184761047,-0.0016921816780453636,21000.0,21083.223120689392,0.003963005747113909
hmrc/state_pension_count_income_band_15_000_to_20_000@2025,hmrc_spi,False,2050000.0,2044478.4216796202,-0.0026934528392096755,2050000.0,2045630.612208414,-0.002131408678822492
hmrc/state_pension_count_income_band_200_000_to_300_000@2025,hmrc_spi,False,14000.0,13981.479522705078,-0.0013228912353515625,14000.0,13986.871459960938,-0.0009377528599330357
hmrc/state_pension_count_income_band_20_000_to_30_000@2025,hmrc_spi,False,2320000.0,2315902.1012153625,-0.0017663356830333841,2320000.0,2316969.0100393295,-0.0013064611899441685
hmrc/state_pension_count_income_band_300_000_to_500_000@2025,hmrc_spi,False,8000.0,8027.89266204834,0.0034865827560424806,8000.0,7992.490333557129,-0.0009387083053588867
hmrc/state_pension_count_income_band_30_000_to_40_000@2025,hmrc_spi,False,1160000.0,1157001.814716339,-0.0025846424859145593,1160000.0,1158671.0638074875,-0.0011456346487176828
hmrc/state_pension_count_income_band_40_000_to_50_000@2025,hmrc_spi,False,568000.0,566338.753660202,-0.002924729471475306,568000.0,566183.8954172134,-0.003197367223215775
hmrc/state_pension_count_income_band_500_000_to_1_000_000@2025,hmrc_spi,False,3000.0,3004.3687133789062,0.00145623779296875,3000.0,2995.442413330078,-0.001519195556640625
hmrc/state_pension_count_income_band_50_000_to_70_000@2025,hmrc_spi,False,441000.0,430194.61750415654,-0.02450200112436158,441000.0,435039.4652388038,-0.013515951839447113
hmrc/state_pension_count_income_band_70_000_to_100_000@2025,hmrc_spi,False,176000.0,175729.2636976242,-0.0015382744453170084,176000.0,176118.3736729622,0.0006725776872851632
hmrc/state_pension_income_band_100_000_to_150_000@2025,hmrc_spi,False,847000000.0,843181828.0615735,-0.0045078771409994035,847000000.0,847391350.9206508,0.0004620435899065405
hmrc/state_pension_income_band_12_570_to_15_000@2025,hmrc_spi,False,11800000000.0,13111748721.3314,0.11116514587554237,11800000000.0,13160644659.758148,0.1153088694710295
hmrc/state_pension_income_band_150_000_to_200_000@2025,hmrc_spi,False,265000000.0,264843222.44576156,-0.0005916134122205231,265000000.0,265905605.32003313,0.003417378566162766
hmrc/state_pension_income_band_15_000_to_20_000@2025,hmrc_spi,False,22200000000.0,25377650196.5516,0.14313739624106311,22200000000.0,25399321780.058083,0.14411359369631002
hmrc/state_pension_income_band_200_000_to_300_000@2025,hmrc_spi,False,179000000.0,178816343.4071458,-0.0010260144852190045,179000000.0,178745599.86181647,-0.0014212298222543807
hmrc/state_pension_income_band_20_000_to_30_000@2025,hmrc_spi,False,24900000000.0,29167459646.592186,0.171383921549887,24900000000.0,29189968997.71086,0.17228791155465306
hmrc/state_pension_income_band_300_000_to_500_000@2025,hmrc_spi,False,96000000.0,95930007.81504366,-0.0007290852599618956,96000000.0,95029441.56819184,-0.01010998366466832
hmrc/state_pension_income_band_30_000_to_40_000@2025,hmrc_spi,False,12300000000.0,14067869503.18636,0.14372922790133003,12300000000.0,14100187382.77807,0.146356697786835
hmrc/state_pension_income_band_40_000_to_50_000@2025,hmrc_spi,False,6020000000.0,6530387864.006682,0.08478203721041236,6020000000.0,6567670799.077513,0.09097521579360676
hmrc/state_pension_income_band_500_000_to_1_000_000@2025,hmrc_spi,False,43000000.0,43050091.75034857,0.001164924426710883,43000000.0,42918430.59545559,-0.0018969628963816999
hmrc/state_pension_income_band_50_000_to_70_000@2025,hmrc_spi,False,4660000000.0,4842589049.834036,0.03918219953520083,4660000000.0,4951253443.355183,0.06250073891742117
hmrc/state_pension_income_band_70_000_to_100_000@2025,hmrc_spi,False,1890000000.0,1888501998.2143908,-0.000792593537359389,1890000000.0,1892605899.4394338,0.0013787827721872027
isc.private_school_students@2025,isc,False,556551.0,556112.8858337402,-0.0007871950032607355,556551.0,555733.3732347488,-0.00146909585150536
mhclg.council_tax_stock.band_a@E12000001@2025,council_tax_stock,False,621096.0,620194.9571781158,-0.0014507303571173462,621096.0,621146.9393720627,8.201529564299738e-05
mhclg.council_tax_stock.band_a@E12000002@2025,council_tax_stock,False,1285713.0,1285283.3794378387,-0.0003341496602751306,1285713.0,1287357.9584001647,0.0012794133684303813
mhclg.council_tax_stock.band_a@E12000003@2025,council_tax_stock,False,988548.0,988687.8627319336,0.00014148299519456186,988548.0,988794.9612960815,0.00024982226061004924
mhclg.council_tax_stock.band_a@E12000004@2025,council_tax_stock,False,739971.0,739584.0246810913,-0.000522960114529747,739971.0,739049.6898393631,-0.001245062523581197
mhclg.council_tax_stock.band_a@E12000005@2025,council_tax_stock,False,728493.0,727134.7655916971,-0.0018644440074275677,728493.0,726649.3191184998,-0.0025308148211448073
mhclg.council_tax_stock.band_a@E12000006@2025,council_tax_stock,False,364482.0,363957.9205608368,-0.0014378746801301792,364482.0,364214.66241242335,-0.0007334726751297748
mhclg.council_tax_stock.band_a@E12000007@2025,council_tax_stock,False,118732.0,118437.56732177734,-0.0024798089666025693,118732.0,118503.70058441162,-0.0019228128523766036
mhclg.council_tax_stock.band_a@E12000008@2025,council_tax_stock,False,320025.0,320278.77394485474,0.0007929816259815212,320025.0,320191.10360336304,0.0005190332110398785
mhclg.council_tax_stock.band_a@E12000009@2025,council_tax_stock,False,422969.0,422346.27302360535,-0.0014722756901679635,422969.0,422426.59939956665,-0.0012823649024712204
mhclg.council_tax_stock.band_b@E12000001@2025,council_tax_stock,False,193309.0,192903.76585388184,-0.002096302531791919,193309.0,193026.58325195312,-0.0014609601624698022
mhclg.council_tax_stock.band_b@E12000002@2025,council_tax_stock,False,666970.0,667705.5748056517,0.0011028604069923309,666970.0,666433.6597585678,-0.0008041444764115177
mhclg.council_tax_stock.band_b@E12000003@2025,council_tax_stock,False,482052.0,481753.3534965515,-0.000619531717425685,482052.0,482475.24538707733,0.0008780077399893197
mhclg.council_tax_stock.band_b@E12000004@2025,council_tax_stock,False,478320.0,477547.1876602173,-0.001615680589945465,478320.0,477805.3828983307,-0.001075884557763237
mhclg.council_tax_stock.band_b@E12000005@2025,council_tax_stock,False,625673.0,625848.6727115994,0.00028077400111461634,625673.0,626269.3154182434,0.0009530783943743908
mhclg.council_tax_stock.band_b@E12000006@2025,council_tax_stock,False,568914.0,568559.471321106,-0.000623167436368314,568914.0,569355.3797912598,0.0007758286687614747
mhclg.council_tax_stock.band_b@E12000007@2025,council_tax_stock,False,463447.0,463533.025182724,0.00018562032492172573,463447.0,463730.29212216893,0.0006112718869016999
mhclg.council_tax_stock.band_b@E12000008@2025,council_tax_stock,False,649092.0,648308.064116478,-0.0012077423285482393,649092.0,649852.706972599,0.0011719555511376346
mhclg.council_tax_stock.band_b@E12000009@2025,council_tax_stock,False,609286.0,609887.542760849,0.0009872912898852082,609286.0,608743.7548484802,-0.0008899681783592194
mhclg.council_tax_stock.band_c@E12000001@2025,council_tax_stock,False,186703.0,186750.9312095642,0.0002567243673867532,186703.0,186961.0841064453,0.0013823243678211517
mhclg.council_tax_stock.band_c@E12000002@2025,council_tax_stock,False,585587.0,585362.172203064,-0.00038393577203051836,585587.0,585428.3341408886,-0.0002709518126450073
mhclg.council_tax_stock.band_c@E12000003@2025,council_tax_stock,False,408440.0,408506.7806444168,0.00016350172465186827,408440.0,408642.21375465393,0.0004950880292183201
mhclg.council_tax_stock.band_c@E12000004@2025,council_tax_stock,False,384470.0,384445.54001426697,-6.362001127014391e-05,384470.0,384680.8434152603,0.0005484001749429473
mhclg.council_tax_stock.band_c@E12000005@2025,council_tax_stock,False,503657.0,503460.320852431,-0.0003905021623227653,503657.0,502066.0626754761,-0.003158771395064351
mhclg.council_tax_stock.band_c@E12000006@2025,council_tax_stock,False,708146.0,707312.1177453995,-0.0011775569650898613,708146.0,708082.1249799728,-9.020035420260885e-05
mhclg.council_tax_stock.band_c@E12000007@2025,council_tax_stock,False,991205.0,991777.1511862333,0.0005772279056635812,991205.0,992450.4688060447,0.001256519898552433
mhclg.council_tax_stock.band_c@E12000008@2025,council_tax_stock,False,1024169.0,1024776.7852220535,0.0005934423147483744,1024169.0,1023018.6932897568,-0.0011231610312782607
mhclg.council_tax_stock.band_c@E12000009@2025,council_tax_stock,False,587214.0,586099.308303833,-0.001898271662744744,587214.0,586460.6624765396,-0.0012829011628816551
mhclg.council_tax_stock.band_d@E12000001@2025,council_tax_stock,False,108432.0,108514.6448726654,0.0007621815761528448,108432.0,108486.77096176147,0.000505118062578156
mhclg.council_tax_stock.band_d@E12000002@2025,council_tax_stock,False,346489.0,346640.89738082886,0.0004383901965974603,346489.0,346349.7675037384,-0.0004018381428027922
mhclg.council_tax_stock.band_d@E12000003@2025,council_tax_stock,False,237496.0,237483.99088859558,-5.056553122755308e-05,237496.0,237319.9785346985,-0.0007411554944147003
mhclg.council_tax_stock.band_d@E12000004@2025,council_tax_stock,False,238335.0,238126.12706756592,-0.0008763837977388215,238335.0,238088.91067504883,-0.001032535401645465
mhclg.council_tax_stock.band_d@E12000005@2025,council_tax_stock,False,288790.0,288892.22273460263,0.0003539690938143075,288790.0,289259.12017265195,0.0016244335768272802
mhclg.council_tax_stock.band_d@E12000006@2025,council_tax_stock,False,485975.0,485387.6507373223,-0.001208599748295108,485975.0,485261.83913759084,-0.0014674846698063903
mhclg.council_tax_stock.band_d@E12000007@2025,council_tax_stock,False,929941.0,930067.9663539041,0.00013653162287081294,929941.0,930824.4720158904,0.0009500301802914478
mhclg.council_tax_stock.band_d@E12000008@2025,council_tax_stock,False,807114.0,806798.9860906601,-0.00039029667350573127,807114.0,805926.4046573639,-0.0014714096678240104
mhclg.council_tax_stock.band_d@E12000009@2025,council_tax_stock,False,404568.0,404870.18783569336,0.000746939539690137,404568.0,404839.88302469254,0.0006720329454937993
mhclg.council_tax_stock.band_e@E12000001@2025,council_tax_stock,False,58932.0,58708.52875518799,-0.0037920186793594605,58932.0,58828.08632659912,-0.0017632809577288893
mhclg.council_tax_stock.band_e@E12000002@2025,council_tax_stock,False,207825.0,207981.2329711914,0.0007517525379112535,207825.0,207745.35693740845,-0.0003832217615376049
mhclg.council_tax_stock.band_e@E12000003@2025,council_tax_stock,False,152517.0,152760.4509420395,0.0015962216804650613,152517.0,152540.63852214813,0.00015498942510102037
mhclg.council_tax_stock.band_e@E12000004@2025,council_tax_stock,False,149931.0,150015.4684267044,0.0005633820004162363,149931.0,150172.48236846924,0.0016106233431994602
mhclg.council_tax_stock.band_e@E12000005@2025,council_tax_stock,False,185672.0,185746.73205566406,0.0004024950216729636,185672.0,185450.54933166504,-0.001192698243865316
mhclg.council_tax_stock.band_e@E12000006@2025,council_tax_stock,False,301723.0,302064.2689078404,0.0011310669317235408,301723.0,302081.93274079834,0.001189610141747021
mhclg.council_tax_stock.band_e@E12000007@2025,council_tax_stock,False,551952.0,552325.0366301645,0.000675849766219676,551952.0,552201.4293124839,0.0004519039925281061
mhclg.council_tax_stock.band_e@E12000008@2025,council_tax_stock,False,529137.0,529146.0169086456,1.704078271908765e-05,529137.0,528914.2592964172,-0.0004209509136249472
mhclg.council_tax_stock.band_e@E12000009@2025,council_tax_stock,False,274120.0,274278.4754009247,0.0005781241825648717,274120.0,273778.388917923,-0.0012462099886072755
mhclg.council_tax_stock.band_f@E12000001@2025,council_tax_stock,False,25729.0,25775.728233337402,0.001816169821501121,25729.0,25686.15460205078,-0.0016652570231730245
mhclg.council_tax_stock.band_f@E12000002@2025,council_tax_stock,False,100117.0,99958.25249481201,-0.0015856198766242325,100117.0,100394.31674194336,0.0027699266053053864
mhclg.council_tax_stock.band_f@E12000003@2025,council_tax_stock,False,73172.0,73123.63964128494,-0.0006609134466060429,73172.0,73130.79101085663,-0.0005631797565102988
mhclg.council_tax_stock.band_f@E12000004@2025,council_tax_stock,False,71418.0,71433.54439926147,0.0002176538024234032,71418.0,71341.09436798096,-0.0010768382203232094
mhclg.council_tax_stock.band_f@E12000005@2025,council_tax_stock,False,102077.0,102066.87266921997,-9.92126608347551e-05,102077.0,102438.10886764526,0.003537612465543302
mhclg.council_tax_stock.band_f@E12000006@2025,council_tax_stock,False,166744.0,166552.83470344543,-0.0011464598219699984,166744.0,166707.11080169678,-0.00022123253792174024
mhclg.council_tax_stock.band_f@E12000007@2025,council_tax_stock,False,279261.0,279144.99192619324,-0.00041541093746267006,279261.0,279186.2597287496,-0.000267635907808202
mhclg.council_tax_stock.band_f@E12000008@2025,council_tax_stock,False,325815.0,326410.0446662903,0.0018263267998412695,325815.0,325896.89788913727,0.00025136316356603615
mhclg.council_tax_stock.band_f@E12000009@2025,council_tax_stock,False,139412.0,139273.56274032593,-0.000993008203555449,139412.0,139426.17563056946,0.0001016815666474766
mhclg.council_tax_stock.band_g@E12000001@2025,council_tax_stock,False,14062.0,14076.558532714844,0.0010353102485310588,14062.0,14047.497665405273,-0.0010313137956710684
mhclg.council_tax_stock.band_g@E12000002@2025,council_tax_stock,False,62587.0,62479.37763786316,-0.0017195641608775116,62587.0,62711.26148223877,0.0019854200111647713
mhclg.council_tax_stock.band_g@E12000003@2025,council_tax_stock,False,40487.0,40558.9407081604,0.0017768841396102548,40487.0,40521.42942047119,0.0008503821095954604
mhclg.council_tax_stock.band_g@E12000004@2025,council_tax_stock,False,37892.0,37878.61399459839,-0.0003532673229602905,37892.0,37826.26502990723,-0.0017347981128674505
mhclg.council_tax_stock.band_g@E12000005@2025,council_tax_stock,False,60209.0,60203.69123840332,-8.817222668836366e-05,60209.0,60540.691719055176,0.005509005614695075
mhclg.council_tax_stock.band_g@E12000006@2025,council_tax_stock,False,108700.0,108689.91599845886,-9.276910341433022e-05,108700.0,108519.1352443695,-0.0016638891962326879
mhclg.council_tax_stock.band_g@E12000007@2025,council_tax_stock,False,207056.0,207102.33735466003,0.00022379141227510518,207056.0,207141.2941417694,0.0004119375520120604
mhclg.council_tax_stock.band_g@E12000008@2025,council_tax_stock,False,255206.0,255706.63027000427,0.0019616712381537757,255206.0,255268.3055448532,0.00024413824460714265
mhclg.council_tax_stock.band_g@E12000009@2025,council_tax_stock,False,75533.0,75494.89457321167,-0.0005044871352697507,75533.0,75405.47719573975,-0.001688305830037916
mhclg.council_tax_stock.band_h@E12000004@2025,council_tax_stock,False,2779.0,2777.045166015625,-0.0007034307248560633,2779.0,2777.9176025390625,-0.00038949170958528246
mhclg.council_tax_stock.band_h@E12000005@2025,council_tax_stock,False,5285.0,5266.8173828125,-0.0034404195245979186,5285.0,5291.618865966797,0.0012523871271138836
mhclg.council_tax_stock.band_h@E12000006@2025,council_tax_stock,False,13447.0,13547.438842773438,0.007469237954446159,13447.0,13456.193542480469,0.0006836872522100654
mhclg.council_tax_stock.band_h@E12000007@2025,council_tax_stock,False,59569.0,59460.119148254395,-0.0018278106354917066,59569.0,59661.832778930664,0.001558407543028489
mhclg.council_tax_stock.band_h@E12000008@2025,council_tax_stock,False,36978.0,37319.16191101074,0.009226077965567153,36978.0,37060.821212768555,0.0022397428949254877
mhclg.council_tax_stock.band_h@E12000009@2025,council_tax_stock,False,6697.0,6735.3565673828125,0.005727425322205839,6697.0,6727.3978271484375,0.004539021524329924
mhclg.council_tax_stock.total@E12000001@2025,council_tax_stock,False,1209414.0,1206925.1146354675,-0.0020579267021321656,1209414.0,1208183.1162862778,-0.0010177521623879243
mhclg.council_tax_stock.total@E12000002@2025,council_tax_stock,False,3261518.0,3255410.88693125,-0.0018724756597235177,3261518.0,3256420.6549649504,-0.0015628750278396742
mhclg.council_tax_stock.total@E12000003@2025,council_tax_stock,False,2385734.0,2382875.0190529823,-0.0011983653445931817,2385734.0,2383425.2579259872,-0.0009677282018920618
mhclg.council_tax_stock.total@E12000004@2025,council_tax_stock,False,2103116.0,2101807.5514097214,-0.0006221476087284893,2103116.0,2101742.5861968994,-0.0006530375895103199
mhclg.council_tax_stock.total@E12000005@2025,council_tax_stock,False,2499856.0,2498620.0952364304,-0.0004943903823138572,2499856.0,2497964.7861692035,-0.000756529108395258
mhclg.council_tax_stock.total@E12000006@2025,council_tax_stock,False,2718131.0,2716071.6188171823,-0.000757646037964227,2718131.0,2717678.3786505917,-0.00016651932868882747
mhclg.council_tax_stock.total@E12000007@2025,council_tax_stock,False,3601163.0,3601848.195103911,0.000190270505364855,3601163.0,3603699.7494904506,0.0007044250678046515
mhclg.council_tax_stock.total@E12000008@2025,council_tax_stock,False,3947536.0,3948744.4631299973,0.00030613099665139303,3947536.0,3946129.192466259,-0.0003563761125271555
mhclg.council_tax_stock.total@E12000009@2025,council_tax_stock,False,2519799.0,2518985.601205826,-0.0003228030466613386,2519799.0,2517808.3393206596,-0.0007900077265449992
nithc.public_transport_support@2025,dft_local_bus,False,111700000.0,111492148.58393034,-0.0018608005019664872,111700000.0,111369169.32507615,-0.002961778647483009
obr.attendance_allowance@2025,obr,False,8492497075.074617,8464315474.324637,-0.003318411593298354,8492497075.074617,8496723961.439579,0.0004977200848696773
obr.carers_allowance@2025,obr,False,4569403813.760573,4569753917.682451,7.661916874659608e-05,4569403813.760573,4566280297.322933,-0.0006835719855255182
obr.child_benefit@2025,obr,False,13389272724.45089,16031537202.628736,0.1973418969465505,13389272724.45089,16093392774.334671,0.20196168272423332
obr.council_tax@2025,obr,False,50925163826.30539,44769794834.09963,-0.1208708726632746,50925163826.30539,44713092400.90159,-0.12198431892319128
obr.esa@2025,obr,False,7206287181.538654,6498237299.695721,-0.09825446363792485,7206287181.538654,6484384983.319413,-0.10017671791774246
obr.fuel_duties_cars@2025,obr,False,14400000000.0,12015455374.64862,-0.16559337676051245,14400000000.0,11694310794.288483,-0.1878950837299665
obr.income_tax@2025,obr,False,331437583074.4429,288873911060.3093,-0.12842138063918204,331437583074.4429,288619837451.67487,-0.1291879612009809
obr.jobseekers_allowance@2025,obr,False,280558748.04472804,279958185.4513395,-0.0021405947865607558,280558748.04472804,280524909.81038904,-0.00012061015589363886
obr.ni@2025,obr,False,200081395082.7125,196428193894.51556,-0.018258575149811992,200081395082.7125,196205647853.52615,-0.019370852685149105
obr.ni_employee@2025,obr,False,49544363784.26465,47677389950.58033,-0.03768287028195267,49544363784.26465,47619370001.47669,-0.03885394090779175
obr.ni_employer@2025,obr,False,145324007512.71753,145850768556.15732,0.003624735186260888,145324007512.71753,145691143834.90195,0.0025263294652281667
obr.ni_self_employed@2025,obr,False,2902816090.4147716,2900035497.4771214,-0.0009578949720004123,2902816090.4147716,2895134122.4537234,-0.002646384656063582
obr.pension_credit@2025,obr,False,6146422389.476461,6131573069.689932,-0.002415928949489977,6146422389.476461,6148532462.373933,0.00034330099100969195
obr.pip@2025,obr,False,36910059270.5278,36874599088.03161,-0.0009607186549415113,36910059270.5278,36893177551.5838,-0.00045737447399549626
obr.sdlt@2025,obr,False,15406516698.785578,15374327355.247734,-0.002089332985981253,15406516698.785578,15403357328.377039,-0.00020506714595570176
obr.state_pension@2025,obr,False,146185954351.57382,135388915617.3279,-0.07385824980339287,146185954351.57382,134955910500.40097,-0.07682026567453161
obr.statutory_maternity_pay@2025,obr,False,3194800881.520547,3201543213.261227,0.002110407499784852,3194800881.520547,3189475432.153539,-0.0016669111986951485
obr.tv_licence_fee@2025,obr,False,3872000000.0,3870761512.745221,-0.00031985724555239206,3872000000.0,3871678431.2333283,-8.304978478090329e-05
obr.universal_credit@2025,obr,False,79286349139.54411,79166803620.77298,-0.0015077692448763544,79286349139.54411,79242444606.85077,-0.0005537464288596775
obr.vat@2025,obr,False,180168938685.41794,218219977029.93292,0.21119643942041305,180168938685.41794,219852023437.29694,0.2202548621389574
obr.winter_fuel_allowance@2025,obr,False,1911040880.4619167,1885485588.748808,-0.013372446384784726,1911040880.4619167,1870431517.3102238,-0.021249866272812123
ons.household_composition.couple_3_plus_children_households@2025,ons_household_composition,False,931000.0,931460.5526982867,0.0004946860346796089,931000.0,930564.8835735321,-0.00046736458267228304
ons.household_composition.couple_no_children_households@2025,ons_household_composition,False,8119000.0,8120444.919556134,0.00017796767534602543,8119000.0,8125613.702006986,0.000814595640717621
ons.household_composition.couple_non_dependent_children_only_households@2025,ons_household_composition,False,1848000.0,1847621.5034827339,-0.00020481413271977643,1848000.0,1849659.8236091193,0.0008981729486576197
ons.household_composition.couple_under_3_children_households@2025,ons_household_composition,False,5439000.0,5437932.706181859,-0.00019622978822234486,5439000.0,5438242.758170494,-0.00013922445844936966
ons.household_composition.lone_households_over_65@2025,ons_household_composition,False,4254000.0,4250446.745724829,-0.0008352736895089531,4254000.0,4256640.070872935,0.0006206090439432382
ons.household_composition.lone_households_under_65@2025,ons_household_composition,False,4316000.0,4312240.722036762,-0.0008710097227149761,4316000.0,4313246.689761637,-0.0006379310098153895
ons.household_composition.lone_parent_dependent_children_households@2025,ons_household_composition,False,1835000.0,1833730.5642666817,-0.0006917905903642119,1835000.0,1836491.899989656,0.000813024517523673
ons.household_composition.lone_parent_non_dependent_children_households@2025,ons_household_composition,False,1204000.0,1207919.7250995636,0.0032555856308667764,1204000.0,1203593.9623882824,-0.0003372405412936803
ons.household_composition.multi_family_households@2025,ons_household_composition,False,244000.0,243946.38682937622,-0.00021972610911384958,244000.0,243187.5108795166,-0.003329873444604092
ons.household_composition.unrelated_adult_households@2025,ons_household_composition,False,813000.0,812647.3109092712,-0.00043381191971557164,813000.0,810555.1048545837,-0.003007251101373013
ons.household_energy_expenditure@2025,ons_national_accounts,False,43427000000.0,43402765371.90854,-0.0005580543922320488,43427000000.0,43432824008.44851,0.00013411031037164015
ons.land.corporate_land_value@2025,ons_land,False,2103053000000.0,2102251629065.8828,-0.00038105123081405345,2103053000000.0,2102811058245.8435,-0.0001150431083555641
ons.land.household_land_value@2025,ons_land,False,4559831000000.0,4559926839959.675,2.1018313984620196e-05,4559831000000.0,4564462198151.677,0.0010156512712152616
ons.land.land_value@2025,ons_land,False,7117771000000.0,6662178468268.26,-0.06400775351324736,7117771000000.0,6667273267214.528,-0.06329196777832156
ons.population.age_0_9_by_region@E12000001@2025,ons_population,False,285165.0,284609.9429988861,-0.0019464415377549544,285165.0,284882.98040390015,-0.0009889698809456052
ons.population.age_0_9_by_region@E12000002@2025,ons_population,False,865892.0,865455.561085701,-0.0005040338914079484,865892.0,865253.5372724533,-0.0007373468371883467
ons.population.age_0_9_by_region@E12000003@2025,ons_population,False,626938.0,626571.9527072906,-0.0005838652190636882,626938.0,627410.3740434647,0.0007534621341578604
ons.population.age_0_9_by_region@E12000004@2025,ons_population,False,543004.0,542600.5250740051,-0.0007430422722390131,543004.0,542759.5196266174,-0.000450236781649064
ons.population.age_0_9_by_region@E12000005@2025,ons_population,False,718837.0,718518.2166614532,-0.0004434709656664208,718837.0,718159.8528442383,-0.000942003758517882
ons.population.age_0_9_by_region@E12000006@2025,ons_population,False,744698.0,744733.5138652509,4.76889494142072e-05,744698.0,744496.9020848642,-0.00027003955312863694
ons.population.age_0_9_by_region@E12000007@2025,ons_population,False,1054493.0,1054045.5713834763,-0.00042430686265697607,1054493.0,1054714.1689778024,0.00020973963582725206
ons.population.age_0_9_by_region@E12000008@2025,ons_population,False,1059434.0,1058727.9531116486,-0.000666437822791642,1059434.0,1058950.7117414474,-0.00045617590010567084
ons.population.age_0_9_by_region@E12000009@2025,ons_population,False,575506.0,575020.3139476776,-0.0008439287380537956,575506.0,575157.5919265747,-0.0006053943372011638
ons.population.age_0_9_by_region@N92000002@2025,ons_population,False,229505.0,229853.9004907608,0.001520230455810563,229505.0,228803.52364635468,-0.003056475256074267
ons.population.age_0_9_by_region@S92000003@2025,ons_population,False,527989.0,527794.9173984528,-0.0003675883428390387,527989.0,528263.7163276672,0.0005203069148547343
ons.population.age_0_9_by_region@W92000004@2025,ons_population,False,321552.0,321050.732875824,-0.0015588991024034226,321552.0,321556.9823627472,1.5494734124472504e-05
ons.population.age_10_19_by_region@E12000001@2025,ons_population,False,326306.0,325976.6063747406,-0.0010094623612786752,326306.0,325505.3555135727,-0.0024536615521237952
ons.population.age_10_19_by_region@E12000002@2025,ons_population,False,952864.0,952052.4070858107,-0.0008517405570882397,952864.0,952010.330947876,-0.0008958981052112615
ons.population.age_10_19_by_region@E12000003@2025,ons_population,False,696780.0,696847.7113595009,9.717753021166653e-05,696780.0,696900.1353702545,0.00017241506681379574
ons.population.age_10_19_by_region@E12000004@2025,ons_population,False,615630.0,614734.3473949432,-0.001454855359642582,615630.0,615106.633980751,-0.0008501307916264028
ons.population.age_10_19_by_region@E12000005@2025,ons_population,False,785062.0,785543.875207477,0.0006138052885976093,785062.0,784186.1659107208,-0.0011156241026558092
ons.population.age_10_19_by_region@E12000006@2025,ons_population,False,785091.0,784457.7626464551,-0.0008065782865233649,785091.0,785502.9679544889,0.0005247391123945337
ons.population.age_10_19_by_region@E12000007@2025,ons_population,False,1068691.0,1068464.3065729141,-0.00021212251912468288,1068691.0,1069124.3701606863,0.0004055149343321108
ons.population.age_10_19_by_region@E12000008@2025,ons_population,False,1183235.0,1183052.2799797058,-0.00015442411718229215,1183235.0,1182931.2817587852,-0.0002566846325664405
ons.population.age_10_19_by_region@E12000009@2025,ons_population,False,677228.0,677339.0187215805,0.0001639310861046876,677228.0,676808.4508805275,-0.0006195094111178269
ons.population.age_10_19_by_region@N92000002@2025,ons_population,False,252764.0,253409.34803533554,0.002553164356219797,252764.0,252143.42802143097,-0.0024551438439375495
ons.population.age_10_19_by_region@S92000003@2025,ons_population,False,612935.0,612865.6775856018,-0.00011309912861591091,612935.0,613997.6536617279,0.0017337134634633447
ons.population.age_10_19_by_region@W92000004@2025,ons_population,False,374851.0,374968.99680805206,0.0003147832286750282,374851.0,374858.54680252075,2.0132806156984917e-05
ons.population.age_20_29_by_region@E12000001@2025,ons_population,False,343015.0,342763.2720069885,-0.0007338687608748148,343015.0,343181.33808135986,0.00048492946769051874
ons.population.age_20_29_by_region@E12000002@2025,ons_population,False,986590.0,986526.0422205076,-6.482711105156953e-05,986590.0,986378.7287041717,-0.00021414295282567137
ons.population.age_20_29_by_region@E12000003@2025,ons_population,False,717479.0,717085.464466095,-0.0005484976339447277,717479.0,717121.3805046082,-0.0004984389722791129
ons.population.age_20_29_by_region@E12000004@2025,ons_population,False,612108.0,612098.2460422516,-1.593502739453346e-05,612108.0,610928.4758396149,-0.0019269870029229022
ons.population.age_20_29_by_region@E12000005@2025,ons_population,False,766058.0,766542.9874440753,0.0006330949406902482,766058.0,766071.0747070312,1.7067515816361162e-05
ons.population.age_20_29_by_region@E12000006@2025,ons_population,False,727218.0,727476.6374969482,0.00035565332121625454,727218.0,726905.135887146,-0.00043022052926908286
ons.population.age_20_29_by_region@E12000007@2025,ons_population,False,1508607.0,1507259.431204086,-0.0008932537075023935,1508607.0,1507400.5175702733,-0.000799732753279514
ons.population.age_20_29_by_region@E12000008@2025,ons_population,False,1066121.0,1066585.0860977173,0.0004353034015062879,1066121.0,1065619.488936901,-0.00047040726437140573
ons.population.age_20_29_by_region@E12000009@2025,ons_population,False,684393.0,684861.380903244,0.0006843741874098925,684393.0,683110.0084037781,-0.0018746416112115755
ons.population.age_20_29_by_region@N92000002@2025,ons_population,False,219525.0,219736.91438388824,0.0009653314378236858,219525.0,218806.90545511246,-0.0032711287775312277
ons.population.age_20_29_by_region@S92000003@2025,ons_population,False,703554.0,701364.6888618469,-0.003111788346243609,703554.0,703771.0460548401,0.00030849949661303596
ons.population.age_20_29_by_region@W92000004@2025,ons_population,False,380557.0,380362.6153793335,-0.0005107897651771059,380557.0,379625.18937683105,-0.0024485441685974645
ons.population.age_30_39_by_region@E12000001@2025,ons_population,False,363357.0,362320.89476394653,-0.002851480048694443,363357.0,362730.8352832794,-0.001723276878443462
ons.population.age_30_39_by_region@E12000002@2025,ons_population,False,1064968.0,1065548.3231199475,0.0005449207111832975,1064968.0,1064980.5623272152,1.1795966841459266e-05
ons.population.age_30_39_by_region@E12000003@2025,ons_population,False,770809.0,770560.1672348976,-0.0003228202642968446,770809.0,771101.5872774124,0.000379584666775316
ons.population.age_30_39_by_region@E12000004@2025,ons_population,False,676709.0,676543.4868240356,-0.00024458545100531465,676709.0,676855.4376506805,0.0002163967830789039
ons.population.age_30_39_by_region@E12000005@2025,ons_population,False,839114.0,838854.9021657913,-0.00030877548725053735,839114.0,838271.9603252411,-0.0010034866236994153
ons.population.age_30_39_by_region@E12000006@2025,ons_population,False,895639.0,895252.0604333878,-0.0004320262590309753,895639.0,895491.7495954221,-0.00016440820975631377
ons.population.age_30_39_by_region@E12000007@2025,ons_population,False,1537372.0,1534018.7645695263,-0.00218114771862223,1537372.0,1520932.5486141013,-0.010693216336643798
ons.population.age_30_39_by_region@E12000008@2025,ons_population,False,1284552.0,1284259.926044464,-0.00022737417834068895,1284552.0,1284047.2275218964,-0.00039295604857073725
ons.population.age_30_39_by_region@E12000009@2025,ons_population,False,742082.0,742132.8662395477,6.85453083995158e-05,742082.0,740859.9302959442,-0.0016468122175929158
ons.population.age_30_39_by_region@N92000002@2025,ons_population,False,254067.0,254494.06637835503,0.0016809203019480146,254067.0,253371.57933855057,-0.0027371546145285785
ons.population.age_30_39_by_region@S92000003@2025,ons_population,False,733480.0,732783.4366836548,-0.0009496691339166914,733480.0,734308.2886818965,0.0011292587144796312
ons.population.age_30_39_by_region@W92000004@2025,ons_population,False,410248.0,410204.61909103394,-0.00010574313333901555,410248.0,409949.1360168457,-0.0007284958931044073
ons.population.age_40_49_by_region@E12000001@2025,ons_population,False,320860.0,321013.66044425964,0.00047890183961741433,320860.0,320177.2532129288,-0.002127865072216007
ons.population.age_40_49_by_region@E12000002@2025,ons_population,False,930967.0,930497.6449722395,-0.0005041586090167486,930967.0,930032.6222267151,-0.0010036636887074538
ons.population.age_40_49_by_region@E12000003@2025,ons_population,False,674349.0,674379.5499053001,4.53028110075649e-05,674349.0,674051.2739686966,-0.0004415014055087288
ons.population.age_40_49_by_region@E12000004@2025,ons_population,False,610611.0,609682.2416114807,-0.001521031210573159,610611.0,610940.2086181641,0.0005391462292098611
ons.population.age_40_49_by_region@E12000005@2025,ons_population,False,746341.0,746289.8564990209,-6.852564843557897e-05,746341.0,744575.4932479858,-0.0023655497313080217
ons.population.age_40_49_by_region@E12000006@2025,ons_population,False,838578.0,838616.4733310112,4.587925155590736e-05,838578.0,837817.9980202455,-0.0009062984954942047
ons.population.age_40_49_by_region@E12000007@2025,ons_population,False,1268973.0,1258015.5042910683,-0.008634932113553009,1268973.0,1232290.2601089694,-0.028907423476331327
ons.population.age_40_49_by_region@E12000008@2025,ons_population,False,1255951.0,1255119.7139348984,-0.0006618777843256812,1255951.0,1254866.4461565018,-0.000863531971787299
ons.population.age_40_49_by_region@E12000009@2025,ons_population,False,688417.0,687546.2866687775,-0.0012648050981055583,688417.0,687633.4740829468,-0.0011381559680444014
ons.population.age_40_49_by_region@N92000002@2025,ons_population,False,246140.0,246243.06718850136,0.00041873400707466494,246140.0,245386.6356704235,-0.0030607147541094185
ons.population.age_40_49_by_region@S92000003@2025,ons_population,False,675368.0,675158.1136274338,-0.00031077334514845704,675368.0,676214.7644042969,0.001253782240640473
ons.population.age_40_49_by_region@W92000004@2025,ons_population,False,365951.0,365483.1434059143,-0.0012784678661506414,365951.0,366183.8174495697,0.0006361984242964281
ons.population.age_50_59_by_region@E12000001@2025,ons_population,False,360074.0,359886.9211444855,-0.0005195566897763414,360074.0,359628.03360557556,-0.0012385409510946041
ons.population.age_50_59_by_region@E12000002@2025,ons_population,False,995810.0,995746.7963461027,-6.346959148559988e-05,995810.0,995667.1297492981,-0.00014347139585051797
ons.population.age_50_59_by_region@E12000003@2025,ons_population,False,736903.0,736626.5655660629,-0.0003751300156697323,736903.0,736209.3869342804,-0.0009412542298234699
ons.population.age_50_59_by_region@E12000004@2025,ons_population,False,676307.0,675686.4504814148,-0.0009175559599193932,676307.0,674461.175704956,-0.0027292698361009796
ons.population.age_50_59_by_region@E12000005@2025,ons_population,False,794143.0,794746.8683930957,0.0007604025888230153,794143.0,794833.3574810028,0.0008693112965836224
ons.population.age_50_59_by_region@E12000006@2025,ons_population,False,866946.0,866605.7335467706,-0.0003924886362349634,866946.0,866499.2777552973,-0.0005152826643213594
ons.population.age_50_59_by_region@E12000007@2025,ons_population,False,1087518.0,1086155.139494896,-0.001253184319803502,1087518.0,1087446.177359767,-6.604271398999801e-05
ons.population.age_50_59_by_region@E12000008@2025,ons_population,False,1287719.0,1287957.7299718857,0.00018538980312139618,1287719.0,1286224.9914159775,-0.0011601976704719913
ons.population.age_50_59_by_region@E12000009@2025,ons_population,False,784718.0,785513.1134653091,0.0010132473899020324,784718.0,783708.9664463997,-0.0012858549868874057
ons.population.age_50_59_by_region@N92000002@2025,ons_population,False,255269.0,255796.59795570374,0.0020668312866181766,255269.0,254921.80899190903,-0.0013600985943885582
ons.population.age_50_59_by_region@S92000003@2025,ons_population,False,766715.0,765937.3916301727,-0.001014207847540834,766715.0,767316.1259221156,0.0007840278618725812
ons.population.age_50_59_by_region@W92000004@2025,ons_population,False,424694.0,424568.29020404816,-0.0002960008758113919,424694.0,424001.93039894104,-0.0016295723534096548
ons.population.age_60_69_by_region@E12000001@2025,ons_population,False,349719.0,349593.85594177246,-0.00035784174788198254,349719.0,350079.72489356995,0.0010314706766573914
ons.population.age_60_69_by_region@E12000002@2025,ons_population,False,884043.0,883623.4940605164,-0.0004745311477876558,884043.0,885014.1277721615,0.0010985073940538007
ons.population.age_60_69_by_region@E12000003@2025,ons_population,False,652931.0,652570.0643081665,-0.0005527930085008923,652931.0,652753.3075962067,-0.00027214576087417346
ons.population.age_60_69_by_region@E12000004@2025,ons_population,False,591429.0,592810.8889827728,0.0023365255724234475,591429.0,590916.2444839478,-0.000866977297447785
ons.population.age_60_69_by_region@E12000005@2025,ons_population,False,677922.0,677563.8161260211,-0.0005283555836496074,677922.0,677699.1786443316,-0.0003286828804322064
ons.population.age_60_69_by_region@E12000006@2025,ons_population,False,744651.0,744053.5699324976,-0.0008022953940872003,744651.0,744580.7952018884,-9.427879383976609e-05
ons.population.age_60_69_by_region@E12000007@2025,ons_population,False,787666.0,787340.3348808289,-0.00041345585460225855,787666.0,787443.1492080688,-0.00028292549371326467
ons.population.age_60_69_by_region@E12000008@2025,ons_population,False,1089421.0,1089254.1041965485,-0.0001531967930226589,1089421.0,1087982.7048082352,-0.0013202381740069556
ons.population.age_60_69_by_region@E12000009@2025,ons_population,False,736639.0,736440.7810535431,-0.0002690855988576619,736639.0,736729.4151439667,0.0001227400992435573
ons.population.age_60_69_by_region@N92000002@2025,ons_population,False,223111.0,223016.45362138748,-0.0004237638601974726,223111.0,222774.52694416046,-0.0015080971168590458
ons.population.age_60_69_by_region@S92000003@2025,ons_population,False,721727.0,721488.6410321316,-0.0003302619520516461,721727.0,722357.882061871,0.0008741283918586966
ons.population.age_60_69_by_region@W92000004@2025,ons_population,False,401775.0,401787.2392578125,3.0462965123514406e-05,401775.0,401140.16132831573,-0.00158008505179333
ons.population.age_70_79_by_region@E12000001@2025,ons_population,False,265573.0,265352.5727844238,-0.0008300061210144551,265573.0,266060.34198379517,0.0018350584727934165
ons.population.age_70_79_by_region@E12000002@2025,ons_population,False,669277.0,669028.6429100037,-0.00037108266083600344,669277.0,668998.8210462675,-0.00041564098830899654
ons.population.age_70_79_by_region@E12000003@2025,ons_population,False,504131.0,502623.55839538574,-0.0029901783556541012,504131.0,504384.1554365158,0.0005021620105008581
ons.population.age_70_79_by_region@E12000004@2025,ons_population,False,466530.0,466128.36456394196,-0.0008608994835445619,466530.0,466180.3068809509,-0.0007495619125223935
ons.population.age_70_79_by_region@E12000005@2025,ons_population,False,528207.0,527308.1121683877,-0.0017017719030839374,528207.0,528500.3551902771,0.000555379217384661
ons.population.age_70_79_by_region@E12000006@2025,ons_population,False,599882.0,599092.2607718247,-0.0013164909568469374,599882.0,599632.136632039,-0.00041652086237130157
ons.population.age_70_79_by_region@E12000007@2025,ons_population,False,485057.0,484442.09627628326,-0.0012676937426255798,485057.0,484968.76715278625,-0.00018190201814167225
ons.population.age_70_79_by_region@E12000008@2025,ons_population,False,865392.0,865970.3027620316,0.0006682552670137408,865392.0,865775.5456161499,0.0004432044855393883
ons.population.age_70_79_by_region@E12000009@2025,ons_population,False,618254.0,617349.0966053009,-0.0014636434130617783,618254.0,617910.3784999847,-0.0005557934117939533
ons.population.age_70_79_by_region@N92000002@2025,ons_population,False,155382.0,155182.01890945435,-0.0012870286812221125,155382.0,154944.93183135986,-0.0028128622919008426
ons.population.age_70_79_by_region@S92000003@2025,ons_population,False,519252.0,518779.34658813477,-0.000910258240440546,519252.0,521303.9208011627,0.003951685888860745
ons.population.age_70_79_by_region@W92000004@2025,ons_population,False,321668.0,320977.74789333344,-0.0021458525767765677,321668.0,321257.59186935425,-0.0012758749102980463
ons.population.age_80_89_by_region@E12000001@2025,ons_population,False,122118.0,121468.60262298584,-0.005317785887536319,122118.0,122270.84713745117,0.0012516347913589469
ons.population.age_80_89_by_region@E12000002@2025,ons_population,False,324141.0,324328.1623210907,0.0005774102044810692,324141.0,324116.27251052856,-7.628621331900484e-05
ons.population.age_80_89_by_region@E12000003@2025,ons_population,False,243274.0,244611.01162147522,0.00549590840564639,243274.0,243523.44748687744,0.0010253766817557215
ons.population.age_80_89_by_region@E12000004@2025,ons_population,False,225626.0,224939.7790260315,-0.003041409119376782,225626.0,225789.9478149414,0.0007266352944315205
ons.population.age_80_89_by_region@E12000005@2025,ons_population,False,275030.0,274663.54776763916,-0.0013324082185973889,275030.0,274857.6017303467,-0.0006268344168029681
ons.population.age_80_89_by_region@E12000006@2025,ons_population,False,305691.0,304833.524810791,-0.0028050390401058076,305691.0,305457.14025878906,-0.0007650200405341914
ons.population.age_80_89_by_region@E12000007@2025,ons_population,False,237061.0,236868.22968771245,-0.0008131675488062299,237061.0,237173.18129064824,0.0004732169806431144
ons.population.age_80_89_by_region@E12000008@2025,ons_population,False,447958.0,448803.9723072052,0.001888508090502235,447958.0,447887.92633247375,-0.00015642910167079307
ons.population.age_80_89_by_region@E12000009@2025,ons_population,False,313605.0,313154.55645370483,-0.0014363404483192742,313605.0,313344.3195858002,-0.0008312380676323053
ons.population.age_80_89_by_region@N92000002@2025,ons_population,False,77441.0,77351.94020271301,-0.001150034184566151,77441.0,77342.3116607666,-0.0012743680896863216
ons.population.age_80_89_by_region@S92000003@2025,ons_population,False,238904.0,237507.3569869995,-0.0058460428163634275,238904.0,239402.64144134521,0.002087204238293268
ons.population.age_80_89_by_region@W92000004@2025,ons_population,False,154319.0,154141.38262557983,-0.001150975410805967,154319.0,154380.5976448059,0.00039915787949577306
ons.population.female_0_4@2025,ons_population,False,1744355.0,1742985.2922632694,-0.000785223040453678,1744355.0,1744316.31578686,-2.2176800674202262e-05
ons.population.female_10_14@2025,ons_population,False,2052052.0,2051975.3098326556,-3.737242883923415e-05,2052052.0,2051978.292818363,-3.591876893808858e-05
ons.population.female_15_19@2025,ons_population,False,2002835.0,2001723.708850299,-0.0005548590621299267,2002835.0,2003254.8024242956,0.0002096040983383916
ons.population.female_20_24@2025,ons_population,False,2034609.0,2034606.7757162955,-1.0932241548789832e-06,2034609.0,2034386.9343824387,-0.00010914412428203175
ons.population.female_25_29@2025,ons_population,False,2291610.0,2289598.055078826,-0.000877961311555669,2291610.0,2287424.348819744,-0.0018265111342052785
ons.population.female_30_34@2025,ons_population,False,2463301.0,2462376.36257822,-0.000375365179399432,2463301.0,2449206.532013841,-0.005721780645629189
ons.population.female_35_39@2025,ons_population,False,2472291.0,2470152.486272335,-0.0008649927244264318,2472291.0,2470883.6583287134,-0.0005692459630709396
ons.population.female_40_44@2025,ons_population,False,2333109.0,2331627.573281127,-0.0006349582119279348,2333109.0,2330037.14648987,-0.0013166352322717012
ons.population.female_45_49@2025,ons_population,False,2088285.0,2086710.9461190884,-0.0007537543395233665,2088285.0,2086074.4142370592,-0.001058565168519054
ons.population.female_50_54@2025,ons_population,False,2255231.0,2255495.922010974,0.00011747001126449007,2255231.0,2253847.5852726465,-0.0006134248453278138
ons.population.female_55_59@2025,ons_population,False,2360202.0,2360069.2718506227,-5.6235927847394104e-05,2360202.0,2359163.225756682,-0.00044012090631141324
ons.population.female_5_9@2025,ons_population,False,1941658.0,1940493.6505188942,-0.0005996676454379734,1941658.0,1940357.1859574427,-0.0006699501367167976
ons.population.female_60_64@2025,ons_population,False,2193915.0,2191220.3231972773,-0.0012282503208751192,2193915.0,2191151.053809984,-0.0012598237352020832
ons.population.female_65_69@2025,ons_population,False,1838574.0,1840315.3586513125,0.0009471245929250243,1838574.0,1840826.6427289569,0.001225211891910188
ons.population.female_70_74@2025,ons_population,False,1622996.0,1621580.1644964975,-0.0008723592069866568,1622996.0,1622437.1698681884,-0.00034432009186193647
ons.population.female_75_79@2025,ons_population,False,1551183.0,1548807.0104699503,-0.0015317274171066405,1551183.0,1551826.7120423685,0.0004149813673618669
ons.population.female_80_84@2025,ons_population,False,1024480.0,1025348.5131001581,0.000847759936902696,1024480.0,1024382.9508900751,-9.47301166688797e-05
ons.population.female_85_89@2025,ons_population,False,665267.0,663693.7828521729,-0.0023647905996045924,665267.0,665480.7504787445,0.0003213002880715665
ons.population.female_90_plus@2025,ons_population,False,414716.0,415213.40118364186,0.0011993778480740192,414716.0,415028.6509261498,0.0007538916418700978
ons.population.male_0_4@2025,ons_population,False,1829801.0,1828830.5834515095,-0.0005303399377804057,1829801.0,1829627.4630785098,-9.483923196578023e-05
ons.population.male_10_14@2025,ons_population,False,2152800.0,2152562.5578729995,-0.00011029455917899503,2152800.0,2151820.045634537,-0.0004551999096353568
ons.population.male_15_19@2025,ons_population,False,2123750.0,2123450.7612161636,-0.0001409011342372524,2123750.0,2122022.180086147,-0.000813570294927821
ons.population.male_20_24@2025,ons_population,False,2131646.0,2131875.620774269,0.00010771993767684878,2131646.0,2129692.4246470504,-0.000916463311895857
ons.population.male_25_29@2025,ons_population,False,2257360.0,2256582.3149375916,-0.00034451087217300175,2257360.0,2257415.5816724356,2.4622422845991063e-05
ons.population.male_30_34@2025,ons_population,False,2333326.0,2332847.006454712,-0.0002052835931576728,2333326.0,2331124.07374382,-0.000943685647089095
ons.population.male_35_39@2025,ons_population,False,2303479.0,2301597.658243322,-0.0008167392698948792,2303479.0,2301686.578842111,-0.0007781365308253594
ons.population.male_40_44@2025,ons_population,False,2196013.0,2186858.1871728897,-0.0041688336212537406,2196013.0,2163068.1956977844,-0.015002098941224654
ons.population.male_45_49@2025,ons_population,False,2005099.0,2002848.5493068008,-0.001122363879887815,2005099.0,2000990.490742731,-0.0020490306250559656
ons.population.male_50_54@2025,ons_population,False,2164862.0,2162712.046805457,-0.0009931132767551872,2164862.0,2162753.1251695952,-0.0009741382270115888
ons.population.male_55_59@2025,ons_population,False,2256521.0,2256950.3575328933,0.00019027411351071294,2256521.0,2255154.425566597,-0.0006056112189530209
ons.population.male_5_9@2025,ons_population,False,2037199.0,2036673.5753667539,-0.00025791522244324096,2037199.0,2036108.8964353194,-0.0005350992046827797
ons.population.male_60_64@2025,ons_population,False,2094462.0,2092904.4500098596,-0.0007436515869661838,2094462.0,2092292.5859523187,-0.0010357858236059
ons.population.male_65_69@2025,ons_population,False,1734083.0,1735103.1115355492,0.0005882714584879523,1734083.0,1735200.9355954642,0.0006446840176993801
ons.population.male_70_74@2025,ons_population,False,1473758.0,1472312.485072136,-0.0009808360177614472,1473758.0,1474711.6257305145,0.0006470707745196473
ons.population.male_75_79@2025,ons_population,False,1350668.0,1349534.4605899225,-0.0008392435521367953,1350668.0,1350941.7452995721,0.000202674009876687
ons.population.male_80_84@2025,ons_population,False,815910.0,814888.0688061822,-0.0012525048030024833,815910.0,816620.9959492792,0.0008714146772060248
ons.population.male_85_89@2025,ons_population,False,459511.0,458741.70167541504,-0.0016741673748505714,459511.0,459061.5375766754,-0.0009781320214849807
ons.population.male_90_plus@2025,ons_population,False,210520.0,210153.3474187851,-0.0017416520103311077,210520.0,210781.62977838516,0.001242778730691442
ons.population.scotland_babies_under_1@2025,ons_population,False,46776.0,46718.190574645996,-0.0012358779150419854,46776.0,46729.98052215576,-0.000983826702673129
ons.population.scotland_children_under_16@2025,ons_population,False,896833.0,896850.7508964539,1.9792867182471454e-05,896833.0,897583.6104698181,0.0008369567910838642
ons.population.uk_total@2025,ons_population,False,69281437.0,69241420.75256681,-0.0005775897436016747,69281437.0,69203138.91023126,-0.0011301452908480745
ons.public_sector_employment@2025,ons_employment,False,6146000.0,6146408.809994146,6.651643250019978e-05,6146000.0,6147193.431259426,0.0001941801593599558
orr.rail_government_support@2025,orr_rail,False,21621100549.34064,21630095912.89506,0.0004160455909213555,21621100549.34064,21621181757.981037,3.755990136154041e-06
scotgov.bus.government_support@2025,dft_local_bus,False,499000000.0,499433283.7901752,0.0008683041887278547,499000000.0,500256947.43159974,0.002518932728656786
scotgov.bus.passenger_revenue@2025,dft_local_bus,False,391000000.0,388643854.6842788,-0.0060259470990312375,391000000.0,390235686.8556029,-0.0019547650751843477
scotgov.council_tax_stock.band_a@2025,council_tax_stock,False,498707.0,497020.141664505,-0.003382463722175536,498707.0,499405.49267959595,0.0014006073297466192
scotgov.council_tax_stock.band_b@2025,council_tax_stock,False,583705.0,583027.2126274109,-0.0011611813717359134,583705.0,583733.0941151698,4.813067417588556e-05
scotgov.council_tax_stock.band_c@2025,council_tax_stock,False,426388.0,425330.3944672664,-0.0024803829674700205,426388.0,427475.85860234895,0.002551334939887961
scotgov.council_tax_stock.band_d@2025,council_tax_stock,False,369621.0,368154.1543941498,-0.003968512627394601,369621.0,369907.54976272583,0.0007752529286101982
scotgov.council_tax_stock.band_e@2025,council_tax_stock,False,366881.0,366802.6941642761,-0.00021343660675771423,366881.0,367493.32455444336,0.0016690004509455638
scotgov.council_tax_stock.band_f@2025,council_tax_stock,False,221282.0,221274.51622104645,-3.3820098126156877e-05,221282.0,221391.56819534302,0.0004951518665911261
scotgov.council_tax_stock.band_g@2025,council_tax_stock,False,142084.0,141809.02550315857,-0.0019352952960321405,142084.0,142337.68293571472,0.001785443369518888
scotgov.council_tax_stock.band_h@2025,council_tax_stock,False,14481.0,14478.901580810547,-0.00014490844482101546,14481.0,14466.259674072266,-0.0010179080124117377
scotgov.council_tax_stock.total@2025,council_tax_stock,False,2623149.0,2617897.0406226236,-0.0020021582370564396,2623149.0,2626210.8305194136,0.0011672346936501036
scotgov.scottish_child_payment_spending@2025,scotgov_social_security,False,471000000.0,470649557.5122337,-0.0007440392521578036,471000000.0,471354937.2886747,0.0007535823538741235
slc.borrowers.plan_5_above_threshold@2025,slc_borrowers,False,35000.0,34992.94677734375,-0.00020152064732142856,35000.0,34995.373779296875,-0.000132177734375
slc.repayments.england_plan_1@2025,slc_repayments,False,1852699178.55,1851842083.45906,-0.0004626196745068982,1852699178.55,1850524515.2923377,-0.001173781088068641
slc.repayments.england_plan_2@2025,slc_repayments,False,2778253361.64,2779780257.7217193,0.0005495884942682382,2778253361.64,2784834871.9286695,0.0023689381175748953
slc.repayments.england_total_higher_education@2025,slc_repayments,False,5018231834.949999,5022408978.767491,0.0008323935511309644,5018231834.949999,5017120672.348633,-0.0002214251230138941
slc.support.adult_dependants_grant_recipients@2025,slc_student_support,False,18611.0,15702.80029296875,-0.15626240970561764,18611.0,15660.629516601562,-0.1585283156949351
slc.support.adult_dependants_grant_spend@2025,slc_student_support,False,55364916.81,55666427.03857422,0.005445871608710837,55364916.81,55516931.63635254,0.00274568869802907
slc.support.maintenance_loan_recipients@2025,slc_student_support,False,1159761.0,1161001.3805103302,0.0010695139001313204,1159761.0,1159356.0105361938,-0.00034920079551403467
slc.support.maintenance_loan_spend@2025,slc_student_support,False,8591659718.080004,8601706708.275253,0.0011693887473344649,8591659718.080004,8581525293.27364,-0.0011795654319313312
slc.support.parents_learning_allowance_recipients@2025,slc_student_support,False,99645.0,90412.25402832031,-0.09265638990094523,99645.0,89760.37927246094,-0.09919836145856854
slc.support.parents_learning_allowance_spend@2025,slc_student_support,False,181421659.32,182994402.1533203,0.00866899155930573,181421659.32,181675007.64746094,0.0013964613068281834
welshgov.bus.public_support@2025,dft_local_bus,False,131489970.0,131356817.11180069,-0.0010126467303879867,131489970.0,131239482.4487902,-0.0019049935992061402
welshgov.council_tax_stock.band_a@2025,council_tax_stock,False,194973.29,195355.29622650146,0.0019592746601416874,194973.29,194473.8342590332,-0.0025616623741990764
welshgov.council_tax_stock.band_b@2025,council_tax_stock,False,285787.52,285829.3788471222,0.0001464684221416448,285787.52,285519.5241212845,-0.0009377452126514612
welshgov.council_tax_stock.band_c@2025,council_tax_stock,False,301699.86,301656.5366868973,-0.00014359739213239342,301699.86,301550.71332740784,-0.0004943544640430033
welshgov.council_tax_stock.band_d@2025,council_tax_stock,False,225179.88,224034.700466156,-0.005085621032589585,225179.88,225165.66347503662,-6.313408179888702e-05
welshgov.council_tax_stock.band_e@2025,council_tax_stock,False,185447.46,185598.83496189117,0.0008162687258762265,185447.46,185603.4116487503,0.0008409478822212681
welshgov.council_tax_stock.band_f@2025,council_tax_stock,False,114672.0,114573.23415756226,-0.0008612899612611984,114672.0,114248.14086532593,-0.003696274022203086
welshgov.council_tax_stock.band_g@2025,council_tax_stock,False,52211.0,52101.870948791504,-0.002090154396745822,52211.0,52105.765995025635,-0.0020155523735298163
welshgov.council_tax_stock.band_h@2025,council_tax_stock,False,12357.0,12298.32290649414,-0.004748490208453458,12357.0,12445.14096069336,0.007132876967982469
welshgov.council_tax_stock.band_i@2025,council_tax_stock,False,5305.0,5320.9476318359375,0.0030061511472078226,5305.0,5308.781661987305,0.0007128486309716658
welshgov.council_tax_stock.total@2025,council_tax_stock,False,1377633.03,1376769.122833252,-0.0006270952771421826,1377633.03,1376420.9763145447,-0.0008798088163256003
