row,name,family,subfamily,geography_level,state_fips,value,weight,weight_share
0,usda_snap.fy2024.state_average_monthly_households.nero.me.average_monthly_households,snap,snap_households,state,23,101167.3333,0.5430199117916439,0.00012178064852918679
1,usda_snap.fy2024.state_average_monthly_households.wro.ca.average_monthly_households,snap,snap_households,state,06,3128639.6667,3.0197665996176326,0.0006772295581111533
2,usda_snap.fy2024.state_average_monthly_households.nero.vt.average_monthly_households,snap,snap_households,state,50,39520.4167,0.33939571992854395,7.6114761141185e-05
3,usda_snap.fy2024.state_average_monthly_households.sero.nc.average_monthly_households,snap,snap_households,state,37,705966.75,1.4344576372681728,0.0003216994028410345
4,usda_snap.fy2024.state_average_monthly_households.sero.fl.average_monthly_households,snap,snap_households,state,12,1651469.9167,2.193971274629663,0.0004920321315608125
5,usda_snap.fy2024.state_benefits.swro.tx.total_benefits,snap,snap_benefits,state,48,7210895950.0,1.142729312374795,0.00025627479532962434
6,usda_snap.fy2024.state_benefits.sero.nc.total_benefits,snap,snap_benefits,state,37,2934626410.0,0.7289960313812291,0.0001634886816284434
7,usda_snap.fy2024.state_benefits.sero.fl.total_benefits,snap,snap_benefits,state,12,6604797454.0,1.0936503723756483,0.0002452680808198359
8,usda_snap.fy2024.state_average_monthly_households.mwro.oh.average_monthly_households,snap,snap_households,state,39,715596.6667,1.4442080389666312,0.0003238860818494351
9,usda_snap.fy2024.state_benefits.sero.ms.total_benefits,snap,snap_benefits,state,28,842267063.0,0.3905473201894898,8.758630190389994e-05
10,usda_snap.fy2024.state_benefits.nero.ct.total_benefits,snap,snap_benefits,state,09,892819650.0,0.40209680590638025,9.017645344390676e-05
11,usda_snap.fy2024.state_benefits.sero.ky.total_benefits,snap,snap_benefits,state,21,1150201172.0,0.4563895125380765,0.00010235243609286309
12,usda_snap.fy2024.state_average_monthly_households.mpro.mt.average_monthly_households,snap,snap_households,state,30,41637.1667,0.34836634199069266,7.81265624558629e-05
13,usda_snap.fy2024.state_benefits.maro.nj.total_benefits,snap,snap_benefits,state,34,1925845112.0,0.5905537492293317,0.00013244084979352583
14,usda_snap.fy2024.state_benefits.mwro.wi.total_benefits,snap,snap_benefits,state,55,1363921863.0,0.4969852490768956,0.00011145666047923203
15,usda_snap.fy2024.state_average_monthly_households.nero.ny.average_monthly_households,snap,snap_households,state,36,1707770.5,2.2310554142252887,0.0005003488257962074
16,usda_snap.fy2024.state_benefits.sero.sc.total_benefits,snap,snap_benefits,state,45,1293584986.0,0.4840009748450664,0.00010854473533192787
17,usda_snap.fy2024.state_average_monthly_households.mwro.ia.average_monthly_households,snap,snap_households,state,19,128519.5,0.612040437999645,0.0001372595734468816
18,usda_snap.fy2024.state_benefits.wro.ak.total_benefits,snap,snap_benefits,state,02,249618195.0,0.21261155922169625,4.7681444095468996e-05
19,usda_snap.fy2024.state_average_monthly_households.mwro.mn.average_monthly_households,snap,snap_households,state,27,234582.25,0.8268813132597862,0.00018544097628611487
20,usda_snap.fy2024.state_benefits.maro.md.total_benefits,snap,snap_benefits,state,24,1498978722.0,0.5210105137786182,0.00011684469921027543
21,usda_snap.fy2024.state_benefits.swro.la.total_benefits,snap,snap_benefits,state,22,1902467840.0,0.5869585257334754,0.0001316345650893643
22,usda_snap.fy2024.state_average_monthly_households.swro.ok.average_monthly_households,snap,snap_households,state,40,334471.1667,0.9873586748110961,0.0002214305168896829
23,usda_snap.fy2024.state_average_monthly_households.sero.al.average_monthly_households,snap,snap_households,state,01,376038.6667,1.0469160447079593,0.000234787182038116
24,usda_snap.fy2024.state_average_monthly_households.swro.ut.average_monthly_households,snap,snap_households,state,49,84989.0,0.4977106836960088,0.00011161935045884924
25,usda_snap.fy2024.state_average_monthly_households.wro.hi.average_monthly_households,snap,snap_households,state,15,86616.0833,0.5024523414033149,0.0001126827408394965
26,usda_snap.fy2024.state_average_monthly_households.swro.ar.average_monthly_households,snap,snap_households,state,05,126651.4167,0.6075760270307149,0.00013625835995306456
27,usda_snap.fy2024.state_average_monthly_households.swro.la.average_monthly_households,snap,snap_households,state,22,417695.8333,1.1033814418646304,0.00024745042428002477
28,usda_snap.fy2024.state_benefits.sero.al.total_benefits,snap,snap_benefits,state,01,1733693703.0,0.5603184707663409,0.00012566011903259496
29,usda_snap.fy2024.state_benefits.maro.de.total_benefits,snap,snap_benefits,state,10,254854243.0,0.21482988078782037,4.8178937158066914e-05
30,usda_snap.fy2024.state_average_monthly_households.sero.ms.average_monthly_households,snap,snap_households,state,28,191549.0833,0.7471978999225682,0.0001675707333309191
31,usda_snap.fy2024.state_benefits.swro.ut.total_benefits,snap,snap_benefits,state,49,382660017.0,0.2632420695478095,5.9036122347568846e-05
32,usda_snap.fy2024.state_average_monthly_households.swro.nm.average_monthly_households,snap,snap_households,state,35,241689.1667,0.8393134752588816,0.00018822908169071126
33,usda_snap.fy2024.state_benefits.nero.ri.total_benefits,snap,snap_benefits,state,44,342796538.0,0.2491534853741966,5.587653854545786e-05
34,usda_snap.fy2024.state_average_monthly_households.maro.pa.average_monthly_households,snap,snap_households,state,42,1079939.3333,1.7741702120412361,0.00039788522360198166
35,usda_snap.fy2024.state_benefits.wro.wa.total_benefits,snap,snap_benefits,state,53,1920375025.0,0.5897144611973099,0.00013225262641787617
36,usda_snap.fy2024.state_average_monthly_households.wro.ak.average_monthly_households,snap,snap_households,state,02,31319.25,0.3021351687345369,6.775850386511255e-05
37,usda_snap.fy2024.state_benefits.wro.ca.total_benefits,snap,snap_benefits,state,06,12377175489.0,1.4971300501336557,0.00033575466475300645
38,usda_snap.fy2024.state_benefits.mwro.in.total_benefits,snap,snap_benefits,state,18,1434111865.0,0.5096127295989399,0.00011428856909597217
39,usda_snap.fy2024.state_average_monthly_households.swro.tx.average_monthly_households,snap,snap_households,state,48,1466106.5833,2.067180385771435,0.00046359730562265864
40,usda_snap.fy2024.state_average_monthly_households.mpro.mo.average_monthly_households,snap,snap_households,state,29,322030.5833,0.9688223809619171,0.00021727346511816933
41,usda_snap.fy2024.state_benefits.mwro.mn.total_benefits,snap,snap_benefits,state,27,856342155.0,0.393797010585238,8.831509544409913e-05
42,usda_snap.fy2024.state_benefits.mpro.mo.total_benefits,snap,snap_benefits,state,29,1512570795.0,0.5233673291140798,0.00011737325165150926
43,usda_snap.fy2024.state_benefits.mwro.il.total_benefits,snap,snap_benefits,state,17,4469341818.0,0.8996436911197229,0.00020175906954916412
44,usda_snap.fy2024.state_average_monthly_households.mwro.in.average_monthly_households,snap,snap_households,state,18,291901.8333,0.9223887872334179,0.0002068600105928275
45,usda_snap.fy2024.state_average_monthly_households.wro.or.average_monthly_households,snap,snap_households,state,41,435626.5,1.1268153358650412,0.0002527058389470826
46,usda_snap.fy2024.state_average_monthly_households.wro.id.average_monthly_households,snap,snap_households,state,16,65297.9167,0.436259870793057,9.783805131039627e-05
47,usda_snap.fy2024.state_benefits.swro.az.total_benefits,snap,snap_benefits,state,04,2015194104.0,0.6040977179771185,0.00013547829512830647
48,usda_snap.fy2024.state_benefits.mpro.ks.total_benefits,snap,snap_benefits,state,20,408410165.0,0.2719549854257013,6.09901290481501e-05
49,usda_snap.fy2024.state_average_monthly_households.sero.ga.average_monthly_households,snap,snap_households,state,13,678434.0,1.4062074871952694,0.0003153638679513948
50,usda_snap.fy2024.state_average_monthly_households.mwro.il.average_monthly_households,snap,snap_households,state,17,1061257.25,1.7587574039143687,0.0003944286620126416
51,usda_snap.fy2024.state_average_monthly_households.swro.az.average_monthly_households,snap,snap_households,state,04,454028.5,1.150368976809263,0.0002579881087260065
52,usda_snap.fy2024.state_benefits.mpro.co.total_benefits,snap,snap_benefits,state,08,1303172697.0,0.4857913074359846,0.00010894624522000103
53,usda_snap.fy2024.state_benefits.mwro.oh.total_benefits,snap,snap_benefits,state,39,3177571738.0,0.758571348619864,0.00017012140583535858
54,usda_snap.fy2024.state_average_monthly_households.mpro.ne.average_monthly_households,snap,snap_households,state,31,76443.0,0.47202441744837104,0.00010585880633513591
55,usda_snap.fy2024.state_benefits.swro.ok.total_benefits,snap,snap_benefits,state,40,1506222914.0,0.5222679536148945,0.00011712669962208893
56,usda_snap.fy2024.state_average_monthly_households.mpro.sd.average_monthly_households,snap,snap_households,state,46,37306.25,0.32975121297598337,7.395183067413845e-05
57,usda_snap.fy2024.state_benefits.nero.nh.total_benefits,snap,snap_benefits,state,33,154254645.0,0.16713518196867128,3.748266023069551e-05
58,usda_snap.fy2024.state_average_monthly_households.mwro.mi.average_monthly_households,snap,snap_households,state,26,785221.9167,1.5128358589023796,0.00033927693628669646
59,usda_snap.fy2024.state_average_monthly_households.wro.wa.average_monthly_households,snap,snap_households,state,53,513742.9167,1.2236818743694935,0.0002744296645816312
60,usda_snap.fy2024.state_benefits.nero.vt.total_benefits,snap,snap_benefits,state,50,147196800.0,0.16326682137145856,3.661512028962964e-05
61,usda_snap.fy2024.state_benefits.nero.me.total_benefits,snap,snap_benefits,state,23,363838898.0,0.2566866706708566,5.756597234152424e-05
62,usda_snap.fy2024.state_benefits.mpro.wy.total_benefits,snap,snap_benefits,state,56,56701860.0,0.10133218466779395,2.272531613989548e-05
63,usda_snap.fy2024.state_benefits.nero.ma.total_benefits,snap,snap_benefits,state,25,2617666701.0,0.6885031434827565,0.00015440752264695145
64,usda_snap.fy2024.state_average_monthly_households.maro.wv.average_monthly_households,snap,snap_households,state,54,147956.6667,0.6566937348229753,0.00014727376874253763
65,usda_snap.fy2024.state_benefits.wro.id.total_benefits,snap,snap_benefits,state,16,281230283.0,0.225673100241174,5.061069751988653e-05
66,usda_snap.fy2024.state_benefits.wro.hi.total_benefits,snap,snap_benefits,state,15,731331421.0,0.3639199546319756,8.16147016443094e-05
67,usda_snap.fy2024.state_benefits.maro.wv.total_benefits,snap,snap_benefits,state,54,565647589.0,0.32005286809663186,7.177682621588515e-05
68,usda_snap.fy2024.state_average_monthly_households.mpro.ks.average_monthly_households,snap,snap_households,state,20,92483.5,0.5191916893978562,0.00011643679959584126
69,usda_snap.fy2024.state_average_monthly_households.nero.ma.average_monthly_households,snap,snap_households,state,25,678728.0833,1.4065122311593976,0.00031543221151814256
70,usda_snap.fy2024.state_benefits.maro.pa.total_benefits,snap,snap_benefits,state,42,4268081855.0,0.8791543376127434,0.00019716401381761459
71,usda_snap.fy2024.state_average_monthly_households.mpro.wy.average_monthly_households,snap,snap_households,state,56,13691.0,0.199762143226361,4.4799763002099344e-05
72,usda_snap.fy2024.state_benefits.maro.va.total_benefits,snap,snap_benefits,state,51,1765640540.0,0.5654574094130672,0.00012681260583383432
73,usda_snap.fy2024.state_average_monthly_households.maro.va.average_monthly_households,snap,snap_households,state,51,425305.5833,1.1133869987782081,0.00024969432580807535
74,usda_snap.fy2024.state_benefits.swro.nm.total_benefits,snap,snap_benefits,state,35,1028090754.0,0.43148378519519726,9.676693994061387e-05
75,usda_snap.fy2024.state_average_monthly_households.mpro.co.average_monthly_households,snap,snap_households,state,08,312321.75,0.9541062007687252,0.0002139731331618581
76,usda_snap.fy2024.state_average_monthly_households.maro.dc.average_monthly_households,snap,snap_households,state,11,84034.25,0.4949071951831272,0.00011099062462057126
77,usda_snap.fy2024.state_benefits.sero.tn.total_benefits,snap,snap_benefits,state,47,1623231075.0,0.5421742998874877,0.0001215910069269988
78,usda_snap.fy2024.state_benefits.wro.nv.total_benefits,snap,snap_benefits,state,32,1006689627.0,0.4269692022733367,9.575447460716229e-05
79,usda_snap.fy2024.state_benefits.nero.ny.total_benefits,snap,snap_benefits,state,36,7353983677.0,1.1540113600337436,0.00025880496973172093
80,usda_snap.fy2024.state_average_monthly_households.mwro.wi.average_monthly_households,snap,snap_households,state,55,371065.1667,1.0399697268641368,0.00023322936238262768
81,usda_snap.fy2024.state_average_monthly_households.mpro.nd.average_monthly_households,snap,snap_households,state,38,24784.9167,0.26877528772514414,6.027703245686121e-05
82,usda_snap.fy2024.state_benefits.mwro.mi.total_benefits,snap,snap_benefits,state,26,3061361572.0,0.7445709132022967,0.00016698159076077522
83,usda_snap.fy2024.state_average_monthly_households.maro.md.average_monthly_households,snap,snap_households,state,24,380470.5833,1.053067344973505,0.00023616670665474435
84,usda_snap.fy2024.state_average_monthly_households.nero.ct.average_monthly_households,snap,snap_households,state,09,229620.25,0.8180892696951387,0.000183469223972895
85,usda_snap.fy2024.state_average_monthly_households.sero.ky.average_monthly_households,snap,snap_households,state,21,276405.8333,0.897571813056865,0.00020129441871649808
86,usda_snap.fy2024.state_average_monthly_households.sero.tn.average_monthly_households,snap,snap_households,state,47,353823.3333,1.0155208358551966,0.0002277463188731098
87,usda_snap.fy2024.state_benefits.wro.or.total_benefits,snap,snap_benefits,state,41,1596585242.0,0.5377059082893053,0.00012058890071525125
88,usda_snap.fy2024.state_average_monthly_households.nero.ri.average_monthly_households,snap,snap_households,state,44,90117.25,0.5125067254262884,0.00011493759260513307
89,usda_snap.fy2024.state_benefits.mpro.ne.total_benefits,snap,snap_benefits,state,31,331710248.0,0.24509147062967468,5.496556865433386e-05
90,usda_snap.fy2024.state_benefits.mpro.mt.total_benefits,snap,snap_benefits,state,30,169446871.0,0.17517233943026328,3.928511761163115e-05
91,usda_snap.fy2024.state_average_monthly_households.wro.nv.average_monthly_households,snap,snap_households,state,32,269676.0,0.8865775963397029,0.00019882879487322335
92,usda_snap.fy2024.state_average_monthly_households.sero.sc.average_monthly_households,snap,snap_households,state,45,277237.25,0.8989207278967007,0.00020159693381850208
93,usda_snap.fy2024.state_average_monthly_households.maro.de.average_monthly_households,snap,snap_households,state,10,59192.25,0.41536321078596566,9.315165077056866e-05
94,usda_snap.fy2024.state_benefits.maro.dc.total_benefits,snap,snap_benefits,state,11,319119173.0,0.2403948736038643,5.391228383132189e-05
95,usda_snap.fy2024.state_benefits.sero.ga.total_benefits,snap,snap_benefits,state,13,3281329856.0,0.7708567830421861,0.0001728766053021274
96,usda_snap.fy2024.state_benefits.swro.ar.total_benefits,snap,snap_benefits,state,05,549666027.0,0.31549915542049684,7.075558542733726e-05
97,usda_snap.fy2024.state_average_monthly_households.nero.nh.average_monthly_households,snap,snap_households,state,33,42354.9167,0.3513561175986712,7.879706606832725e-05
98,usda_snap.fy2024.state_benefits.mwro.ia.total_benefits,snap,snap_benefits,state,19,528905499.0,0.30948371000576785,6.940652837088313e-05
99,usda_snap.fy2024.state_benefits.mpro.nd.total_benefits,snap,snap_benefits,state,38,111448901.0,0.1420648536770756,3.1860249759380044e-05
100,usda_snap.fy2024.state_benefits.mpro.sd.total_benefits,snap,snap_benefits,state,46,180195817.0,0.18064298698788037,4.051199528770585e-05
101,usda_snap.fy2024.state_average_monthly_households.maro.nj.average_monthly_households,snap,snap_households,state,34,434596.25,1.1254820966208947,0.00025240683934086
102,cms_medicaid.month2024_12.state_enrollment.va.total_medicaid_enrollment,medicaid,medicaid_enrollment,state,51,1609622.0,2.165995516245715,0.0004857581332688305
103,cms_medicaid.month2024_12.state_enrollment.ne.total_medicaid_enrollment,medicaid,medicaid_enrollment,state,31,309152.0,0.9492522470201803,0.00021288455864996195
104,cms_medicaid.month2024_12.state_enrollment.ct.total_medicaid_enrollment,medicaid,medicaid_enrollment,state,09,905379.0,1.6244666960898142,0.0003643118851961907
105,cms_medicaid.month2024_12.state_enrollment.ky.total_medicaid_enrollment,medicaid,medicaid_enrollment,state,21,1252745.0,1.910851522331112,0.0004285381301482646
106,cms_medicaid.month2024_12.state_enrollment.hi.total_medicaid_enrollment,medicaid,medicaid_enrollment,state,15,376437.0,1.0474703908188727,0.00023491150276269853
107,cms_medicaid.month2024_12.state_enrollment.ok.total_medicaid_enrollment,medicaid,medicaid_enrollment,state,40,904950.0,1.6240817861318897,0.0003642255631603251
108,cms_medicaid.month2024_12.state_enrollment.nj.total_medicaid_enrollment,medicaid,medicaid_enrollment,state,34,1543150.0,2.120799807112358,0.00047562229358877735
109,cms_medicaid.month2024_12.state_enrollment.co.total_medicaid_enrollment,medicaid,medicaid_enrollment,state,08,1077236.0,1.7719482452573747,0.00039738691304269446
110,cms_medicaid.month2024_12.state_enrollment.me.total_medicaid_enrollment,medicaid,medicaid_enrollment,state,23,317702.0,0.9622891255746875,0.00021580828113359216
111,cms_medicaid.month2024_12.state_enrollment.az.total_medicaid_enrollment,medicaid,medicaid_enrollment,state,04,1778734.0,2.2769374850772923,0.0005106385927511308
112,cms_medicaid.month2024_12.state_enrollment.wi.total_medicaid_enrollment,medicaid,medicaid_enrollment,state,55,1117012.0,1.8043655346600733,0.0004046569936443313
113,cms_medicaid.month2024_12.state_enrollment.nv.total_medicaid_enrollment,medicaid,medicaid_enrollment,state,32,713936.0,1.4425312974634035,0.0003235100465268902
114,cms_medicaid.month2024_12.state_enrollment.mi.total_medicaid_enrollment,medicaid,medicaid_enrollment,state,26,2222494.0,2.545164764742148,0.0005707927258896946
115,cms_medicaid.month2024_12.state_enrollment.wa.total_medicaid_enrollment,medicaid,medicaid_enrollment,state,53,1781871.0,2.278944419897256,0.0005110886790529841
116,cms_medicaid.month2024_12.state_enrollment.al.total_medicaid_enrollment,medicaid,medicaid_enrollment,state,01,772748.0,1.5007714126851708,0.0003365712968569569
117,cms_medicaid.month2024_12.state_enrollment.ks.total_medicaid_enrollment,medicaid,medicaid_enrollment,state,20,343616.0,1.0007654248008484,0.00022443718878691375
118,cms_medicaid.month2024_12.state_enrollment.ia.total_medicaid_enrollment,medicaid,medicaid_enrollment,state,19,596144.0,1.318169298538813,0.0002956199368779576
119,cms_medicaid.month2024_12.state_enrollment.nd.total_medicaid_enrollment,medicaid,medicaid_enrollment,state,38,103397.0,0.548971214566698,0.00012311532060253375
120,cms_medicaid.month2024_12.state_enrollment.fl.total_medicaid_enrollment,medicaid,medicaid_enrollment,state,12,3568648.0,3.2251317444078063,0.0007232858812307258
121,cms_medicaid.month2024_12.state_enrollment.mo.total_medicaid_enrollment,medicaid,medicaid_enrollment,state,29,1143560.0,1.8256817809945034,0.0004094374929344031
122,cms_medicaid.month2024_12.state_enrollment.ut.total_medicaid_enrollment,medicaid,medicaid_enrollment,state,49,306547.0,0.9452444558775902,0.00021198574924368474
123,cms_medicaid.month2024_12.state_enrollment.il.total_medicaid_enrollment,medicaid,medicaid_enrollment,state,17,2940111.0,2.927368984085988,0.0006565079578573644
124,cms_medicaid.month2024_12.state_enrollment.or.total_medicaid_enrollment,medicaid,medicaid_enrollment,state,41,1128359.0,1.8135070668408302,0.0004067071242074075
125,cms_medicaid.month2024_12.state_enrollment.la.total_medicaid_enrollment,medicaid,medicaid_enrollment,state,22,1385970.0,2.0098910605274196,0.0004507492847112401
126,cms_medicaid.month2024_12.state_enrollment.ny.total_medicaid_enrollment,medicaid,medicaid_enrollment,state,36,5974991.0,4.173152268305437,0.0009358942068413181
127,cms_medicaid.month2024_12.state_enrollment.vt.total_medicaid_enrollment,medicaid,medicaid_enrollment,state,50,152450.0,0.6665908039419756,0.00014949334019779672
128,cms_medicaid.month2024_12.state_enrollment.id.total_medicaid_enrollment,medicaid,medicaid_enrollment,state,16,299426.0,0.9342010648092409,0.0002095090972884595
129,cms_medicaid.month2024_12.state_enrollment.ms.total_medicaid_enrollment,medicaid,medicaid_enrollment,state,28,520938.0,1.2322210478693107,0.0002763447068556427
130,cms_medicaid.month2024_12.state_enrollment.wv.total_medicaid_enrollment,medicaid,medicaid_enrollment,state,54,467632.0,1.1674753367758721,0.0002618244756169258
131,cms_medicaid.month2024_12.state_enrollment.ar.total_medicaid_enrollment,medicaid,medicaid_enrollment,state,05,741143.0,1.4697606276230628,0.0003296166466972556
132,cms_medicaid.month2024_12.state_enrollment.tn.total_medicaid_enrollment,medicaid,medicaid_enrollment,state,47,1274882.0,1.9276607222330824,0.0004323078542796776
133,cms_medicaid.month2024_12.state_enrollment.mn.total_medicaid_enrollment,medicaid,medicaid_enrollment,state,27,1164706.0,1.8424841478421974,0.00041320568464727457
134,cms_medicaid.month2024_12.state_enrollment.ga.total_medicaid_enrollment,medicaid,medicaid_enrollment,state,13,1726551.0,2.243289426315187,0.0005030924930063213
135,cms_medicaid.month2024_12.state_enrollment.sc.total_medicaid_enrollment,medicaid,medicaid_enrollment,state,45,958795.0,1.6717005445288602,0.00037490480926863877
136,cms_medicaid.month2024_12.state_enrollment.dc.total_medicaid_enrollment,medicaid,medicaid_enrollment,state,11,242560.0,0.8408241861776499,0.00018856788207617176
137,cms_medicaid.month2024_12.state_enrollment.wy.total_medicaid_enrollment,medicaid,medicaid_enrollment,state,56,58080.0,0.4114422700797128,9.227231892346105e-05
138,cms_medicaid.month2024_12.state_enrollment.oh.total_medicaid_enrollment,medicaid,medicaid_enrollment,state,39,2596879.0,2.751195553113747,0.0006169983299201047
139,cms_medicaid.month2024_12.state_enrollment.md.total_medicaid_enrollment,medicaid,medicaid_enrollment,state,24,1291976.0,1.940541016675478,0.00043519646034435476
140,cms_medicaid.month2024_12.state_enrollment.ak.total_medicaid_enrollment,medicaid,medicaid_enrollment,state,02,232106.0,0.8225054555713784,0.00018445962224072177
141,cms_medicaid.month2024_12.state_enrollment.nm.total_medicaid_enrollment,medicaid,medicaid_enrollment,state,35,686825.0,1.4148768834432992,0.00031730811469910273
142,cms_medicaid.month2024_12.state_enrollment.mt.total_medicaid_enrollment,medicaid,medicaid_enrollment,state,30,196958.0,0.7576740557935215,0.00016992017398374557
143,cms_medicaid.month2024_12.state_enrollment.sd.total_medicaid_enrollment,medicaid,medicaid_enrollment,state,46,126952.0,0.6082965834308274,0.00013641995591631026
144,cms_medicaid.month2024_12.state_enrollment.in.total_medicaid_enrollment,medicaid,medicaid_enrollment,state,18,1642176.0,2.1877890987060824,0.0004906456825983589
145,cms_medicaid.month2024_12.state_enrollment.nc.total_medicaid_enrollment,medicaid,medicaid_enrollment,state,37,2497522.0,2.698051684660346,0.0006050799920745338
146,cms_medicaid.month2024_12.state_enrollment.tx.total_medicaid_enrollment,medicaid,medicaid_enrollment,state,48,3858767.0,3.3536665682702003,0.0007521118116775511
147,cms_medicaid.month2024_12.state_enrollment.ma.total_medicaid_enrollment,medicaid,medicaid_enrollment,state,25,1469251.0,2.0693959801527297,0.00046409418707170434
148,cms_medicaid.month2024_12.state_enrollment.de.total_medicaid_enrollment,medicaid,medicaid_enrollment,state,10,236840.0,0.8308509673420452,0.0001863312328643295
149,cms_medicaid.month2024_12.state_enrollment.ca.total_medicaid_enrollment,medicaid,medicaid_enrollment,state,06,12254163.0,5.976369353732321,0.0013402936429092445
150,cms_medicaid.month2024_12.state_enrollment.nh.total_medicaid_enrollment,medicaid,medicaid_enrollment,state,33,168870.0,0.7015713659090758,0.00015733827448061803
151,cms_medicaid.month2024_12.state_enrollment.pa.total_medicaid_enrollment,medicaid,medicaid_enrollment,state,42,2800122.0,2.856827912888879,0.0006406880271112086
152,cms_medicaid.month2024_11.state_enrollment.ri.total_medicaid_enrollment.medicaid_enrollment_substitution,medicaid,medicaid_enrollment,state,44,273400.0,0.8926780555205155,0.0002001969175870185
153,irs_soi.ty2022.historic_table_2.state_broad.mo.all.schedule_c_income_returns,soi,soi_income_count,state,29,475880.0,1.1777261823891505,0.000264123386945313
154,irs_soi.ty2022.historic_table_2.state_broad.hi.all.ordinary_dividends_amount,soi,soi_income_amount,state,15,2992427293.484517,0.7361402373013131,0.00016509088075831197
155,irs_soi.ty2022.historic_table_2.state_broad.de.all.real_estate_taxes_amount,soi,soi_deduction_amount,state,10,189571501.70290294,0.18528287391603435,4.155256199058855e-05
156,irs_soi.ty2022.historic_table_2.state_broad.nd.all.income_tax_liability_returns,soi,soi_tax_count,state,38,282580.0,0.9075411248611086,0.00020353019171587993
157,irs_soi.ty2022.historic_table_2.state_agi.ct.under_1.taxable_interest_amount,soi,soi_agi_band_amount,state,09,80086059.77290452,0.12042792868069983,2.70078332991029e-05
158,irs_soi.ty2022.historic_table_2.state_broad.ga.all.wages_salaries_amount,soi,soi_income_amount,state,13,310868196238.4936,7.5030337478962315,0.001682671842990857
159,irs_soi.ty2022.historic_table_2.state_eitc.ne.ne.eitc_amount,soi,soi_eitc_amount,state,31,300835301.15162104,0.23340661032303917,5.23450572601568e-05
160,irs_soi.ty2022.historic_table_2.state_eitc.ut.ut.eitc_two_children_claims,soi,soi_eitc_count,state,49,35160.0,0.3201253282830944,7.179307653803418e-05
161,irs_soi.ty2022.historic_table_2.state_eitc.vt.vt.eitc_three_or_more_children_amount,soi,soi_eitc_amount,state,50,15036163.327707084,0.05218158547578036,1.1702530943211564e-05
162,irs_soi.ty2022.historic_table_2.state_agi.ne.1_to_10k.taxable_interest_returns,soi,soi_agi_band_count,state,31,21651.224425015866,0.2512099485056032,5.633773234034609e-05
163,irs_soi.ty2022.historic_table_2.state_broad.or.all.wages_salaries_returns,soi,soi_income_count,state,41,1593510.0,2.155127656763658,0.0004833208469979049
164,irs_soi.ty2022.historic_table_2.state_broad.tn.all.unemployment_compensation_amount,soi,soi_income_amount,state,47,187046241.8757178,0.18404467084332257,4.127487572175882e-05
165,irs_soi.ty2022.historic_table_2.state_broad.az.all.medical_dental_expense_returns,soi,soi_deduction_count,state,04,105710.0,0.5550775210083985,0.00012448475465539325
166,irs_soi.ty2022.historic_table_2.state_broad.il.all.ctc_amount,soi,soi_credit_amount,state,17,3603946857.252171,0.8078634175192742,0.00018117591781100564
167,irs_soi.ty2022.historic_table_2.state_eitc.ny.ny.eitc_one_child_claims,soi,soi_eitc_count,state,36,496310.0,1.202741001974759,0.00026973334872723906
168,irs_soi.ty2022.historic_table_2.state_broad.vt.all.itemized_deductions_amount,soi,soi_deduction_amount,state,50,916822804.6667527,0.4074660758917523,9.138059562497249e-05
169,irs_soi.ty2022.historic_table_2.state_agi.wv.50k_to_75k.taxable_interest_returns,soi,soi_agi_band_count,state,54,31890.92843988174,0.3048801750745804,6.837411416788078e-05
170,irs_soi.ty2022.historic_table_2.state_broad.ar.all.wages_salaries_returns,soi,soi_income_count,state,05,1047440.0,1.7472706468463046,0.0003918525783463343
171,irs_soi.ty2022.historic_table_2.state_broad.tx.all.schedule_c_income_returns,soi,soi_income_count,state,48,3287340.0,3.095408107377562,0.0006941933409682803
172,irs_soi.ty2022.historic_table_2.state_broad.mi.all.medical_dental_expense_amount,soi,soi_deduction_amount,state,26,1749133431.0709126,0.5628079500106804,0.00012621842341571662
173,irs_soi.ty2022.historic_table_2.state_broad.ks.all.unemployment_compensation_amount,soi,soi_income_amount,state,20,116387141.59144999,0.1451781488175173,3.255845454530552e-05
174,irs_soi.ty2022.historic_table_2.state_broad.ms.all.ctc_claims,soi,soi_credit_count,state,28,352010.0,1.0129152372146364,0.00022716197291200636
175,irs_soi.ty2022.historic_table_2.state_eitc.nd.nd.eitc_two_children_claims,soi,soi_eitc_count,state,38,8900.0,0.1610610800069795,3.612044853262604e-05
176,irs_soi.ty2022.historic_table_2.state_broad.nj.all.unemployment_compensation_returns,soi,soi_income_count,state,34,219990.0,0.8007502326118289,0.00017958067562498964
177,irs_soi.ty2022.historic_table_2.state_eitc.ks.ks.eitc_two_children_amount,soi,soi_eitc_amount,state,20,168604226.78463766,0.17473623835130808,3.918731517185649e-05
178,irs_soi.ty2022.historic_table_2.state_broad.ga.all.taxable_interest_returns,soi,soi_income_count,state,13,1278068.3828266067,1.9300681732301899,0.000432847762554427
179,irs_soi.ty2022.historic_table_2.state_broad.ia.all.taxable_social_security_amount,soi,soi_income_amount,state,19,5747077959.00868,1.0201694110332218,0.00022878883405095802
180,irs_soi.ty2022.historic_table_2.state_broad.vt.all.tax_exempt_interest_returns,soi,soi_income_count,state,50,18160.0,0.23006657422257323,5.159600229257081e-05
181,irs_soi.ty2022.historic_table_2.state_agi.de.25k_to_50k.taxable_interest_amount,soi,soi_agi_band_amount,state,10,35285226.961284176,0.0799365150911038,1.7927004954273113e-05
182,irs_soi.ty2022.historic_table_2.state_agi.az.100k_to_200k.taxable_interest_amount,soi,soi_agi_band_amount,state,04,950657868.3270408,0.4149166633656546,9.30515055765092e-05
183,irs_soi.ty2022.historic_table_2.state_broad.sd.all.ctc_claims,soi,soi_credit_count,state,46,101810.0,0.5447419515577502,0.0001221668426906818
184,irs_soi.ty2022.historic_table_2.state_broad.nc.all.real_estate_taxes_amount,soi,soi_deduction_amount,state,37,1809639956.1315994,0.5724595984520137,0.00012838295547253054
185,irs_soi.ty2022.historic_table_2.state_broad.al.all.limited_state_local_taxes_amount,soi,soi_deduction_amount,state,01,1132338158.1079547,0.45283170311122645,0.00010155454207473121
186,irs_soi.ty2022.historic_table_2.state_agi.mn.25k_to_50k.taxable_interest_returns,soi,soi_agi_band_count,state,27,151087.65410597817,0.6636056770294961,0.00014882387912749408
187,irs_soi.ty2022.historic_table_2.state_agi.ak.500k_plus.taxable_interest_returns,soi,soi_agi_band_count,state,02,3756.3833979668393,0.10463586282778933,2.346621727467803e-05
188,irs_soi.ty2022.historic_table_2.state_agi.hi.500k_plus.taxable_interest_amount,soi,soi_agi_band_amount,state,15,331038746.9298621,0.24484326822696162,5.4909905410845845e-05
189,irs_soi.ty2022.historic_table_2.state_broad.ma.all.ordinary_dividends_amount,soi,soi_income_amount,state,25,14328367952.941504,1.6108203816104585,0.0003612514872416368
190,irs_soi.ty2022.historic_table_2.state_broad.ct.all.taxable_interest_returns,soi,soi_income_count,state,09,675568.5792139372,1.4032347295129892,0.0003146971808730633
191,irs_soi.ty2022.historic_table_2.state_agi.de.1_to_10k.taxable_interest_amount,soi,soi_agi_band_amount,state,10,7699943.352690727,0.03734156524534133,8.37442593526381e-06
192,irs_soi.ty2022.historic_table_2.state_eitc.ar.ar.eitc_no_children_claims,soi,soi_eitc_count,state,05,60380.0,0.4195098457079023,9.408159805066209e-05
193,irs_soi.ty2022.historic_table_2.state_eitc.mn.mn.eitc_amount,soi,soi_eitc_amount,state,27,724794384.241127,0.362289846824959,8.124912465237923e-05
194,irs_soi.ty2022.historic_table_2.state_agi.wa.10k_to_25k.taxable_interest_returns,soi,soi_agi_band_count,state,53,99199.18606059368,0.5377119125477544,0.00012059024726345692
195,irs_soi.ty2022.historic_table_2.state_agi.mi.under_1.taxable_interest_returns,soi,soi_agi_band_count,state,26,17719.616145511212,0.22725987238614975,5.096655581658438e-05
196,irs_soi.ty2022.historic_table_2.state_eitc.nm.nm.eitc_amount,soi,soi_eitc_amount,state,35,504899598.3844561,0.30237874893761857,6.781313050854868e-05
197,irs_soi.ty2022.historic_table_2.state_broad.ar.all.income_tax_liability_returns,soi,soi_tax_count,state,05,849700.0,1.5737234372771294,0.0003529319213449494
198,irs_soi.ty2022.historic_table_2.state_eitc.ma.ma.eitc_amount,soi,soi_eitc_amount,state,25,802391787.1472926,0.38119043153585147,8.548787430721047e-05
199,irs_soi.ty2022.historic_table_2.state_broad.dc.all.tax_exempt_interest_amount,soi,soi_income_amount,state,11,208251030.14063933,0.19419691766874733,4.355167474069238e-05
200,irs_soi.ty2022.historic_table_2.state_broad.or.all.taxable_pension_income_amount,soi,soi_income_amount,state,41,13684989110.688639,1.5742401380742137,0.0003530477995232594
201,irs_soi.ty2022.historic_table_2.state_agi.wy.500k_plus.taxable_interest_returns,soi,soi_agi_band_count,state,56,4194.445601811369,0.11056887398121093,2.4796787167797922e-05
202,irs_soi.ty2022.historic_table_2.state_broad.hi.all.actc_amount,soi,soi_credit_amount,state,15,134014665.15885505,0.15578474079650548,3.493714752108219e-05
203,irs_soi.ty2022.historic_table_2.state_agi.md.75k_to_100k.taxable_interest_returns,soi,soi_agi_band_count,state,24,127081.84533529797,0.6086075839980097,0.00013648970262346036
204,irs_soi.ty2022.historic_table_2.state_broad.hi.all.medical_dental_expense_amount,soi,soi_deduction_amount,state,15,405369182.32975304,0.27094061839125955,6.076264148716294e-05
205,irs_soi.ty2022.historic_table_2.state_agi.fl.25k_to_50k.taxable_interest_returns,soi,soi_agi_band_count,state,12,445684.4861914242,1.1397493734862645,0.0002556064977542643
206,irs_soi.ty2022.historic_table_2.state_broad.ks.all.actc_claims,soi,soi_credit_count,state,20,143910.0,0.6476510742641259,0.0001452458116761888
207,irs_soi.ty2022.historic_table_2.state_broad.ga.all.limited_state_local_taxes_amount,soi,soi_deduction_amount,state,13,4760189837.4243,0.9284550647260694,0.00020822046753219767
208,irs_soi.ty2022.historic_table_2.state_eitc.ok.ok.eitc_three_or_more_children_claims,soi,soi_eitc_count,state,40,53850.0,0.3961762687790496,8.884868104486424e-05
209,irs_soi.ty2022.historic_table_2.state_broad.ky.all.adjusted_gross_income,soi,soi_income_amount,state,21,156051267736.9139,5.3159685607463985,0.0011921885088016144
210,irs_soi.ty2022.historic_table_2.state_broad.sc.all.premium_tax_credit_returns,soi,soi_credit_count,state,45,169320.0,0.7025055077713827,0.00015754777030082588
211,irs_soi.ty2022.historic_table_2.state_broad.vt.all.limited_state_local_taxes_returns,soi,soi_deduction_count,state,50,19470.0,0.23822019696849248,5.342457882226788e-05
212,irs_soi.ty2022.historic_table_2.state_broad.nm.all.taxable_income_returns,soi,soi_tax_count,state,35,755310.0,1.4837414212388478,0.0003327520567927445
213,irs_soi.ty2022.historic_table_2.state_broad.ne.all.limited_state_local_taxes_returns,soi,soi_deduction_count,state,31,58120.0,0.4115839269164387,9.230408766908246e-05
214,irs_soi.ty2022.historic_table_2.state_broad.de.all.schedule_c_income_amount,soi,soi_income_amount,state,10,1172827461.6370013,0.46085660525264416,0.00010335425100978788
215,irs_soi.ty2022.historic_table_2.state_broad.co.all.income_tax_before_credits_amount,soi,soi_tax_amount,state,08,50493108010.63478,3.0238817581706705,0.000678152446326681
216,irs_soi.ty2022.historic_table_2.state_broad.wa.all.premium_tax_credit_returns,soi,soi_credit_count,state,53,107380.0,0.5594448798465378,0.0001254642027016232
217,irs_soi.ty2022.historic_table_2.state_broad.ok.all.taxable_pension_income_amount,soi,soi_income_amount,state,40,9613037888.693918,1.3194079004397992,0.00029589771259022185
218,irs_soi.ty2022.historic_table_2.state_eitc.ar.ar.eitc_two_children_amount,soi,soi_eitc_amount,state,05,305642705.7294611,0.23526415946092086,5.276164150278557e-05
219,irs_soi.ty2022.historic_table_2.state_broad.id.all.income_tax_before_credits_returns,soi,soi_tax_count,state,16,706990.0,1.4354968344333392,0.0003219324589444582
220,irs_soi.ty2022.historic_table_2.state_eitc.mo.mo.eitc_no_children_claims,soi,soi_eitc_count,state,29,114310.0,0.577215142875493,0.00012944946016494574
221,irs_soi.ty2022.historic_table_2.state_broad.tn.all.unemployment_compensation_returns,soi,soi_income_count,state,47,37460.0,0.33043001504990377,7.410406258127467e-05
222,irs_soi.ty2022.historic_table_2.state_agi.me.200k_to_500k.taxable_interest_returns,soi,soi_agi_band_count,state,23,26809.4068752852,0.27953693986649786,6.269050008219283e-05
223,irs_soi.ty2022.historic_table_2.state_broad.me.all.net_capital_gains_amount,soi,soi_income_amount,state,23,3605596465.476795,0.8080482850726286,0.0001812173772309102
224,irs_soi.ty2022.historic_table_2.state_broad.sc.all.income_tax_liability_returns,soi,soi_tax_count,state,45,1705690.0,2.2296960028324957,0.0005000439566791872
225,irs_soi.ty2022.historic_table_2.state_eitc.de.de.eitc_three_or_more_children_amount,soi,soi_eitc_amount,state,10,43599383.95507406,0.08885644414532176,1.992743757464045e-05
226,irs_soi.ty2022.historic_table_2.state_broad.ca.all.partnership_scorp_income_amount,soi,soi_income_amount,state,06,141085583133.78915,5.054638162874309,0.0011335811085163286
227,irs_soi.ty2022.historic_table_2.state_broad.nh.all.income_tax_before_credits_returns,soi,soi_tax_count,state,33,617220.0,1.3412681094589245,0.00030080020396028805
228,irs_soi.ty2022.historic_table_2.state_broad.wv.all.partnership_scorp_income_amount,soi,soi_income_amount,state,54,2154937307.6388855,0.6246921854959233,0.00014009692430946922
229,irs_soi.ty2022.historic_table_2.state_eitc.oh.oh.eitc_three_or_more_children_claims,soi,soi_eitc_count,state,39,118980.0,0.5888878390603196,0.00013206724356589362
230,irs_soi.ty2022.historic_table_2.state_agi.ks.200k_to_500k.taxable_interest_returns,soi,soi_agi_band_count,state,20,58371.78866228354,0.41247449960647886,9.250381242576337e-05
231,irs_soi.ty2022.historic_table_2.state_broad.ga.all.income_tax_before_credits_returns,soi,soi_tax_count,state,13,3890230.0,3.3673111078253988,0.0007551718115777975
232,irs_soi.ty2022.historic_table_2.state_eitc.ak.ak.eitc_claims,soi,soi_eitc_count,state,02,38650.0,0.33563740353579335,7.527190032199895e-05
233,irs_soi.ty2022.historic_table_2.state_agi.ga.1_to_10k.taxable_interest_returns,soi,soi_agi_band_count,state,13,68731.95978320666,0.4475844267615522,0.0001003777588610792
234,irs_soi.ty2022.historic_table_2.state_broad.ks.all.medical_dental_expense_returns,soi,soi_deduction_count,state,20,29560.0,0.2935268395617194,6.582795235741632e-05
235,irs_soi.ty2022.historic_table_2.state_broad.ne.all.return_count,soi,soi_return_count,state,31,940690.0,1.6558418975023066,0.00037134826138199295
236,irs_soi.ty2022.historic_table_2.state_broad.nd.all.rental_royalty_income_amount,soi,soi_income_amount,state,38,2002044812.8047557,0.6021236011541939,0.00013503556877196546
237,irs_soi.ty2022.historic_table_2.state_agi.ri.1_to_10k.taxable_interest_amount,soi,soi_agi_band_amount,state,44,11627911.798301142,0.04588805156247054,1.0291108222128401e-05
238,irs_soi.ty2022.historic_table_2.state_agi.az.25k_to_50k.taxable_interest_returns,soi,soi_agi_band_count,state,04,130312.55408865138,0.6162951245670389,0.0001382137529865528
239,irs_soi.ty2022.historic_table_2.state_agi.nm.10k_to_25k.taxable_interest_amount,soi,soi_agi_band_amount,state,35,46319851.85894624,0.09158668377432895,2.0539736213126027e-05
240,irs_soi.ty2022.historic_table_2.state_broad.me.all.taxable_pension_income_returns,soi,soi_income_count,state,23,146980.0,0.6545227179552068,0.00014678688449320628
241,irs_soi.ty2022.historic_table_2.state_agi.nv.1_to_10k.taxable_interest_amount,soi,soi_agi_band_amount,state,32,26715811.426622394,0.06955573399207864,1.5598953575258722e-05
242,irs_soi.ty2022.historic_table_2.state_broad.vt.all.net_capital_gains_amount,soi,soi_income_amount,state,50,1827288014.580385,0.5752442099825725,0.0001290074478543558
243,irs_soi.ty2022.historic_table_2.state_broad.mn.all.partnership_scorp_income_amount,soi,soi_income_amount,state,27,21571526797.694427,1.9764653074742435,0.0004432530404741519
244,irs_soi.ty2022.historic_table_2.state_agi.tn.10k_to_25k.taxable_interest_amount,soi,soi_agi_band_amount,state,47,123713105.13886394,0.14967752975115983,3.356751059680642e-05
245,irs_soi.ty2022.historic_table_2.state_agi.il.200k_to_500k.taxable_interest_returns,soi,soi_agi_band_count,state,17,312283.5935656689,0.9540479172797055,0.00021396006218428023
246,irs_soi.ty2022.historic_table_2.state_eitc.or.or.eitc_two_children_amount,soi,soi_eitc_amount,state,41,189282452.44140613,0.18514156494340384,4.152087125889299e-05
247,irs_soi.ty2022.historic_table_2.state_broad.ut.all.taxable_ira_distributions_amount,soi,soi_income_amount,state,49,3338973830.7536983,0.7775982255418186,0.00017438847847988756
248,irs_soi.ty2022.historic_table_2.state_eitc.nm.nm.eitc_two_children_amount,soi,soi_eitc_amount,state,35,183359183.27267152,0.18222169671348307,4.0866045461646795e-05
249,irs_soi.ty2022.historic_table_2.state_broad.il.all.rental_royalty_income_returns,soi,soi_income_count,state,17,348290.0,1.007548837542846,0.00022595847444333844
250,irs_soi.ty2022.historic_table_2.state_broad.pa.all.taxable_ira_distributions_returns,soi,soi_income_count,state,42,849700.0,1.5737234372771294,0.0003529319213449494
251,irs_soi.ty2022.historic_table_2.state_broad.or.all.net_capital_gains_returns,soi,soi_income_count,state,41,417691.13196250884,1.1033752323423864,0.00024744903169822527
252,irs_soi.ty2022.historic_table_2.state_broad.pa.all.taxable_interest_amount,soi,soi_income_amount,state,42,10177179561.784573,1.3575707487642503,0.00030445632401082087
253,irs_soi.ty2022.historic_table_2.state_broad.pa.all.medical_dental_expense_returns,soi,soi_deduction_count,state,42,118420.0,0.5875003531629629,0.00013175607830521706
254,irs_soi.ty2022.historic_table_2.state_broad.ct.all.taxable_pension_income_amount,soi,soi_income_amount,state,09,13204040268.553324,1.5463299703819795,0.00034678851096254306
255,irs_soi.ty2022.historic_table_2.state_agi.co.under_1.taxable_interest_amount,soi,soi_agi_band_amount,state,08,120529302.59017581,0.14773897277313972,3.313275908794342e-05
256,irs_soi.ty2022.historic_table_2.state_broad.la.all.taxable_income_returns,soi,soi_tax_count,state,22,1504280.0,2.09391932153885,0.00046959392723454807
257,irs_soi.ty2022.historic_table_2.state_agi.wa.500k_plus.taxable_interest_returns,soi,soi_agi_band_count,state,53,79661.61176912767,0.4818591921590824,0.00010806440730187989
258,irs_soi.ty2022.historic_table_2.state_eitc.sd.sd.eitc_two_children_claims,soi,soi_eitc_count,state,46,11970.0,0.18678529336382343,4.1889502884912184e-05
259,irs_soi.ty2022.historic_table_2.state_broad.co.all.return_count,soi,soi_return_count,state,08,2972380.0,2.943389720812561,0.0006601008568765555
260,irs_soi.ty2022.historic_table_2.state_agi.me.100k_to_200k.taxable_interest_amount,soi,soi_agi_band_amount,state,23,192897518.1125255,0.18690119285640086,4.191549514608676e-05
261,irs_soi.ty2022.historic_table_2.state_broad.me.all.actc_amount,soi,soi_credit_amount,state,23,106743203.44042529,0.1390333122625385,3.1180379516155755e-05
262,irs_soi.ty2022.historic_table_2.state_agi.vt.100k_to_200k.taxable_interest_amount,soi,soi_agi_band_amount,state,50,104996437.78637524,0.13789103637958922,3.092420640941674e-05
263,irs_soi.ty2022.historic_table_2.state_agi.ct.200k_to_500k.taxable_interest_returns,soi,soi_agi_band_count,state,09,116864.04443062433,0.5836279199796419,0.00013088762502346757
264,irs_soi.ty2022.historic_table_2.state_broad.ok.all.ordinary_dividends_amount,soi,soi_income_amount,state,40,2843953443.174974,0.7176455471576106,0.0001609431592638732
265,irs_soi.ty2022.historic_table_2.state_broad.ky.all.schedule_c_income_returns,soi,soi_income_count,state,21,325650.0,0.9742516385653226,0.00021849106045421004
266,irs_soi.ty2022.historic_table_2.state_broad.ms.all.medical_dental_expense_amount,soi,soi_deduction_amount,state,28,557684698.9868642,0.31779211528624046,7.12698172877866e-05
267,irs_soi.ty2022.historic_table_2.state_agi.az.10k_to_25k.taxable_interest_amount,soi,soi_agi_band_amount,state,04,137284542.99098274,0.15767381451429296,3.5360801640343794e-05
268,irs_soi.ty2022.historic_table_2.state_agi.ok.100k_to_200k.taxable_interest_amount,soi,soi_agi_band_amount,state,40,386326948.61872745,0.2645003524977154,5.931831184070765e-05
269,irs_soi.ty2022.historic_table_2.state_agi.nc.25k_to_50k.taxable_interest_amount,soi,soi_agi_band_amount,state,37,273323694.9448481,0.22247816550523108,4.98941837867753e-05
270,irs_soi.ty2022.historic_table_2.state_agi.nc.50k_to_75k.taxable_interest_amount,soi,soi_agi_band_amount,state,37,317648875.3275078,0.23984044110019195,5.3787943731821475e-05
271,irs_soi.ty2022.historic_table_2.state_broad.wy.all.medical_dental_expense_returns,soi,soi_deduction_count,state,56,4960.0,0.12023653215026943,2.6964909654691505e-05
272,irs_soi.ty2022.historic_table_2.state_broad.ga.all.taxable_income_amount,soi,soi_tax_amount,state,13,348673688876.2994,7.946178954105463,0.0017820540377002608
273,irs_soi.ty2022.historic_table_2.state_agi.ri.10k_to_25k.taxable_interest_amount,soi,soi_agi_band_amount,state,44,23289068.121207062,0.06494187282077873,1.4564223552540645e-05
274,irs_soi.ty2022.historic_table_2.state_agi.wa.25k_to_50k.taxable_interest_amount,soi,soi_agi_band_amount,state,53,268160564.5466141,0.2203668221461901,4.942068224852884e-05
275,irs_soi.ty2022.historic_table_2.state_broad.in.all.taxable_interest_amount,soi,soi_income_amount,state,18,3331929921.242515,0.7767775806948506,0.0001742044361280221
276,irs_soi.ty2022.historic_table_2.state_broad.sd.all.qualified_dividends_returns,soi,soi_income_count,state,46,90930.0,0.5148126373325381,0.00011545472916181613
277,irs_soi.ty2022.historic_table_2.state_eitc.ky.ky.eitc_no_children_amount,soi,soi_eitc_amount,state,21,37021832.73705988,0.081879976700899,1.8362856402982507e-05
278,irs_soi.ty2022.historic_table_2.state_broad.ga.all.taxable_social_security_amount,soi,soi_income_amount,state,13,13215142897.16353,1.5469799502190857,0.0003469342790354532
279,irs_soi.ty2022.historic_table_2.state_broad.nv.all.real_estate_taxes_amount,soi,soi_deduction_amount,state,32,704633758.4247133,0.3572156489386197,8.011115697210578e-05
280,irs_soi.ty2022.historic_table_2.state_broad.ny.all.taxable_pension_income_amount,soi,soi_income_amount,state,36,65399053525.69158,3.4413946942378746,0.000771786206377635
281,irs_soi.ty2022.historic_table_2.state_eitc.mo.mo.eitc_three_or_more_children_amount,soi,soi_eitc_amount,state,29,319024118.0523978,0.24035906813381108,5.390425389858961e-05
282,irs_soi.ty2022.historic_table_2.state_agi.mi.100k_to_200k.taxable_interest_amount,soi,soi_agi_band_amount,state,26,1204288018.3502443,0.46699683368318007,0.00010473129259546536
283,irs_soi.ty2022.historic_table_2.state_broad.oh.all.income_tax_liability_returns,soi,soi_tax_count,state,39,4129590.0,3.46935763880533,0.0007780573309722651
284,irs_soi.ty2022.historic_table_2.state_broad.mt.all.income_tax_before_credits_amount,soi,soi_tax_amount,state,30,7312432077.066374,1.1507465347430232,0.0002580727819562734
285,irs_soi.ty2022.historic_table_2.state_agi.ca.10k_to_25k.taxable_interest_amount,soi,soi_agi_band_amount,state,06,738846772.9855213,0.3657850434200604,8.203297677058991e-05
286,irs_soi.ty2022.historic_table_2.state_broad.ms.all.ctc_amount,soi,soi_credit_amount,state,28,708213263.8141793,0.35812181867577497,8.031437960883044e-05
287,irs_soi.ty2022.historic_table_2.state_broad.ok.all.qualified_dividends_amount,soi,soi_income_amount,state,40,2253752942.9616704,0.6388544240954939,0.00014327302626048304
288,irs_soi.ty2022.historic_table_2.state_broad.wv.all.schedule_c_income_returns,soi,soi_income_count,state,54,95340.0,0.5271487456270588,0.00011822129303141037
289,irs_soi.ty2022.historic_table_2.state_agi.wy.1_to_10k.taxable_interest_amount,soi,soi_agi_band_amount,state,56,7168030.959014317,0.03602870807907878,8.07999732654828e-06
290,irs_soi.ty2022.historic_table_2.state_eitc.ma.ma.eitc_two_children_claims,soi,soi_eitc_count,state,25,74330.0,0.46545496796094643,0.00010438550526148159
291,irs_soi.ty2022.historic_table_2.state_agi.ok.10k_to_25k.taxable_interest_amount,soi,soi_agi_band_amount,state,40,73700553.77766415,0.11552716839497752,2.590876169432104e-05
292,irs_soi.ty2022.historic_table_2.state_agi.wa.10k_to_25k.taxable_interest_amount,soi,soi_agi_band_amount,state,53,164821238.44823074,0.17276483103789925,3.8745196465104116e-05
293,irs_soi.ty2022.historic_table_2.state_broad.wv.all.net_capital_gains_returns,soi,soi_income_count,state,54,90166.50276949437,0.5126467592575238,0.00011496899736656735
294,irs_soi.ty2022.historic_table_2.state_eitc.me.me.eitc_claims,soi,soi_eitc_count,state,23,81740.0,0.4881046222164907,0.00010946504198620558
295,irs_soi.ty2022.historic_table_2.state_broad.nm.all.actc_claims,soi,soi_credit_count,state,35,132570.0,0.6216103425445151,0.00013940577316539921
296,irs_soi.ty2022.historic_table_2.state_eitc.dc.dc.eitc_two_children_amount,soi,soi_eitc_amount,state,11,43522080.082813285,0.08877763575363463,1.990976356887971e-05
297,irs_soi.ty2022.historic_table_2.state_broad.sd.all.taxable_ira_distributions_amount,soi,soi_income_amount,state,46,1251475749.0675235,0.47605811472619614,0.00010676342559457191
298,irs_soi.ty2022.historic_table_2.state_agi.ma.75k_to_100k.taxable_interest_returns,soi,soi_agi_band_count,state,25,176199.56994136583,0.7166350175882028,0.00016071653231401723
299,irs_soi.ty2022.historic_table_2.state_agi.la.25k_to_50k.taxable_interest_amount,soi,soi_agi_band_amount,state,22,117383859.10833934,0.14579846272070185,3.269756957181024e-05
300,irs_soi.ty2022.historic_table_2.state_agi.ak.25k_to_50k.taxable_interest_returns,soi,soi_agi_band_count,state,02,12550.482140145767,0.19126072982354986,4.2893189016270433e-05
301,irs_soi.ty2022.historic_table_2.state_broad.nj.all.ctc_amount,soi,soi_credit_amount,state,34,2693873016.737576,0.6984532030353036,0.0001566389780298954
302,irs_soi.ty2022.historic_table_2.state_agi.ms.10k_to_25k.taxable_interest_returns,soi,soi_agi_band_count,state,28,30040.115628638603,0.29590098008478044,6.63603902410362e-05
303,irs_soi.ty2022.historic_table_2.state_broad.ky.all.net_capital_gains_amount,soi,soi_income_amount,state,21,7660875889.0524,1.1778445222084741,0.0002641499264876596
304,irs_soi.ty2022.historic_table_2.state_eitc.or.or.eitc_claims,soi,soi_eitc_count,state,41,228960.0,0.8169122561660026,0.00018320526040950945
305,irs_soi.ty2022.historic_table_2.state_broad.nc.all.rental_royalty_income_amount,soi,soi_income_amount,state,37,1549198729.1011674,0.529666272444862,0.00011878588751847096
306,irs_soi.ty2022.historic_table_2.state_agi.nv.75k_to_100k.taxable_interest_returns,soi,soi_agi_band_count,state,32,50771.409425580954,0.3846849656867705,8.627157786202524e-05
307,irs_soi.ty2022.historic_table_2.state_broad.ca.all.unemployment_compensation_amount,soi,soi_income_amount,state,06,7707522085.077394,1.1814249604692144,0.0002649528953732259
308,irs_soi.ty2022.historic_table_2.state_eitc.co.co.eitc_three_or_more_children_amount,soi,soi_eitc_amount,state,08,176067971.66871372,0.17856195565761468,4.004529169266981e-05
309,irs_soi.ty2022.historic_table_2.state_broad.pa.all.limited_state_local_taxes_returns,soi,soi_deduction_count,state,42,438220.0,1.1301646027906722,0.0002534569640705701
310,irs_soi.ty2022.historic_table_2.state_broad.ok.all.schedule_c_income_returns,soi,soi_income_count,state,40,317810.0,0.9624526725381573,0.00021584495908009806
311,irs_soi.ty2022.historic_table_2.state_broad.tn.all.medical_dental_expense_returns,soi,soi_deduction_count,state,47,53660.0,0.3954767329787516,8.869179927758502e-05
312,irs_soi.ty2022.historic_table_2.state_broad.md.all.wages_salaries_returns,soi,soi_income_count,state,24,2468810.0,2.682498189757591,0.0006015918792907807
313,irs_soi.ty2022.historic_table_2.state_broad.ct.all.actc_amount,soi,soi_credit_amount,state,09,290820528.4829396,0.22948868790111984,5.1466402310186106e-05
314,irs_soi.ty2022.historic_table_2.state_broad.tn.all.real_estate_taxes_amount,soi,soi_deduction_amount,state,47,881557674.4181694,0.39955274482459974,8.960590823606183e-05
315,irs_soi.ty2022.historic_table_2.state_eitc.ky.ky.eitc_claims,soi,soi_eitc_count,state,21,354590.0,1.0166204590860677,0.00022799292646020805
316,irs_soi.ty2022.historic_table_2.state_broad.fl.all.itemized_deductions_amount,soi,soi_deduction_amount,state,12,57371148342.89437,3.2232613799264573,0.0007228664229482972
317,irs_soi.ty2022.historic_table_2.state_broad.mn.all.ctc_claims,soi,soi_credit_count,state,27,665270.0,1.3924979787029832,0.0003122892977580137
318,irs_soi.ty2022.historic_table_2.state_broad.oh.all.income_tax_before_credits_returns,soi,soi_tax_count,state,39,4608450.0,3.664992106341935,0.0008219313985965318
319,irs_soi.ty2022.historic_table_2.state_agi.sd.25k_to_50k.taxable_interest_amount,soi,soi_agi_band_amount,state,46,42703870.49039604,0.08793917215051762,1.9721725084215657e-05
320,irs_soi.ty2022.historic_table_2.state_broad.ri.all.tax_exempt_interest_amount,soi,soi_income_amount,state,44,171267289.16672245,0.1761107899395703,3.9495579712843756e-05
321,irs_soi.ty2022.historic_table_2.state_agi.nh.75k_to_100k.taxable_interest_returns,soi,soi_agi_band_count,state,33,37103.86866563164,0.3288555688873379,7.375096857755952e-05
322,irs_soi.ty2022.historic_table_2.state_broad.vt.all.income_tax_before_credits_returns,soi,soi_tax_count,state,50,267250.0,0.8825807698664162,0.000197932444464323
323,irs_soi.ty2022.historic_table_2.state_broad.mo.all.taxable_income_returns,soi,soi_tax_count,state,29,2296570.0,2.5872324359454377,0.0005802270544842874
324,irs_soi.ty2022.historic_table_2.state_eitc.nd.nd.eitc_one_child_claims,soi,soi_eitc_count,state,38,12970.0,0.19443103663570782,4.360417955499166e-05
325,irs_soi.ty2022.historic_table_2.state_agi.or.under_1.taxable_interest_returns,soi,soi_agi_band_count,state,41,10699.66932890263,0.17659596720838155,3.96043882503659e-05
326,irs_soi.ty2022.historic_table_2.state_broad.oh.all.ctc_claims,soi,soi_credit_count,state,39,1312020.0,1.9555360715723948,0.0004385593342840087
327,irs_soi.ty2022.historic_table_2.state_broad.sd.all.income_tax_before_credits_returns,soi,soi_tax_count,state,46,360780.0,1.0254555283335638,0.0002299743279510123
328,irs_soi.ty2022.historic_table_2.state_broad.ne.all.unemployment_compensation_returns,soi,soi_income_count,state,31,10630.0,0.17602008885949996,3.947523858701502e-05
329,irs_soi.ty2022.historic_table_2.state_agi.ne.75k_to_100k.taxable_interest_amount,soi,soi_agi_band_amount,state,31,91882751.46535298,0.12899288293290476,2.8928657307222416e-05
330,irs_soi.ty2022.historic_table_2.state_eitc.ok.ok.eitc_amount,soi,soi_eitc_amount,state,40,940501316.8440188,0.41269428729448093,9.255310322818591e-05
331,irs_soi.ty2022.historic_table_2.state_broad.fl.all.ctc_amount,soi,soi_credit_amount,state,12,5103248737.673949,0.9613291725531443,0.00021559299676006825
332,irs_soi.ty2022.historic_table_2.state_agi.ma.50k_to_75k.taxable_interest_amount,soi,soi_agi_band_amount,state,25,290789856.7179725,0.2294765859206749,5.1463688253122874e-05
333,irs_soi.ty2022.historic_table_2.state_broad.mt.all.ordinary_dividends_amount,soi,soi_income_amount,state,30,1538492702.9660382,0.5278329208489151,0.00011837472995041828
334,irs_soi.ty2022.historic_table_2.state_broad.ar.all.unemployment_compensation_returns,soi,soi_income_count,state,05,21520.0,0.25044752091739975,5.616674611289521e-05
335,irs_soi.ty2022.historic_table_2.state_broad.sc.all.schedule_c_income_returns,soi,soi_income_count,state,45,470000.0,1.1704275412883927,0.00026248655332774
336,irs_soi.ty2022.historic_table_2.state_agi.pa.25k_to_50k.taxable_interest_amount,soi,soi_agi_band_amount,state,42,466781255.4334079,0.29074044919993425,6.520306104506262e-05
337,irs_soi.ty2022.historic_table_2.state_agi.wy.75k_to_100k.taxable_interest_amount,soi,soi_agi_band_amount,state,56,34697054.602892,0.07926748114777499,1.7776963702124914e-05
338,irs_soi.ty2022.historic_table_2.state_broad.ms.all.taxable_ira_distributions_returns,soi,soi_income_count,state,28,95640.0,0.5279774660657872,0.00011840714646014515
339,irs_soi.ty2022.historic_table_2.state_broad.tn.all.taxable_interest_amount,soi,soi_income_amount,state,47,5700392603.100657,1.016017380250886,0.00022785767666537029
340,irs_soi.ty2022.historic_table_2.state_broad.nv.all.limited_state_local_taxes_returns,soi,soi_deduction_count,state,32,128400.0,0.611755828108785,0.0001371957452587542
341,irs_soi.ty2022.historic_table_2.state_eitc.nv.nv.eitc_no_children_claims,soi,soi_eitc_count,state,32,70080.0,0.45195235135029854,0.0001013573337856691
342,irs_soi.ty2022.historic_table_2.state_broad.oh.all.tax_exempt_interest_returns,soi,soi_income_count,state,39,218600.0,0.7982164661189866,0.00017901243913859307
343,irs_soi.ty2022.historic_table_2.state_agi.ky.under_1.taxable_interest_returns,soi,soi_agi_band_count,state,21,8115.102326219907,0.15379513718612078,3.449094801213742e-05
344,irs_soi.ty2022.historic_table_2.state_broad.ia.all.taxable_interest_returns,soi,soi_income_count,state,19,636460.5759657167,1.362013327962869,0.0003054526413910897
345,irs_soi.ty2022.historic_table_2.state_broad.nh.all.premium_tax_credit_returns,soi,soi_credit_count,state,33,24220.0,0.2656945664617223,5.9586132868742384e-05
346,irs_soi.ty2022.historic_table_2.state_eitc.il.il.eitc_three_or_more_children_amount,soi,soi_eitc_amount,state,17,551128434.3423711,0.31591857537829915,7.08496468666291e-05
347,irs_soi.ty2022.historic_table_2.state_agi.mt.1_to_10k.taxable_interest_returns,soi,soi_agi_band_count,state,30,15430.741130423548,0.2120747659549315,4.75610598687893e-05
348,irs_soi.ty2022.historic_table_2.state_broad.vt.all.real_estate_taxes_claims,soi,soi_deduction_count,state,50,16890.0,0.22187605141818104,4.975915035168895e-05
349,irs_soi.ty2022.historic_table_2.state_broad.ks.all.real_estate_taxes_amount,soi,soi_deduction_amount,state,20,528981435.112648,0.30950592583302683,6.941151061516636e-05
350,irs_soi.ty2022.historic_table_2.state_broad.ok.all.net_capital_gains_amount,soi,soi_income_amount,state,40,7718644157.198407,1.1822770603153885,0.00026514399199717165
351,irs_soi.ty2022.historic_table_2.state_broad.me.all.net_capital_gains_returns,soi,soi_income_count,state,23,128764.50591071643,0.6126235484465666,0.00013739034502053524
352,irs_soi.ty2022.historic_table_2.state_agi.mn.25k_to_50k.taxable_interest_amount,soi,soi_agi_band_amount,state,27,221326701.19185555,0.20020073093067284,4.489812310622849e-05
353,irs_soi.ty2022.historic_table_2.state_broad.dc.all.income_tax_liability_amount,soi,soi_tax_amount,state,11,9445016241.816174,1.3078264238357724,0.0002933003865969438
354,irs_soi.ty2022.historic_table_2.state_agi.ri.1_to_10k.taxable_interest_returns,soi,soi_agi_band_count,state,44,12670.949246203012,0.19217645563692268,4.309855475149645e-05
355,irs_soi.ty2022.historic_table_2.state_broad.nd.all.medical_dental_expense_returns,soi,soi_deduction_count,state,38,5710.0,0.1290071133937681,2.89318487090756e-05
356,irs_soi.ty2022.historic_table_2.state_broad.ne.all.tax_exempt_interest_amount,soi,soi_income_amount,state,31,302159550.0938273,0.23391976329676023,5.246013978397852e-05
357,irs_soi.ty2022.historic_table_2.state_broad.wi.all.partnership_scorp_income_amount,soi,soi_income_amount,state,55,22587304160.58484,2.0224647143875414,0.00045356912186309516
358,irs_soi.ty2022.historic_table_2.state_broad.tn.all.schedule_c_income_returns,soi,soi_income_count,state,47,673840.0,1.4014383493618738,0.00031429431472569495
359,irs_soi.ty2022.historic_table_2.state_agi.de.75k_to_100k.taxable_interest_amount,soi,soi_agi_band_amount,state,10,48370783.29994856,0.09359234165928856,2.098953614247333e-05
360,irs_soi.ty2022.historic_table_2.state_agi.tn.25k_to_50k.taxable_interest_returns,soi,soi_agi_band_count,state,47,152117.10028501283,0.6658626007139948,0.00014933002931464339
361,irs_soi.ty2022.historic_table_2.state_broad.nj.all.taxable_interest_amount,soi,soi_income_amount,state,34,11025459637.955645,1.4130160831990308,0.0003168908013453758
362,irs_soi.ty2022.historic_table_2.state_broad.tx.all.schedule_c_income_amount,soi,soi_income_amount,state,48,38807735923.02352,2.650988882402829,0.0005945254277647071
363,irs_soi.ty2022.historic_table_2.state_broad.wa.all.taxable_interest_amount,soi,soi_income_amount,state,53,8349300979.982439,1.2296281918594816,0.0002757632186273787
364,irs_soi.ty2022.historic_table_2.state_broad.me.all.medical_dental_expense_amount,soi,soi_deduction_amount,state,23,335701588.2331777,0.2465616065690801,5.529526947052705e-05
365,irs_soi.ty2022.historic_table_2.state_eitc.ct.ct.eitc_no_children_claims,soi,soi_eitc_count,state,09,63290.0,0.4294999834917653,9.632204159940913e-05
366,irs_soi.ty2022.historic_table_2.state_agi.co.50k_to_75k.taxable_interest_returns,soi,soi_agi_band_count,state,08,135492.63964911294,0.6284250024402499,0.00014093406648132988
367,irs_soi.ty2022.historic_table_2.state_broad.co.all.partnership_scorp_income_amount,soi,soi_income_amount,state,08,22241447756.43613,2.0069210115577247,0.0004500832051037732
368,irs_soi.ty2022.historic_table_2.state_agi.vt.100k_to_200k.taxable_interest_returns,soi,soi_agi_band_count,state,50,35493.99006650299,0.32164219360480023,7.213325714393366e-05
369,irs_soi.ty2022.historic_table_2.state_eitc.tn.tn.eitc_three_or_more_children_claims,soi,soi_eitc_count,state,47,75820.0,0.47009701516066127,0.00010542655643881168
370,irs_soi.ty2022.historic_table_2.state_broad.id.all.unemployment_compensation_amount,soi,soi_income_amount,state,16,119359419.46257785,0.14702023146029303,3.2971570186206105e-05
371,irs_soi.ty2022.historic_table_2.state_broad.ia.all.limited_state_local_taxes_returns,soi,soi_deduction_count,state,19,93070.0,0.5208353592493196,0.00011680541808686243
372,irs_soi.ty2022.historic_table_2.state_eitc.mi.mi.eitc_no_children_claims,soi,soi_eitc_count,state,26,200060.0,0.7636172594806161,0.00017125302971083563
373,irs_soi.ty2022.historic_table_2.state_agi.ri.500k_plus.taxable_interest_returns,soi,soi_agi_band_count,state,44,6428.562841418468,0.13688395677592535,3.069835316795814e-05
374,irs_soi.ty2022.historic_table_2.state_agi.ar.50k_to_75k.taxable_interest_returns,soi,soi_agi_band_count,state,05,52994.575110091944,0.39301697705315275,8.814016081030562e-05
375,irs_soi.ty2022.historic_table_2.state_agi.nm.1_to_10k.taxable_interest_amount,soi,soi_agi_band_amount,state,35,23953958.61330257,0.06586237702114886,1.4770660915261014e-05
376,irs_soi.ty2022.historic_table_2.state_broad.ri.all.income_tax_before_credits_returns,soi,soi_tax_count,state,44,460680.0,1.1587647696549468,0.00025987099566157136
377,irs_soi.ty2022.historic_table_2.state_broad.tn.all.limited_state_local_taxes_amount,soi,soi_deduction_amount,state,47,1240145690.2244341,0.4738982526760347,0.00010627904298632758
378,irs_soi.ty2022.historic_table_2.state_broad.nc.all.wages_salaries_amount,soi,soi_income_amount,state,37,308198306529.51996,7.470744388133034,0.0016754304525976752
379,irs_soi.ty2022.historic_table_2.state_agi.nm.100k_to_200k.taxable_interest_returns,soi,soi_agi_band_count,state,35,73134.48493184418,0.4616966327819867,0.00010354264022919639
380,irs_soi.ty2022.historic_table_2.state_broad.or.all.schedule_c_income_amount,soi,soi_income_amount,state,41,6040655658.935587,1.0459015177117026,0.00023455965860320758
381,irs_soi.ty2022.historic_table_2.state_broad.mo.all.limited_state_local_taxes_amount,soi,soi_deduction_amount,state,29,1560742774.0254424,0.5316360464484949,0.00011922763993014016
382,irs_soi.ty2022.historic_table_2.state_broad.ak.all.income_tax_liability_amount,soi,soi_tax_amount,state,02,4309248341.877862,0.8833839712130163,0.0001981125748403266
383,irs_soi.ty2022.historic_table_2.state_broad.ut.all.income_tax_before_credits_returns,soi,soi_tax_count,state,49,1258350.0,1.915121493292618,0.00042949573745068803
384,irs_soi.ty2022.historic_table_2.state_eitc.fl.fl.eitc_claims,soi,soi_eitc_count,state,12,2035890.0,2.4359746148636185,0.0005463051390140432
385,irs_soi.ty2022.historic_table_2.state_agi.ok.500k_plus.taxable_interest_returns,soi,soi_agi_band_count,state,40,16131.640656574795,0.21683774053621316,4.86292308894849e-05
386,irs_soi.ty2022.historic_table_2.state_broad.ne.all.taxable_social_security_amount,soi,soi_income_amount,state,31,3198612405.647637,0.761078689823007,0.0001706837160401451
387,irs_soi.ty2022.historic_table_2.state_eitc.tx.tx.eitc_no_children_claims,soi,soi_eitc_count,state,48,647380.0,1.3736473187498837,0.00030806174450546844
388,irs_soi.ty2022.historic_table_2.state_broad.ar.all.taxable_income_returns,soi,soi_tax_count,state,05,1013860.0,1.7190345212888838,0.00038552018867209773
389,irs_soi.ty2022.historic_table_2.state_broad.va.all.schedule_c_income_amount,soi,soi_income_amount,state,51,11561038332.0206,1.4469288425783304,0.00032449626431449436
390,irs_soi.ty2022.historic_table_2.state_agi.nm.200k_to_500k.taxable_interest_amount,soi,soi_agi_band_amount,state,35,230883223.38016683,0.2044772245829593,4.585719322335934e-05
391,irs_soi.ty2022.historic_table_2.state_broad.dc.all.actc_claims,soi,soi_credit_count,state,11,32260.0,0.30663927905065025,6.876862055408169e-05
392,irs_soi.ty2022.historic_table_2.state_agi.me.10k_to_25k.taxable_interest_returns,soi,soi_agi_band_count,state,23,26437.054002017347,0.2775889235213333,6.225362716334005e-05
393,irs_soi.ty2022.historic_table_2.state_broad.ny.all.income_tax_liability_returns,soi,soi_tax_count,state,36,6941530.0,4.498038890885896,0.0010087550775702838
394,irs_soi.ty2022.historic_table_2.state_broad.hi.all.partnership_scorp_income_returns,soi,soi_income_count,state,15,34460.0,0.3169226219050962,7.107481989349544e-05
395,irs_soi.ty2022.historic_table_2.state_agi.ok.25k_to_50k.taxable_interest_amount,soi,soi_agi_band_amount,state,40,123355087.18158174,0.14946079414695013,3.3518904271574375e-05
396,irs_soi.ty2022.historic_table_2.state_broad.mi.all.premium_tax_credit_returns,soi,soi_credit_count,state,26,154230.0,0.6704710539602826,0.0001503635465261903
397,irs_soi.ty2022.historic_table_2.state_broad.ok.all.tax_exempt_interest_returns,soi,soi_income_count,state,40,51960.0,0.3891617743357664,8.727557172813778e-05
398,irs_soi.ty2022.historic_table_2.state_eitc.wv.wv.eitc_one_child_claims,soi,soi_eitc_count,state,54,46210.0,0.366997907365097,8.230498034651201e-05
399,irs_soi.ty2022.historic_table_2.state_broad.nm.all.ordinary_dividends_returns,soi,soi_income_count,state,35,144420.0,0.6487976586829608,0.0001455029510390134
400,irs_soi.ty2022.historic_table_2.state_broad.in.all.ordinary_dividends_amount,soi,soi_income_amount,state,18,4686927053.094612,0.9212825607825041,0.00020661192213108413
401,irs_soi.ty2022.historic_table_2.state_agi.al.10k_to_25k.taxable_interest_returns,soi,soi_agi_band_count,state,01,59412.1863964143,0.41613416294752575,9.33245487659847e-05
402,irs_soi.ty2022.historic_table_2.state_eitc.co.co.eitc_one_child_amount,soi,soi_eitc_amount,state,08,257445421.89383343,0.2159192384836141,4.842324253949633e-05
403,irs_soi.ty2022.historic_table_2.state_broad.ak.all.schedule_c_income_returns,soi,soi_income_count,state,02,59350.0,0.41591632330305905,9.327569484257884e-05
404,irs_soi.ty2022.historic_table_2.state_broad.wy.all.taxable_income_amount,soi,soi_tax_amount,state,56,26969287603.83826,2.2099553056968637,0.0004956167987658362
405,irs_soi.ty2022.historic_table_2.state_broad.tx.all.ctc_claims,soi,soi_credit_count,state,48,3718950.0,3.2923483004297007,0.0007383602378178293
406,irs_soi.ty2022.historic_table_2.state_broad.nv.all.rental_royalty_income_amount,soi,soi_income_amount,state,32,748192809.9246948,0.36809127082479093,8.25501840827071e-05
407,irs_soi.ty2022.historic_table_2.state_broad.wi.all.unemployment_compensation_returns,soi,soi_income_count,state,55,69050.0,0.4486187749472045,0.00010060972750554036
408,irs_soi.ty2022.historic_table_2.state_broad.mo.all.rental_royalty_income_returns,soi,soi_income_count,state,29,138900.0,0.6362777351302198,0.000142695163743041
409,irs_soi.ty2022.historic_table_2.state_broad.az.all.rental_royalty_income_amount,soi,soi_income_amount,state,04,1301053299.144097,0.4853961165255393,0.00010885761752086552
410,irs_soi.ty2022.historic_table_2.state_broad.nd.all.real_estate_taxes_amount,soi,soi_deduction_amount,state,38,93970138.9818016,0.13044988116787332,2.925541178916199e-05
411,irs_soi.ty2022.historic_table_2.state_broad.az.all.partnership_scorp_income_returns,soi,soi_income_count,state,04,187000.0,0.7382720159753655,0.00016556896523331813
412,irs_soi.ty2022.historic_table_2.state_broad.nc.all.ctc_claims,soi,soi_credit_count,state,37,1239330.0,1.9005928229931948,0.0004262374575001558
413,irs_soi.ty2022.historic_table_2.state_broad.nj.all.income_tax_before_credits_amount,soi,soi_tax_amount,state,34,93155634013.97484,4.1072705974144466,0.0009211192189761037
414,irs_soi.ty2022.historic_table_2.state_broad.id.all.return_count,soi,soi_return_count,state,16,869500.0,1.5919535685445807,0.00035702031140268683
415,irs_soi.ty2022.historic_table_2.state_agi.wy.under_1.taxable_interest_returns,soi,soi_agi_band_count,state,56,2288.875015087666,0.08167829113130443,1.8317625281745778e-05
416,irs_soi.ty2022.historic_table_2.state_eitc.mn.mn.eitc_no_children_amount,soi,soi_eitc_amount,state,27,34234411.951772995,0.07873724038731225,1.765804897674641e-05
417,irs_soi.ty2022.historic_table_2.state_eitc.pa.pa.eitc_amount,soi,soi_eitc_amount,state,42,2151763367.492295,0.6242319711278927,0.00013999371409013068
418,irs_soi.ty2022.historic_table_2.state_agi.ca.25k_to_50k.taxable_interest_amount,soi,soi_agi_band_amount,state,06,1303313228.0633774,0.4858175000230393,0.00010895211931442909
419,irs_soi.ty2022.historic_table_2.state_agi.ar.200k_to_500k.taxable_interest_amount,soi,soi_agi_band_amount,state,05,249533401.68344596,0.21257544492622266,4.767334490384002e-05
420,irs_soi.ty2022.historic_table_2.state_eitc.ia.ia.eitc_no_children_amount,soi,soi_eitc_amount,state,19,19528750.68663007,0.05946836300242089,1.3336703970042811e-05
421,irs_soi.ty2022.historic_table_2.state_broad.ga.all.taxable_ira_distributions_returns,soi,soi_income_count,state,13,393840.0,1.0714095546516056,0.0002402802320366911
422,irs_soi.ty2022.historic_table_2.state_broad.ct.all.premium_tax_credit_returns,soi,soi_credit_count,state,09,63160.0,0.429058652324711,9.622306623115296e-05
423,irs_soi.ty2022.historic_table_2.state_eitc.hi.hi.eitc_three_or_more_children_claims,soi,soi_eitc_count,state,15,11790.0,0.18537557288588172,4.157335117422779e-05
424,irs_soi.ty2022.historic_table_2.state_broad.ks.all.schedule_c_income_amount,soi,soi_income_amount,state,20,3586078459.3001857,0.8058582322887553,0.00018072622388175719
425,irs_soi.ty2022.historic_table_2.state_broad.in.all.rental_royalty_income_amount,soi,soi_income_amount,state,18,1059082095.854115,0.43793894350505386,9.821460944271223e-05
426,irs_soi.ty2022.historic_table_2.state_broad.mt.all.schedule_c_income_returns,soi,soi_income_count,state,30,96140.0,0.5293557837299624,0.00011871625560214452
427,irs_soi.ty2022.historic_table_2.state_broad.mt.all.premium_tax_credit_returns,soi,soi_credit_count,state,30,28530.0,0.2883676176118917,6.467091671044891e-05
428,irs_soi.ty2022.historic_table_2.state_broad.ia.all.rental_royalty_income_amount,soi,soi_income_amount,state,19,1862998673.873102,0.5808380063693859,0.00013026194356792687
429,irs_soi.ty2022.historic_table_2.state_broad.al.all.unemployment_compensation_returns,soi,soi_income_count,state,01,28580.0,0.2886201950603414,6.472756112588953e-05
430,irs_soi.ty2022.historic_table_2.state_broad.mt.all.income_tax_liability_returns,soi,soi_tax_count,state,30,394610.0,1.0724564042818832,0.00024051500432426174
431,irs_soi.ty2022.historic_table_2.state_broad.sd.all.ordinary_dividends_returns,soi,soi_income_count,state,46,100060.0,0.5400399058903426,0.00012111233592517213
432,irs_soi.ty2022.historic_table_2.state_broad.tx.all.taxable_income_amount,soi,soi_tax_amount,state,48,1106165744587.338,14.153337268168865,0.0031741056892058456
433,irs_soi.ty2022.historic_table_2.state_broad.ok.all.wages_salaries_returns,soi,soi_income_count,state,40,1376300.0,2.0028672193654145,0.0004491740792476821
434,irs_soi.ty2022.historic_table_2.state_eitc.vt.vt.eitc_amount,soi,soi_eitc_amount,state,50,76096139.29994193,0.11738971954132231,2.6326467715030793e-05
435,irs_soi.ty2022.historic_table_2.state_broad.mt.all.ordinary_dividends_returns,soi,soi_income_count,state,30,126760.0,0.6078364207853081,0.00013631675729654813
436,irs_soi.ty2022.historic_table_2.state_broad.ri.all.taxable_pension_income_amount,soi,soi_income_amount,state,44,3319821516.314599,0.7753648711958006,0.00017388761408293352
437,irs_soi.ty2022.historic_table_2.state_broad.va.all.itemized_deductions_amount,soi,soi_deduction_amount,state,51,24338736541.59603,2.099412448589982,0.0004708258462861588
438,irs_soi.ty2022.historic_table_2.state_broad.la.all.taxable_pension_income_returns,soi,soi_income_count,state,22,357070.0,1.0201693828301888,0.00022878882772598986
439,irs_soi.ty2022.historic_table_2.state_broad.la.all.premium_tax_credit_returns,soi,soi_credit_count,state,22,59450.0,0.41626656869001316,9.335424281005005e-05
440,irs_soi.ty2022.historic_table_2.state_broad.al.all.taxable_pension_income_returns,soi,soi_income_count,state,01,452470.0,1.1483928990601273,0.0002575449426015087
441,irs_soi.ty2022.historic_table_2.state_eitc.mo.mo.eitc_one_child_claims,soi,soi_eitc_count,state,29,152430.0,0.6665470772992744,0.00014948353381907925
442,irs_soi.ty2022.historic_table_2.state_broad.de.all.actc_claims,soi,soi_credit_count,state,10,52940.0,0.39281455567555507,8.809476467269681e-05
443,irs_soi.ty2022.historic_table_2.state_agi.nj.10k_to_25k.taxable_interest_amount,soi,soi_agi_band_amount,state,34,177676640.38578513,0.17937582853853956,4.022781532597882e-05
444,irs_soi.ty2022.historic_table_2.state_broad.ut.all.qualified_dividends_amount,soi,soi_income_amount,state,49,2157625017.632416,0.625081632610353,0.00014018426387314486
445,irs_soi.ty2022.historic_table_2.state_broad.wv.all.unemployment_compensation_returns,soi,soi_income_count,state,54,25510.0,0.27267846022866304,6.115237950855865e-05
446,irs_soi.ty2022.historic_table_2.state_broad.ma.all.itemized_deductions_amount,soi,soi_deduction_amount,state,25,19623620463.42963,1.8851170484180468,0.00042276677470689546
447,irs_soi.ty2022.historic_table_2.state_eitc.nm.nm.eitc_three_or_more_children_claims,soi,soi_eitc_count,state,35,24890.0,0.269344462936839,6.040467883759565e-05
448,irs_soi.ty2022.historic_table_2.state_agi.mo.under_1.taxable_interest_amount,soi,soi_agi_band_amount,state,29,94199639.1031935,0.1306090807118496,2.9291114759329357e-05
449,irs_soi.ty2022.historic_table_2.state_broad.ut.all.partnership_scorp_income_returns,soi,soi_income_count,state,49,142070.0,0.6434973960828899,0.00014431428483581294
450,irs_soi.ty2022.historic_table_2.state_agi.ct.25k_to_50k.taxable_interest_returns,soi,soi_agi_band_count,state,09,74404.86532299331,0.46568931254981566,0.00010443806067499791
451,irs_soi.ty2022.historic_table_2.state_broad.de.all.taxable_pension_income_amount,soi,soi_income_amount,state,10,4502454245.922996,0.9029701780714476,0.00020250508590972138
452,irs_soi.ty2022.historic_table_2.state_broad.pa.all.taxable_income_amount,soi,soi_tax_amount,state,42,479608921793.6134,9.319495005121226,0.002090041490271636
453,irs_soi.ty2022.historic_table_2.state_broad.ri.all.taxable_income_returns,soi,soi_tax_count,state,44,462510.0,1.161064020543913,0.0002603866383816804
454,irs_soi.ty2022.historic_table_2.state_broad.ne.all.net_capital_gains_amount,soi,soi_income_amount,state,31,5400571573.460114,0.9889369782458657,0.00022178447594659468
455,irs_soi.ty2022.historic_table_2.state_broad.ma.all.real_estate_taxes_amount,soi,soi_deduction_amount,state,25,3942626325.086351,0.84497052918357,0.00018949776388956492
456,irs_soi.ty2022.historic_table_2.state_agi.ks.500k_plus.taxable_interest_returns,soi,soi_agi_band_count,state,20,15715.481562922492,0.21402250868140246,4.7997871424400645e-05
457,irs_soi.ty2022.historic_table_2.state_eitc.dc.dc.eitc_no_children_claims,soi,soi_eitc_count,state,11,13850.0,0.20091876053428948,4.5059152396117844e-05
458,irs_soi.ty2022.historic_table_2.state_eitc.va.va.eitc_no_children_claims,soi,soi_eitc_count,state,51,154440.0,0.6709273563200115,0.00015046587941691222
459,irs_soi.ty2022.historic_table_2.state_agi.ok.200k_to_500k.taxable_interest_returns,soi,soi_agi_band_count,state,40,55436.77189652519,0.40197085930505394,9.014820796255975e-05
460,irs_soi.ty2022.historic_table_2.state_agi.ny.50k_to_75k.taxable_interest_returns,soi,soi_agi_band_count,state,36,515894.90591260616,1.2262421026420434,0.0002750038355330889
461,irs_soi.ty2022.historic_table_2.state_eitc.wa.wa.eitc_one_child_claims,soi,soi_eitc_count,state,53,121300.0,0.5946015049379357,0.00013334862187439688
462,irs_soi.ty2022.historic_table_2.state_broad.al.all.taxable_income_amount,soi,soi_tax_amount,state,01,131842844237.37602,4.88626520600331,0.0010958208580406617
463,irs_soi.ty2022.historic_table_2.state_broad.ri.all.real_estate_taxes_claims,soi,soi_deduction_count,state,44,41020.0,0.34577487393257117,7.754538549732478e-05
464,irs_soi.ty2022.historic_table_2.state_broad.az.all.premium_tax_credit_amount,soi,soi_credit_amount,state,04,721963269.9628232,0.36158158559545944,8.109028607209227e-05
465,irs_soi.ty2022.historic_table_2.state_eitc.md.md.eitc_three_or_more_children_amount,soi,soi_eitc_amount,state,24,219947442.1174862,0.1995759526905526,4.4758006882833056e-05
466,irs_soi.ty2022.historic_table_2.state_agi.nc.25k_to_50k.taxable_interest_returns,soi,soi_agi_band_count,state,37,217059.8220049643,0.7953995206256881,0.00017838069536346446
467,irs_soi.ty2022.historic_table_2.state_broad.dc.all.rental_royalty_income_amount,soi,soi_income_amount,state,11,9097209.31532535,0.040588485534824754,9.102598236112302e-06
468,irs_soi.ty2022.historic_table_2.state_broad.la.all.wages_salaries_amount,soi,soi_income_amount,state,22,105143567835.85959,4.363551521508885,0.0009785941963464644
469,irs_soi.ty2022.historic_table_2.state_broad.mo.all.rental_royalty_income_amount,soi,soi_income_amount,state,29,940741070.8826246,0.4127468862729775,9.25648993659963e-05
470,irs_soi.ty2022.historic_table_2.state_broad.ct.all.income_tax_liability_returns,soi,soi_tax_count,state,09,1370440.0,1.9985987743351141,0.00044821681415902983
471,irs_soi.ty2022.historic_table_2.state_broad.ut.all.net_capital_gains_returns,soi,soi_income_count,state,49,257519.2153739351,0.866364052054029,0.00019429559364297577
472,irs_soi.ty2022.historic_table_2.state_broad.ny.all.premium_tax_credit_returns,soi,soi_credit_count,state,36,118130.0,0.5867805442679916,0.00013159464998160835
473,irs_soi.ty2022.historic_table_2.state_eitc.ut.ut.eitc_three_or_more_children_amount,soi,soi_eitc_amount,state,49,122563608.950488,0.14898053292840663,3.3411198234672935e-05
474,irs_soi.ty2022.historic_table_2.state_broad.id.all.actc_amount,soi,soi_credit_amount,state,16,220333961.47879004,0.19975123572351178,4.479731682518766e-05
475,irs_soi.ty2022.historic_table_2.state_broad.fl.all.schedule_c_income_returns,soi,soi_income_count,state,12,2781160.0,2.8471384792752805,0.0006385150211426958
476,irs_soi.ty2022.historic_table_2.state_broad.tn.all.actc_claims,soi,soi_credit_count,state,47,415780.0,1.1008481098917862,0.000246882285241486
477,irs_soi.ty2022.historic_table_2.state_broad.dc.all.medical_dental_expense_returns,soi,soi_deduction_count,state,11,12140.0,0.18810699558854282,4.218591513535385e-05
478,irs_soi.ty2022.historic_table_2.state_broad.wy.all.income_tax_liability_returns,soi,soi_tax_count,state,56,207250.0,0.777218041430083,0.00017430321628842408
479,irs_soi.ty2022.historic_table_2.state_broad.ky.all.taxable_social_security_returns,soi,soi_income_count,state,21,318650.0,0.9637237570567779,0.0002161300195238345
480,irs_soi.ty2022.historic_table_2.state_eitc.nd.nd.eitc_two_children_amount,soi,soi_eitc_amount,state,38,35197909.49009563,0.07983754764176391,1.7904809966755755e-05
481,irs_soi.ty2022.historic_table_2.state_broad.ks.all.qualified_dividends_returns,soi,soi_income_count,state,20,270500.0,0.887931040372073,0.00019913232571699328
482,irs_soi.ty2022.historic_table_2.state_broad.mo.all.taxable_social_security_amount,soi,soi_income_amount,state,29,9336937585.973795,1.3003222116834485,0.000291617450478459
483,irs_soi.ty2022.historic_table_2.state_agi.al.1_to_10k.taxable_interest_amount,soi,soi_agi_band_amount,state,01,37331043.8600396,0.0822212017576151,1.8439381421308614e-05
484,irs_soi.ty2022.historic_table_2.state_broad.ky.all.taxable_income_returns,soi,soi_tax_count,state,21,1551320.0,2.126406540467266,0.0004768796906183597
485,irs_soi.ty2022.historic_table_2.state_eitc.ar.ar.eitc_one_child_claims,soi,soi_eitc_count,state,05,98770.0,0.5365474442476248,0.00012032909716250836
486,irs_soi.ty2022.historic_table_2.state_broad.ok.all.adjusted_gross_income,soi,soi_income_amount,state,40,140513084099.9776,5.044372347714738,0.0011312788400347025
487,irs_soi.ty2022.historic_table_2.state_broad.sc.all.income_tax_liability_amount,soi,soi_tax_amount,state,45,26695664386.068405,2.1987159157297635,0.0004930961910136272
488,irs_soi.ty2022.historic_table_2.state_agi.vt.200k_to_500k.taxable_interest_returns,soi,soi_agi_band_count,state,50,14718.890049176187,0.2071252922417586,4.645106352136322e-05
489,irs_soi.ty2022.historic_table_2.state_agi.md.75k_to_100k.taxable_interest_amount,soi,soi_agi_band_amount,state,24,235189667.952047,0.20637537371373976,4.62828826449293e-05
490,irs_soi.ty2022.historic_table_2.state_broad.ok.all.income_tax_liability_returns,soi,soi_tax_count,state,40,1139640.0,1.8225499749717635,0.0004087351367956411
491,irs_soi.ty2022.historic_table_2.state_broad.tx.all.unemployment_compensation_returns,soi,soi_income_count,state,48,299830.0,0.9348310869325919,0.00020965038953410896
492,irs_soi.ty2022.historic_table_2.state_agi.ar.10k_to_25k.taxable_interest_amount,soi,soi_agi_band_amount,state,05,52613296.09374262,0.09761049345706196,2.189066908658039e-05
493,irs_soi.ty2022.historic_table_2.state_broad.mn.all.tax_exempt_interest_returns,soi,soi_income_count,state,27,161940.0,0.68702520614986,0.0001540760722471092
494,irs_soi.ty2022.historic_table_2.state_agi.al.100k_to_200k.taxable_interest_amount,soi,soi_agi_band_amount,state,01,490755672.215698,0.29811334472577883,6.685654737066131e-05
495,irs_soi.ty2022.historic_table_2.state_eitc.ri.ri.eitc_claims,soi,soi_eitc_count,state,44,69890.0,0.4513392718066097,0.00010121984117663371
496,irs_soi.ty2022.historic_table_2.state_agi.tx.75k_to_100k.taxable_interest_amount,soi,soi_agi_band_amount,state,48,882112773.1342404,0.3996785200964496,8.963411529411294e-05
497,irs_soi.ty2022.historic_table_2.state_agi.wy.50k_to_75k.taxable_interest_returns,soi,soi_agi_band_count,state,56,15759.287783306945,0.2143205903142689,4.8064720859894345e-05
498,irs_soi.ty2022.historic_table_2.state_broad.ct.all.medical_dental_expense_amount,soi,soi_deduction_amount,state,09,1312190658.4795218,0.48746924871976083,0.00010932254961196699
499,irs_soi.ty2022.historic_table_2.state_broad.ks.all.ctc_amount,soi,soi_credit_amount,state,20,944477424.7085619,0.413565730174876,9.274853782796054e-05
500,irs_soi.ty2022.historic_table_2.state_agi.or.75k_to_100k.taxable_interest_returns,soi,soi_agi_band_count,state,41,90963.61662831652,0.5149077911093723,0.00011547606887404628
501,irs_soi.ty2022.historic_table_2.state_broad.sc.all.premium_tax_credit_amount,soi,soi_credit_amount,state,45,1265538331.7431347,0.47872532782999866,0.00010736158955595395
502,irs_soi.ty2022.historic_table_2.state_broad.mn.all.income_tax_liability_returns,soi,soi_tax_count,state,27,2169300.0,2.514521838294123,0.0005639205737371884
503,irs_soi.ty2022.historic_table_2.state_broad.mt.all.taxable_interest_amount,soi,soi_income_amount,state,30,1076956374.571707,0.4416190598377508,9.903993268395398e-05
504,irs_soi.ty2022.historic_table_2.state_broad.mo.all.schedule_c_income_amount,soi,soi_income_amount,state,29,6775989137.7616,1.1077330255309505,0.0002484263344989797
505,irs_soi.ty2022.historic_table_2.state_agi.oh.1_to_10k.taxable_interest_returns,soi,soi_agi_band_count,state,39,91335.96950158438,0.5159605834105222,0.00011571217389785203
506,irs_soi.ty2022.historic_table_2.state_eitc.fl.fl.eitc_no_children_claims,soi,soi_eitc_count,state,12,649040.0,1.3754073319364413,0.0003084564547962416
507,irs_soi.ty2022.historic_table_2.state_broad.ia.all.unemployment_compensation_returns,soi,soi_income_count,state,19,46980.0,0.37004292899180585,8.298787373666873e-05
508,irs_soi.ty2022.historic_table_2.state_broad.ar.all.net_capital_gains_returns,soi,soi_income_count,state,05,179960.7405340734,0.7242433053709311,0.00016242280900895516
509,irs_soi.ty2022.historic_table_2.state_broad.nh.all.real_estate_taxes_amount,soi,soi_deduction_amount,state,33,588854964.6975763,0.32655243290760855,7.323445456550988e-05
510,irs_soi.ty2022.historic_table_2.state_agi.pa.50k_to_75k.taxable_interest_amount,soi,soi_agi_band_amount,state,42,555083827.3259388,0.3170502064257304,7.110343270368477e-05
511,irs_soi.ty2022.historic_table_2.state_agi.nm.10k_to_25k.taxable_interest_returns,soi,soi_agi_band_count,state,35,29963.45474296581,0.2955231765817635,6.627566193804969e-05
512,irs_soi.ty2022.historic_table_2.state_broad.or.all.ordinary_dividends_amount,soi,soi_income_amount,state,41,4881895261.358096,0.9402492204705186,0.00021086549012570502
513,irs_soi.ty2022.historic_table_2.state_broad.ri.all.schedule_c_income_amount,soi,soi_income_amount,state,44,1699124547.7940435,0.5547040801889008,0.00012440100475194008
514,irs_soi.ty2022.historic_table_2.state_eitc.az.az.eitc_no_children_amount,soi,soi_eitc_amount,state,04,52917301.427433774,0.09789208928142036,2.1953821323485166e-05
515,irs_soi.ty2022.historic_table_2.state_broad.mn.all.income_tax_before_credits_amount,soi,soi_tax_amount,state,27,42151086945.50074,2.762823506158659,0.0006196060789770484
516,irs_soi.ty2022.historic_table_2.state_broad.ut.all.medical_dental_expense_amount,soi,soi_deduction_amount,state,49,541746657.1494482,0.313218116260279,7.024402697023526e-05
517,irs_soi.ty2022.historic_table_2.state_agi.wi.200k_to_500k.taxable_interest_amount,soi,soi_agi_band_amount,state,55,745227164.4385148,0.36736103652924845,8.238641770110976e-05
518,irs_soi.ty2022.historic_table_2.state_agi.mi.50k_to_75k.taxable_interest_amount,soi,soi_agi_band_amount,state,26,401990234.24982363,0.26980904489370855,6.0508868556561685e-05
519,irs_soi.ty2022.historic_table_2.state_agi.ca.500k_plus.taxable_interest_amount,soi,soi_agi_band_amount,state,06,24964945064.702785,2.1262486975749453,0.00047684429189839546
520,irs_soi.ty2022.historic_table_2.state_eitc.nj.nj.eitc_two_children_claims,soi,soi_eitc_count,state,34,123600.0,0.600212228059358,0.00013460691367108275
521,irs_soi.ty2022.historic_table_2.state_eitc.wi.wi.eitc_amount,soi,soi_eitc_amount,state,55,801228868.0254567,0.380914098712149,8.542590237993922e-05
522,irs_soi.ty2022.historic_table_2.state_eitc.vt.vt.eitc_two_children_claims,soi,soi_eitc_count,state,50,7100.0,0.14385493926385426,3.226170425293883e-05
523,irs_soi.ty2022.historic_table_2.state_broad.id.all.ordinary_dividends_returns,soi,soi_income_count,state,16,163910.0,0.6911914046051235,0.00015501040695338047
524,irs_soi.ty2022.historic_table_2.state_broad.hi.all.income_tax_before_credits_returns,soi,soi_tax_count,state,15,557840.0,1.2751181564842826,0.0002859650496712901
525,irs_soi.ty2022.historic_table_2.state_broad.wv.all.qualified_dividends_amount,soi,soi_income_amount,state,54,623221577.4743749,0.3359464017913354,7.534119797966705e-05
526,irs_soi.ty2022.historic_table_2.state_broad.ms.all.tax_exempt_interest_returns,soi,soi_income_count,state,28,23840.0,0.26360201709204834,5.911684617448942e-05
527,irs_soi.ty2022.historic_table_2.state_broad.mi.all.schedule_c_income_amount,soi,soi_income_amount,state,26,11399939302.921104,1.4368122522609765,0.0003222274618212551
528,irs_soi.ty2022.historic_table_2.state_broad.id.all.wages_salaries_amount,soi,soi_income_amount,state,16,49249051733.36198,2.986398024434446,0.0006697461368994048
529,irs_soi.ty2022.historic_table_2.state_broad.mo.all.ordinary_dividends_returns,soi,soi_income_count,state,29,577740.0,1.2976627021616134,0.0002910210141649727
530,irs_soi.ty2022.historic_table_2.state_broad.sd.all.taxable_pension_income_amount,soi,soi_income_amount,state,46,2655771170.4808154,0.6934961897728348,0.00015552729082144758
531,irs_soi.ty2022.historic_table_2.state_broad.nc.all.unemployment_compensation_amount,soi,soi_income_amount,state,37,281649376.3332779,0.22584118826076935,5.064839386875294e-05
532,irs_soi.ty2022.historic_table_2.state_agi.sc.50k_to_75k.taxable_interest_returns,soi,soi_agi_band_count,state,45,95420.89955243461,0.5273723509067005,0.00011827143998804676
533,irs_soi.ty2022.historic_table_2.state_agi.tn.50k_to_75k.taxable_interest_returns,soi,soi_agi_band_count,state,47,143947.24018331236,0.6477348665113971,0.00014526460338896548
534,irs_soi.ty2022.historic_table_2.state_broad.me.all.income_tax_before_credits_amount,soi,soi_tax_amount,state,23,7770896695.833552,1.1862721128627243,0.00026603994457562776
535,irs_soi.ty2022.historic_table_2.state_agi.nc.50k_to_75k.taxable_interest_returns,soi,soi_agi_band_count,state,37,217519.78731900107,0.796241828919154,0.00017856959607964878
536,irs_soi.ty2022.historic_table_2.state_broad.nc.all.actc_claims,soi,soi_credit_count,state,37,623920.0,1.3485282763539048,0.00030242840913969607
537,irs_soi.ty2022.historic_table_2.state_eitc.dc.dc.eitc_one_child_claims,soi,soi_eitc_count,state,11,16030.0,0.2161535461409982,4.847578967055353e-05
538,irs_soi.ty2022.historic_table_2.state_agi.ma.1_to_10k.taxable_interest_amount,soi,soi_agi_band_amount,state,25,73189099.5529753,0.1151256128929286,2.5818706636673826e-05
539,irs_soi.ty2022.historic_table_2.state_eitc.il.il.eitc_amount,soi,soi_eitc_amount,state,17,2333959631.6431303,0.65012283918853,0.0001458001433479547
540,irs_soi.ty2022.historic_table_2.state_broad.mo.all.taxable_pension_income_amount,soi,soi_income_amount,state,29,18072067887.43542,1.8090587787452743,0.00040570952651833916
541,irs_soi.ty2022.historic_table_2.state_eitc.nh.nh.eitc_three_or_more_children_claims,soi,soi_eitc_count,state,33,5420.0,0.12568841422751303,2.8187578880357264e-05
542,irs_soi.ty2022.historic_table_2.state_broad.pa.all.taxable_social_security_returns,soi,soi_income_count,state,42,1144450.0,1.8263920807440452,0.00040959678868446856
543,irs_soi.ty2022.historic_table_2.state_broad.ca.all.taxable_interest_amount,soi,soi_income_amount,state,06,44524910929.21408,2.839554985949114,0.0006368143049897094
544,irs_soi.ty2022.historic_table_2.state_broad.nj.all.rental_royalty_income_amount,soi,soi_income_amount,state,34,89125762.98679338,0.12704289555730544,2.8491342354183772e-05
545,irs_soi.ty2022.historic_table_2.state_broad.nm.all.real_estate_taxes_amount,soi,soi_deduction_amount,state,35,233382631.04721302,0.20558102118990113,4.61047367548556e-05
546,irs_soi.ty2022.historic_table_2.state_broad.ma.all.taxable_social_security_amount,soi,soi_income_amount,state,25,11827942834.979616,1.4635358383052914,0.0003282206410193522
547,irs_soi.ty2022.historic_table_2.state_agi.ut.25k_to_50k.taxable_interest_returns,soi,soi_agi_band_count,state,49,60540.19657131396,0.42006598617266316,9.420632118696191e-05
548,irs_soi.ty2022.historic_table_2.state_broad.ga.all.rental_royalty_income_amount,soi,soi_income_amount,state,13,732826144.5344235,0.3642916616634244,8.169806271886621e-05
549,irs_soi.ty2022.historic_table_2.state_agi.az.500k_plus.taxable_interest_returns,soi,soi_agi_band_count,state,04,40893.10672888682,0.34523964124316947,7.742535125435512e-05
550,irs_soi.ty2022.historic_table_2.state_eitc.ny.ny.eitc_no_children_claims,soi,soi_eitc_count,state,36,485400.0,1.189448080050524,0.0002667522045414945
551,irs_soi.ty2022.historic_table_2.state_eitc.md.md.eitc_no_children_claims,soi,soi_eitc_count,state,24,110520.0,0.5675655694841063,0.00012728539347030865
552,irs_soi.ty2022.historic_table_2.state_broad.ky.all.ctc_claims,soi,soi_credit_count,state,21,498870.0,1.205838921348215,0.0002704281052586264
553,irs_soi.ty2022.historic_table_2.state_agi.md.500k_plus.taxable_interest_amount,soi,soi_agi_band_amount,state,24,1944774002.1258936,0.5934488920018666,0.00013309013052295728
554,irs_soi.ty2022.historic_table_2.state_broad.hi.all.income_tax_liability_returns,soi,soi_tax_count,state,15,501980.0,1.2095917351940821,0.00027126973204621714
555,irs_soi.ty2022.historic_table_2.state_broad.va.all.rental_royalty_income_returns,soi,soi_income_count,state,51,226410.0,0.812350413731138,0.00018218219639630815
556,irs_soi.ty2022.historic_table_2.state_broad.ri.all.qualified_dividends_amount,soi,soi_income_amount,state,44,938815196.1519542,0.4123241843909073,9.247010190421783e-05
557,irs_soi.ty2022.historic_table_2.state_broad.oh.all.taxable_interest_returns,soi,soi_income_count,state,39,1661788.9702842222,2.2008150116722742,0.0004935669458785096
558,irs_soi.ty2022.historic_table_2.state_broad.ri.all.ctc_amount,soi,soi_credit_amount,state,44,282591587.29807943,0.22621862985199948,5.0733041007400645e-05
559,irs_soi.ty2022.historic_table_2.state_broad.nv.all.ctc_claims,soi,soi_credit_count,state,32,369070.0,1.0371700708884943,0.00023260149605034634
560,irs_soi.ty2022.historic_table_2.state_agi.id.100k_to_200k.taxable_interest_returns,soi,soi_agi_band_count,state,16,74755.31508606893,0.46678473144065613,0.00010468372537354926
561,irs_soi.ty2022.historic_table_2.state_broad.ia.all.taxable_ira_distributions_amount,soi,soi_income_amount,state,19,4666135672.49439,0.9192368679254558,0.0002061531437374873
562,irs_soi.ty2022.historic_table_2.state_broad.ak.all.tax_exempt_interest_returns,soi,soi_income_count,state,02,12510.0,0.19095202067464967,4.282395619525671e-05
563,irs_soi.ty2022.historic_table_2.state_broad.ca.all.ordinary_dividends_returns,soi,soi_income_count,state,06,3899210.0,3.3711953285077603,0.0007560429083892712
564,irs_soi.ty2022.historic_table_2.state_eitc.in.in.eitc_no_children_amount,soi,soi_eitc_amount,state,18,47942965.29934947,0.09317753116303995,2.0896508446521632e-05
565,irs_soi.ty2022.historic_table_2.state_broad.wy.all.rental_royalty_income_returns,soi,soi_income_count,state,56,24820.0,0.26896544752331736,6.0319678744857e-05
566,irs_soi.ty2022.historic_table_2.state_eitc.mt.mt.eitc_three_or_more_children_amount,soi,soi_eitc_amount,state,30,41716082.37144574,0.0869161561325799,1.9492297854357456e-05
567,irs_soi.ty2022.historic_table_2.state_broad.il.all.return_count,soi,soi_return_count,state,17,6112890.0,4.2210344246183125,0.0009466325240229451
568,irs_soi.ty2022.historic_table_2.state_broad.sc.all.taxable_interest_returns,soi,soi_income_count,state,45,681887.6265043945,1.4097821536351234,0.00031616554241648877
569,irs_soi.ty2022.historic_table_2.state_broad.ut.all.limited_state_local_taxes_returns,soi,soi_deduction_count,state,49,207930.0,0.7784920473670673,0.0001745889319055993
570,irs_soi.ty2022.historic_table_2.state_agi.la.200k_to_500k.taxable_interest_returns,soi,soi_agi_band_count,state,22,64132.3066428391,0.4323485769492241,9.696088292200585e-05
571,irs_soi.ty2022.historic_table_2.state_broad.ga.all.unemployment_compensation_returns,soi,soi_income_count,state,13,67030.0,0.4420080850062284,9.912717761969688e-05
572,irs_soi.ty2022.historic_table_2.state_agi.dc.75k_to_100k.taxable_interest_returns,soi,soi_agi_band_count,state,11,14773.647824656753,0.20751021227689861,4.653738781720086e-05
573,irs_soi.ty2022.historic_table_2.state_broad.il.all.adjusted_gross_income,soi,soi_income_amount,state,17,650749000156.2819,10.855641884199184,0.0024345462848618937
574,irs_soi.ty2022.historic_table_2.state_broad.wi.all.taxable_social_security_returns,soi,soi_income_count,state,55,551520.0,1.2678744107969229,0.0002843405272027187
575,irs_soi.ty2022.historic_table_2.state_broad.id.all.taxable_interest_amount,soi,soi_income_amount,state,16,1751746063.1860726,0.563228118486891,0.0001263126527218863
576,irs_soi.ty2022.historic_table_2.state_broad.nv.all.income_tax_before_credits_amount,soi,soi_tax_amount,state,32,25205065353.17883,2.1364496743735293,0.00047913201937060533
577,irs_soi.ty2022.historic_table_2.state_agi.tn.100k_to_200k.taxable_interest_amount,soi,soi_agi_band_amount,state,47,737483747.4767256,0.36544748730006843,8.19572745683042e-05
578,irs_soi.ty2022.historic_table_2.state_broad.co.all.taxable_interest_returns,soi,soi_income_count,state,08,1066922.4005735435,1.7634454114900373,0.0003954800205180617
579,irs_soi.ty2022.historic_table_2.state_broad.ma.all.ordinary_dividends_returns,soi,soi_income_count,state,25,946290.0,1.6607632612113343,0.0003724519536244302
580,irs_soi.ty2022.historic_table_2.state_broad.co.all.net_capital_gains_returns,soi,soi_income_count,state,08,668029.551320577,1.3953830426728697,0.0003129363181594236
581,irs_soi.ty2022.historic_table_2.state_broad.hi.all.taxable_ira_distributions_amount,soi,soi_income_amount,state,15,2179571474.932651,0.6282526236937568,0.00014089540787031997
582,irs_soi.ty2022.historic_table_2.state_broad.tn.all.schedule_c_income_amount,soi,soi_income_amount,state,47,15631254138.100363,1.68246355425602,0.0003773185813536712
583,irs_soi.ty2022.historic_table_2.state_agi.mt.75k_to_100k.taxable_interest_returns,soi,soi_agi_band_count,state,30,25539.026484136062,0.27283354934653997,6.118716065183673e-05
584,irs_soi.ty2022.historic_table_2.state_agi.la.50k_to_75k.taxable_interest_amount,soi,soi_agi_band_amount,state,22,134190244.93161516,0.15588675834875756,3.4960026541546885e-05
585,irs_soi.ty2022.historic_table_2.state_broad.mo.all.premium_tax_credit_returns,soi,soi_credit_count,state,29,140830.0,0.640682989355562,0.00014368311041838125
586,irs_soi.ty2022.historic_table_2.state_agi.de.10k_to_25k.taxable_interest_amount,soi,soi_agi_band_amount,state,10,18652735.57440258,0.058119252506364,1.3034144989092622e-05
587,irs_soi.ty2022.historic_table_2.state_broad.ma.all.rental_royalty_income_returns,soi,soi_income_count,state,25,230740.0,0.8200815621466144,0.00018391602649621316
588,irs_soi.ty2022.historic_table_2.state_broad.vt.all.partnership_scorp_income_amount,soi,soi_income_amount,state,50,1874343297.2138636,0.5826038120830963,0.00013065795292287427
589,irs_soi.ty2022.historic_table_2.state_agi.co.25k_to_50k.taxable_interest_returns,soi,soi_agi_band_count,state,08,127968.92129808315,0.6107280375175208,0.00013696524725667657
590,irs_soi.ty2022.historic_table_2.state_agi.nc.100k_to_200k.taxable_interest_amount,soi,soi_agi_band_amount,state,37,1094992807.8053594,0.44530173427951475,9.986582962088243e-05
591,irs_soi.ty2022.historic_table_2.state_broad.mi.all.tax_exempt_interest_returns,soi,soi_income_count,state,26,186970.0,0.7382127939196282,0.00016555568376757753
592,irs_soi.ty2022.historic_table_2.state_broad.la.all.taxable_ira_distributions_amount,soi,soi_income_amount,state,22,4943582631.076216,0.9461710418918879,0.0002121935505476313
593,irs_soi.ty2022.historic_table_2.state_broad.mi.all.rental_royalty_income_returns,soi,soi_income_count,state,26,212920.0,0.7877779712222205,0.00017667144454411763
594,irs_soi.ty2022.historic_table_2.state_broad.ar.all.limited_state_local_taxes_returns,soi,soi_deduction_count,state,05,74290.0,0.4653297109705297,0.00010435741443609099
595,irs_soi.ty2022.historic_table_2.state_eitc.ca.ca.eitc_amount,soi,soi_eitc_amount,state,06,6465183877.780289,1.0820297304771325,0.00024266197140101648
596,irs_soi.ty2022.historic_table_2.state_broad.tn.all.income_tax_liability_returns,soi,soi_tax_count,state,47,2274400.0,2.5747141925757204,0.000577419643995452
597,irs_soi.ty2022.historic_table_2.state_broad.mi.all.limited_state_local_taxes_returns,soi,soi_deduction_count,state,26,286200.0,0.9133356682199517,0.00020482970805560703
598,irs_soi.ty2022.historic_table_2.state_broad.ne.all.adjusted_gross_income,soi,soi_income_amount,state,31,89475481223.5172,4.025323369624841,0.0009027412804720434
599,irs_soi.ty2022.historic_table_2.state_broad.az.all.adjusted_gross_income,soi,soi_income_amount,state,04,321682087341.68115,7.632418794818699,0.0017116884491631978
600,irs_soi.ty2022.historic_table_2.state_agi.az.75k_to_100k.taxable_interest_returns,soi,soi_agi_band_count,state,04,113436.20768554088,0.5750047776043824,0.00012895375142506893
601,irs_soi.ty2022.historic_table_2.state_eitc.sd.sd.eitc_three_or_more_children_claims,soi,soi_eitc_count,state,46,8990.0,0.16187338536688178,3.6302620625001524e-05
602,irs_soi.ty2022.historic_table_2.state_agi.or.50k_to_75k.taxable_interest_returns,soi,soi_agi_band_count,state,41,99232.04072588202,0.5378009499838631,0.00012061021529129022
603,irs_soi.ty2022.historic_table_2.state_agi.ks.under_1.taxable_interest_amount,soi,soi_agi_band_amount,state,20,51332103.26089703,0.09641470634706914,2.1622495256126742e-05
604,irs_soi.ty2022.historic_table_2.state_broad.nm.all.taxable_social_security_returns,soi,soi_income_count,state,35,160540.0,0.6840490324669283,0.0001534086190775798
605,irs_soi.ty2022.historic_table_2.state_broad.vt.all.ordinary_dividends_amount,soi,soi_income_amount,state,50,1103796224.0541089,0.4470881975089381,0.00010026647174454767
606,irs_soi.ty2022.historic_table_2.state_agi.tx.under_1.taxable_interest_amount,soi,soi_agi_band_amount,state,48,1231916775.5679364,0.47232337366574606,0.0001059258519097883
607,irs_soi.ty2022.historic_table_2.state_broad.ms.all.income_tax_before_credits_returns,soi,soi_tax_count,state,28,962250.0,1.6747098069651707,0.00037557968310499457
608,irs_soi.ty2022.historic_table_2.state_broad.oh.all.limited_state_local_taxes_returns,soi,soi_deduction_count,state,39,293010.0,0.9241379921625489,0.00020725229696401634
609,irs_soi.ty2022.historic_table_2.state_agi.ar.50k_to_75k.taxable_interest_amount,soi,soi_agi_band_amount,state,05,94488610.7401427,0.1308092588625104,2.9336007818459386e-05
610,irs_soi.ty2022.historic_table_2.state_broad.nd.all.schedule_c_income_returns,soi,soi_income_count,state,38,55550.0,0.40238115719684814,9.024022363688005e-05
611,irs_soi.ty2022.historic_table_2.state_broad.dc.all.taxable_social_security_returns,soi,soi_income_count,state,11,29190.0,0.29168402961545153,6.541467360741232e-05
612,irs_soi.ty2022.historic_table_2.state_broad.oh.all.taxable_income_returns,soi,soi_tax_count,state,39,4624340.0,3.6713051411659303,0.0008233471946996929
613,irs_soi.ty2022.historic_table_2.state_agi.nj.25k_to_50k.taxable_interest_amount,soi,soi_agi_band_amount,state,34,314968855.1901382,0.23882652479524977,5.356055725392459e-05
614,irs_soi.ty2022.historic_table_2.state_broad.ny.all.taxable_interest_returns,soi,soi_income_count,state,36,3866851.7342213336,3.357177964002036,0.0007528992967037533
615,irs_soi.ty2022.historic_table_2.state_agi.or.10k_to_25k.taxable_interest_amount,soi,soi_agi_band_amount,state,41,101774276.17083547,0.1357587293159678,3.0446003434843643e-05
616,irs_soi.ty2022.historic_table_2.state_broad.de.all.medical_dental_expense_returns,soi,soi_deduction_count,state,10,11620.0,0.1840342551005936,4.127253982969132e-05
617,irs_soi.ty2022.historic_table_2.state_broad.ms.all.taxable_social_security_amount,soi,soi_income_amount,state,28,3589856265.9271903,0.8062825921070413,0.00018082139316148046
618,irs_soi.ty2022.historic_table_2.state_broad.in.all.taxable_pension_income_returns,soi,soi_income_count,state,18,677200.0,1.404928033466944,0.00031507693058240504
619,irs_soi.ty2022.historic_table_2.state_broad.me.all.taxable_pension_income_amount,soi,soi_income_amount,state,23,4379685613.659121,0.8905744299962993,0.00019972514689309246
620,irs_soi.ty2022.historic_table_2.state_agi.vt.500k_plus.taxable_interest_returns,soi,soi_agi_band_count,state,50,3712.5771775823864,0.10402395195021312,2.3328986757168225e-05
621,irs_soi.ty2022.historic_table_2.state_broad.ms.all.net_capital_gains_returns,soi,soi_income_count,state,28,129107.38157313845,0.6134386568337427,0.00013757314573530896
622,irs_soi.ty2022.historic_table_2.state_broad.mi.all.wages_salaries_returns,soi,soi_income_count,state,26,3761620.0,3.311182088076598,0.0007425840071936753
623,irs_soi.ty2022.historic_table_2.state_broad.wi.all.net_capital_gains_returns,soi,soi_income_count,state,55,621045.789121262,1.3454185597303245,0.00030173100689175254
624,irs_soi.ty2022.historic_table_2.state_broad.va.all.taxable_pension_income_returns,soi,soi_income_count,state,51,867630.0,1.5902407706715678,0.0003566361898792482
625,irs_soi.ty2022.historic_table_2.state_eitc.wi.wi.eitc_three_or_more_children_claims,soi,soi_eitc_count,state,55,47150.0,0.3707118358903221,8.313788649704465e-05
626,irs_soi.ty2022.historic_table_2.state_broad.sc.all.taxable_social_security_returns,soi,soi_income_count,state,45,440910.0,1.1336280362150128,0.00025423369280444335
627,irs_soi.ty2022.historic_table_2.state_broad.nv.all.actc_amount,soi,soi_credit_amount,state,32,406250894.6119157,0.27123511772675624,6.0828687536837014e-05
628,irs_soi.ty2022.historic_table_2.state_agi.mt.under_1.taxable_interest_amount,soi,soi_agi_band_amount,state,30,23465519.828724712,0.06518742753544902,1.4619293010865446e-05
629,irs_soi.ty2022.historic_table_2.state_eitc.ut.ut.eitc_claims,soi,soi_eitc_count,state,49,161140.0,0.685326118087642,0.00015369502536166
630,irs_soi.ty2022.historic_table_2.state_broad.tn.all.ordinary_dividends_returns,soi,soi_income_count,state,47,522050.0,1.233535503099799,0.0002766394938550794
631,irs_soi.ty2022.historic_table_2.state_broad.la.all.rental_royalty_income_returns,soi,soi_income_count,state,22,134210.0,0.6254434400889344,0.00014026540481922725
632,irs_soi.ty2022.historic_table_2.state_broad.ca.all.qualified_dividends_amount,soi,soi_income_amount,state,06,44211143272.88031,2.8295321054734672,0.0006345665183838231
633,irs_soi.ty2022.historic_table_2.state_eitc.mi.mi.eitc_three_or_more_children_claims,soi,soi_eitc_count,state,26,101200.0,0.5431075746580121,0.00012180030828840818
634,irs_soi.ty2022.historic_table_2.state_agi.ut.200k_to_500k.taxable_interest_amount,soi,soi_agi_band_amount,state,49,538331144.1962554,0.3122291927200916,7.002224550798196e-05
635,irs_soi.ty2022.historic_table_2.state_broad.fl.all.medical_dental_expense_amount,soi,soi_deduction_amount,state,12,7218717376.9668255,1.143348885282662,0.0002564137441764212
636,irs_soi.ty2022.historic_table_2.state_agi.ms.50k_to_75k.taxable_interest_amount,soi,soi_agi_band_amount,state,28,72245466.50842436,0.11438104318753897,2.5651725316783802e-05
637,irs_soi.ty2022.historic_table_2.state_broad.al.all.taxable_social_security_amount,soi,soi_income_amount,state,01,7014020084.258231,1.1270216419652377,0.0002527521062940654
638,irs_soi.ty2022.historic_table_2.state_broad.mi.all.unemployment_compensation_amount,soi,soi_income_amount,state,26,973643391.4703679,0.41990274473909395,9.416971176028122e-05
639,irs_soi.ty2022.historic_table_2.state_eitc.nc.nc.eitc_claims,soi,soi_eitc_count,state,37,822140.0,1.5479912195722247,0.00034716107189330003
640,irs_soi.ty2022.historic_table_2.state_broad.ms.all.premium_tax_credit_amount,soi,soi_credit_amount,state,28,620138385.3517425,0.3351143770560918,7.515460351112174e-05
641,irs_soi.ty2022.historic_table_2.state_eitc.mi.mi.eitc_one_child_claims,soi,soi_eitc_count,state,26,236500.0,0.8302543814931274,0.00018619743922249996
642,irs_soi.ty2022.historic_table_2.state_broad.in.all.tax_exempt_interest_amount,soi,soi_income_amount,state,18,735851078.6663666,0.3650427425809539,8.186650427920026e-05
643,irs_soi.ty2022.historic_table_2.state_broad.wa.all.unemployment_compensation_amount,soi,soi_income_amount,state,53,1567789750.206895,0.5328349010023926,0.00011949650168252806
644,irs_soi.ty2022.historic_table_2.state_broad.ri.all.return_count,soi,soi_return_count,state,44,568360.0,1.2870853777574576,0.000288648884897389
645,irs_soi.ty2022.historic_table_2.state_broad.nj.all.real_estate_taxes_claims,soi,soi_deduction_count,state,34,552110.0,1.2685523970439212,0.0002844925761479976
646,irs_soi.ty2022.historic_table_2.state_broad.tn.all.adjusted_gross_income,soi,soi_income_amount,state,47,299730660186.70197,7.367401503308072,0.0016522542057205813
647,irs_soi.ty2022.historic_table_2.state_agi.nh.50k_to_75k.taxable_interest_returns,soi,soi_agi_band_count,state,33,41791.1342467681,0.34900984899915666,7.827087889642446e-05
648,irs_soi.ty2022.historic_table_2.state_agi.wv.100k_to_200k.taxable_interest_returns,soi,soi_agi_band_count,state,54,49950.042793372464,0.38156061134620217,8.55708928787177e-05
649,irs_soi.ty2022.historic_table_2.state_agi.me.10k_to_25k.taxable_interest_amount,soi,soi_agi_band_amount,state,23,35111332.52488996,0.07973929822338537,1.788277600883278e-05
650,irs_soi.ty2022.historic_table_2.state_agi.sd.200k_to_500k.taxable_interest_returns,soi,soi_agi_band_count,state,46,18792.868544930312,0.2340411059005953,5.2487352747386254e-05
651,irs_soi.ty2022.historic_table_2.state_broad.nv.all.taxable_interest_amount,soi,soi_income_amount,state,32,4241786528.7950025,0.8764419521072243,0.00019655571924360267
652,irs_soi.ty2022.historic_table_2.state_broad.hi.all.wages_salaries_returns,soi,soi_income_count,state,15,531200.0,1.2442986697124794,0.00027905330112412637
653,irs_soi.ty2022.historic_table_2.state_broad.ri.all.taxable_interest_returns,soi,soi_income_count,state,44,195331.93669427565,0.7545399373560215,0.0001692172992500609
654,irs_soi.ty2022.historic_table_2.state_agi.or.100k_to_200k.taxable_interest_amount,soi,soi_agi_band_amount,state,41,658080479.0937808,0.345213886634481,7.741957538337766e-05
655,irs_soi.ty2022.historic_table_2.state_agi.mo.500k_plus.taxable_interest_amount,soi,soi_agi_band_amount,state,29,1874177975.492091,0.5825781179668124,0.00013065219061825798
656,irs_soi.ty2022.historic_table_2.state_broad.sc.all.ctc_claims,soi,soi_credit_count,state,45,603400.0,1.3261671212869772,0.0002974135728385237
657,irs_soi.ty2022.historic_table_2.state_broad.fl.all.qualified_dividends_returns,soi,soi_income_count,state,12,2025100.0,2.429510836244081,0.0005448555362736221
658,irs_soi.ty2022.historic_table_2.state_broad.de.all.wages_salaries_amount,soi,soi_income_amount,state,10,30247294086.80859,2.340410391215252,0.0005248733777114268
659,irs_soi.ty2022.historic_table_2.state_broad.ak.all.wages_salaries_returns,soi,soi_income_count,state,02,282850.0,0.9079745907818828,0.00020362740318050746
660,irs_soi.ty2022.historic_table_2.state_agi.co.500k_plus.taxable_interest_returns,soi,soi_agi_band_count,state,08,51242.32629471383,0.3864648701201321,8.667074907381298e-05
661,irs_soi.ty2022.historic_table_2.state_broad.hi.all.actc_claims,soi,soi_credit_count,state,15,61270.0,0.42259031909778694,9.477244204929064e-05
662,irs_soi.ty2022.historic_table_2.state_eitc.pa.pa.eitc_one_child_claims,soi,soi_eitc_count,state,42,284070.0,0.909930640091652,0.00020406607761642791
663,irs_soi.ty2022.historic_table_2.state_broad.ri.all.taxable_interest_amount,soi,soi_income_amount,state,44,942091010.0635024,0.4130429206804317,9.26312896793971e-05
664,irs_soi.ty2022.historic_table_2.state_agi.ks.500k_plus.taxable_interest_amount,soi,soi_agi_band_amount,state,20,1015824808.3657714,0.4289020881910616,9.618795429268034e-05
665,irs_soi.ty2022.historic_table_2.state_eitc.dc.dc.eitc_no_children_amount,soi,soi_eitc_amount,state,11,5482973.200640673,0.03151061030801027,7.066743733574853e-06
666,irs_soi.ty2022.historic_table_2.state_agi.va.under_1.taxable_interest_returns,soi,soi_agi_band_count,state,51,12440.966589184634,0.190424430540563,4.27056359140083e-05
667,irs_soi.ty2022.historic_table_2.state_broad.nh.all.premium_tax_credit_amount,soi,soi_credit_amount,state,33,124970112.10434501,0.15043601927727449,3.3737613652674254e-05
668,irs_soi.ty2022.historic_table_2.state_broad.vt.all.schedule_c_income_amount,soi,soi_income_amount,state,50,1245841529.1602855,0.47498528458995504,0.00010652282677505159
669,irs_soi.ty2022.historic_table_2.state_broad.ri.all.actc_amount,soi,soi_credit_amount,state,44,94683799.36774524,0.13094429792843218,2.936629242620143e-05
670,irs_soi.ty2022.historic_table_2.state_broad.id.all.ctc_claims,soi,soi_credit_count,state,16,220720.0,0.80207771009221,0.00017987838306620543
671,irs_soi.ty2022.historic_table_2.state_broad.id.all.taxable_ira_distributions_amount,soi,soi_income_amount,state,16,2599469303.8635297,0.6861058146439399,0.00015386988442339986
672,irs_soi.ty2022.historic_table_2.state_broad.va.all.return_count,soi,soi_return_count,state,51,4160340.0,3.4822505514805155,0.0007809487668716115
673,irs_soi.ty2022.historic_table_2.state_eitc.la.la.eitc_two_children_claims,soi,soi_eitc_count,state,22,121450.0,0.594969034490865,0.00013343104608451784
674,irs_soi.ty2022.historic_table_2.state_agi.az.1_to_10k.taxable_interest_returns,soi,soi_agi_band_count,state,04,57988.484233919575,0.41111799064846066,9.219959422481737e-05
675,irs_soi.ty2022.historic_table_2.state_broad.mn.all.net_capital_gains_amount,soi,soi_income_amount,state,27,13585575499.153458,1.5685117390340024,0.0003517631170742324
676,irs_soi.ty2022.historic_table_2.state_eitc.tn.tn.eitc_two_children_amount,soi,soi_eitc_amount,state,47,591190886.0550213,0.32719949021250483,7.337956721518386e-05
677,irs_soi.ty2022.historic_table_2.state_broad.de.all.income_tax_liability_amount,soi,soi_tax_amount,state,10,6057451885.789696,1.0473545888321742,0.00023488553236873162
678,irs_soi.ty2022.historic_table_2.state_broad.ks.all.income_tax_before_credits_amount,soi,soi_tax_amount,state,20,17009356990.96895,1.7550629625793093,0.0003936001261671472
679,irs_soi.ty2022.historic_table_2.state_broad.ky.all.premium_tax_credit_returns,soi,soi_credit_count,state,21,39710.0,0.34020880319869584,7.629710769201521e-05
680,irs_soi.ty2022.historic_table_2.state_broad.mi.all.income_tax_before_credits_returns,soi,soi_tax_count,state,26,3764020.0,3.312238224774275,0.000742820862250342
681,irs_soi.ty2022.historic_table_2.state_broad.nh.all.real_estate_taxes_claims,soi,soi_deduction_count,state,33,51120.0,0.386003307711698,8.656723653547835e-05
682,irs_soi.ty2022.historic_table_2.state_broad.ga.all.taxable_pension_income_amount,soi,soi_income_amount,state,13,28006106184.481277,2.2520349116401577,0.0005050538039112262
683,irs_soi.ty2022.historic_table_2.state_broad.ma.all.ctc_amount,soi,soi_credit_amount,state,25,1890358642.9235404,0.5850875499396369,0.00013121496971061603
684,irs_soi.ty2022.historic_table_2.state_broad.dc.all.itemized_deductions_amount,soi,soi_deduction_amount,state,11,3485870233.9307323,0.7945191351285079,0.0001781832552429935
685,irs_soi.ty2022.historic_table_2.state_eitc.ct.ct.eitc_two_children_amount,soi,soi_eitc_amount,state,09,190576452.04229292,0.18577333257623016,4.166255496215074e-05
686,irs_soi.ty2022.historic_table_2.state_eitc.ut.ut.eitc_amount,soi,soi_eitc_amount,state,49,411034771.9242851,0.2728274317041904,6.118578867553047e-05
687,irs_soi.ty2022.historic_table_2.state_broad.sd.all.schedule_c_income_amount,soi,soi_income_amount,state,46,1121516736.337422,0.450662719078352,0.00010106811372019556
688,irs_soi.ty2022.historic_table_2.state_agi.me.25k_to_50k.taxable_interest_returns,soi,soi_agi_band_count,state,23,43773.3657191646,0.3571910545743193,8.010564130395141e-05
689,irs_soi.ty2022.historic_table_2.state_broad.ak.all.net_capital_gains_amount,soi,soi_income_amount,state,02,1563640080.021376,0.5321292725420207,0.0001193382535416059
690,irs_soi.ty2022.historic_table_2.state_broad.ny.all.rental_royalty_income_amount,soi,soi_income_amount,state,36,39827179.057943456,0.08492558097073548,1.904588045990928e-05
691,irs_soi.ty2022.historic_table_2.state_broad.ms.all.partnership_scorp_income_amount,soi,soi_income_amount,state,28,6197945511.720783,1.0594308865734237,0.00023759382968679607
692,irs_soi.ty2022.historic_table_2.state_broad.tn.all.taxable_pension_income_returns,soi,soi_income_count,state,47,621570.0,1.3459862588373634,0.0003018583222330934
693,irs_soi.ty2022.historic_table_2.state_broad.nm.all.adjusted_gross_income,soi,soi_income_amount,state,35,72662365153.8391,3.6274674008787318,0.0008135159006231737
694,irs_soi.ty2022.historic_table_2.state_broad.ga.all.partnership_scorp_income_amount,soi,soi_income_amount,state,13,34502508502.84919,2.4996205647721346,0.0005605787317273233
695,irs_soi.ty2022.historic_table_2.state_broad.wa.all.ctc_claims,soi,soi_credit_count,state,53,866630.0,1.5893240785050338,0.00035643060742431796
696,irs_soi.ty2022.historic_table_2.state_broad.ms.all.taxable_interest_amount,soi,soi_income_amount,state,28,1127544311.9356816,0.45187213641370877,0.00010133934434036976
697,irs_soi.ty2022.historic_table_2.state_broad.wy.all.real_estate_taxes_claims,soi,soi_deduction_count,state,56,12620.0,0.19178970055938022,4.301181891890115e-05
698,irs_soi.ty2022.historic_table_2.state_broad.ca.all.taxable_pension_income_returns,soi,soi_income_count,state,06,2809820.0,2.8617708349450077,0.0006417965541477927
699,irs_soi.ty2022.historic_table_2.state_agi.dc.1_to_10k.taxable_interest_amount,soi,soi_agi_band_amount,state,11,3843578.498536753,0.026382541553434134,5.916694674463811e-06
700,irs_soi.ty2022.historic_table_2.state_agi.nv.100k_to_200k.taxable_interest_amount,soi,soi_agi_band_amount,state,32,394811974.2063155,0.2673892303417248,5.996618756262049e-05
701,irs_soi.ty2022.historic_table_2.state_broad.sc.all.taxable_ira_distributions_returns,soi,soi_income_count,state,45,279480.0,0.9025493773331543,0.00020241071480896038
702,irs_soi.ty2022.historic_table_2.state_agi.nv.50k_to_75k.taxable_interest_returns,soi,soi_agi_band_count,state,32,56630.491402001535,0.4062756265310303,9.111361886769013e-05
703,irs_soi.ty2022.historic_table_2.state_broad.or.all.taxable_interest_returns,soi,soi_income_count,state,41,733699.4336641062,1.4623613343766788,0.0003279572402728591
704,irs_soi.ty2022.historic_table_2.state_broad.ri.all.partnership_scorp_income_returns,soi,soi_income_count,state,44,28550.0,0.2884686751294891,6.469358042823259e-05
705,irs_soi.ty2022.historic_table_2.state_broad.az.all.wages_salaries_amount,soi,soi_income_amount,state,04,204322677423.78094,6.082849041579721,0.0013641733665798882
706,irs_soi.ty2022.historic_table_2.state_broad.co.all.taxable_ira_distributions_returns,soi,soi_income_count,state,08,318970.0,0.9642075389751439,0.00021623851513234894
707,irs_soi.ty2022.historic_table_2.state_broad.tx.all.ordinary_dividends_amount,soi,soi_income_amount,state,48,33506899608.197018,2.4632918812025215,0.000552431460238287
708,irs_soi.ty2022.historic_table_2.state_broad.ny.all.partnership_scorp_income_amount,soi,soi_income_amount,state,36,75620621895.0924,3.700572145604759,0.0008299107749730341
709,irs_soi.ty2022.historic_table_2.state_agi.wy.10k_to_25k.taxable_interest_amount,soi,soi_agi_band_amount,state,56,15857638.23647798,0.05358805645409584,1.2017953903138784e-05
710,irs_soi.ty2022.historic_table_2.state_broad.ms.all.qualified_dividends_returns,soi,soi_income_count,state,28,127580.0,0.6097992733917282,0.00013675695747740037
711,irs_soi.ty2022.historic_table_2.state_eitc.wv.wv.eitc_no_children_claims,soi,soi_eitc_count,state,54,37510.0,0.3306504634132409,7.415350155040164e-05
712,irs_soi.ty2022.historic_table_2.state_broad.nj.all.taxable_income_amount,soi,soi_tax_amount,state,34,461392705711.6771,9.140798078198356,0.0020499659291765768
713,irs_soi.ty2022.historic_table_2.state_agi.ne.100k_to_200k.taxable_interest_amount,soi,soi_agi_band_amount,state,31,264250496.99886778,0.21875433074079087,4.9059056008250927e-05
714,irs_soi.ty2022.historic_table_2.state_eitc.dc.dc.eitc_three_or_more_children_amount,soi,soi_eitc_amount,state,11,27512336.10301042,0.07058501111250352,1.582978495458702e-05
715,irs_soi.ty2022.historic_table_2.state_broad.nd.all.taxable_social_security_amount,soi,soi_income_amount,state,38,1297584708.0061355,0.4847486548463703,0.00010871241418398079
716,irs_soi.ty2022.historic_table_2.state_broad.tx.all.taxable_pension_income_returns,soi,soi_income_count,state,48,2089510.0,2.4678447243090265,0.0005534525060123405
717,irs_soi.ty2022.historic_table_2.state_broad.mn.all.ctc_amount,soi,soi_credit_amount,state,27,1928962404.177009,0.5910315094119041,0.00013254799493426868
718,irs_soi.ty2022.historic_table_2.state_broad.ga.all.real_estate_taxes_claims,soi,soi_deduction_count,state,13,456330.0,1.153280938828869,0.0002586411614328031
719,irs_soi.ty2022.historic_table_2.state_broad.sc.all.partnership_scorp_income_returns,soi,soi_income_count,state,45,130290.0,0.6162417890443597,0.00013820179166727063
720,irs_soi.ty2022.historic_table_2.state_agi.wv.50k_to_75k.taxable_interest_amount,soi,soi_agi_band_amount,state,54,53099177.60719703,0.09806017199480495,2.199151648235141e-05
721,irs_soi.ty2022.historic_table_2.state_agi.nv.25k_to_50k.taxable_interest_returns,soi,soi_agi_band_count,state,32,56389.55718988705,0.4054104562737805,9.09195910010721e-05
722,irs_soi.ty2022.historic_table_2.state_broad.tn.all.medical_dental_expense_amount,soi,soi_deduction_amount,state,47,1252040403.4388194,0.47616549914077666,0.00010678750821726321
723,irs_soi.ty2022.historic_table_2.state_broad.ok.all.limited_state_local_taxes_amount,soi,soi_deduction_amount,state,40,885951671.3313105,0.40054726358269604,8.98289445128271e-05
724,irs_soi.ty2022.historic_table_2.state_broad.ca.all.income_tax_liability_returns,soi,soi_tax_count,state,06,13527790.0,6.279268156889171,0.0014082234036530996
725,irs_soi.ty2022.historic_table_2.state_broad.nc.all.unemployment_compensation_returns,soi,soi_income_count,state,37,50870.0,0.3850582852203225,8.635530056522146e-05
726,irs_soi.ty2022.historic_table_2.state_broad.sc.all.ordinary_dividends_returns,soi,soi_income_count,state,45,442380.0,1.135516229435907,0.0002546571494586021
727,irs_soi.ty2022.historic_table_2.state_broad.ks.all.ctc_claims,soi,soi_credit_count,state,20,340160.0,0.9957199876608888,0.0002233056711506815
728,irs_soi.ty2022.historic_table_2.state_eitc.ca.ca.eitc_no_children_claims,soi,soi_eitc_count,state,06,804430.0,1.5312275449076127,0.0003434015575033893
729,irs_soi.ty2022.historic_table_2.state_agi.tn.50k_to_75k.taxable_interest_amount,soi,soi_agi_band_amount,state,47,240925627.08193251,0.2088768225051403,4.684387138487112e-05
730,irs_soi.ty2022.historic_table_2.state_broad.ga.all.actc_amount,soi,soi_credit_amount,state,13,1610775184.5677822,0.540090102189164,0.00012112359322475084
731,irs_soi.ty2022.historic_table_2.state_eitc.ca.ca.eitc_no_children_amount,soi,soi_eitc_amount,state,06,324188912.99619704,0.24229688584994502,5.4338839616493614e-05
732,irs_soi.ty2022.historic_table_2.state_agi.ks.10k_to_25k.taxable_interest_amount,soi,soi_agi_band_amount,state,20,61924320.254203245,0.10589595644819831,2.374881283879756e-05
733,irs_soi.ty2022.historic_table_2.state_broad.az.all.limited_state_local_taxes_returns,soi,soi_deduction_count,state,04,291820.0,0.9222594845008958,0.00020683101244693783
734,irs_soi.ty2022.historic_table_2.state_agi.ca.under_1.taxable_interest_returns,soi,soi_agi_band_count,state,06,108212.31590469487,0.5616088584865478,0.0001259495085190733
735,irs_soi.ty2022.historic_table_2.state_broad.mo.all.taxable_interest_returns,soi,soi_income_count,state,29,986483.2283925918,1.6956665641431088,0.00038027956136871694
736,irs_soi.ty2022.historic_table_2.state_eitc.nj.nj.eitc_no_children_claims,soi,soi_eitc_count,state,34,164750.0,0.6929602375604199,0.00015540709521426774
737,irs_soi.ty2022.historic_table_2.state_broad.in.all.rental_royalty_income_returns,soi,soi_income_count,state,18,148260.0,0.6573665503529678,0.00014742465807422465
738,irs_soi.ty2022.historic_table_2.state_broad.va.all.actc_claims,soi,soi_credit_count,state,51,406310.0,1.088239183594707,0.0002440545376978486
739,irs_soi.ty2022.historic_table_2.state_broad.la.all.premium_tax_credit_amount,soi,soi_credit_amount,state,22,584831802.3020918,0.32543498869004384,7.298385034537875e-05
740,irs_soi.ty2022.historic_table_2.state_broad.nm.all.taxable_ira_distributions_returns,soi,soi_income_count,state,35,88420.0,0.5076575610190547,0.0001138500921774063
741,irs_soi.ty2022.historic_table_2.state_broad.co.all.premium_tax_credit_amount,soi,soi_credit_amount,state,08,528915334.7001352,0.30948658762267905,6.940717372116597e-05
742,irs_soi.ty2022.historic_table_2.state_broad.dc.all.rental_royalty_income_returns,soi,soi_income_count,state,11,18880.0,0.2345830338099364,5.260888849740668e-05
743,irs_soi.ty2022.historic_table_2.state_eitc.az.az.eitc_two_children_amount,soi,soi_eitc_amount,state,04,538159309.3381585,0.31217935709224987,7.001106909447182e-05
744,irs_soi.ty2022.historic_table_2.state_broad.wy.all.taxable_ira_distributions_returns,soi,soi_income_count,state,56,33360.0,0.3118233440041838,6.993122763045163e-05
745,irs_soi.ty2022.historic_table_2.state_broad.wv.all.taxable_income_amount,soi,soi_tax_amount,state,54,40997411798.30283,2.7247519579695942,0.0006110679430297363
746,irs_soi.ty2022.historic_table_2.state_eitc.oh.oh.eitc_one_child_amount,soi,soi_eitc_amount,state,39,786200547.1195731,0.3773248639157302,8.462096073463338e-05
747,irs_soi.ty2022.historic_table_2.state_agi.co.200k_to_500k.taxable_interest_amount,soi,soi_agi_band_amount,state,08,1108490084.7948983,0.44803780369393,0.00010047943567928459
748,irs_soi.ty2022.historic_table_2.state_broad.ks.all.taxable_income_returns,soi,soi_tax_count,state,20,1101590.0,1.7918662767995441,0.0004018538409507836
749,irs_soi.ty2022.historic_table_2.state_broad.hi.all.taxable_pension_income_returns,soi,soi_income_count,state,15,151960.0,0.6655186741382983,0.00014925289843873029
750,irs_soi.ty2022.historic_table_2.state_agi.mo.25k_to_50k.taxable_interest_amount,soi,soi_agi_band_amount,state,29,207144075.5412336,0.19368010486753,4.3435771443716084e-05
751,irs_soi.ty2022.historic_table_2.state_broad.va.all.limited_state_local_taxes_returns,soi,soi_deduction_count,state,51,559980.0,1.2775616356493178,0.0002865130378222287
752,irs_soi.ty2022.historic_table_2.state_agi.sc.50k_to_75k.taxable_interest_amount,soi,soi_agi_band_amount,state,45,160837010.03790456,0.17066393255182308,3.827403735183294e-05
753,irs_soi.ty2022.historic_table_2.state_eitc.me.me.eitc_one_child_amount,soi,soi_eitc_amount,state,23,69724731.7412898,0.11236787792233065,2.52002417408232e-05
754,irs_soi.ty2022.historic_table_2.state_eitc.ri.ri.eitc_three_or_more_children_claims,soi,soi_eitc_count,state,44,6990.0,0.1427362200343077,3.2010814091569344e-05
755,irs_soi.ty2022.historic_table_2.state_broad.co.all.limited_state_local_taxes_returns,soi,soi_deduction_count,state,08,339950.0,0.9954125830867584,0.00022323673090082045
756,irs_soi.ty2022.historic_table_2.state_eitc.ct.ct.eitc_amount,soi,soi_eitc_amount,state,09,508833133.10195696,0.30355433878225896,6.807677478857568e-05
757,irs_soi.ty2022.historic_table_2.state_eitc.wv.wv.eitc_two_children_amount,soi,soi_eitc_amount,state,54,124408818.77097334,0.1500978033659478,3.3661763481934915e-05
758,irs_soi.ty2022.historic_table_2.state_eitc.me.me.eitc_no_children_claims,soi,soi_eitc_count,state,23,28690.0,0.28917508889528226,6.485200468609156e-05
759,irs_soi.ty2022.historic_table_2.state_broad.id.all.wages_salaries_returns,soi,soi_income_count,state,16,691070.0,1.4192425519268135,0.0003182871836570562
760,irs_soi.ty2022.historic_table_2.state_broad.la.all.tax_exempt_interest_returns,soi,soi_income_count,state,22,60570.0,0.4201693709232159,9.422950682287865e-05
761,irs_soi.ty2022.historic_table_2.state_broad.va.all.medical_dental_expense_amount,soi,soi_deduction_amount,state,51,3057111588.6852098,0.7440539025669647,0.00016686564309642625
762,irs_soi.ty2022.historic_table_2.state_agi.ar.75k_to_100k.taxable_interest_amount,soi,soi_agi_band_amount,state,05,93869751.1282692,0.1303801830538618,2.9239780904656154e-05
763,irs_soi.ty2022.historic_table_2.state_broad.or.all.taxable_pension_income_returns,soi,soi_income_count,state,41,382290.0,1.0555822348361292,0.00023673070976365312
764,irs_soi.ty2022.historic_table_2.state_eitc.wv.wv.eitc_amount,soi,soi_eitc_amount,state,54,347231068.6597803,0.250759873281882,5.623679598158376e-05
765,irs_soi.ty2022.historic_table_2.state_agi.wi.100k_to_200k.taxable_interest_returns,soi,soi_agi_band_count,state,55,339607.7235304714,0.9949113445114515,0.00022312432036587833
766,irs_soi.ty2022.historic_table_2.state_broad.me.all.ordinary_dividends_returns,soi,soi_income_count,state,23,145490.0,0.6511966767851582,0.00014604096810611307
767,irs_soi.ty2022.historic_table_2.state_broad.ut.all.premium_tax_credit_amount,soi,soi_credit_amount,state,49,867836797.2648702,0.39643116032099873,8.890584443171087e-05
768,irs_soi.ty2022.historic_table_2.state_broad.wi.all.taxable_income_amount,soi,soi_tax_amount,state,55,210605190730.55396,6.17565873046738,0.0013849873806834224
769,irs_soi.ty2022.historic_table_2.state_agi.mo.200k_to_500k.taxable_interest_amount,soi,soi_agi_band_amount,state,29,655134502.759573,0.3444403242063325,7.724609199514074e-05
770,irs_soi.ty2022.historic_table_2.state_broad.fl.all.unemployment_compensation_amount,soi,soi_income_amount,state,12,825849591.1675243,0.38672231450699196,8.672848497577751e-05
771,irs_soi.ty2022.historic_table_2.state_broad.ri.all.real_estate_taxes_amount,soi,soi_deduction_amount,state,44,325500838.13268054,0.24278665341676858,5.444867759963413e-05
772,irs_soi.ty2022.historic_table_2.state_broad.nh.all.taxable_ira_distributions_returns,soi,soi_income_count,state,33,100480.0,0.5411721227797541,0.00012136625314639025
773,irs_soi.ty2022.historic_table_2.state_broad.sd.all.income_tax_liability_amount,soi,soi_tax_amount,state,46,5547135414.617111,1.00226632118623,0.00022477378811083874
774,irs_soi.ty2022.historic_table_2.state_eitc.wv.wv.eitc_two_children_claims,soi,soi_eitc_count,state,54,28940.0,0.29043226849844184,6.513394673658709e-05
775,irs_soi.ty2022.historic_table_2.state_agi.ct.75k_to_100k.taxable_interest_amount,soi,soi_agi_band_amount,state,09,170263111.39892018,0.1755937427963005,3.937962386102276e-05
776,irs_soi.ty2022.historic_table_2.state_broad.nj.all.income_tax_liability_returns,soi,soi_tax_count,state,34,3433940.0,3.16367567242692,0.0007095034026523704
777,irs_soi.ty2022.historic_table_2.state_broad.wa.all.taxable_interest_returns,soi,soi_income_count,state,53,1490944.7107848558,2.0846174697379896,0.00046750784250683777
778,irs_soi.ty2022.historic_table_2.state_eitc.ca.ca.eitc_two_children_claims,soi,soi_eitc_count,state,06,550910.0,1.267173060563397,0.0002841832385206093
779,irs_soi.ty2022.historic_table_2.state_eitc.mt.mt.eitc_three_or_more_children_claims,soi,soi_eitc_count,state,30,9150.0,0.1633075076062679,3.662424480965864e-05
780,irs_soi.ty2022.historic_table_2.state_broad.ca.all.actc_claims,soi,soi_credit_count,state,06,1933500.0,2.3739288141818147,0.0005323904046157916
781,irs_soi.ty2022.historic_table_2.state_agi.az.200k_to_500k.taxable_interest_amount,soi,soi_agi_band_amount,state,04,1096634575.8666108,0.4456354389073231,9.994066806623079e-05
782,irs_soi.ty2022.historic_table_2.state_broad.wv.all.wages_salaries_amount,soi,soi_income_amount,state,54,38912686822.69139,2.6545711039604263,0.000595328796582289
783,irs_soi.ty2022.historic_table_2.state_broad.de.all.wages_salaries_returns,soi,soi_income_count,state,10,394370.0,1.0721302231350311,0.00024044185313636042
784,irs_soi.ty2022.historic_table_2.state_broad.hi.all.tax_exempt_interest_amount,soi,soi_income_amount,state,15,192599796.87277046,0.18675690395464858,4.188313611900619e-05
785,irs_soi.ty2022.historic_table_2.state_broad.ia.all.tax_exempt_interest_returns,soi,soi_income_count,state,19,69540.0,0.4502077292854282,0.00010096607519296439
786,irs_soi.ty2022.historic_table_2.state_broad.vt.all.unemployment_compensation_returns,soi,soi_income_count,state,50,10730.0,0.17684609099759288,3.966048239461603e-05
787,irs_soi.ty2022.historic_table_2.state_broad.ri.all.qualified_dividends_returns,soi,soi_income_count,state,44,109480.0,0.5648888440976529,0.00012668509623181272
788,irs_soi.ty2022.historic_table_2.state_eitc.oh.oh.eitc_one_child_claims,soi,soi_eitc_count,state,39,285970.0,0.9129686007410296,0.00020474738747275838
789,irs_soi.ty2022.historic_table_2.state_broad.ar.all.schedule_c_income_returns,soi,soi_income_count,state,05,243530.0,0.8425037411108789,0.0001889445483540881
790,irs_soi.ty2022.historic_table_2.state_broad.nh.all.income_tax_liability_returns,soi,soi_tax_count,state,33,580430.0,1.3006802003848177,0.0002916977350044444
791,irs_soi.ty2022.historic_table_2.state_broad.ak.all.ordinary_dividends_returns,soi,soi_income_count,state,02,76910.0,0.4734640506419783,0.00010618166643686439
792,irs_soi.ty2022.historic_table_2.state_broad.me.all.taxable_interest_amount,soi,soi_income_amount,state,23,1039494909.8843716,0.43387031463410614,9.73021562310173e-05
793,irs_soi.ty2022.historic_table_2.state_agi.wa.50k_to_75k.taxable_interest_amount,soi,soi_agi_band_amount,state,53,328440559.4684427,0.24388053825109435,5.4693998262187566e-05
794,irs_soi.ty2022.historic_table_2.state_agi.fl.100k_to_200k.taxable_interest_amount,soi,soi_agi_band_amount,state,12,3976809766.7970767,0.848625664204812,0.00019031748468374343
795,irs_soi.ty2022.historic_table_2.state_broad.nd.all.rental_royalty_income_returns,soi,soi_income_count,state,38,50510.0,0.38369336380543995,8.604919574017491e-05
796,irs_soi.ty2022.historic_table_2.state_broad.sd.all.wages_salaries_amount,soi,soi_income_amount,state,46,24775366390.0748,2.1181601642978927,0.0004750303126929564
797,irs_soi.ty2022.historic_table_2.state_eitc.co.co.eitc_one_child_claims,soi,soi_eitc_count,state,08,98180.0,0.5349425178805892,0.00011996916749957148
798,irs_soi.ty2022.historic_table_2.state_broad.la.all.qualified_dividends_amount,soi,soi_income_amount,state,22,2468513183.2158613,0.6686001638669151,0.00014994397036710363
799,irs_soi.ty2022.historic_table_2.state_broad.mt.all.itemized_deductions_amount,soi,soi_deduction_amount,state,30,1942635106.453392,0.5931224596081738,0.00013301692298904995
800,irs_soi.ty2022.historic_table_2.state_agi.hi.100k_to_200k.taxable_interest_returns,soi,soi_agi_band_count,state,15,76606.12789731208,0.4725277945735029,0.00010597169647308879
801,irs_soi.ty2022.historic_table_2.state_broad.nd.all.taxable_pension_income_amount,soi,soi_income_amount,state,38,1730145807.490108,0.5597448488285145,0.00012553147540446613
802,irs_soi.ty2022.historic_table_2.state_agi.dc.500k_plus.taxable_interest_returns,soi,soi_agi_band_count,state,11,10546.347557557045,0.1753261286800939,3.9319607239312376e-05
803,irs_soi.ty2022.historic_table_2.state_broad.nm.all.real_estate_taxes_claims,soi,soi_deduction_count,state,35,47980.0,0.373960494553985,8.386644865530052e-05
804,irs_soi.ty2022.historic_table_2.state_broad.me.all.real_estate_taxes_amount,soi,soi_deduction_amount,state,23,271484477.3039741,0.22172836506482022,4.972602939332142e-05
805,irs_soi.ty2022.historic_table_2.state_broad.oh.all.unemployment_compensation_amount,soi,soi_income_amount,state,39,752107298.7606242,0.369052927639175,8.276585055823616e-05
806,irs_soi.ty2022.historic_table_2.state_broad.ct.all.premium_tax_credit_amount,soi,soi_credit_amount,state,09,609899543.4881023,0.3323363971451874,7.453159837299561e-05
807,irs_soi.ty2022.historic_table_2.state_broad.wa.all.rental_royalty_income_returns,soi,soi_income_count,state,53,235250.0,0.82805735625665,0.0001857047221925656
808,irs_soi.ty2022.historic_table_2.state_broad.la.all.partnership_scorp_income_returns,soi,soi_income_count,state,22,112720.0,0.5731866855417316,0.00012854601604434437
809,irs_soi.ty2022.historic_table_2.state_broad.nc.all.income_tax_liability_returns,soi,soi_tax_count,state,37,3475250.0,3.1826481554806176,0.0007137582766271849
810,irs_soi.ty2022.historic_table_2.state_broad.ne.all.taxable_interest_amount,soi,soi_income_amount,state,31,1551084669.9427702,0.5299885730669031,0.00011885816843841737
811,irs_soi.ty2022.historic_table_2.state_broad.ri.all.taxable_social_security_amount,soi,soi_income_amount,state,44,1930872594.0640323,0.5913240768173755,0.000132613607718631
812,irs_soi.ty2022.historic_table_2.state_agi.ga.100k_to_200k.taxable_interest_amount,soi,soi_agi_band_amount,state,13,1025475949.5856501,0.43093472666159605,9.664380503736175e-05
813,irs_soi.ty2022.historic_table_2.state_broad.wi.all.taxable_income_returns,soi,soi_tax_count,state,55,2416490.0,2.6539216955027345,0.0005951831566500862
814,irs_soi.ty2022.historic_table_2.state_broad.me.all.actc_claims,soi,soi_credit_count,state,23,52580.0,0.3914766781841573,8.779472486749435e-05
815,irs_soi.ty2022.historic_table_2.state_broad.tn.all.tax_exempt_interest_returns,soi,soi_income_count,state,47,96620.0,0.5306756007389745,0.00011901224506368569
816,irs_soi.ty2022.historic_table_2.state_agi.al.200k_to_500k.taxable_interest_returns,soi,soi_agi_band_count,state,01,71009.88324319822,0.45494092146014237,0.0001020275670464549
817,irs_soi.ty2022.historic_table_2.state_agi.ky.500k_plus.taxable_interest_returns,soi,soi_agi_band_count,state,21,15408.838020231322,0.21192419812199625,4.752729269387671e-05
818,irs_soi.ty2022.historic_table_2.state_eitc.fl.fl.eitc_three_or_more_children_amount,soi,soi_eitc_amount,state,12,1037231988.3077122,0.43339780177802234,9.719618788473252e-05
819,irs_soi.ty2022.historic_table_2.state_agi.me.100k_to_200k.taxable_interest_returns,soi,soi_agi_band_count,state,23,66497.84254359956,0.4402500168657654,9.873290353571775e-05
820,irs_soi.ty2022.historic_table_2.state_broad.fl.all.limited_state_local_taxes_amount,soi,soi_deduction_amount,state,12,6508723883.398699,1.0856671001759093,0.00024347770804572982
821,irs_soi.ty2022.historic_table_2.state_broad.ok.all.income_tax_before_credits_amount,soi,soi_tax_amount,state,40,18017172055.016502,1.8063090846054233,0.00040509286490366075
822,irs_soi.ty2022.historic_table_2.state_broad.de.all.premium_tax_credit_returns,soi,soi_credit_count,state,10,17820.0,0.22790269114214912,5.111071790584192e-05
823,irs_soi.ty2022.historic_table_2.state_broad.ma.all.medical_dental_expense_returns,soi,soi_deduction_count,state,25,86740.0,0.5028116279286259,0.00011276331642265662
824,irs_soi.ty2022.historic_table_2.state_agi.de.200k_to_500k.taxable_interest_returns,soi,soi_agi_band_count,state,10,23173.490583375606,0.2598910546531821,5.828460521488721e-05
825,irs_soi.ty2022.historic_table_2.state_agi.md.1_to_10k.taxable_interest_returns,soi,soi_agi_band_count,state,24,48208.745533090456,0.3748508663701521,8.406612836289573e-05
826,irs_soi.ty2022.historic_table_2.state_broad.ok.all.limited_state_local_taxes_returns,soi,soi_deduction_count,state,40,111340.0,0.5696671967559687,0.0001277567160251107
827,irs_soi.ty2022.historic_table_2.state_eitc.wy.wy.eitc_no_children_amount,soi,soi_eitc_amount,state,56,3948099.2151732184,0.026738853524167792,5.996603167563981e-06
828,irs_soi.ty2022.historic_table_2.state_agi.ca.1_to_10k.taxable_interest_amount,soi,soi_agi_band_amount,state,06,372527913.6366221,0.2597336168996598,5.8249297353590444e-05
829,irs_soi.ty2022.historic_table_2.state_broad.la.all.partnership_scorp_income_amount,soi,soi_income_amount,state,22,13456683887.59919,1.5610534681069939,0.0003500904839890096
830,irs_soi.ty2022.historic_table_2.state_agi.mn.under_1.taxable_interest_amount,soi,soi_agi_band_amount,state,27,84402733.42927848,0.12363089381917157,2.7726147974696473e-05
831,irs_soi.ty2022.historic_table_2.state_eitc.ak.ak.eitc_two_children_claims,soi,soi_eitc_count,state,02,8170.0,0.1543144630102746,3.460741489353546e-05
832,irs_soi.ty2022.historic_table_2.state_agi.wi.10k_to_25k.taxable_interest_amount,soi,soi_agi_band_amount,state,55,141813470.15060255,0.16025348963266808,3.593933384899486e-05
833,irs_soi.ty2022.historic_table_2.state_agi.al.200k_to_500k.taxable_interest_amount,soi,soi_agi_band_amount,state,01,444814296.4830215,0.28381681482942483,6.365032851074789e-05
834,irs_soi.ty2022.historic_table_2.state_broad.de.all.real_estate_taxes_claims,soi,soi_deduction_count,state,10,40920.0,0.3453531456698532,7.745080638480673e-05
835,irs_soi.ty2022.historic_table_2.state_broad.wy.all.qualified_dividends_amount,soi,soi_income_amount,state,56,2020584297.995643,0.604905091665951,0.00013565936121685376
836,irs_soi.ty2022.historic_table_2.state_eitc.ny.ny.eitc_two_children_claims,soi,soi_eitc_count,state,36,310850.0,0.9518555346437113,0.0002134683863296056
837,irs_soi.ty2022.historic_table_2.state_broad.ky.all.taxable_interest_returns,soi,soi_income_count,state,21,536779.5214808941,1.2508164179201489,0.00028051500738285464
838,irs_soi.ty2022.historic_table_2.state_agi.mt.25k_to_50k.taxable_interest_returns,soi,soi_agi_band_count,state,30,31792.36444401672,0.30440867009689704,6.826837185398005e-05
839,irs_soi.ty2022.historic_table_2.state_broad.tn.all.itemized_deductions_amount,soi,soi_deduction_amount,state,47,9706371671.162039,1.3257975488861637,0.0002973306904880385
840,irs_soi.ty2022.historic_table_2.state_broad.nv.all.premium_tax_credit_returns,soi,soi_credit_count,state,32,50160.0,0.38236168566130485,8.575054623487437e-05
841,irs_soi.ty2022.historic_table_2.state_broad.fl.all.actc_amount,soi,soi_credit_amount,state,12,2856300776.163176,0.719201727977547,0.00016129215698083583
842,irs_soi.ty2022.historic_table_2.state_broad.ct.all.taxable_ira_distributions_returns,soi,soi_income_count,state,09,230630.0,0.8198860613109035,0.00018387218239760114
843,irs_soi.ty2022.historic_table_2.state_agi.fl.under_1.taxable_interest_returns,soi,soi_agi_band_count,state,12,57353.29403834501,0.408860152967222,9.169323905970442e-05
844,irs_soi.ty2022.historic_table_2.state_broad.me.all.taxable_social_security_returns,soi,soi_income_count,state,23,132710.0,0.6219384804503906,0.00013947936318690077
845,irs_soi.ty2022.historic_table_2.state_broad.il.all.schedule_c_income_amount,soi,soi_income_amount,state,17,15023530306.49531,1.6494332762961803,0.0003699110285481454
846,irs_soi.ty2022.historic_table_2.state_broad.nh.all.taxable_income_amount,soi,soi_tax_amount,state,33,69762464993.72086,3.5543456713220594,0.0007971172171612602
847,irs_soi.ty2022.historic_table_2.state_broad.ri.all.premium_tax_credit_amount,soi,soi_credit_amount,state,44,106118050.38649037,0.13862558263285038,3.108893981449885e-05
848,irs_soi.ty2022.historic_table_2.state_broad.de.all.ordinary_dividends_amount,soi,soi_income_amount,state,10,1225834390.7424185,0.4711559216847509,0.00010566403267206793
849,irs_soi.ty2022.historic_table_2.state_broad.wy.all.adjusted_gross_income,soi,soi_income_amount,state,56,34226390274.59347,2.4895984351152287,0.0005583311135042002
850,irs_soi.ty2022.historic_table_2.state_agi.tx.100k_to_200k.taxable_interest_returns,soi,soi_agi_band_count,state,48,949795.5188206125,1.6638365553933623,0.00037314118757420103
851,irs_soi.ty2022.historic_table_2.state_eitc.la.la.eitc_three_or_more_children_claims,soi,soi_eitc_count,state,22,58170.0,0.41176092943049813,9.234378323177801e-05
852,irs_soi.ty2022.historic_table_2.state_broad.ia.all.itemized_deductions_amount,soi,soi_deduction_amount,state,19,4225784807.4476757,0.8747872446634932,0.00019618462540109738
853,irs_soi.ty2022.historic_table_2.state_broad.mt.all.actc_claims,soi,soi_credit_count,state,30,47670.0,0.37275045272687574,8.359507798315222e-05
854,irs_soi.ty2022.historic_table_2.state_broad.ar.all.actc_amount,soi,soi_credit_amount,state,05,447688010.8356378,0.2847321354397198,6.385560337289074e-05
855,irs_soi.ty2022.historic_table_2.state_broad.ut.all.ctc_claims,soi,soi_credit_count,state,49,419460.0,1.1057090899112438,0.0002479724355037551
856,irs_soi.ty2022.historic_table_2.state_broad.nc.all.adjusted_gross_income,soi,soi_income_amount,state,37,462125358202.58545,9.148052605554756,0.002051592869601874
857,irs_soi.ty2022.historic_table_2.state_eitc.az.az.eitc_amount,soi,soi_eitc_amount,state,04,1469435697.4257255,0.5158507262054094,0.00011568753671348047
858,irs_soi.ty2022.historic_table_2.state_broad.ma.all.taxable_interest_returns,soi,soi_income_count,state,25,1537477.868388241,2.1168985239870146,0.0004747473702594785
859,irs_soi.ty2022.historic_table_2.state_agi.fl.75k_to_100k.taxable_interest_amount,soi,soi_agi_band_amount,state,12,1445323608.090485,0.5116009019998287,0.00011473444763396023
860,irs_soi.ty2022.historic_table_2.state_eitc.mi.mi.eitc_amount,soi,soi_eitc_amount,state,26,1980249602.2111177,0.5988371304230443,0.00013429852667033962
861,irs_soi.ty2022.historic_table_2.state_broad.or.all.premium_tax_credit_amount,soi,soi_credit_amount,state,41,566876017.3640722,0.32040021227417226,7.185472354208842e-05
862,irs_soi.ty2022.historic_table_2.state_broad.ms.all.unemployment_compensation_returns,soi,soi_income_count,state,28,15920.0,0.21541063220835627,4.830917968341697e-05
863,irs_soi.ty2022.historic_table_2.state_broad.ia.all.income_tax_liability_returns,soi,soi_tax_count,state,19,1103190.0,1.7931670991393478,0.0004021455705627602
864,irs_soi.ty2022.historic_table_2.state_broad.ne.all.tax_exempt_interest_returns,soi,soi_income_count,state,31,42010.0,0.3499225611637661,7.847556877411216e-05
865,irs_soi.ty2022.historic_table_2.state_broad.ma.all.limited_state_local_taxes_amount,soi,soi_deduction_amount,state,25,4303586113.321254,0.8828034098567062,0.00019798237493983095
866,irs_soi.ty2022.historic_table_2.state_broad.al.all.medical_dental_expense_amount,soi,soi_deduction_amount,state,01,884375344.5447757,0.4001907686955527,8.97489949978813e-05
867,irs_soi.ty2022.historic_table_2.state_broad.ar.all.tax_exempt_interest_amount,soi,soi_income_amount,state,05,289495159.1947586,0.22896516126123784,5.134899333062073e-05
868,irs_soi.ty2022.historic_table_2.state_broad.ia.all.return_count,soi,soi_return_count,state,19,1485900.0,2.0810877603929527,0.0004667162503684577
869,irs_soi.ty2022.historic_table_2.state_agi.ut.200k_to_500k.taxable_interest_returns,soi,soi_agi_band_count,state,49,66015.97411937058,0.43865200790167835,9.8374525207822e-05
870,irs_soi.ty2022.historic_table_2.state_agi.pa.1_to_10k.taxable_interest_amount,soi,soi_agi_band_amount,state,42,136982784.9984163,0.15750043189270344,3.532191789475296e-05
871,irs_soi.ty2022.historic_table_2.state_broad.ct.all.taxable_income_returns,soi,soi_tax_count,state,09,1505380.0,2.0946847675779203,0.00046976559039648357
872,irs_soi.ty2022.historic_table_2.state_broad.or.all.limited_state_local_taxes_amount,soi,soi_deduction_amount,state,41,2447784541.990227,0.6657870554667709,0.0001493130871197064
873,irs_soi.ty2022.historic_table_2.state_eitc.ak.ak.eitc_no_children_amount,soi,soi_eitc_amount,state,02,4171048.064157177,0.027483456428376372,6.163591932804748e-06
874,irs_soi.ty2022.historic_table_2.state_eitc.mo.mo.eitc_no_children_amount,soi,soi_eitc_amount,state,29,46421535.46557954,0.09168715645008856,2.0562268771044755e-05
875,irs_soi.ty2022.historic_table_2.state_agi.az.500k_plus.taxable_interest_amount,soi,soi_agi_band_amount,state,04,2601291988.5632496,0.686346312854687,0.0001539238198821904
876,irs_soi.ty2022.historic_table_2.state_broad.nh.all.net_capital_gains_amount,soi,soi_income_amount,state,33,7998859246.413954,1.203546240404632,0.00026991393595080334
877,irs_soi.ty2022.historic_table_2.state_broad.ky.all.taxable_income_amount,soi,soi_tax_amount,state,21,115312496769.66002,4.569692123337242,0.001024824427749998
878,irs_soi.ty2022.historic_table_2.state_broad.de.all.itemized_deductions_amount,soi,soi_deduction_amount,state,10,1822211358.3147602,0.5744445691317129,0.00012882811597481788
879,irs_soi.ty2022.historic_table_2.state_broad.md.all.tax_exempt_interest_returns,soi,soi_income_count,state,24,134130.0,0.6252570048988354,0.00014022359383243673
880,irs_soi.ty2022.historic_table_2.state_broad.wi.all.unemployment_compensation_amount,soi,soi_income_amount,state,55,341576682.5249962,0.24870977886081555,5.5777030468897856e-05
881,irs_soi.ty2022.historic_table_2.state_eitc.mi.mi.eitc_no_children_amount,soi,soi_eitc_amount,state,26,79912037.69008948,0.12029701628435936,2.6978474161103242e-05
882,irs_soi.ty2022.historic_table_2.state_eitc.az.az.eitc_three_or_more_children_amount,soi,soi_eitc_amount,state,04,379564253.49232835,0.26217507784860183,5.879683288822647e-05
883,irs_soi.ty2022.historic_table_2.state_broad.ct.all.schedule_c_income_returns,soi,soi_income_count,state,09,325290.0,0.9737129811493398,0.00021837025816311725
884,irs_soi.ty2022.historic_table_2.state_agi.md.10k_to_25k.taxable_interest_amount,soi,soi_agi_band_amount,state,24,88645246.22307253,0.12669996022962837,2.84144337810335e-05
885,irs_soi.ty2022.historic_table_2.state_broad.hi.all.rental_royalty_income_returns,soi,soi_income_count,state,15,60930.0,0.4214161670492631,9.45091202173723e-05
886,irs_soi.ty2022.historic_table_2.state_broad.mt.all.limited_state_local_taxes_returns,soi,soi_deduction_count,state,30,44110.0,0.3585618934171407,8.041307320411319e-05
887,irs_soi.ty2022.historic_table_2.state_broad.mo.all.income_tax_liability_amount,soi,soi_tax_amount,state,29,31389937547.71974,2.3842071115968344,0.0005346954724370563
888,irs_soi.ty2022.historic_table_2.state_agi.wi.100k_to_200k.taxable_interest_amount,soi,soi_agi_band_amount,state,55,816124949.0648841,0.3844386827329338,8.621634508475752e-05
889,irs_soi.ty2022.historic_table_2.state_eitc.ok.ok.eitc_one_child_claims,soi,soi_eitc_count,state,40,111970.0,0.5712766097431665,0.00012811765188229795
890,irs_soi.ty2022.historic_table_2.state_agi.in.50k_to_75k.taxable_interest_amount,soi,soi_agi_band_amount,state,18,210128410.94229308,0.19507029527691422,4.3747543233216914e-05
891,irs_soi.ty2022.historic_table_2.state_broad.co.all.ordinary_dividends_amount,soi,soi_income_amount,state,08,8971405665.815758,1.274614928427468,0.00028585219296422247
892,irs_soi.ty2022.historic_table_2.state_broad.oh.all.real_estate_taxes_claims,soi,soi_deduction_count,state,39,246050.0,0.846851553051181,0.00018991961270490714
893,irs_soi.ty2022.historic_table_2.state_broad.ct.all.income_tax_liability_amount,soi,soi_tax_amount,state,09,40918799361.943504,2.722138351881359,0.0006104818012741329
894,irs_soi.ty2022.historic_table_2.state_broad.ar.all.net_capital_gains_amount,soi,soi_income_amount,state,05,7161618383.349243,1.1388180470987082,0.00025539763334799464
895,irs_soi.ty2022.historic_table_2.state_broad.wa.all.taxable_income_amount,soi,soi_tax_amount,state,53,377511243020.78424,8.26825188163472,0.001854283893616219
896,irs_soi.ty2022.historic_table_2.state_agi.ny.10k_to_25k.taxable_interest_returns,soi,soi_agi_band_count,state,36,294082.10899592866,0.9258271358923554,0.00020763111367848295
897,irs_soi.ty2022.historic_table_2.state_eitc.dc.dc.eitc_claims,soi,soi_eitc_count,state,11,45200.0,0.3629650602995166,8.1400551760376e-05
898,irs_soi.ty2022.historic_table_2.state_broad.md.all.taxable_pension_income_amount,soi,soi_income_amount,state,24,25747069689.902477,2.159298372852831,0.00048425619485374096
899,irs_soi.ty2022.historic_table_2.state_broad.wi.all.medical_dental_expense_amount,soi,soi_deduction_amount,state,55,1437502476.106179,0.5102148020483743,0.00011442359319317657
900,irs_soi.ty2022.historic_table_2.state_broad.il.all.ordinary_dividends_returns,soi,soi_income_count,state,17,1402320.0,2.02171143564017,0.0004534001874052859
901,irs_soi.ty2022.historic_table_2.state_broad.in.all.income_tax_before_credits_returns,soi,soi_tax_count,state,18,2551560.0,2.7270838801353334,0.0006115909127910593
902,irs_soi.ty2022.historic_table_2.state_eitc.az.az.eitc_three_or_more_children_claims,soi,soi_eitc_count,state,04,78680.0,0.47888119061726625,0.00010739654420660827
903,irs_soi.ty2022.historic_table_2.state_broad.az.all.real_estate_taxes_amount,soi,soi_deduction_amount,state,04,1195795674.4662483,0.4653473469992336,0.0001043613695894222
904,irs_soi.ty2022.historic_table_2.state_broad.tx.all.rental_royalty_income_returns,soi,soi_income_count,state,48,851150.0,1.5750656323503383,0.00035323292943492674
905,irs_soi.ty2022.historic_table_2.state_broad.ut.all.ordinary_dividends_amount,soi,soi_income_amount,state,49,2986114143.9165545,0.7353633066193459,0.0001649166419868459
906,irs_soi.ty2022.historic_table_2.state_agi.mo.under_1.taxable_interest_returns,soi,soi_agi_band_count,state,29,14576.519832926715,0.20612113611299762,4.62258659145543e-05
907,irs_soi.ty2022.historic_table_2.state_broad.wy.all.itemized_deductions_amount,soi,soi_deduction_amount,state,56,2025708760.4843495,0.6056716646223755,0.0001358312771075074
908,irs_soi.ty2022.historic_table_2.state_broad.nc.all.rental_royalty_income_returns,soi,soi_income_count,state,37,263150.0,0.8757845730304159,0.00019640829177627628
909,irs_soi.ty2022.historic_table_2.state_broad.mi.all.taxable_ira_distributions_amount,soi,soi_income_amount,state,26,16438021996.625198,1.7253353948734302,0.00038693325742844364
910,irs_soi.ty2022.historic_table_2.state_broad.ks.all.taxable_social_security_amount,soi,soi_income_amount,state,20,4925970792.352458,0.9444841397990922,0.00021181523655507787
911,irs_soi.ty2022.historic_table_2.state_broad.sc.all.ordinary_dividends_amount,soi,soi_income_amount,state,45,5042816155.447598,0.9556201992102448,0.00021431267082535206
912,irs_soi.ty2022.historic_table_2.state_broad.la.all.rental_royalty_income_amount,soi,soi_income_amount,state,22,2254404984.3190002,0.6389468320460635,0.0001432937501785296
913,irs_soi.ty2022.historic_table_2.state_eitc.ia.ia.eitc_three_or_more_children_claims,soi,soi_eitc_count,state,19,27860.0,0.2849614812912554,6.390703774192766e-05
914,irs_soi.ty2022.historic_table_2.state_broad.mn.all.premium_tax_credit_returns,soi,soi_credit_count,state,27,50540.0,0.3838072926535405,8.607474605372068e-05
915,irs_soi.ty2022.historic_table_2.state_agi.ri.100k_to_200k.taxable_interest_amount,soi,soi_agi_band_amount,state,44,163384052.07685506,0.1720099559418892,3.857590400132074e-05
916,irs_soi.ty2022.historic_table_2.state_agi.nm.under_1.taxable_interest_amount,soi,soi_agi_band_amount,state,35,27695246.266901553,0.07081925745880725,1.5882318335682272e-05
917,irs_soi.ty2022.historic_table_2.state_broad.me.all.income_tax_before_credits_returns,soi,soi_tax_count,state,23,567700.0,1.2863378558495073,0.0002884812415002259
918,irs_soi.ty2022.historic_table_2.state_broad.ms.all.rental_royalty_income_returns,soi,soi_income_count,state,28,57340.0,0.4088127649518539,9.168261156130386e-05
919,irs_soi.ty2022.historic_table_2.state_broad.tn.all.tax_exempt_interest_amount,soi,soi_income_amount,state,47,796861759.4157106,0.3798745916324162,8.519277677336089e-05
920,irs_soi.ty2022.historic_table_2.state_eitc.wa.wa.eitc_one_child_amount,soi,soi_eitc_amount,state,53,311595103.8935403,0.23754400024010122,5.32729312043286e-05
921,irs_soi.ty2022.historic_table_2.state_agi.pa.10k_to_25k.taxable_interest_returns,soi,soi_agi_band_count,state,42,201585.2746541563,0.7665226740588694,0.00017190461405222458
922,irs_soi.ty2022.historic_table_2.state_eitc.ct.ct.eitc_one_child_amount,soi,soi_eitc_amount,state,09,192442948.43629935,0.1866808434004174,4.186607835846993e-05
923,irs_soi.ty2022.historic_table_2.state_agi.ga.500k_plus.taxable_interest_amount,soi,soi_agi_band_amount,state,13,3191162374.9814014,0.7601918419798244,0.00017048482663822032
924,irs_soi.ty2022.historic_table_2.state_broad.nv.all.income_tax_before_credits_returns,soi,soi_tax_count,state,32,1275250.0,1.9279389158078044,0.00043237024350926316
925,irs_soi.ty2022.historic_table_2.state_broad.il.all.partnership_scorp_income_amount,soi,soi_income_amount,state,17,46133184179.625046,2.8903834967501476,0.0006482133879233343
926,irs_soi.ty2022.historic_table_2.state_broad.hi.all.rental_royalty_income_amount,soi,soi_income_amount,state,15,479482309.25431,0.2946694058183876,6.608419058497143e-05
927,irs_soi.ty2022.historic_table_2.state_eitc.sc.sc.eitc_two_children_amount,soi,soi_eitc_amount,state,45,481568393.459376,0.29530971937344475,6.622779084401093e-05
928,irs_soi.ty2022.historic_table_2.state_agi.dc.100k_to_200k.taxable_interest_returns,soi,soi_agi_band_count,state,11,37454.318428707265,0.33040495588174856,7.409844267363727e-05
929,irs_soi.ty2022.historic_table_2.state_agi.ca.50k_to_75k.taxable_interest_returns,soi,soi_agi_band_count,state,06,933105.348854136,1.649152977109798,0.000369848167102444
930,irs_soi.ty2022.historic_table_2.state_broad.ne.all.ordinary_dividends_returns,soi,soi_income_count,state,31,207210.0,0.7771430348634704,0.0001742863949009801
931,irs_soi.ty2022.historic_table_2.state_broad.id.all.schedule_c_income_amount,soi,soi_income_amount,state,16,2156836294.066161,0.6249673723300796,0.00014015863923078707
932,irs_soi.ty2022.historic_table_2.state_broad.id.all.ordinary_dividends_amount,soi,soi_income_amount,state,16,1714365734.4351377,0.5571863802826639,0.00012495769909904997
933,irs_soi.ty2022.historic_table_2.state_broad.ri.all.income_tax_liability_returns,soi,soi_tax_count,state,44,418010.0,1.1037963137900593,0.0002475434657524241
934,irs_soi.ty2022.historic_table_2.state_broad.il.all.tax_exempt_interest_amount,soi,soi_income_amount,state,17,1994829784.727084,0.6010376464858922,0.00013479202657230147
935,irs_soi.ty2022.historic_table_2.state_broad.wi.all.ctc_claims,soi,soi_credit_count,state,55,648430.0,1.37476084196797,0.00030831146938057187
936,irs_soi.ty2022.historic_table_2.state_broad.ny.all.unemployment_compensation_returns,soi,soi_income_count,state,36,380310.0,1.0528450901082214,0.0002361168625495002
937,irs_soi.ty2022.historic_table_2.state_broad.az.all.ordinary_dividends_returns,soi,soi_income_count,state,04,629510.0,1.3545558628456043,0.00030378018902121645
938,irs_soi.ty2022.historic_table_2.state_broad.ne.all.schedule_c_income_returns,soi,soi_income_count,state,31,143930.0,0.6476960765971034,0.0001452559041482627
939,irs_soi.ty2022.historic_table_2.state_broad.la.all.ordinary_dividends_amount,soi,soi_income_amount,state,22,3234217000.7265825,0.7653028507228848,0.00017163104972480036
940,irs_soi.ty2022.historic_table_2.state_broad.ut.all.partnership_scorp_income_amount,soi,soi_income_amount,state,49,14715542716.640604,1.632438749291954,0.00036609974193584977
941,irs_soi.ty2022.historic_table_2.state_broad.dc.all.taxable_social_security_amount,soi,soi_income_amount,state,11,692218084.3320488,0.3540545857614665,7.94022394620916e-05
942,irs_soi.ty2022.historic_table_2.state_broad.ut.all.income_tax_liability_returns,soi,soi_tax_count,state,49,1107830.0,1.7969341587266001,0.0004029903921790985
943,irs_soi.ty2022.historic_table_2.state_broad.de.all.schedule_c_income_returns,soi,soi_income_count,state,10,78650.0,0.47878988529552674,0.00010737606757020111
944,irs_soi.ty2022.historic_table_2.state_broad.al.all.ordinary_dividends_amount,soi,soi_income_amount,state,01,3198958592.5538483,0.7611198746111237,0.000170692952368496
945,irs_soi.ty2022.historic_table_2.state_eitc.az.az.eitc_no_children_claims,soi,soi_eitc_count,state,04,127990.0,0.6107783341991369,0.00013697652706865594
946,irs_soi.ty2022.historic_table_2.state_agi.wa.25k_to_50k.taxable_interest_returns,soi,soi_agi_band_count,state,53,169332.94489610282,0.702532361323842,0.00015755379262701098
947,irs_soi.ty2022.historic_table_2.state_broad.md.all.rental_royalty_income_amount,soi,soi_income_amount,state,24,309254701.15219617,0.23665021773312955,5.30724865963511e-05
948,irs_soi.ty2022.historic_table_2.state_agi.wy.200k_to_500k.taxable_interest_returns,soi,soi_agi_band_count,state,56,11455.326630534444,0.18272557706365178,4.0979048455629464e-05
949,irs_soi.ty2022.historic_table_2.state_broad.az.all.taxable_ira_distributions_returns,soi,soi_income_count,state,04,370850.0,1.0396681635240388,0.00023316173212021502
950,irs_soi.ty2022.historic_table_2.state_broad.or.all.income_tax_liability_returns,soi,soi_tax_count,state,41,1514310.0,2.1008884757363218,0.0004711568682969997
951,irs_soi.ty2022.historic_table_2.state_broad.va.all.real_estate_taxes_amount,soi,soi_deduction_amount,state,51,3576760541.827826,0.8048105970163579,0.00018049127540173984
952,irs_soi.ty2022.historic_table_2.state_broad.ut.all.return_count,soi,soi_return_count,state,49,1514460.0,2.100992524929639,0.00047118020294452547
953,irs_soi.ty2022.historic_table_2.state_agi.or.200k_to_500k.taxable_interest_amount,soi,soi_agi_band_amount,state,41,678032308.398893,0.3504079473505003,7.85844241647231e-05
954,irs_soi.ty2022.historic_table_2.state_agi.ct.under_1.taxable_interest_returns,soi,soi_agi_band_count,state,09,6932.334375839678,0.14214623295027526,3.187850032524675e-05
955,irs_soi.ty2022.historic_table_2.state_agi.il.25k_to_50k.taxable_interest_returns,soi,soi_agi_band_count,state,17,270525.3139841891,0.8879725866687054,0.0001991416431192432
956,irs_soi.ty2022.historic_table_2.state_broad.oh.all.schedule_c_income_amount,soi,soi_income_amount,state,39,14553749073.03674,1.6234398215922985,0.00036408159264236345
957,irs_soi.ty2022.historic_table_2.state_agi.ak.1_to_10k.taxable_interest_amount,soi,soi_agi_band_amount,state,02,4388277.247830385,0.02819004585448581,6.322055585217719e-06
958,irs_soi.ty2022.historic_table_2.state_broad.ct.all.rental_royalty_income_amount,soi,soi_income_amount,state,09,235510168.05334637,0.20651594283443508,4.631440745333821e-05
959,irs_soi.ty2022.historic_table_2.state_broad.in.all.return_count,soi,soi_return_count,state,18,3246780.0,3.0762528897317853,0.000689897485923253
960,irs_soi.ty2022.historic_table_2.state_broad.vt.all.real_estate_taxes_amount,soi,soi_deduction_amount,state,50,167259811.61488515,0.17403818876083987,3.903076671021302e-05
961,irs_soi.ty2022.historic_table_2.state_broad.ak.all.taxable_pension_income_amount,soi,soi_income_amount,state,02,2970560380.7484927,0.7334456640056288,0.00016448658084898605
962,irs_soi.ty2022.historic_table_2.state_agi.md.50k_to_75k.taxable_interest_returns,soi,soi_agi_band_count,state,24,129228.35013413617,0.6137259735487033,0.00013763758097077894
963,irs_soi.ty2022.historic_table_2.state_broad.ny.all.qualified_dividends_returns,soi,soi_income_count,state,36,2101460.0,2.474891519940439,0.000555032859372155
964,irs_soi.ty2022.historic_table_2.state_eitc.id.id.eitc_three_or_more_children_claims,soi,soi_eitc_count,state,16,18830.0,0.23427220415995248,5.253918012109273e-05
965,irs_soi.ty2022.historic_table_2.state_agi.mi.25k_to_50k.taxable_interest_returns,soi,soi_agi_band_count,state,26,249892.5841831118,0.8534386120794855,0.00019139686299158678
966,irs_soi.ty2022.historic_table_2.state_agi.ky.25k_to_50k.taxable_interest_amount,soi,soi_agi_band_amount,state,21,117744434.336745,0.14602222007817564,3.274775063426231e-05
967,irs_soi.ty2022.historic_table_2.state_broad.ma.all.income_tax_before_credits_amount,soi,soi_tax_amount,state,25,80629547584.80249,3.8211656471024953,0.0008569557405477675
968,irs_soi.ty2022.historic_table_2.state_broad.nv.all.qualified_dividends_amount,soi,soi_income_amount,state,32,3416497290.8255277,0.7865734688802379,0.00017640131618753933
969,irs_soi.ty2022.historic_table_2.state_eitc.ak.ak.eitc_one_child_claims,soi,soi_eitc_count,state,02,12290.0,0.18926553864315085,4.244573640797283e-05
970,irs_soi.ty2022.historic_table_2.state_broad.nh.all.taxable_interest_amount,soi,soi_income_amount,state,33,1445799260.5194457,0.5116850783713456,0.0001147533254925646
971,irs_soi.ty2022.historic_table_2.state_broad.ca.all.qualified_dividends_returns,soi,soi_income_count,state,06,3656230.0,3.264467562156399,0.0007321075492613588
972,irs_soi.ty2022.historic_table_2.state_broad.nv.all.taxable_interest_returns,soi,soi_income_count,state,32,411121.37830809085,1.0946634913871516,0.0002454952884922968
973,irs_soi.ty2022.historic_table_2.state_agi.ny.75k_to_100k.taxable_interest_returns,soi,soi_agi_band_count,state,36,472033.92775267264,1.1729573233512436,0.0002630538962438313
974,irs_soi.ty2022.historic_table_2.state_broad.nh.all.taxable_pension_income_amount,soi,soi_income_amount,state,33,4909667517.727259,0.942919885080063,0.00021146442814085287
975,irs_soi.ty2022.historic_table_2.state_broad.mo.all.ordinary_dividends_amount,soi,soi_income_amount,state,29,7711147524.651827,1.1817027852486552,0.00026501520189474215
976,irs_soi.ty2022.historic_table_2.state_agi.ri.75k_to_100k.taxable_interest_returns,soi,soi_agi_band_count,state,44,25517.123373943836,0.2727165287323872,6.116091696173743e-05
977,irs_soi.ty2022.historic_table_2.state_broad.wv.all.schedule_c_income_amount,soi,soi_income_amount,state,54,1499437442.2847276,0.5210902279886517,0.00011686257635986806
978,irs_soi.ty2022.historic_table_2.state_broad.me.all.tax_exempt_interest_amount,soi,soi_income_amount,state,23,166634658.56095025,0.17371264026765126,3.8957757404721074e-05
979,irs_soi.ty2022.historic_table_2.state_agi.al.50k_to_75k.taxable_interest_amount,soi,soi_agi_band_amount,state,01,153316075.66385493,0.16662593538152246,3.736845377473031e-05
980,irs_soi.ty2022.historic_table_2.state_broad.ok.all.partnership_scorp_income_returns,soi,soi_income_count,state,40,105300.0,0.5540000312552665,0.0001242431108444195
981,irs_soi.ty2022.historic_table_2.state_broad.dc.all.real_estate_taxes_claims,soi,soi_deduction_count,state,11,59220.0,0.415460562875955,9.317348348866451e-05
982,irs_soi.ty2022.historic_table_2.state_broad.sc.all.adjusted_gross_income,soi,soi_income_amount,state,45,214400155456.1625,6.231050932571473,0.0013974099422676548
983,irs_soi.ty2022.historic_table_2.state_broad.wy.all.taxable_interest_amount,soi,soi_income_amount,state,56,1648549944.270602,0.5463863079957033,0.00012253561515938624
984,irs_soi.ty2022.historic_table_2.state_broad.tx.all.rental_royalty_income_amount,soi,soi_income_amount,state,48,23370396867.970337,2.0572250171621174,0.0004613646596012822
985,irs_soi.ty2022.historic_table_2.state_eitc.me.me.eitc_three_or_more_children_amount,soi,soi_eitc_amount,state,23,38748285.88421706,0.08376739324935911,1.8786138876285962e-05
986,irs_soi.ty2022.historic_table_2.state_agi.wy.1_to_10k.taxable_interest_returns,soi,soi_agi_band_count,state,56,7008.99526151247,0.1429300306447577,3.205427913091673e-05
987,irs_soi.ty2022.historic_table_2.state_broad.dc.all.unemployment_compensation_amount,soi,soi_income_amount,state,11,65274717.52940898,0.1087229565384881,2.4382811513453263e-05
988,irs_soi.ty2022.historic_table_2.state_broad.ny.all.income_tax_before_credits_returns,soi,soi_tax_count,state,36,7716110.0,4.742363165640898,0.001063548590634873
989,irs_soi.ty2022.historic_table_2.state_broad.nd.all.net_capital_gains_amount,soi,soi_income_amount,state,38,1940544117.6212769,0.5928031648662682,0.0001329453161844064
990,irs_soi.ty2022.historic_table_2.state_broad.wy.all.income_tax_before_credits_amount,soi,soi_tax_amount,state,56,5181183364.718528,0.9686418627801113,0.000217232981112382
991,irs_soi.ty2022.historic_table_2.state_broad.in.all.adjusted_gross_income,soi,soi_income_amount,state,18,275959795650.04156,7.069222654742719,0.0015853829680965953
992,irs_soi.ty2022.historic_table_2.state_broad.dc.all.qualified_dividends_amount,soi,soi_income_amount,state,11,1340910727.5433598,0.4927750218231715,0.00011051245163112166
993,irs_soi.ty2022.historic_table_2.state_agi.ia.1_to_10k.taxable_interest_amount,soi,soi_agi_band_amount,state,19,29871483.992952637,0.07354906439505003,1.6494519936095546e-05
994,irs_soi.ty2022.historic_table_2.state_broad.sd.all.ordinary_dividends_amount,soi,soi_income_amount,state,46,1070352776.3605403,0.44026303506811154,9.87358230697716e-05
995,irs_soi.ty2022.historic_table_2.state_eitc.ut.ut.eitc_three_or_more_children_claims,soi,soi_eitc_count,state,49,28140.0,0.2863898685934437,6.422737577785236e-05
996,irs_soi.ty2022.historic_table_2.state_broad.dc.all.taxable_pension_income_amount,soi,soi_income_amount,state,11,2264501542.2438416,0.6403760244147545,0.00014361426876312053
997,irs_soi.ty2022.historic_table_2.state_agi.de.500k_plus.taxable_interest_returns,soi,soi_agi_band_count,state,10,5289.601111422692,0.12416725072604817,2.784643434089441e-05
998,irs_soi.ty2022.historic_table_2.state_agi.mo.50k_to_75k.taxable_interest_returns,soi,soi_agi_band_count,state,29,143224.4375469689,0.6461065835629123,0.00014489943564990182
999,irs_soi.ty2022.historic_table_2.state_agi.nj.500k_plus.taxable_interest_returns,soi,soi_agi_band_count,state,34,104193.09518442131,0.5510805375610659,0.00012358836904262523
1000,irs_soi.ty2022.historic_table_2.state_eitc.al.al.eitc_two_children_claims,soi,soi_eitc_count,state,01,114850.0,0.5785769175723294,0.00012975485928960067
1001,irs_soi.ty2022.historic_table_2.state_broad.ak.all.real_estate_taxes_claims,soi,soi_deduction_count,state,02,17010.0,0.2226628483958437,4.9935601793192124e-05
1002,irs_soi.ty2022.historic_table_2.state_broad.ia.all.wages_salaries_amount,soi,soi_income_amount,state,19,88463403009.63672,4.002492936200419,0.0008976212012111278
1003,irs_soi.ty2022.historic_table_2.state_agi.id.25k_to_50k.taxable_interest_returns,soi,soi_agi_band_count,state,16,42262.05111590097,0.35097072201246765,7.871063512277812e-05
1004,irs_soi.ty2022.historic_table_2.state_broad.nv.all.taxable_income_amount,soi,soi_tax_amount,state,32,128350477117.13747,4.821115065826823,0.0010812099272991306
1005,irs_soi.ty2022.historic_table_2.state_broad.ia.all.partnership_scorp_income_amount,soi,soi_income_amount,state,19,10549023090.913544,1.3821490345077594,0.00030996838629911627
1006,irs_soi.ty2022.historic_table_2.state_broad.pa.all.limited_state_local_taxes_amount,soi,soi_deduction_amount,state,42,4010974151.624619,0.8522630988551834,0.0001911332358948606
1007,irs_soi.ty2022.historic_table_2.state_agi.nv.25k_to_50k.taxable_interest_amount,soi,soi_agi_band_amount,state,32,95979499.80511071,0.13183720716621813,2.9566541190001824e-05
1008,irs_soi.ty2022.historic_table_2.state_eitc.nc.nc.eitc_one_child_claims,soi,soi_eitc_count,state,37,309950.0,0.9504765882759353,0.00021315913619105971
1009,irs_soi.ty2022.historic_table_2.state_agi.wa.100k_to_200k.taxable_interest_amount,soi,soi_agi_band_amount,state,53,1217483537.3472168,0.4695483318249071,0.00010530350567950371
1010,irs_soi.ty2022.historic_table_2.state_broad.pa.all.premium_tax_credit_returns,soi,soi_credit_count,state,42,221710.0,0.8038744854733775,0.000180281337850051
1011,irs_soi.ty2022.historic_table_2.state_broad.in.all.unemployment_compensation_returns,soi,soi_income_count,state,18,49700.0,0.38060439416045944,8.5356446324391e-05
1012,irs_soi.ty2022.historic_table_2.state_broad.wy.all.ctc_amount,soi,soi_credit_amount,state,56,191590365.1494813,0.18626685670120055,4.177323541179649e-05
1013,irs_soi.ty2022.historic_table_2.state_broad.oh.all.tax_exempt_interest_amount,soi,soi_income_amount,state,39,1239816308.5078447,0.4738353149957546,0.00010626492823407818
1014,irs_soi.ty2022.historic_table_2.state_eitc.md.md.eitc_three_or_more_children_claims,soi,soi_eitc_count,state,24,44680.0,0.3608711685065933,8.093096400686102e-05
1015,irs_soi.ty2022.historic_table_2.state_broad.nj.all.real_estate_taxes_amount,soi,soi_deduction_amount,state,34,7521805693.873756,1.1671046742672817,0.00026174134879284184
1016,irs_soi.ty2022.historic_table_2.state_broad.ks.all.premium_tax_credit_returns,soi,soi_credit_count,state,20,61510.0,0.42341717197206796,9.49578766476941e-05
1017,irs_soi.ty2022.historic_table_2.state_eitc.mn.mn.eitc_two_children_claims,soi,soi_eitc_count,state,27,63830.0,0.4313283716638043,9.673208604256655e-05
1018,irs_soi.ty2022.historic_table_2.state_broad.ms.all.ordinary_dividends_amount,soi,soi_income_amount,state,28,1302776391.2533298,0.48571743521384214,0.00010892967822692132
1019,irs_soi.ty2022.historic_table_2.state_broad.or.all.taxable_interest_amount,soi,soi_income_amount,state,41,3227943605.5499005,0.7645602633185635,0.00017146451296671083
1020,irs_soi.ty2022.historic_table_2.state_agi.ok.500k_plus.taxable_interest_amount,soi,soi_agi_band_amount,state,40,1025204878.8465651,0.4308777670052243,9.663103094981482e-05
1021,irs_soi.ty2022.historic_table_2.state_agi.ma.100k_to_200k.taxable_interest_returns,soi,soi_agi_band_count,state,25,417571.8442597015,1.1032176655600334,0.00024741369490020935
1022,irs_soi.ty2022.historic_table_2.state_agi.de.100k_to_200k.taxable_interest_amount,soi,soi_agi_band_amount,state,10,157103394.19767588,0.16867143401392298,3.78271886104335e-05
1023,irs_soi.ty2022.historic_table_2.state_agi.ky.10k_to_25k.taxable_interest_amount,soi,soi_agi_band_amount,state,21,69626820.87801741,0.11228895398265022,2.518254182163046e-05
1024,irs_soi.ty2022.historic_table_2.state_eitc.ar.ar.eitc_claims,soi,soi_eitc_count,state,05,266840.0,0.8819035069892869,0.0001977805577459715
1025,irs_soi.ty2022.historic_table_2.state_eitc.ks.ks.eitc_three_or_more_children_claims,soi,soi_eitc_count,state,20,29120.0,0.29133407864407446,6.533619166720665e-05
1026,irs_soi.ty2022.historic_table_2.state_agi.ri.200k_to_500k.taxable_interest_amount,soi,soi_agi_band_amount,state,44,162476220.8280323,0.17153141004598868,3.8468582652161624e-05
1027,irs_soi.ty2022.historic_table_2.state_eitc.wv.wv.eitc_three_or_more_children_claims,soi,soi_eitc_count,state,54,16840.0,0.22154739466627,4.968544397090603e-05
1028,irs_soi.ty2022.historic_table_2.state_broad.ct.all.real_estate_taxes_amount,soi,soi_deduction_amount,state,09,2233046708.655532,0.6359129319239116,0.00014261335095849107
1029,irs_soi.ty2022.historic_table_2.state_broad.hi.all.limited_state_local_taxes_amount,soi,soi_deduction_amount,state,15,717798943.9745147,0.3605372657211819,8.08560811215927e-05
1030,irs_soi.ty2022.historic_table_2.state_eitc.in.in.eitc_one_child_amount,soi,soi_eitc_amount,state,18,444535357.2625682,0.28372781133185754,6.363036809415958e-05
1031,irs_soi.ty2022.historic_table_2.state_agi.dc.200k_to_500k.taxable_interest_amount,soi,soi_agi_band_amount,state,11,141240641.41895103,0.15992950527920707,3.586667532612852e-05
1032,irs_soi.ty2022.historic_table_2.state_eitc.tn.tn.eitc_amount,soi,soi_eitc_amount,state,47,1622500725.5399737,0.5420523144030146,0.00012156364978762381
1033,irs_soi.ty2022.historic_table_2.state_broad.nj.all.schedule_c_income_returns,soi,soi_income_count,state,34,881680.0,1.6030648750062428,0.0003595121944396149
1034,irs_soi.ty2022.historic_table_2.state_broad.ms.all.taxable_pension_income_returns,soi,soi_income_count,state,28,247780.0,0.8498234834918889,0.0001905861142614687
1035,irs_soi.ty2022.historic_table_2.state_agi.ut.50k_to_75k.taxable_interest_amount,soi,soi_agi_band_amount,state,49,131863128.20928086,0.15452915878100087,3.4655563754429443e-05
1036,irs_soi.ty2022.historic_table_2.state_broad.id.all.income_tax_before_credits_amount,soi,soi_tax_amount,state,16,10846486150.681036,1.401500594316491,0.00031430827412345615
1037,irs_soi.ty2022.historic_table_2.state_broad.mt.all.taxable_income_returns,soi,soi_tax_count,state,30,439860.0,1.1322773989588282,0.0002539307914238233
1038,irs_soi.ty2022.historic_table_2.state_agi.vt.500k_plus.taxable_interest_amount,soi,soi_agi_band_amount,state,50,172421448.22710714,0.17670319312144617,3.9628435326630674e-05
1039,irs_soi.ty2022.historic_table_2.state_broad.hi.all.medical_dental_expense_returns,soi,soi_deduction_count,state,15,14410.0,0.20494040685321654,4.596106904086489e-05
1040,irs_soi.ty2022.historic_table_2.state_agi.de.10k_to_25k.taxable_interest_returns,soi,soi_agi_band_count,state,10,12583.336805434106,0.19151090747113783,4.2949295239097965e-05
1041,irs_soi.ty2022.historic_table_2.state_agi.ga.100k_to_200k.taxable_interest_returns,soi,soi_agi_band_count,state,13,344623.53576449124,1.0022315511026387,0.00022476599037960052
1042,irs_soi.ty2022.historic_table_2.state_broad.id.all.premium_tax_credit_amount,soi,soi_credit_amount,state,16,312821882.7359395,0.23801115726905459,5.33776984232013e-05
1043,irs_soi.ty2022.historic_table_2.state_broad.ca.all.medical_dental_expense_amount,soi,soi_deduction_amount,state,06,12834844817.05771,1.5245583968297103,0.0003419058974724625
1044,irs_soi.ty2022.historic_table_2.state_broad.wa.all.medical_dental_expense_amount,soi,soi_deduction_amount,state,53,2303147876.6443524,0.6458172855333904,0.0001448345560738709
1045,irs_soi.ty2022.historic_table_2.state_broad.sd.all.actc_amount,soi,soi_credit_amount,state,46,94823842.61459446,0.13104109954105825,2.9388001691199427e-05
1046,irs_soi.ty2022.historic_table_2.state_broad.wv.all.tax_exempt_interest_amount,soi,soi_income_amount,state,54,96593989.2547686,0.13225856443413378,2.9661037101173756e-05
1047,irs_soi.ty2022.historic_table_2.state_broad.il.all.wages_salaries_returns,soi,soi_income_count,state,17,4948490.0,3.797798792921139,0.0008517153606012871
1048,irs_soi.ty2022.historic_table_2.state_broad.ny.all.itemized_deductions_amount,soi,soi_deduction_amount,state,36,53742055320.23795,3.119650119967738,0.0006996299887794882
1049,irs_soi.ty2022.historic_table_2.state_agi.nj.under_1.taxable_interest_returns,soi,soi_agi_band_count,state,34,17807.228586280118,0.2278210087277301,5.1092399355848864e-05
1050,irs_soi.ty2022.historic_table_2.state_broad.ak.all.taxable_pension_income_returns,soi,soi_income_count,state,02,67260.0,0.4427657666471352,9.929709949476008e-05
1051,irs_soi.ty2022.historic_table_2.state_eitc.de.de.eitc_claims,soi,soi_eitc_count,state,10,68480.0,0.446763288987246,0.00010019360596260282
1052,irs_soi.ty2022.historic_table_2.state_agi.sd.500k_plus.taxable_interest_returns,soi,soi_agi_band_count,state,46,5880.985086612807,0.13092441519035786,2.9361833413401627e-05
1053,irs_soi.ty2022.historic_table_2.state_broad.wv.all.limited_state_local_taxes_returns,soi,soi_deduction_count,state,54,26220.0,0.27644704199490955,6.19975424971764e-05
1054,irs_soi.ty2022.historic_table_2.state_eitc.mo.mo.eitc_three_or_more_children_claims,soi,soi_eitc_count,state,29,65660.0,0.4374677503659706,9.810893706346055e-05
1055,irs_soi.ty2022.historic_table_2.state_eitc.hi.hi.eitc_no_children_claims,soi,soi_eitc_count,state,15,26900.0,0.28000884078380317,6.279633119170289e-05
1056,irs_soi.ty2022.historic_table_2.state_broad.va.all.net_capital_gains_amount,soi,soi_income_amount,state,51,28749733703.509407,2.2817374284944267,0.0005117150546074067
1057,irs_soi.ty2022.historic_table_2.state_broad.wi.all.schedule_c_income_amount,soi,soi_income_amount,state,55,6781706263.270972,1.1082002424436286,0.0002485311151477077
1058,irs_soi.ty2022.historic_table_2.state_broad.nd.all.wages_salaries_amount,soi,soi_income_amount,state,38,22719121030.254147,2.028357563359736,0.00045489068476334065
1059,irs_soi.ty2022.historic_table_2.state_broad.ks.all.income_tax_liability_amount,soi,soi_tax_amount,state,20,15759974048.182343,1.6893767084227522,0.0003788689635395273
1060,irs_soi.ty2022.historic_table_2.state_broad.ca.all.actc_amount,soi,soi_credit_amount,state,06,4039550816.4036837,0.855293735562283,0.0001918129032433916
1061,irs_soi.ty2022.historic_table_2.state_eitc.sc.sc.eitc_claims,soi,soi_eitc_count,state,45,443280.0,1.1366707180549447,0.00025491606146107754
1062,irs_soi.ty2022.historic_table_2.state_eitc.de.de.eitc_no_children_claims,soi,soi_eitc_count,state,10,18340.0,0.23120396053863684,5.185107883799884e-05
1063,irs_soi.ty2022.historic_table_2.state_agi.ms.200k_to_500k.taxable_interest_amount,soi,soi_agi_band_amount,state,28,193125115.24251202,0.18701142142581473,4.194021561467027e-05
1064,irs_soi.ty2022.historic_table_2.state_broad.ky.all.taxable_pension_income_returns,soi,soi_income_count,state,21,416220.0,1.1014304432037538,0.00024701288253055706
1065,irs_soi.ty2022.historic_table_2.state_broad.ks.all.qualified_dividends_amount,soi,soi_income_amount,state,20,2027152886.4458587,0.6058875175525816,0.0001358796854793859
1066,irs_soi.ty2022.historic_table_2.state_broad.sc.all.wages_salaries_returns,soi,soi_income_count,state,45,1977310.0,2.4006728726664313,0.0005383881750765713
1067,irs_soi.ty2022.historic_table_2.state_broad.mn.all.actc_amount,soi,soi_credit_amount,state,27,501843294.5652187,0.30146216658006475,6.760757267998761e-05
1068,irs_soi.ty2022.historic_table_2.state_agi.vt.50k_to_75k.taxable_interest_amount,soi,soi_agi_band_amount,state,50,35392632.34846884,0.08005808280568531,1.795426840226179e-05
1069,irs_soi.ty2022.historic_table_2.state_eitc.dc.dc.eitc_amount,soi,soi_eitc_amount,state,11,121298738.34494585,0.14820979107842241,3.323834740489401e-05
1070,irs_soi.ty2022.historic_table_2.state_broad.ia.all.actc_claims,soi,soi_credit_count,state,19,140700.0,0.6403872142421722,0.0001436167782557013
1071,irs_soi.ty2022.historic_table_2.state_broad.tx.all.wages_salaries_returns,soi,soi_income_count,state,48,11170890.0,5.706101482796972,0.0012796818754870984
1072,irs_soi.ty2022.historic_table_2.state_broad.wy.all.rental_royalty_income_amount,soi,soi_income_amount,state,56,551898112.0270544,0.3161390962470407,7.089910209621904e-05
1073,irs_soi.ty2022.historic_table_2.state_broad.mt.all.medical_dental_expense_amount,soi,soi_deduction_amount,state,30,317107206.08952564,0.23963586046064989,5.374206334618746e-05
1074,irs_soi.ty2022.historic_table_2.state_agi.me.500k_plus.taxable_interest_returns,soi,soi_agi_band_count,state,23,6910.431265647451,0.14192149568252888,3.182809950269766e-05
1075,irs_soi.ty2022.historic_table_2.state_broad.ms.all.taxable_income_returns,soi,soi_tax_count,state,28,949790.0,1.6638317214956264,0.00037314010349756143
1076,irs_soi.ty2022.historic_table_2.state_broad.vt.all.unemployment_compensation_amount,soi,soi_income_amount,state,50,65040565.22067708,0.10852777681446188,2.4339039429123542e-05
1077,irs_soi.ty2022.historic_table_2.state_agi.id.75k_to_100k.taxable_interest_amount,soi,soi_agi_band_amount,state,16,99020095.17088597,0.13390920229613124,3.0031218276773095e-05
1078,irs_soi.ty2022.historic_table_2.state_broad.ga.all.ctc_claims,soi,soi_credit_count,state,13,1263010.0,1.9186643148497344,0.00043029027020626475
1079,irs_soi.ty2022.historic_table_2.state_broad.ak.all.tax_exempt_interest_amount,soi,soi_income_amount,state,02,81582473.53850697,0.12154782380029934,2.7258987172078794e-05
1080,irs_soi.ty2022.historic_table_2.state_broad.id.all.limited_state_local_taxes_amount,soi,soi_deduction_amount,state,16,625395048.6654748,0.33653169468505806,7.547245900091009e-05
1081,irs_soi.ty2022.historic_table_2.state_agi.wi.50k_to_75k.taxable_interest_amount,soi,soi_agi_band_amount,state,55,281128486.4136,0.22563225323452726,5.060153694427613e-05
1082,irs_soi.ty2022.historic_table_2.state_broad.wy.all.wages_salaries_returns,soi,soi_income_count,state,56,222340.0,0.8050157999535972,0.00018053729534729698
1083,irs_soi.ty2022.historic_table_2.state_broad.ks.all.unemployment_compensation_returns,soi,soi_income_count,state,20,20900.0,0.24681340679900482,5.535173958264293e-05
1084,irs_soi.ty2022.historic_table_2.state_agi.pa.200k_to_500k.taxable_interest_amount,soi,soi_agi_band_amount,state,42,1670869806.6360238,0.5500726585758227,0.00012336233652743275
1085,irs_soi.ty2022.historic_table_2.state_broad.ri.all.unemployment_compensation_amount,soi,soi_income_amount,state,44,241256422.55806357,0.20902016924599132,4.687601911773745e-05
1086,irs_soi.ty2022.historic_table_2.state_broad.vt.all.taxable_interest_returns,soi,soi_income_count,state,50,138778.1061779469,0.6359984862169134,0.00014263253783738806
1087,irs_soi.ty2022.historic_table_2.state_broad.ky.all.tax_exempt_interest_returns,soi,soi_income_count,state,21,57550.0,0.4095606915312153,9.185034571231561e-05
1088,irs_soi.ty2022.historic_table_2.state_broad.in.all.limited_state_local_taxes_returns,soi,soi_deduction_count,state,18,169310.0,0.7024847625587518,0.00015754311786471222
1089,irs_soi.ty2022.historic_table_2.state_broad.ut.all.schedule_c_income_returns,soi,soi_income_count,state,49,264100.0,0.8773639874298369,0.00019676249998426483
1090,irs_soi.ty2022.historic_table_2.state_broad.mt.all.income_tax_liability_amount,soi,soi_tax_amount,state,30,6854395430.461566,1.1141234898840164,0.0002498594953765455
1091,irs_soi.ty2022.historic_table_2.state_agi.ga.50k_to_75k.taxable_interest_returns,soi,soi_agi_band_count,state,13,164448.55132323634,0.692325980843102,0.00015526485329515633
1092,irs_soi.ty2022.historic_table_2.state_agi.me.500k_plus.taxable_interest_amount,soi,soi_agi_band_amount,state,23,413633489.67486537,0.2736885320568928,6.137890380284656e-05
1093,irs_soi.ty2022.historic_table_2.state_agi.nd.25k_to_50k.taxable_interest_returns,soi,soi_agi_band_count,state,38,20512.26269502009,0.24451324454601578,5.483589247499793e-05
1094,irs_soi.ty2022.historic_table_2.state_broad.or.all.unemployment_compensation_amount,soi,soi_income_amount,state,41,532018693.0503139,0.31039320065502923,6.961049577372263e-05
1095,irs_soi.ty2022.historic_table_2.state_broad.ne.all.itemized_deductions_amount,soi,soi_deduction_amount,state,31,2885037650.416636,0.722810571646807,0.00016210149622040973
1096,irs_soi.ty2022.historic_table_2.state_broad.ar.all.qualified_dividends_amount,soi,soi_income_amount,state,05,4759342855.867356,0.9283724609511543,0.00020820194235280428
1097,irs_soi.ty2022.historic_table_2.state_eitc.il.il.eitc_one_child_amount,soi,soi_eitc_amount,state,17,816253827.8934158,0.38446903595964427,8.622315226724473e-05
1098,irs_soi.ty2022.historic_table_2.state_broad.ct.all.qualified_dividends_returns,soi,soi_income_count,state,09,458850.0,1.1564609474536385,0.0002593543277536754
1099,irs_soi.ty2022.historic_table_2.state_broad.nd.all.limited_state_local_taxes_returns,soi,soi_deduction_count,state,38,17050.0,0.22292449695661426,4.999428054644859e-05
1100,irs_soi.ty2022.historic_table_2.state_agi.ks.10k_to_25k.taxable_interest_returns,soi,soi_agi_band_count,state,20,46839.8011460763,0.3694903709086518,8.286395400508001e-05
1101,irs_soi.ty2022.historic_table_2.state_eitc.wi.wi.eitc_two_children_claims,soi,soi_eitc_count,state,55,67670.0,0.44411321058106135,9.959928472327009e-05
1102,irs_soi.ty2022.historic_table_2.state_broad.va.all.taxable_income_amount,soi,soi_tax_amount,state,51,365567384709.8685,8.136403428283838,0.0018247148302946486
1103,irs_soi.ty2022.historic_table_2.state_agi.nv.200k_to_500k.taxable_interest_amount,soi,soi_agi_band_amount,state,32,528917829.190857,0.3094873174280567,6.940733739135606e-05
1104,irs_soi.ty2022.historic_table_2.state_agi.sc.500k_plus.taxable_interest_amount,soi,soi_agi_band_amount,state,45,1411334917.588787,0.5055496295240154,0.00011337735580264979
1105,irs_soi.ty2022.historic_table_2.state_broad.ca.all.taxable_interest_returns,soi,soi_income_count,state,06,7505166.416696976,4.677090429896744,0.0010489101659333358
1106,irs_soi.ty2022.historic_table_2.state_broad.az.all.schedule_c_income_returns,soi,soi_income_count,state,04,591410.0,1.312925052743596,0.00029444383331320834
1107,irs_soi.ty2022.historic_table_2.state_broad.vt.all.income_tax_liability_returns,soi,soi_tax_count,state,50,246930.0,0.8483645874461028,0.00019025893416597955
1108,irs_soi.ty2022.historic_table_2.state_broad.sc.all.medical_dental_expense_amount,soi,soi_deduction_amount,state,45,1231024953.6436381,0.47215237810380983,0.00010588750349939669
1109,irs_soi.ty2022.historic_table_2.state_broad.id.all.real_estate_taxes_amount,soi,soi_deduction_amount,state,16,316866331.70494497,0.2395448295649599,5.372164825408385e-05
1110,irs_soi.ty2022.historic_table_2.state_broad.nh.all.return_count,soi,soi_return_count,state,33,731910.0,1.4605769551271781,0.00032755706551405655
1111,irs_soi.ty2022.historic_table_2.state_broad.wa.all.limited_state_local_taxes_returns,soi,soi_deduction_count,state,53,432690.0,1.1230110582220667,0.00025185267060373774
1112,irs_soi.ty2022.historic_table_2.state_broad.mo.all.medical_dental_expense_returns,soi,soi_deduction_count,state,29,56530.0,0.4059149962904751,9.103274193551807e-05
1113,irs_soi.ty2022.historic_table_2.state_broad.wa.all.qualified_dividends_amount,soi,soi_income_amount,state,53,11804322580.79304,1.4620737766112977,0.0003278927509780887
1114,irs_soi.ty2022.historic_table_2.state_broad.va.all.net_capital_gains_returns,soi,soi_income_count,state,51,859628.4714820037,1.5828909615131768,0.00035498788103009124
1115,irs_soi.ty2022.historic_table_2.state_broad.ak.all.taxable_social_security_returns,soi,soi_income_count,state,02,48040.0,0.37419424423482867,8.391887065145294e-05
1116,irs_soi.ty2022.historic_table_2.state_broad.ky.all.actc_amount,soi,soi_credit_amount,state,21,550708304.6018234,0.3157981387566676,7.082263708380077e-05
1117,irs_soi.ty2022.historic_table_2.state_broad.ut.all.taxable_social_security_returns,soi,soi_income_count,state,49,185090.0,0.7344920194181813,0.0001647212423005565
1118,irs_soi.ty2022.historic_table_2.state_agi.hi.1_to_10k.taxable_interest_amount,soi,soi_agi_band_amount,state,15,15177404.117641803,0.05242609404027667,1.1757365786112731e-05
1119,irs_soi.ty2022.historic_table_2.state_broad.me.all.taxable_interest_returns,soi,soi_income_count,state,23,272387.0783505284,0.8910228763146761,0.00019982571794453378
1120,irs_soi.ty2022.historic_table_2.state_eitc.ks.ks.eitc_amount,soi,soi_eitc_amount,state,20,476422644.39714825,0.2937277313105011,6.587300545200743e-05
1121,irs_soi.ty2022.historic_table_2.state_broad.ak.all.income_tax_before_credits_returns,soi,soi_tax_count,state,02,306330.0,0.9449098344985317,0.00021191070520263101
1122,irs_soi.ty2022.historic_table_2.state_agi.de.200k_to_500k.taxable_interest_amount,soi,soi_agi_band_amount,state,10,139923646.79037723,0.15918212975511772,3.569906475781963e-05
1123,irs_soi.ty2022.historic_table_2.state_eitc.ct.ct.eitc_no_children_amount,soi,soi_eitc_amount,state,09,24925457.247211624,0.06718469040675798,1.5067210228023768e-05
1124,irs_soi.ty2022.historic_table_2.state_broad.in.all.taxable_social_security_returns,soi,soi_income_count,state,18,530860.0,1.2439003929188095,0.00027896398136775276
1125,irs_soi.ty2022.historic_table_2.state_broad.pa.all.taxable_interest_returns,soi,soi_income_count,state,42,2240129.643354866,2.55524284076574,0.0005730528909544158
1126,irs_soi.ty2022.historic_table_2.state_broad.pa.all.qualified_dividends_returns,soi,soi_income_count,state,42,1389820.0,2.012680700364667,0.00045137490476893186
1127,irs_soi.ty2022.historic_table_2.state_broad.tx.all.qualified_dividends_returns,soi,soi_income_count,state,48,2046550.0,2.442343717908634,0.0005477335092865293
1128,irs_soi.ty2022.historic_table_2.state_broad.az.all.ordinary_dividends_amount,soi,soi_income_amount,state,04,7911393682.802565,1.1969479116019817,0.00026843415824220267
1129,irs_soi.ty2022.historic_table_2.state_broad.az.all.qualified_dividends_amount,soi,soi_income_amount,state,04,5717603897.103806,1.0175500636351085,0.00022820140471744975
1130,irs_soi.ty2022.historic_table_2.state_broad.ca.all.taxable_pension_income_amount,soi,soi_income_amount,state,06,117012664359.5566,4.603256630309042,0.0010323517897082401
1131,irs_soi.ty2022.historic_table_2.state_broad.la.all.income_tax_liability_returns,soi,soi_tax_count,state,22,1248850.0,1.9078786264498577,0.0004278714120766669
1132,irs_soi.ty2022.historic_table_2.state_broad.mo.all.medical_dental_expense_amount,soi,soi_deduction_amount,state,29,1417709323.7694974,0.5066900208227496,0.00011363310626211025
1133,irs_soi.ty2022.historic_table_2.state_broad.ms.all.income_tax_liability_amount,soi,soi_tax_amount,state,28,9618771819.392914,1.3198013382764082,0.00029598594713532364
1134,irs_soi.ty2022.historic_table_2.state_broad.nh.all.unemployment_compensation_amount,soi,soi_income_amount,state,33,120754250.20119609,0.1478767734428737,3.316366302822913e-05
1135,irs_soi.ty2022.historic_table_2.state_broad.sd.all.income_tax_liability_returns,soi,soi_tax_count,state,46,323030.0,0.9703245786379023,0.00021761035627672177
1136,irs_soi.ty2022.historic_table_2.state_broad.nc.all.taxable_pension_income_returns,soi,soi_income_count,state,37,981060.0,1.690999145340848,0.00037923282021548507
1137,irs_soi.ty2022.historic_table_2.state_agi.ny.75k_to_100k.taxable_interest_amount,soi,soi_agi_band_amount,state,36,901233489.3242333,0.4039870222430883,9.060036381320662e-05
1138,irs_soi.ty2022.historic_table_2.state_broad.ia.all.tax_exempt_interest_amount,soi,soi_income_amount,state,19,407184142.80891895,0.27154648255198144,6.08985159345103e-05
1139,irs_soi.ty2022.historic_table_2.state_broad.dc.all.income_tax_before_credits_amount,soi,soi_tax_amount,state,11,9780302181.692703,1.330837071331273,0.00029846088166209306
1140,irs_soi.ty2022.historic_table_2.state_agi.pa.75k_to_100k.taxable_interest_returns,soi,soi_agi_band_count,state,42,270098.2033354407,0.8872713355416981,0.00019898437666330973
1141,irs_soi.ty2022.historic_table_2.state_broad.ak.all.premium_tax_credit_returns,soi,soi_credit_count,state,02,12140.0,0.18810699558854282,4.218591513535385e-05
1142,irs_soi.ty2022.historic_table_2.state_broad.oh.all.partnership_scorp_income_amount,soi,soi_income_amount,state,39,30314668693.221806,2.3430155253699496,0.0005254576195043619
1143,irs_soi.ty2022.historic_table_2.state_agi.md.200k_to_500k.taxable_interest_returns,soi,soi_agi_band_count,state,24,204465.5336444341,0.7719793063473668,0.00017312834858653663
1144,irs_soi.ty2022.historic_table_2.state_eitc.pa.pa.eitc_one_child_amount,soi,soi_eitc_amount,state,42,765321779.5333165,0.3722809294880236,8.348978010496156e-05
1145,irs_soi.ty2022.historic_table_2.state_broad.ca.all.taxable_social_security_amount,soi,soi_income_amount,state,06,51056614027.30667,3.0407082901404205,0.0006819260574434673
1146,irs_soi.ty2022.historic_table_2.state_broad.id.all.qualified_dividends_amount,soi,soi_income_amount,state,16,1255174011.1303177,0.4767610004583673,0.00010692105863609941
1147,irs_soi.ty2022.historic_table_2.state_broad.ok.all.schedule_c_income_amount,soi,soi_income_amount,state,40,3779850138.06259,0.8273438519128892,0.00018554470776247794
1148,irs_soi.ty2022.historic_table_2.state_eitc.pa.pa.eitc_three_or_more_children_amount,soi,soi_eitc_amount,state,42,486091230.15961844,0.2966932364975303,6.653806604564483e-05
1149,irs_soi.ty2022.historic_table_2.state_broad.tn.all.taxable_social_security_amount,soi,soi_income_amount,state,47,10126300869.78021,1.3541730506545688,0.0003036943374421549
1150,irs_soi.ty2022.historic_table_2.state_eitc.tn.tn.eitc_one_child_claims,soi,soi_eitc_count,state,47,205180.0,0.7733268984010873,0.00017343056703321086
1151,irs_soi.ty2022.historic_table_2.state_eitc.nh.nh.eitc_amount,soi,soi_eitc_amount,state,33,130062084.55978265,0.1534702174291833,3.441807971051431e-05
1152,irs_soi.ty2022.historic_table_2.state_broad.ms.all.schedule_c_income_returns,soi,soi_income_count,state,28,274390.0,0.8942928190342425,0.00020055905338287565
1153,irs_soi.ty2022.historic_table_2.state_broad.tn.all.qualified_dividends_amount,soi,soi_income_amount,state,47,4684448847.798368,0.9210389652266732,0.00020655729204455554
1154,irs_soi.ty2022.historic_table_2.state_broad.wv.all.ctc_amount,soi,soi_credit_amount,state,54,441969764.9802905,0.2829078729322103,6.344648417407722e-05
1155,irs_soi.ty2022.historic_table_2.state_eitc.sc.sc.eitc_three_or_more_children_amount,soi,soi_eitc_amount,state,45,291712323.87887543,0.22984027983021563,5.1545252260644904e-05
1156,irs_soi.ty2022.historic_table_2.state_eitc.ak.ak.eitc_three_or_more_children_claims,soi,soi_eitc_count,state,02,6910.0,0.1419170671006986,3.182710632444463e-05
1157,irs_soi.ty2022.historic_table_2.state_broad.il.all.taxable_social_security_returns,soi,soi_income_count,state,17,936020.0,1.6517266189341633,0.000370425346251214
1158,irs_soi.ty2022.historic_table_2.state_eitc.tx.tx.eitc_three_or_more_children_amount,soi,soi_eitc_amount,state,48,2150879414.5181828,0.6241037394652125,0.00013996495614828716
1159,irs_soi.ty2022.historic_table_2.state_eitc.or.or.eitc_three_or_more_children_claims,soi,soi_eitc_count,state,41,27760.0,0.28444960467661734,6.379224146145264e-05
1160,irs_soi.ty2022.historic_table_2.state_broad.vt.all.tax_exempt_interest_amount,soi,soi_income_amount,state,50,116281829.06981938,0.14511245196792602,3.254372100648711e-05
1161,irs_soi.ty2022.historic_table_2.state_broad.va.all.qualified_dividends_amount,soi,soi_income_amount,state,51,8880136680.979185,1.2681148211810547,0.00028439444296502684
1162,irs_soi.ty2022.historic_table_2.state_broad.fl.all.income_tax_liability_amount,soi,soi_tax_amount,state,12,197128854854.2109,5.97480660953767,0.0013399431732535703
1163,irs_soi.ty2022.historic_table_2.state_agi.sc.10k_to_25k.taxable_interest_amount,soi,soi_agi_band_amount,state,45,75669652.54271625,0.11706029739800475,2.6252589683338135e-05
1164,irs_soi.ty2022.historic_table_2.state_broad.ga.all.rental_royalty_income_returns,soi,soi_income_count,state,13,217580.0,0.796352027026649,0.0001785943097166739
1165,irs_soi.ty2022.historic_table_2.state_agi.ms.75k_to_100k.taxable_interest_returns,soi,soi_agi_band_count,state,28,38867.06903610587,0.3365785998928577,7.548297822221523e-05
1166,irs_soi.ty2022.historic_table_2.state_broad.ms.all.medical_dental_expense_returns,soi,soi_deduction_count,state,28,30820.0,0.2997173753768316,6.721627615537824e-05
1167,irs_soi.ty2022.historic_table_2.state_agi.hi.75k_to_100k.taxable_interest_amount,soi,soi_agi_band_amount,state,15,62852609.67201352,0.10668673159573233,2.3926156446676907e-05
1168,irs_soi.ty2022.historic_table_2.state_broad.wi.all.ctc_amount,soi,soi_credit_amount,state,55,1803521746.7632506,0.5714910651756658,0.00012816574684361198
1169,irs_soi.ty2022.historic_table_2.state_broad.fl.all.wages_salaries_returns,soi,soi_income_count,state,12,8373340.0,4.940204952298035,0.001107917683852441
1170,irs_soi.ty2022.historic_table_2.state_agi.ma.under_1.taxable_interest_returns,soi,soi_agi_band_count,state,25,13218.527001008673,0.1962850102042087,4.40199619206568e-05
1171,irs_soi.ty2022.historic_table_2.state_broad.sd.all.qualified_dividends_amount,soi,soi_income_amount,state,46,767691311.2700053,0.3728567982001427,8.36189276071188e-05
1172,irs_soi.ty2022.historic_table_2.state_broad.or.all.medical_dental_expense_returns,soi,soi_deduction_count,state,41,68050.0,0.44535842087570787,9.987854247044357e-05
1173,irs_soi.ty2022.historic_table_2.state_agi.hi.200k_to_500k.taxable_interest_amount,soi,soi_agi_band_amount,state,15,184299972.59550583,0.18268857513067338,4.0970750197504686e-05
1174,irs_soi.ty2022.historic_table_2.state_agi.ca.100k_to_200k.taxable_interest_returns,soi,soi_agi_band_count,state,06,2130778.365720175,2.492095855677352,0.0005588911988511666
1175,irs_soi.ty2022.historic_table_2.state_broad.ut.all.unemployment_compensation_amount,soi,soi_income_amount,state,49,141663267.12877208,0.16016860018108345,3.592029607111089e-05
1176,irs_soi.ty2022.historic_table_2.state_agi.hi.under_1.taxable_interest_returns,soi,soi_agi_band_count,state,15,4161.590936523029,0.11013498529391619,2.4699480891212422e-05
1177,irs_soi.ty2022.historic_table_2.state_broad.wa.all.tax_exempt_interest_amount,soi,soi_income_amount,state,53,1483808615.9363546,0.5183674196411096,0.00011625194430166171
1178,irs_soi.ty2022.historic_table_2.state_eitc.nv.nv.eitc_three_or_more_children_claims,soi,soi_eitc_count,state,32,30640.0,0.2988408645224676,6.701970498373349e-05
1179,irs_soi.ty2022.historic_table_2.state_broad.az.all.itemized_deductions_amount,soi,soi_deduction_amount,state,04,13889342457.18297,1.5859503834254716,0.0003556740039079326
1180,irs_soi.ty2022.historic_table_2.state_agi.fl.1_to_10k.taxable_interest_amount,soi,soi_agi_band_amount,state,12,256123489.36856186,0.2153641732319918,4.829876053644131e-05
1181,irs_soi.ty2022.historic_table_2.state_broad.mt.all.limited_state_local_taxes_amount,soi,soi_deduction_amount,state,30,393427414.58442634,0.26691996711943755,5.986094799718267e-05
1182,irs_soi.ty2022.historic_table_2.state_eitc.la.la.eitc_claims,soi,soi_eitc_count,state,22,471100.0,1.1717963900847452,0.00026279353892907497
1183,irs_soi.ty2022.historic_table_2.state_broad.vt.all.ctc_amount,soi,soi_credit_amount,state,50,165411240.75647545,0.17307377360214923,3.881448163313506e-05
1184,irs_soi.ty2022.historic_table_2.state_eitc.wi.wi.eitc_no_children_claims,soi,soi_eitc_count,state,55,95030.0,0.5262910302648255,0.0001180289370407772
1185,irs_soi.ty2022.historic_table_2.state_broad.dc.all.ordinary_dividends_amount,soi,soi_income_amount,state,11,1761415783.9925766,0.5647805020035754,0.0001266607988346211
1186,irs_soi.ty2022.historic_table_2.state_agi.ut.under_1.taxable_interest_returns,soi,soi_agi_band_count,state,49,6647.593943340734,0.13919634935770367,3.1216943116775886e-05
1187,irs_soi.ty2022.historic_table_2.state_broad.ga.all.taxable_interest_amount,soi,soi_income_amount,state,13,6656904065.029262,1.097955914046734,0.00024623366540630953
1188,irs_soi.ty2022.historic_table_2.state_broad.nd.all.ctc_amount,soi,soi_credit_amount,state,38,272184693.53822017,0.22201412324245456,4.979011510259129e-05
1189,irs_soi.ty2022.historic_table_2.state_agi.ny.under_1.taxable_interest_returns,soi,soi_agi_band_count,state,36,47343.57268049751,0.3714720287094758,8.33083715428293e-05
1190,irs_soi.ty2022.historic_table_2.state_broad.az.all.income_tax_before_credits_amount,soi,soi_tax_amount,state,04,45456191597.09045,2.869097299499089,0.0006434396276068825
1191,irs_soi.ty2022.historic_table_2.state_broad.md.all.ctc_claims,soi,soi_credit_count,state,24,753730.0,1.4821887218702343,0.00033240383984530934
1192,irs_soi.ty2022.historic_table_2.state_agi.de.under_1.taxable_interest_amount,soi,soi_agi_band_amount,state,10,6945548.371274664,0.03546516815444756,7.953614746456056e-06
1193,irs_soi.ty2022.historic_table_2.state_agi.nj.100k_to_200k.taxable_interest_returns,soi,soi_agi_band_count,state,34,459176.8020698357,1.1568727013626205,0.00025944666996246255
1194,irs_soi.ty2022.historic_table_2.state_broad.ca.all.limited_state_local_taxes_amount,soi,soi_deduction_amount,state,06,28218437514.662113,2.2605558150111627,0.0005069647488251094
1195,irs_soi.ty2022.historic_table_2.state_broad.mo.all.partnership_scorp_income_amount,soi,soi_income_amount,state,29,17754173078.125618,1.7930771570882942,0.0004021253996609765
1196,irs_soi.ty2022.historic_table_2.state_agi.al.75k_to_100k.taxable_interest_amount,soi,soi_agi_band_amount,state,01,171193958.0878539,0.17607308344883776,3.948712344670055e-05
1197,irs_soi.ty2022.historic_table_2.state_eitc.ma.ma.eitc_claims,soi,soi_eitc_count,state,25,335060.0,0.9882274103956266,0.00022162534433631454
1198,irs_soi.ty2022.historic_table_2.state_agi.ak.under_1.taxable_interest_returns,soi,soi_agi_band_count,state,02,1193.7195054763426,0.05898570151094009,1.3228459634658015e-05
1199,irs_soi.ty2022.historic_table_2.state_broad.dc.all.wages_salaries_amount,soi,soi_income_amount,state,11,34072626132.037197,2.483999803700743,0.0005570755334605838
1200,irs_soi.ty2022.historic_table_2.state_agi.ri.under_1.taxable_interest_amount,soi,soi_agi_band_amount,state,44,13489605.176168578,0.04942519284874953,1.1084367088752978e-05
1201,irs_soi.ty2022.historic_table_2.state_agi.la.75k_to_100k.taxable_interest_amount,soi,soi_agi_band_amount,state,22,135297543.32806653,0.15652860281006542,3.510397013008868e-05
1202,irs_soi.ty2022.historic_table_2.state_broad.in.all.taxable_social_security_amount,soi,soi_income_amount,state,18,10204209728.867369,1.3593723791130463,0.0003048603675965567
1203,irs_soi.ty2022.historic_table_2.state_broad.ak.all.unemployment_compensation_amount,soi,soi_income_amount,state,02,56854197.182859056,0.10146821464356073,2.2755822974559483e-05
1204,irs_soi.ty2022.historic_table_2.state_broad.va.all.premium_tax_credit_amount,soi,soi_credit_amount,state,51,1368694187.3722703,0.49785395857171316,0.00011165148207484037
1205,irs_soi.ty2022.historic_table_2.state_agi.wy.100k_to_200k.taxable_interest_returns,soi,soi_agi_band_count,state,56,29810.132971620224,0.29476611688025006,6.61058795425544e-05
1206,irs_soi.ty2022.historic_table_2.state_broad.wy.all.actc_claims,soi,soi_credit_count,state,56,25250.0,0.2712853208399152,6.083994636463673e-05
1207,irs_soi.ty2022.historic_table_2.state_agi.wa.1_to_10k.taxable_interest_amount,soi,soi_agi_band_amount,state,53,75043121.1174724,0.11657467073729066,2.6143680362702548e-05
1208,irs_soi.ty2022.historic_table_2.state_broad.vt.all.ctc_claims,soi,soi_credit_count,state,50,64560.0,0.4337878308586055,9.728365796335625e-05
1209,irs_soi.ty2022.historic_table_2.state_broad.me.all.schedule_c_income_amount,soi,soi_income_amount,state,23,2201584032.6453986,0.6314171688644387,0.00014160510627145967
1210,irs_soi.ty2022.historic_table_2.state_broad.vt.all.premium_tax_credit_returns,soi,soi_credit_count,state,50,16930.0,0.2221386267188405,4.981803694075813e-05
1211,irs_soi.ty2022.historic_table_2.state_agi.la.200k_to_500k.taxable_interest_amount,soi,soi_agi_band_amount,state,22,439773915.09871286,0.28220420856282596,6.328867651106212e-05
1212,irs_soi.ty2022.historic_table_2.state_broad.mt.all.taxable_ira_distributions_returns,soi,soi_income_count,state,30,67670.0,0.44411321058106135,9.959928472327009e-05
1213,irs_soi.ty2022.historic_table_2.state_agi.id.25k_to_50k.taxable_interest_amount,soi,soi_agi_band_amount,state,16,82627987.26960813,0.12232418761826006,2.743309881548779e-05
1214,irs_soi.ty2022.historic_table_2.state_broad.mt.all.income_tax_before_credits_returns,soi,soi_tax_count,state,30,436030.0,1.127337072664783,0.00025282284652719956
1215,irs_soi.ty2022.historic_table_2.state_broad.dc.all.tax_exempt_interest_returns,soi,soi_income_count,state,11,23830.0,0.2635467256353118,5.910444620661848e-05
1216,irs_soi.ty2022.historic_table_2.state_broad.nc.all.schedule_c_income_returns,soi,soi_income_count,state,37,960070.0,1.6728116840728446,0.00037515399956780546
1217,irs_soi.ty2022.historic_table_2.state_broad.hi.all.real_estate_taxes_claims,soi,soi_deduction_count,state,15,70090.0,0.4519845956589295,0.00010136456507264623
1218,irs_soi.ty2022.historic_table_2.state_broad.nh.all.ordinary_dividends_amount,soi,soi_income_amount,state,33,2264495940.5139675,0.6403752323605965,0.0001436140911326747
1219,irs_soi.ty2022.historic_table_2.state_broad.mo.all.actc_amount,soi,soi_credit_amount,state,29,713938231.7453754,0.3595663759390051,8.063834400964456e-05
1220,irs_soi.ty2022.historic_table_2.state_broad.wi.all.schedule_c_income_returns,soi,soi_income_count,state,55,390800.0,1.0672665083944421,0.0002393510895704064
1221,irs_soi.ty2022.historic_table_2.state_agi.tx.10k_to_25k.taxable_interest_returns,soi,soi_agi_band_count,state,48,281159.2739825151,0.9052568301282304,0.00020301790314604853
1222,irs_soi.ty2022.historic_table_2.state_agi.ga.50k_to_75k.taxable_interest_amount,soi,soi_agi_band_amount,state,13,300875734.0288368,0.23342229495796,5.234857478312626e-05
1223,irs_soi.ty2022.historic_table_2.state_agi.ne.100k_to_200k.taxable_interest_returns,soi,soi_agi_band_count,state,31,99089.67050963255,0.5374150145556269,0.00012052366327778132
1224,irs_soi.ty2022.historic_table_2.state_broad.sd.all.ctc_amount,soi,soi_credit_amount,state,46,303716830.9987906,0.23452178072077276,5.2595151540877496e-05
1225,irs_soi.ty2022.historic_table_2.state_broad.mo.all.partnership_scorp_income_returns,soi,soi_income_count,state,29,153660.0,0.6692309506815889,0.0001500854341066582
1226,irs_soi.ty2022.historic_table_2.state_broad.in.all.ctc_amount,soi,soi_credit_amount,state,18,2123663970.0984926,0.6201427241463887,0.00013907663694693624
1227,irs_soi.ty2022.historic_table_2.state_broad.nh.all.wages_salaries_amount,soi,soi_income_amount,state,33,55377479601.01729,3.166761425423846,0.0007101954306848724
1228,irs_soi.ty2022.historic_table_2.state_broad.id.all.qualified_dividends_returns,soi,soi_income_count,state,16,152410.0,0.6665033477878415,0.00014947372679700416
1229,irs_soi.ty2022.historic_table_2.state_eitc.la.la.eitc_three_or_more_children_amount,soi,soi_eitc_amount,state,22,328346516.90865666,0.24384562052940714,5.4686167420813444e-05
1230,irs_soi.ty2022.historic_table_2.state_broad.sc.all.rental_royalty_income_amount,soi,soi_income_amount,state,45,680537357.198849,0.3510546567510929,7.872945879145388e-05
1231,irs_soi.ty2022.historic_table_2.state_eitc.ms.ms.eitc_two_children_amount,soi,soi_eitc_amount,state,28,428930058.17966586,0.2787032248568151,6.250352654335392e-05
1232,irs_soi.ty2022.historic_table_2.state_broad.md.all.adjusted_gross_income,soi,soi_income_amount,state,24,330896419865.9034,7.740959359650918,0.0017360303565039062
1233,irs_soi.ty2022.historic_table_2.state_eitc.wy.wy.eitc_no_children_claims,soi,soi_eitc_count,state,56,9960.0,0.17038261241879876,3.821094694299142e-05
1234,irs_soi.ty2022.historic_table_2.state_agi.sc.25k_to_50k.taxable_interest_returns,soi,soi_agi_band_count,state,45,98279.25543252016,0.5352128506284899,0.00012002979381666066
1235,irs_soi.ty2022.historic_table_2.state_broad.ky.all.partnership_scorp_income_amount,soi,soi_income_amount,state,21,9110819278.227144,1.2844803631943156,0.0002880646699247176
1236,irs_soi.ty2022.historic_table_2.state_eitc.pa.pa.eitc_no_children_claims,soi,soi_eitc_count,state,42,239120.0,0.8348405867750612,0.00018722596698252103
1237,irs_soi.ty2022.historic_table_2.state_broad.mo.all.taxable_social_security_returns,soi,soi_income_count,state,29,497370.0,1.2040247011390122,0.0002700212382011689
1238,irs_soi.ty2022.historic_table_2.state_broad.me.all.adjusted_gross_income,soi,soi_income_amount,state,23,60957853075.59446,3.322489251527571,0.0007451198142021913
1239,irs_soi.ty2022.historic_table_2.state_agi.nd.25k_to_50k.taxable_interest_amount,soi,soi_agi_band_amount,state,38,31410961.20926609,0.075420492921276,1.6914216847112807e-05
1240,irs_soi.ty2022.historic_table_2.state_broad.sc.all.actc_amount,soi,soi_credit_amount,state,45,691485378.0645336,0.35386715444167377,7.936020507774698e-05
1241,irs_soi.ty2022.historic_table_2.state_broad.nd.all.actc_claims,soi,soi_credit_count,state,38,30520.0,0.2982550929082497,6.688833660198468e-05
1242,irs_soi.ty2022.historic_table_2.state_agi.ct.1_to_10k.taxable_interest_amount,soi,soi_agi_band_amount,state,09,29275639.82119012,0.07281183075290017,1.6329183842318944e-05
1243,irs_soi.ty2022.historic_table_2.state_broad.sc.all.unemployment_compensation_amount,soi,soi_income_amount,state,45,160106402.56582698,0.17027586805387676,3.818700786137626e-05
1244,irs_soi.ty2022.historic_table_2.state_agi.nv.75k_to_100k.taxable_interest_amount,soi,soi_agi_band_amount,state,32,123012412.85104021,0.14925305242595993,3.3472314964332793e-05
1245,irs_soi.ty2022.historic_table_2.state_broad.fl.all.income_tax_liability_returns,soi,soi_tax_count,state,12,7709500.0,4.740331459460421,0.0010630929489707157
1246,irs_soi.ty2022.historic_table_2.state_agi.in.50k_to_75k.taxable_interest_returns,soi,soi_agi_band_count,state,18,137628.19289285503,0.6333580683135278,0.0001420403831158394
1247,irs_soi.ty2022.historic_table_2.state_eitc.nh.nh.eitc_three_or_more_children_amount,soi,soi_eitc_amount,state,33,23544070.660290916,0.0652964438409564,1.4643741610440996e-05
1248,irs_soi.ty2022.historic_table_2.state_broad.tx.all.taxable_ira_distributions_returns,soi,soi_income_count,state,48,1040020.0,1.7410708691719659,0.00039046218191791113
1249,irs_soi.ty2022.historic_table_2.state_broad.al.all.income_tax_before_credits_amount,soi,soi_tax_amount,state,01,23036469907.76123,2.042474850528271,0.0004580567056578315
1250,irs_soi.ty2022.historic_table_2.state_broad.sd.all.medical_dental_expense_returns,soi,soi_deduction_count,state,46,8010.0,0.15279595656859898,3.426686624099551e-05
1251,irs_soi.ty2022.historic_table_2.state_broad.pa.all.partnership_scorp_income_returns,soi,soi_income_count,state,42,316620.0,0.9606490904953129,0.00021544047779666132
1252,irs_soi.ty2022.historic_table_2.state_broad.de.all.return_count,soi,soi_return_count,state,10,503140.0,1.2109885206683395,0.0002715829828814397
1253,irs_soi.ty2022.historic_table_2.state_agi.mn.500k_plus.taxable_interest_amount,soi,soi_agi_band_amount,state,27,2520702146.379027,0.6756309233360416,0.00015152072736847758
1254,irs_soi.ty2022.historic_table_2.state_broad.me.all.qualified_dividends_amount,soi,soi_income_amount,state,23,1199388624.0074117,0.46604592600160194,0.00010451803677990625
1255,irs_soi.ty2022.historic_table_2.state_broad.nd.all.income_tax_before_credits_returns,soi,soi_tax_count,state,38,310120.0,0.9507372091345749,0.00021321758446615272
1256,irs_soi.ty2022.historic_table_2.state_broad.nv.all.taxable_pension_income_returns,soi,soi_income_count,state,32,287400.0,0.915248415169924,0.00020525867126484053
1257,irs_soi.ty2022.historic_table_2.state_eitc.nv.nv.eitc_one_child_amount,soi,soi_eitc_amount,state,32,244907630.08991644,0.21059589964767966,4.7229401132020556e-05
1258,irs_soi.ty2022.historic_table_2.state_broad.dc.all.taxable_income_amount,soi,soi_tax_amount,state,11,44576983288.18142,2.8412149457005182,0.0006371865767437808
1259,irs_soi.ty2022.historic_table_2.state_broad.nh.all.unemployment_compensation_returns,soi,soi_income_count,state,33,16280.0,0.2178325642710135,4.885233556201245e-05
1260,irs_soi.ty2022.historic_table_2.state_broad.ga.all.ctc_amount,soi,soi_credit_amount,state,13,2793204011.208766,0.7112136475335369,0.00015950070588327807
1261,irs_soi.ty2022.historic_table_2.state_broad.pa.all.taxable_ira_distributions_amount,soi,soi_income_amount,state,42,22310160815.762184,2.0100187266743372,0.00045077791582739116
1262,irs_soi.ty2022.historic_table_2.state_broad.id.all.tax_exempt_interest_returns,soi,soi_income_count,state,16,33880.0,0.314244224457458,7.047414766931105e-05
1263,irs_soi.ty2022.historic_table_2.state_agi.ms.25k_to_50k.taxable_interest_returns,soi,soi_agi_band_count,state,28,48329.21263914771,0.3753189248452398,8.417109774506388e-05
1264,irs_soi.ty2022.historic_table_2.state_broad.ny.all.partnership_scorp_income_returns,soi,soi_income_count,state,36,608490.0,1.3317488374054773,0.0002986653593643143
1265,irs_soi.ty2022.historic_table_2.state_eitc.ks.ks.eitc_two_children_claims,soi,soi_eitc_count,state,20,41520.0,0.34787584644266223,7.801656121163091e-05
1266,irs_soi.ty2022.historic_table_2.state_broad.pa.all.adjusted_gross_income,soi,soi_income_amount,state,42,615871650778.5701,10.560728068713912,0.0023684072816133467
1267,irs_soi.ty2022.historic_table_2.state_broad.me.all.taxable_ira_distributions_amount,soi,soi_income_amount,state,23,2420120959.1806197,0.6620141765670011,0.00014846696043215992
1268,irs_soi.ty2022.historic_table_2.state_broad.ar.all.wages_salaries_amount,soi,soi_income_amount,state,05,68579203273.14644,3.524073606988538,0.0007903282365975641
1269,irs_soi.ty2022.historic_table_2.state_broad.nc.all.income_tax_before_credits_returns,soi,soi_tax_count,state,37,3986320.0,3.4086442918766346,0.0007644414200216718
1270,irs_soi.ty2022.historic_table_2.state_broad.ma.all.wages_salaries_returns,soi,soi_income_count,state,25,2903160.0,2.908915390206043,0.0006523694528383142
1271,irs_soi.ty2022.historic_table_2.state_agi.in.100k_to_200k.taxable_interest_returns,soi,soi_agi_band_count,state,18,253145.19604665742,0.8589748508882865,0.00019263845052439705
1272,irs_soi.ty2022.historic_table_2.state_broad.id.all.partnership_scorp_income_amount,soi,soi_income_amount,state,16,8305905592.290591,1.2264285403117334,0.00027504564707596623
1273,irs_soi.ty2022.historic_table_2.state_broad.ne.all.income_tax_liability_amount,soi,soi_tax_amount,state,31,11165246987.429358,1.4219453996405023,0.0003188933392331245
1274,irs_soi.ty2022.historic_table_2.state_broad.fl.all.taxable_interest_amount,soi,soi_income_amount,state,12,44468571689.093475,2.837757913189954,0.0006364112835142306
1275,irs_soi.ty2022.historic_table_2.state_broad.nh.all.actc_claims,soi,soi_credit_count,state,33,38930.0,0.336850972487111,7.55440620065286e-05
1276,irs_soi.ty2022.historic_table_2.state_broad.ny.all.rental_royalty_income_returns,soi,soi_income_count,state,36,550810.0,1.2670580480777447,0.0002841574451845133
1277,irs_soi.ty2022.historic_table_2.state_broad.wy.all.qualified_dividends_returns,soi,soi_income_count,state,56,56200.0,0.4047284757596403,9.076664627935419e-05
1278,irs_soi.ty2022.historic_table_2.state_agi.id.200k_to_500k.taxable_interest_returns,soi,soi_agi_band_count,state,16,33544.613259394835,0.3126849642134865,7.01244593436839e-05
1279,irs_soi.ty2022.historic_table_2.state_broad.oh.all.taxable_social_security_returns,soi,soi_income_count,state,39,930240.0,1.6466189482197071,0.00036927987176938934
1280,irs_soi.ty2022.historic_table_2.state_broad.wv.all.taxable_pension_income_returns,soi,soi_income_count,state,54,192690.0,0.7494198497736221,0.00016806904009276116
1281,irs_soi.ty2022.historic_table_2.state_agi.or.25k_to_50k.taxable_interest_returns,soi,soi_agi_band_count,state,41,98509.23808953854,0.5358387087849726,0.00012017015222807191
1282,irs_soi.ty2022.historic_table_2.state_broad.ne.all.unemployment_compensation_amount,soi,soi_income_amount,state,31,55957920.40302405,0.10066524070209518,2.2575743597688984e-05
1283,irs_soi.ty2022.historic_table_2.state_broad.nj.all.taxable_income_returns,soi,soi_tax_count,state,34,3797120.0,3.3267699106118442,0.000746079818482136
1284,irs_soi.ty2022.historic_table_2.state_broad.ok.all.ordinary_dividends_returns,soi,soi_income_count,state,40,246730.0,0.848020953039812,0.00019018186881359316
1285,irs_soi.ty2022.historic_table_2.state_broad.ak.all.premium_tax_credit_amount,soi,soi_credit_amount,state,02,134286909.23072994,0.15594289496110977,3.497261604869024e-05
1286,irs_soi.ty2022.historic_table_2.state_agi.wy.under_1.taxable_interest_amount,soi,soi_agi_band_amount,state,56,24166212.116548445,0.06615353325886994,1.48359572233393e-05
1287,irs_soi.ty2022.historic_table_2.state_agi.de.50k_to_75k.taxable_interest_returns,soi,soi_agi_band_count,state,10,22319.26928587877,0.2550560265636105,5.720027507593866e-05
1288,irs_soi.ty2022.historic_table_2.state_agi.ok.under_1.taxable_interest_returns,soi,soi_agi_band_count,state,40,10535.396002460931,0.17523507381615966,3.929918677195776e-05
1289,irs_soi.ty2022.historic_table_2.state_broad.vt.all.rental_royalty_income_amount,soi,soi_income_amount,state,50,165783195.62010697,0.17326825700711745,3.8858097557101916e-05
1290,irs_soi.ty2022.historic_table_2.state_broad.ia.all.taxable_pension_income_returns,soi,soi_income_count,state,19,323010.0,0.9702945399542441,0.00021760361963539898
1291,irs_soi.ty2022.historic_table_2.state_broad.ia.all.premium_tax_credit_amount,soi,soi_credit_amount,state,19,407817138.2846774,0.2717574693340564,6.09458329970972e-05
1292,irs_soi.ty2022.historic_table_2.state_eitc.ky.ky.eitc_two_children_amount,soi,soi_eitc_amount,state,21,365492708.04891866,0.25726938694035767,5.7696655514769606e-05
1293,irs_soi.ty2022.historic_table_2.state_agi.az.75k_to_100k.taxable_interest_amount,soi,soi_agi_band_amount,state,04,290449739.65855443,0.22934234510160828,5.143358266463518e-05
1294,irs_soi.ty2022.historic_table_2.state_broad.mi.all.qualified_dividends_returns,soi,soi_income_count,state,26,908610.0,1.6273627084524143,0.00036496136094469933
1295,irs_soi.ty2022.historic_table_2.state_agi.fl.50k_to_75k.taxable_interest_returns,soi,soi_agi_band_count,state,12,419674.5428381553,1.1059918244280846,0.0002480358431101334
1296,irs_soi.ty2022.historic_table_2.state_broad.wa.all.actc_claims,soi,soi_credit_count,state,53,287800.0,0.9158851097966098,0.00020540145992298942
1297,irs_soi.ty2022.historic_table_2.state_agi.mn.10k_to_25k.taxable_interest_amount,soi,soi_agi_band_amount,state,27,122861533.854757,0.14916149231593442,3.345178118769554e-05
1298,irs_soi.ty2022.historic_table_2.state_broad.md.all.schedule_c_income_returns,soi,soi_income_count,state,24,688190.0,1.41628215285369,0.00031762326818876206
1299,irs_soi.ty2022.historic_table_2.state_agi.nc.10k_to_25k.taxable_interest_returns,soi,soi_agi_band_count,state,37,133061.3944177758,0.6227613319050701,0.000139663900404815
1300,irs_soi.ty2022.historic_table_2.state_broad.fl.all.taxable_social_security_amount,soi,soi_income_amount,state,12,40606989151.6228,2.711746872559814,0.0006081513506525709
1301,irs_soi.ty2022.historic_table_2.state_broad.me.all.income_tax_liability_amount,soi,soi_tax_amount,state,23,7240066689.862495,1.1450383607511878,0.0002567926352884476
1302,irs_soi.ty2022.historic_table_2.state_agi.dc.50k_to_75k.taxable_interest_amount,soi,soi_agi_band_amount,state,11,16975165.717423134,0.055444154440143,1.243421270243171e-05
1303,irs_soi.ty2022.historic_table_2.state_broad.la.all.real_estate_taxes_amount,soi,soi_deduction_amount,state,22,396544217.0863026,0.26797517526824155,6.009759481234392e-05
1304,irs_soi.ty2022.historic_table_2.state_broad.ne.all.income_tax_before_credits_returns,soi,soi_tax_count,state,31,771570.0,1.499627066144432,0.00033631465937305046
1305,irs_soi.ty2022.historic_table_2.state_broad.hi.all.qualified_dividends_amount,soi,soi_income_amount,state,15,2623780811.516554,0.6893067463789961,0.00015458774307669794
1306,irs_soi.ty2022.historic_table_2.state_eitc.ct.ct.eitc_two_children_claims,soi,soi_eitc_count,state,09,44930.0,0.36187935946509936,8.115706648690274e-05
1307,irs_soi.ty2022.historic_table_2.state_agi.fl.1_to_10k.taxable_interest_returns,soi,soi_agi_band_count,state,12,203698.92478770617,0.7705307445176909,0.00017280348609950458
1308,irs_soi.ty2022.historic_table_2.state_broad.co.all.ordinary_dividends_returns,soi,soi_income_count,state,08,727710.0,1.4563802307947018,0.0003266158849057416
1309,irs_soi.ty2022.historic_table_2.state_broad.ak.all.itemized_deductions_amount,soi,soi_deduction_amount,state,02,842527061.3483043,0.3906075943161072,8.759981931287446e-05
1310,irs_soi.ty2022.historic_table_2.state_agi.tn.1_to_10k.taxable_interest_returns,soi,soi_agi_band_count,state,47,60102.13436746943,0.41854345131115733,9.386486909871211e-05
1311,irs_soi.ty2022.historic_table_2.state_broad.de.all.unemployment_compensation_amount,soi,soi_income_amount,state,10,76568925.30130489,0.11775382656133797,2.640812436899259e-05
1312,irs_soi.ty2022.historic_table_2.state_eitc.sc.sc.eitc_two_children_claims,soi,soi_eitc_count,state,45,107360.0,0.5593927778785696,0.00012545251802614253
1313,irs_soi.ty2022.historic_table_2.state_broad.il.all.real_estate_taxes_amount,soi,soi_deduction_amount,state,17,5220870500.529621,0.9723446158766869,0.00021806338099948123
1314,irs_soi.ty2022.historic_table_2.state_eitc.ia.ia.eitc_no_children_claims,soi,soi_eitc_count,state,19,48690.0,0.37671723592387135,8.448469072076056e-05
1315,irs_soi.ty2022.historic_table_2.state_broad.ar.all.medical_dental_expense_returns,soi,soi_deduction_count,state,05,22650.0,0.25693880907450933,5.76225182943506e-05
1316,irs_soi.ty2022.historic_table_2.state_agi.ga.75k_to_100k.taxable_interest_returns,soi,soi_agi_band_count,state,13,147681.72047108697,0.6560832877608342,0.00014713686650837278
1317,irs_soi.ty2022.historic_table_2.state_broad.ca.all.net_capital_gains_amount,soi,soi_income_amount,state,06,179764208786.98096,5.70558746054302,0.0012795665980136848
1318,irs_soi.ty2022.historic_table_2.state_broad.nm.all.taxable_social_security_amount,soi,soi_income_amount,state,35,3171590781.081586,0.7578571051872158,0.00016996122565310964
1319,irs_soi.ty2022.historic_table_2.state_agi.nd.100k_to_200k.taxable_interest_returns,soi,soi_agi_band_count,state,38,42568.69465859214,0.3522417013679424,7.899567198204584e-05
1320,irs_soi.ty2022.historic_table_2.state_broad.la.all.taxable_social_security_amount,soi,soi_income_amount,state,22,5020579528.539892,0.9535109365946458,0.0002138396359261372
1321,irs_soi.ty2022.historic_table_2.state_eitc.ky.ky.eitc_amount,soi,soi_eitc_amount,state,21,1005240508.9974763,0.42666178300301083,9.568553106145118e-05
1322,irs_soi.ty2022.historic_table_2.state_broad.ma.all.taxable_income_returns,soi,soi_tax_count,state,25,2953950.0,2.934250407824658,0.0006580512240019417
1323,irs_soi.ty2022.historic_table_2.state_broad.hi.all.schedule_c_income_returns,soi,soi_income_count,state,15,117400.0,0.5849646905006962,0.00013118741657337882
1324,irs_soi.ty2022.historic_table_2.state_broad.pa.all.rental_royalty_income_returns,soi,soi_income_count,state,42,378100.0,1.0497815659100653,0.00023542981967034432
1325,irs_soi.ty2022.historic_table_2.state_eitc.al.al.eitc_amount,soi,soi_eitc_amount,state,01,1414039070.3560731,0.5060337205777371,0.00011348592073956876
1326,irs_soi.ty2022.historic_table_2.state_agi.va.500k_plus.taxable_interest_amount,soi,soi_agi_band_amount,state,51,3057723967.7600784,0.7441284206556527,0.00016688235493510936
1327,irs_soi.ty2022.historic_table_2.state_broad.wv.all.limited_state_local_taxes_amount,soi,soi_deduction_amount,state,54,229472623.59518278,0.20385163249611873,4.571689448219752e-05
1328,irs_soi.ty2022.historic_table_2.state_eitc.tn.tn.eitc_two_children_claims,soi,soi_eitc_count,state,47,131270.0,0.6185550348279568,0.00013872057295984678
1329,irs_soi.ty2022.historic_table_2.state_broad.ar.all.income_tax_liability_amount,soi,soi_tax_amount,state,05,12535172435.027925,1.506655320270129,0.0003378908545122514
1330,irs_soi.ty2022.historic_table_2.state_agi.tn.200k_to_500k.taxable_interest_returns,soi,soi_agi_band_count,state,47,120259.02651041943,0.5920446290474054,0.00013277520274667087
1331,irs_soi.ty2022.historic_table_2.state_agi.ky.100k_to_200k.taxable_interest_returns,soi,soi_agi_band_count,state,21,137299.64623997163,0.6326016389640685,0.00014187074208658185
1332,irs_soi.ty2022.historic_table_2.state_broad.mt.all.taxable_social_security_amount,soi,soi_income_amount,state,30,1991038533.948382,0.6004662272664034,0.00013466387693796892
1333,irs_soi.ty2022.historic_table_2.state_broad.ok.all.taxable_ira_distributions_amount,soi,soi_income_amount,state,40,4437992899.571287,0.896482992378968,0.0002010502337696721
1334,irs_soi.ty2022.historic_table_2.state_broad.fl.all.net_capital_gains_amount,soi,soi_income_amount,state,12,185099245826.07162,5.789633570875506,0.0012984152435244463
1335,irs_soi.ty2022.historic_table_2.state_broad.ia.all.income_tax_liability_amount,soi,soi_tax_amount,state,19,16185615890.925987,1.7120378744083062,0.0003839510819484876
1336,irs_soi.ty2022.historic_table_2.state_broad.pa.all.real_estate_taxes_amount,soi,soi_deduction_amount,state,42,3166875244.873679,0.7572935028493655,0.0001698348290758837
1337,irs_soi.ty2022.historic_table_2.state_broad.nv.all.schedule_c_income_returns,soi,soi_income_count,state,32,290350.0,0.9199336790944362,0.00020630941446387894
1338,irs_soi.ty2022.historic_table_2.state_broad.ut.all.premium_tax_credit_returns,soi,soi_credit_count,state,49,104640.0,0.5522611197479748,0.00012385313293293896
1339,irs_soi.ty2022.historic_table_2.state_eitc.ga.ga.eitc_one_child_claims,soi,soi_eitc_count,state,13,374530.0,1.044813821073152,0.00023431572573966178
1340,irs_soi.ty2022.historic_table_2.state_broad.sc.all.schedule_c_income_amount,soi,soi_income_amount,state,45,5907547353.670341,1.0343138948828807,0.000231960954223566
1341,irs_soi.ty2022.historic_table_2.state_eitc.va.va.eitc_no_children_amount,soi,soi_eitc_amount,state,51,62687838.67361017,0.10654679774526142,2.3894774107481816e-05
1342,irs_soi.ty2022.historic_table_2.state_eitc.nh.nh.eitc_two_children_claims,soi,soi_eitc_count,state,33,12060.0,0.18748617872827314,4.204668731291167e-05
1343,irs_soi.ty2022.historic_table_2.state_eitc.ca.ca.eitc_three_or_more_children_claims,soi,soi_eitc_count,state,06,293330.0,0.9246424859690906,0.00020736543753511788
1344,irs_soi.ty2022.historic_table_2.state_broad.mt.all.rental_royalty_income_amount,soi,soi_income_amount,state,30,714387490.4812677,0.3596794900177825,8.066371159851592e-05
1345,irs_soi.ty2022.historic_table_2.state_agi.pa.25k_to_50k.taxable_interest_returns,soi,soi_agi_band_count,state,42,312217.8842350922,0.9539475387306057,0.00021393755073572678
1346,irs_soi.ty2022.historic_table_2.state_broad.va.all.tax_exempt_interest_returns,soi,soi_income_count,state,51,192960.0,0.7499447149130926,0.0001681867492516467
1347,irs_soi.ty2022.historic_table_2.state_agi.ri.10k_to_25k.taxable_interest_returns,soi,soi_agi_band_count,state,44,15967.367330133096,0.21573085356976932,4.8380994296875826e-05
1348,irs_soi.ty2022.historic_table_2.state_agi.ut.10k_to_25k.taxable_interest_amount,soi,soi_agi_band_amount,state,49,56794434.38057401,0.10141487100709927,2.274385983563563e-05
1349,irs_soi.ty2022.historic_table_2.state_broad.or.all.rental_royalty_income_returns,soi,soi_income_count,state,41,137610.0,0.6333162055379998,0.00014203099473828208
1350,irs_soi.ty2022.historic_table_2.state_broad.de.all.taxable_interest_returns,soi,soi_income_count,state,10,163331.49270343277,0.689970573927456,0.00015473661671393946
1351,irs_soi.ty2022.historic_table_2.state_broad.al.all.taxable_interest_returns,soi,soi_income_count,state,01,627348.8821257505,1.3522287579364465,0.0003032582996044957
1352,irs_soi.ty2022.historic_table_2.state_agi.oh.500k_plus.taxable_interest_amount,soi,soi_agi_band_amount,state,39,2592868337.4826245,0.6852341289844708,0.0001536743953766474
1353,irs_soi.ty2022.historic_table_2.state_broad.va.all.premium_tax_credit_returns,soi,soi_credit_count,state,51,163550.0,0.6904319461116512,0.00015484008659153424
1354,irs_soi.ty2022.historic_table_2.state_broad.wi.all.taxable_ira_distributions_amount,soi,soi_income_amount,state,55,11471647047.037779,1.4413240768331368,0.00032323930855194817
1355,irs_soi.ty2022.historic_table_2.state_broad.wv.all.partnership_scorp_income_returns,soi,soi_income_count,state,54,26030.0,0.2754436011447576,6.17725053027041e-05
1356,irs_soi.ty2022.historic_table_2.state_eitc.ak.ak.eitc_two_children_amount,soi,soi_eitc_amount,state,02,29661159.682664856,0.07328967852042456,1.6436348625347513e-05
1357,irs_soi.ty2022.historic_table_2.state_eitc.in.in.eitc_amount,soi,soi_eitc_amount,state,18,1306662871.4398894,0.4864413988247276,0.00010909203831009814
1358,irs_soi.ty2022.historic_table_2.state_agi.sd.75k_to_100k.taxable_interest_amount,soi,soi_agi_band_amount,state,46,55285644.41774189,0.1000587196394642,2.2439721829886566e-05
1359,irs_soi.ty2022.historic_table_2.state_agi.nm.1_to_10k.taxable_interest_returns,soi,soi_agi_band_count,state,35,29273.506771910677,0.2921009565776171,6.550817595371542e-05
1360,irs_soi.ty2022.historic_table_2.state_agi.md.500k_plus.taxable_interest_returns,soi,soi_agi_band_count,state,24,44474.265245315844,0.36003937122754437,8.074442054889983e-05
1361,irs_soi.ty2022.historic_table_2.state_agi.ma.75k_to_100k.taxable_interest_amount,soi,soi_agi_band_amount,state,25,344129417.8107733,0.24963740137918533,5.598506422497989e-05
1362,irs_soi.ty2022.historic_table_2.state_broad.ks.all.ordinary_dividends_amount,soi,soi_income_amount,state,20,2727904646.0679116,0.7028511276880128,0.0001576252809347416
1363,irs_soi.ty2022.historic_table_2.state_agi.ok.25k_to_50k.taxable_interest_returns,soi,soi_agi_band_count,state,40,84644.5693378592,0.4967011362463739,0.00011139294376460505
1364,irs_soi.ty2022.historic_table_2.state_broad.md.all.taxable_interest_returns,soi,soi_income_count,state,24,1080940.3910965684,1.7749923117088393,0.00039806959221996846
1365,irs_soi.ty2022.historic_table_2.state_agi.de.75k_to_100k.taxable_interest_returns,soi,soi_agi_band_count,state,10,20490.359584827864,0.2443826633647155,5.480660761711494e-05
1366,irs_soi.ty2022.historic_table_2.state_agi.wv.75k_to_100k.taxable_interest_amount,soi,soi_agi_band_amount,state,54,52730930.56542105,0.09771955284594079,2.191512734827109e-05
1367,irs_soi.ty2022.historic_table_2.state_agi.ut.75k_to_100k.taxable_interest_returns,soi,soi_agi_band_count,state,49,60715.42145285177,0.42067345718587335,9.434255599593481e-05
1368,irs_soi.ty2022.historic_table_2.state_broad.ky.all.medical_dental_expense_amount,soi,soi_deduction_amount,state,21,621593714.7729995,0.3355073667715805,7.524273755810283e-05
1369,irs_soi.ty2022.historic_table_2.state_agi.ks.25k_to_50k.taxable_interest_amount,soi,soi_agi_band_amount,state,20,105139644.96928814,0.13798504079785656,3.0945288360138274e-05
1370,irs_soi.ty2022.historic_table_2.state_broad.ar.all.premium_tax_credit_amount,soi,soi_credit_amount,state,05,329323458.59867686,0.2442081125996294,5.476746189720328e-05
1371,irs_soi.ty2022.historic_table_2.state_broad.tn.all.taxable_income_amount,soi,soi_tax_amount,state,47,229205475977.14722,6.4426011804857675,0.0014448533708198627
1372,irs_soi.ty2022.historic_table_2.state_broad.md.all.limited_state_local_taxes_returns,soi,soi_deduction_count,state,24,614240.0,1.3380263033754762,0.00030007317859956855
1373,irs_soi.ty2022.historic_table_2.state_agi.mn.100k_to_200k.taxable_interest_amount,soi,soi_agi_band_amount,state,27,852213159.1589298,0.3928464845954007,8.810192522884072e-05
1374,irs_soi.ty2022.historic_table_2.state_agi.ia.500k_plus.taxable_interest_amount,soi,soi_agi_band_amount,state,19,926941735.9282186,0.4097084976932232,9.188349353963292e-05
1375,irs_soi.ty2022.historic_table_2.state_broad.ks.all.limited_state_local_taxes_returns,soi,soi_deduction_count,state,20,90440.0,0.5134236625673504,0.00011514322999940578
1376,irs_soi.ty2022.historic_table_2.state_broad.ga.all.tax_exempt_interest_amount,soi,soi_income_amount,state,13,1065332506.0474894,0.4392293397957429,9.850400085125429e-05
1377,irs_soi.ty2022.historic_table_2.state_eitc.sd.sd.eitc_one_child_amount,soi,soi_eitc_amount,state,46,41947993.988228045,0.08715741715597117,1.9546404385730246e-05
1378,irs_soi.ty2022.historic_table_2.state_eitc.ga.ga.eitc_one_child_amount,soi,soi_eitc_amount,state,13,1123046008.5930152,0.4509698706309897,0.00010113699722605735
1379,irs_soi.ty2022.historic_table_2.state_broad.ky.all.partnership_scorp_income_returns,soi,soi_income_count,state,21,98080.0,0.5346700189999454,0.00011990805539357375
1380,irs_soi.ty2022.historic_table_2.state_broad.mo.all.net_capital_gains_returns,soi,soi_income_count,state,29,530987.0472742432,1.2440492313132634,0.00027899736068922703
1381,irs_soi.ty2022.historic_table_2.state_broad.ar.all.taxable_social_security_amount,soi,soi_income_amount,state,05,3993600946.593492,0.850415342033031,0.0001907188477311126
1382,irs_soi.ty2022.historic_table_2.state_broad.wy.all.taxable_income_returns,soi,soi_tax_count,state,56,230280.0,0.8192637028242661,0.00018373260884150394
1383,irs_soi.ty2022.historic_table_2.state_eitc.mt.mt.eitc_amount,soi,soi_eitc_amount,state,30,161641276.55129445,0.1710901035001663,3.8369612805599076e-05
1384,irs_soi.ty2022.historic_table_2.state_broad.ne.all.partnership_scorp_income_amount,soi,soi_income_amount,state,31,8422165014.440915,1.234981996026614,0.000276963892358514
1385,irs_soi.ty2022.historic_table_2.state_eitc.ky.ky.eitc_one_child_amount,soi,soi_eitc_amount,state,21,351134354.0359618,0.25216535238066584,5.655199649712174e-05
1386,irs_soi.ty2022.historic_table_2.state_agi.il.50k_to_75k.taxable_interest_returns,soi,soi_agi_band_count,state,17,277194.8110377221,0.8988519227074121,0.0002015815031862328
1387,irs_soi.ty2022.historic_table_2.state_agi.ok.200k_to_500k.taxable_interest_amount,soi,soi_agi_band_amount,state,40,376458439.35335594,0.2611002405752895,5.855578393704632e-05
1388,irs_soi.ty2022.historic_table_2.state_agi.mt.10k_to_25k.taxable_interest_returns,soi,soi_agi_band_count,state,30,20577.97202559677,0.24490457034114996,5.4923653361998194e-05
1389,irs_soi.ty2022.historic_table_2.state_broad.de.all.taxable_ira_distributions_amount,soi,soi_income_amount,state,10,2091616473.489517,0.6154457543580965,0.00013802326852614856
1390,irs_soi.ty2022.historic_table_2.state_broad.wa.all.wages_salaries_returns,soi,soi_income_count,state,53,3028550.0,2.9710706398889375,0.0006663087328748458
1391,irs_soi.ty2022.historic_table_2.state_broad.ak.all.qualified_dividends_returns,soi,soi_income_count,state,02,66810.0,0.44128212872155087,9.896437064847519e-05
1392,irs_soi.ty2022.historic_table_2.state_agi.nv.10k_to_25k.taxable_interest_returns,soi,soi_agi_band_count,state,32,33117.50261064642,0.3106879383626379,6.967659528204484e-05
1393,irs_soi.ty2022.historic_table_2.state_broad.vt.all.partnership_scorp_income_returns,soi,soi_income_count,state,50,21210.0,0.24863710353585847,5.576073189860024e-05
1394,irs_soi.ty2022.historic_table_2.state_broad.il.all.limited_state_local_taxes_amount,soi,soi_deduction_amount,state,17,5107560949.33093,0.9617352452067018,0.0002156840648590944
1395,irs_soi.ty2022.historic_table_2.state_broad.in.all.medical_dental_expense_amount,soi,soi_deduction_amount,state,18,1250120130.4380229,0.47580020796751654,0.00010670558599854598
1396,irs_soi.ty2022.historic_table_2.state_broad.ne.all.taxable_income_returns,soi,soi_tax_count,state,31,775160.0,1.5031117877842184,0.0003370961623198516
1397,irs_soi.ty2022.historic_table_2.state_agi.nj.under_1.taxable_interest_amount,soi,soi_agi_band_amount,state,34,246748533.43001515,0.2113859135942558,4.740657402876335e-05
1398,irs_soi.ty2022.historic_table_2.state_broad.me.all.taxable_social_security_amount,soi,soi_income_amount,state,23,2458778497.0408783,0.6672805350621817,0.00014964802311329483
1399,irs_soi.ty2022.historic_table_2.state_broad.az.all.qualified_dividends_returns,soi,soi_income_count,state,04,585790.0,1.30667198646512,0.00029304148608771475
1400,irs_soi.ty2022.historic_table_2.state_broad.ri.all.tax_exempt_interest_returns,soi,soi_income_count,state,44,23400.0,0.26115811925210547,5.85687641292006e-05
1401,irs_soi.ty2022.historic_table_2.state_agi.ne.under_1.taxable_interest_returns,soi,soi_agi_band_count,state,31,6045.258413054506,0.13274037453558005,2.9769090499120888e-05
1402,irs_soi.ty2022.historic_table_2.state_broad.tx.all.medical_dental_expense_returns,soi,soi_deduction_count,state,48,311490.0,0.9528349046049954,0.00021368802525341903
1403,irs_soi.ty2022.historic_table_2.state_broad.in.all.taxable_interest_returns,soi,soi_income_count,state,18,972366.6738737018,1.6834903702454989,0.0003775488607861626
1404,irs_soi.ty2022.historic_table_2.state_broad.ut.all.taxable_income_returns,soi,soi_tax_count,state,49,1256500.0,1.9137131895922719,0.00042917990347438257
1405,irs_soi.ty2022.historic_table_2.state_agi.ia.25k_to_50k.taxable_interest_amount,soi,soi_agi_band_amount,state,19,158821880.39263046,0.16959143697162418,3.803351356170087e-05
1406,irs_soi.ty2022.historic_table_2.state_broad.nv.all.rental_royalty_income_returns,soi,soi_income_count,state,32,79940.0,0.482700418776176,0.00010825306543533886
1407,irs_soi.ty2022.historic_table_2.state_broad.nv.all.partnership_scorp_income_returns,soi,soi_income_count,state,32,85050.0,0.4978892650768365,0.00011165940010693799
1408,irs_soi.ty2022.historic_table_2.state_broad.pa.all.tax_exempt_interest_returns,soi,soi_income_count,state,42,298120.0,0.9321614959599458,0.00020905169229870952
1409,irs_soi.ty2022.historic_table_2.state_eitc.id.id.eitc_two_children_claims,soi,soi_eitc_count,state,16,25410.0,0.27214348137269784,6.103240219167926e-05
1410,irs_soi.ty2022.historic_table_2.state_broad.ok.all.return_count,soi,soi_return_count,state,40,1713370.0,2.234710053735864,0.0005011684354644234
1411,irs_soi.ty2022.historic_table_2.state_broad.fl.all.limited_state_local_taxes_returns,soi,soi_deduction_count,state,12,844980.0,1.5693464108021127,0.00035195030518100754
1412,irs_soi.ty2022.historic_table_2.state_eitc.nj.nj.eitc_one_child_claims,soi,soi_eitc_count,state,34,198160.0,0.7599825148088979,0.00017043788176920787
1413,irs_soi.ty2022.historic_table_2.state_agi.pa.500k_plus.taxable_interest_amount,soi,soi_agi_band_amount,state,42,4596019724.814504,0.9123042439749883,0.0002045983951502553
1414,irs_soi.ty2022.historic_table_2.state_eitc.wa.wa.eitc_three_or_more_children_amount,soi,soi_eitc_amount,state,53,225525644.72598436,0.2020908822001068,4.532201888318161e-05
1415,irs_soi.ty2022.historic_table_2.state_eitc.nv.nv.eitc_claims,soi,soi_eitc_count,state,32,246160.0,0.8470408301529048,0.00018996206103451553
1416,irs_soi.ty2022.historic_table_2.state_agi.ak.200k_to_500k.taxable_interest_returns,soi,soi_agi_band_count,state,02,16022.125105613663,0.21610044584616403,4.846388110476879e-05
1417,irs_soi.ty2022.historic_table_2.state_broad.oh.all.taxable_pension_income_amount,soi,soi_income_amount,state,39,37319547874.67169,2.599662323440226,0.0005830146497959691
1418,irs_soi.ty2022.historic_table_2.state_broad.az.all.taxable_social_security_returns,soi,soi_income_count,state,04,562610.0,1.2805582169676064,0.0002871850677209254
1419,irs_soi.ty2022.historic_table_2.state_broad.il.all.taxable_ira_distributions_returns,soi,soi_income_count,state,17,684640.0,1.412624512995785,0.0003168029856460608
1420,irs_soi.ty2022.historic_table_2.state_agi.ak.100k_to_200k.taxable_interest_returns,soi,soi_agi_band_count,state,02,33752.69280622099,0.31365326810743405,7.034161653003679e-05
1421,irs_soi.ty2022.historic_table_2.state_broad.nc.all.income_tax_before_credits_amount,soi,soi_tax_amount,state,37,64377292394.9498,3.4144055740546624,0.0007657334770250421
1422,irs_soi.ty2022.historic_table_2.state_broad.wa.all.tax_exempt_interest_returns,soi,soi_income_count,state,53,206920.0,0.7765990206030648,0.00017416439125433165
1423,irs_soi.ty2022.historic_table_2.state_broad.nc.all.ctc_amount,soi,soi_credit_amount,state,37,2885052214.914308,0.7228123961220613,0.00016210190538732032
1424,irs_soi.ty2022.historic_table_2.state_broad.nm.all.taxable_income_amount,soi,soi_tax_amount,state,35,53414488564.127754,3.110128195466231,0.0006974945493308435
1425,irs_soi.ty2022.historic_table_2.state_broad.hi.all.taxable_pension_income_amount,soi,soi_income_amount,state,15,5866344389.75535,1.030700604551176,0.00023115061775088046
1426,irs_soi.ty2022.historic_table_2.state_agi.pa.75k_to_100k.taxable_interest_amount,soi,soi_agi_band_amount,state,42,577475293.282817,0.32338171303765884,7.25233713921639e-05
1427,irs_soi.ty2022.historic_table_2.state_agi.oh.100k_to_200k.taxable_interest_amount,soi,soi_agi_band_amount,state,39,1173043279.7640023,0.4608990056215992,0.00010336375995102022
1428,irs_soi.ty2022.historic_table_2.state_broad.il.all.taxable_income_amount,soi,soi_tax_amount,state,17,519664473295.4048,9.7008606684574,0.002175568663031487
1429,irs_soi.ty2022.historic_table_2.state_agi.ia.1_to_10k.taxable_interest_returns,soi,soi_agi_band_count,state,19,31562.381786998343,0.30330564135157306,6.802100052737679e-05
1430,irs_soi.ty2022.historic_table_2.state_eitc.fl.fl.eitc_amount,soi,soi_eitc_amount,state,12,5656655955.729051,1.0121121440333363,0.00022698186679375113
1431,irs_soi.ty2022.historic_table_2.state_broad.al.all.real_estate_taxes_amount,soi,soi_deduction_amount,state,01,417566388.95733273,0.2749865929316861,6.167001411340796e-05
1432,irs_soi.ty2022.historic_table_2.state_agi.ia.200k_to_500k.taxable_interest_returns,soi,soi_agi_band_count,state,19,63968.03331639741,0.43179449678187226,9.683662183939723e-05
1433,irs_soi.ty2022.historic_table_2.state_broad.dc.all.limited_state_local_taxes_returns,soi,soi_deduction_count,state,11,70860.0,0.4544605373400866,0.00010191983344698063
1434,irs_soi.ty2022.historic_table_2.state_eitc.ar.ar.eitc_three_or_more_children_amount,soi,soi_eitc_amount,state,05,204043010.65931395,0.19222488718692607,4.310941627874547e-05
1435,irs_soi.ty2022.historic_table_2.state_agi.ga.200k_to_500k.taxable_interest_amount,soi,soi_agi_band_amount,state,13,1165223144.6685097,0.45936013672614256,0.00010301864470198308
1436,irs_soi.ty2022.historic_table_2.state_broad.vt.all.taxable_social_security_returns,soi,soi_income_count,state,50,63890.0,0.4315310477052172,9.677753929249097e-05
1437,irs_soi.ty2022.historic_table_2.state_broad.ok.all.rental_royalty_income_amount,soi,soi_income_amount,state,40,3143830848.518146,0.7545331739110972,0.0001692157824424977
1438,irs_soi.ty2022.historic_table_2.state_agi.mi.75k_to_100k.taxable_interest_amount,soi,soi_agi_band_amount,state,26,411848514.4307013,0.2730973620369283,6.124632474476975e-05
1439,irs_soi.ty2022.historic_table_2.state_agi.nd.75k_to_100k.taxable_interest_amount,soi,soi_agi_band_amount,state,38,43020972.10970313,0.08826506858559384,1.979481242107958e-05
1440,irs_soi.ty2022.historic_table_2.state_broad.ms.all.wages_salaries_returns,soi,soi_income_count,state,28,1015910.0,1.7207715664413064,0.0003859097480245136
1441,irs_soi.ty2022.historic_table_2.state_eitc.fl.fl.eitc_two_children_claims,soi,soi_eitc_count,state,12,453500.0,1.1496992533996255,0.00025783791285033093
1442,irs_soi.ty2022.historic_table_2.state_broad.oh.all.ctc_amount,soi,soi_credit_amount,state,39,3349821020.481652,0.7788602773882835,0.00017467151320661213
1443,irs_soi.ty2022.historic_table_2.state_agi.tx.200k_to_500k.taxable_interest_amount,soi,soi_agi_band_amount,state,48,3961425223.718436,0.8469825922378309,0.0001899490002776028
1444,irs_soi.ty2022.historic_table_2.state_broad.fl.all.taxable_income_returns,soi,soi_tax_count,state,12,8775940.0,5.057576101305364,0.0011342399868368165
1445,irs_soi.ty2022.historic_table_2.state_broad.tn.all.limited_state_local_taxes_returns,soi,soi_deduction_count,state,47,181310.0,0.7269532501543289,0.000163030556213126
1446,irs_soi.ty2022.historic_table_2.state_agi.id.200k_to_500k.taxable_interest_amount,soi,soi_agi_band_amount,state,16,322891281.13056856,0.24181147841732484,5.422997946116278e-05
1447,irs_soi.ty2022.historic_table_2.state_broad.nv.all.actc_claims,soi,soi_credit_count,state,32,189210.0,0.7426217187860389,0.00016654445364118389
1448,irs_soi.ty2022.historic_table_2.state_agi.mi.200k_to_500k.taxable_interest_returns,soi,soi_agi_band_count,state,26,181500.12260788464,0.7273342937666991,0.00016311601116095518
1449,irs_soi.ty2022.historic_table_2.state_broad.sc.all.taxable_social_security_amount,soi,soi_income_amount,state,45,9320746345.946075,1.2991942741683673,0.00029136449297339476
1450,irs_soi.ty2022.historic_table_2.state_broad.ak.all.actc_amount,soi,soi_credit_amount,state,02,67705868.29471144,0.11072913550645697,2.483272830375801e-05
1451,irs_soi.ty2022.historic_table_2.state_broad.mi.all.ctc_claims,soi,soi_credit_count,state,26,1050440.0,1.7497710592821518,0.00039241333466744825
1452,irs_soi.ty2022.historic_table_2.state_broad.nm.all.taxable_interest_amount,soi,soi_income_amount,state,35,1133111491.1714199,0.45298630796816497,0.00010158921461497308
1453,irs_soi.ty2022.historic_table_2.state_agi.mi.75k_to_100k.taxable_interest_returns,soi,soi_agi_band_count,state,26,201902.8697519436,0.767126259895712,0.00017203997755005877
1454,irs_soi.ty2022.historic_table_2.state_broad.nd.all.taxable_income_returns,soi,soi_tax_count,state,38,311740.0,0.9532171976948207,0.00021377376041597235
1455,irs_soi.ty2022.historic_table_2.state_agi.mi.under_1.taxable_interest_amount,soi,soi_agi_band_amount,state,26,147846072.7308076,0.16362650329934772,3.669578454795867e-05
1456,irs_soi.ty2022.historic_table_2.state_broad.ar.all.adjusted_gross_income,soi,soi_income_amount,state,05,107337920055.26299,4.408850179330097,0.000988753123868602
1457,irs_soi.ty2022.historic_table_2.state_broad.nm.all.return_count,soi,soi_return_count,state,35,987790.0,1.696789297668895,0.00038053135179836174
1458,irs_soi.ty2022.historic_table_2.state_broad.ny.all.qualified_dividends_amount,soi,soi_income_amount,state,36,27804404696.90928,2.2439106188468982,0.0005032318050789186
1459,irs_soi.ty2022.historic_table_2.state_eitc.ia.ia.eitc_claims,soi,soi_eitc_count,state,19,177190.0,0.7186463228085216,0.00016116759874602413
1460,irs_soi.ty2022.historic_table_2.state_agi.fl.10k_to_25k.taxable_interest_amount,soi,soi_agi_band_amount,state,12,549956498.723433,0.31558250737861426,7.077427839843335e-05
1461,irs_soi.ty2022.historic_table_2.state_broad.oh.all.taxable_income_amount,soi,soi_tax_amount,state,39,373148272969.06903,8.220334141935975,0.0018435375963076867
1462,irs_soi.ty2022.historic_table_2.state_eitc.ma.ma.eitc_three_or_more_children_claims,soi,soi_eitc_count,state,25,32370.0,0.30716162276174325,6.888576424349478e-05
1463,irs_soi.ty2022.historic_table_2.state_eitc.ma.ma.eitc_no_children_claims,soi,soi_eitc_count,state,25,112270.0,0.5720414054041142,0.0001282891691868388
1464,irs_soi.ty2022.historic_table_2.state_broad.la.all.net_capital_gains_amount,soi,soi_income_amount,state,22,7515789161.602456,1.1666378097964292,0.0002616366471846668
1465,irs_soi.ty2022.historic_table_2.state_agi.va.75k_to_100k.taxable_interest_returns,soi,soi_agi_band_count,state,51,166124.13925294165,0.6958441420657601,0.00015605385558774615
1466,irs_soi.ty2022.historic_table_2.state_broad.nd.all.wages_salaries_returns,soi,soi_income_count,state,38,306610.0,0.9453415818344741,0.00021200753124791974
1467,irs_soi.ty2022.historic_table_2.state_broad.fl.all.wages_salaries_amount,soi,soi_income_amount,state,12,654170324641.3915,10.884141339703982,0.002440937730366446
1468,irs_soi.ty2022.historic_table_2.state_broad.ma.all.income_tax_liability_amount,soi,soi_tax_amount,state,25,77043608048.40318,3.735227512451251,0.0008376827791996526
1469,irs_soi.ty2022.historic_table_2.state_broad.nh.all.partnership_scorp_income_amount,soi,soi_income_amount,state,33,3420923777.771938,0.7870828546438318,0.0001765155538559838
1470,irs_soi.ty2022.historic_table_2.state_agi.nv.10k_to_25k.taxable_interest_amount,soi,soi_agi_band_amount,state,32,57410736.721324086,0.1019636358361175,2.2866928871073673e-05
1471,irs_soi.ty2022.historic_table_2.state_broad.ks.all.rental_royalty_income_returns,soi,soi_income_count,state,20,102060.0,0.545410363244505,0.0001223167443921294
1472,irs_soi.ty2022.historic_table_2.state_agi.tn.10k_to_25k.taxable_interest_returns,soi,soi_agi_band_count,state,47,92967.75121090525,0.5205491799242614,0.00011674123792874219
1473,irs_soi.ty2022.historic_table_2.state_agi.ks.1_to_10k.taxable_interest_returns,soi,soi_agi_band_count,state,20,36359.162919095936,0.32553863766353114,7.300709523739204e-05
1474,irs_soi.ty2022.historic_table_2.state_eitc.ms.ms.eitc_one_child_amount,soi,soi_eitc_amount,state,28,411535566.5750179,0.272993584224875,6.122305095870711e-05
1475,irs_soi.ty2022.historic_table_2.state_eitc.pa.pa.eitc_no_children_amount,soi,soi_eitc_amount,state,42,93387559.07490885,0.13004488211167964,2.9164584461018083e-05
1476,irs_soi.ty2022.historic_table_2.state_eitc.co.co.eitc_no_children_claims,soi,soi_eitc_count,state,08,102360.0,0.54621137757426,0.00012249638429564027
1477,irs_soi.ty2022.historic_table_2.state_eitc.md.md.eitc_one_child_claims,soi,soi_eitc_count,state,24,137370.0,0.6327636940212324,0.00014190708544992877
1478,irs_soi.ty2022.historic_table_2.state_broad.or.all.partnership_scorp_income_amount,soi,soi_income_amount,state,41,12954383491.876257,1.5316415100741043,0.00034349439562101464
1479,irs_soi.ty2022.historic_table_2.state_agi.al.10k_to_25k.taxable_interest_amount,soi,soi_agi_band_amount,state,01,81374924.41912043,0.12139311404550145,2.722429110686285e-05
1480,irs_soi.ty2022.historic_table_2.state_eitc.me.me.eitc_three_or_more_children_claims,soi,soi_eitc_count,state,23,8550.0,0.15786238540714956,3.540309159164601e-05
1481,irs_soi.ty2022.historic_table_2.state_broad.ct.all.taxable_ira_distributions_amount,soi,soi_income_amount,state,09,7273067600.89602,1.1476449905662731,0.0002573772125064528
1482,irs_soi.ty2022.historic_table_2.state_broad.mo.all.limited_state_local_taxes_returns,soi,soi_deduction_count,state,29,177580.0,0.7194367681321256,0.00016134486838576489
1483,irs_soi.ty2022.historic_table_2.state_broad.ma.all.unemployment_compensation_amount,soi,soi_income_amount,state,25,2047153302.7878768,0.6088691030551586,0.0001365483523335184
1484,irs_soi.ty2022.historic_table_2.state_agi.mi.200k_to_500k.taxable_interest_amount,soi,soi_agi_band_amount,state,26,1149713295.30482,0.45629270972264896,0.00010233072655811818
1485,irs_soi.ty2022.historic_table_2.state_broad.ct.all.tax_exempt_interest_amount,soi,soi_income_amount,state,09,1146220365.0816243,0.4555990537605994,0.00010217516343588234
1486,irs_soi.ty2022.historic_table_2.state_eitc.mo.mo.eitc_two_children_amount,soi,soi_eitc_amount,state,29,439010931.26086015,0.28195929780897605,6.323375147095225e-05
1487,irs_soi.ty2022.historic_table_2.state_agi.ia.10k_to_25k.taxable_interest_amount,soi,soi_agi_band_amount,state,19,84221167.17951393,0.12349784550498913,2.769630982394912e-05
1488,irs_soi.ty2022.historic_table_2.state_agi.la.100k_to_200k.taxable_interest_amount,soi,soi_agi_band_amount,state,22,400351023.4596958,0.269258377674945,6.03853728806784e-05
1489,irs_soi.ty2022.historic_table_2.state_eitc.ks.ks.eitc_claims,soi,soi_eitc_count,state,20,176390.0,0.7170221694857338,0.00016080335713965774
1490,irs_soi.ty2022.historic_table_2.state_broad.nm.all.ctc_amount,soi,soi_credit_amount,state,35,512735298.13216364,0.3047160721090744,6.833731152928335e-05
1491,irs_soi.ty2022.historic_table_2.state_eitc.mi.mi.eitc_two_children_amount,soi,soi_eitc_amount,state,26,709114021.9779135,0.3583494892538181,8.036543827176902e-05
1492,irs_soi.ty2022.historic_table_2.state_agi.ms.under_1.taxable_interest_returns,soi,soi_agi_band_count,state,28,5103.424674788767,0.1219625393666785,2.735199357853297e-05
1493,irs_soi.ty2022.historic_table_2.state_broad.nd.all.unemployment_compensation_amount,soi,soi_income_amount,state,38,60503164.022762336,0.10467375320490362,2.3474714780198164e-05
1494,irs_soi.ty2022.historic_table_2.state_broad.dc.all.taxable_ira_distributions_amount,soi,soi_income_amount,state,11,943326829.3924487,0.41331374331355947,9.269202586085657e-05
1495,irs_soi.ty2022.historic_table_2.state_broad.mn.all.limited_state_local_taxes_amount,soi,soi_deduction_amount,state,27,2408150062.439948,0.6603748519756217,0.00014809931643319617
1496,irs_soi.ty2022.historic_table_2.state_broad.ms.all.income_tax_before_credits_amount,soi,soi_tax_amount,state,28,10590073687.775963,1.384835679123635,0.0003105709080788596
1497,irs_soi.ty2022.historic_table_2.state_broad.oh.all.wages_salaries_returns,soi,soi_income_count,state,39,4604060.0,3.663246058447835,0.0008215398202394786
1498,irs_soi.ty2022.historic_table_2.state_agi.tx.50k_to_75k.taxable_interest_returns,soi,soi_agi_band_count,state,48,441062.9299408644,1.1338246190075856,0.0002542777795486848
1499,irs_soi.ty2022.historic_table_2.state_broad.pa.all.ctc_claims,soi,soi_credit_count,state,42,1400580.0,2.020456775580028,0.00045311881040144156
1500,irs_soi.ty2022.historic_table_2.state_broad.ny.all.real_estate_taxes_claims,soi,soi_deduction_count,state,36,838180.0,1.563018975637831,0.00035053127957789437
1501,irs_soi.ty2022.historic_table_2.state_broad.nh.all.qualified_dividends_returns,soi,soi_income_count,state,33,174590.0,0.7133543043899161,0.0001599807814285526
1502,irs_soi.ty2022.historic_table_2.state_broad.dc.all.taxable_interest_returns,soi,soi_income_count,state,11,125800.51338905272,0.605531597768775,0.0001357998649402949
1503,irs_soi.ty2022.historic_table_2.state_broad.or.all.premium_tax_credit_returns,soi,soi_credit_count,state,41,76890.0,0.47340248584740785,0.00010616785957555681
1504,irs_soi.ty2022.historic_table_2.state_broad.hi.all.real_estate_taxes_amount,soi,soi_deduction_amount,state,15,298180081.1913598,0.23237428557527287,5.211354240306635e-05
1505,irs_soi.ty2022.historic_table_2.state_broad.tx.all.net_capital_gains_returns,soi,soi_income_count,state,48,2108704.9167904393,2.479154022123648,0.0005559887916850522
1506,irs_soi.ty2022.historic_table_2.state_agi.ms.100k_to_200k.taxable_interest_returns,soi,soi_agi_band_count,state,28,79420.67755701317,0.48112995584471463,0.00010790086473306003
1507,irs_soi.ty2022.historic_table_2.state_eitc.hi.hi.eitc_amount,soi,soi_eitc_amount,state,15,208240947.0268662,0.1941922162914805,4.3550620383826086e-05
1508,irs_soi.ty2022.historic_table_2.state_broad.ny.all.net_capital_gains_returns,soi,soi_income_count,state,36,1974434.8073859748,2.3989268369108143,0.0005379965994417614
1509,irs_soi.ty2022.historic_table_2.state_agi.vt.10k_to_25k.taxable_interest_amount,soi,soi_agi_band_amount,state,50,18187312.22993572,0.05738957578615185,1.2870503652422482e-05
1510,irs_soi.ty2022.historic_table_2.state_broad.nh.all.taxable_ira_distributions_amount,soi,soi_income_amount,state,33,3129613658.0980134,0.7528251467045872,0.00016883273081511264
1511,irs_soi.ty2022.historic_table_2.state_broad.az.all.unemployment_compensation_returns,soi,soi_income_count,state,04,55070.0,0.4006389249882816,8.984950100656685e-05
1512,irs_soi.ty2022.historic_table_2.state_agi.la.25k_to_50k.taxable_interest_returns,soi,soi_agi_band_count,state,22,85619.25774141327,0.4995527256249315,0.000112032456969036
1513,irs_soi.ty2022.historic_table_2.state_agi.id.500k_plus.taxable_interest_returns,soi,soi_agi_band_count,state,16,10414.928896403686,0.17423032964102936,3.907385728661793e-05
1514,irs_soi.ty2022.historic_table_2.state_eitc.al.al.eitc_three_or_more_children_claims,soi,soi_eitc_count,state,01,56680.0,0.4064531787820467,9.11534377174359e-05
1515,irs_soi.ty2022.historic_table_2.state_eitc.mt.mt.eitc_no_children_claims,soi,soi_eitc_count,state,30,22680.0,0.25710891091973836,5.7660666274890864e-05
1516,irs_soi.ty2022.historic_table_2.state_broad.wa.all.actc_amount,soi,soi_credit_amount,state,53,629924607.441566,0.33774819772100045,7.57452786994843e-05
1517,irs_soi.ty2022.historic_table_2.state_broad.me.all.income_tax_liability_returns,soi,soi_tax_count,state,23,521240.0,1.2325781698673683,0.0002764247970099503
1518,irs_soi.ty2022.historic_table_2.state_broad.nm.all.tax_exempt_interest_returns,soi,soi_income_count,state,35,32720.0,0.3088177476509514,6.925717597016179e-05
1519,irs_soi.ty2022.historic_table_2.state_agi.va.500k_plus.taxable_interest_returns,soi,soi_agi_band_count,state,51,63026.199578131665,0.42860394471823615,9.612109098861542e-05
1520,irs_soi.ty2022.historic_table_2.state_broad.wi.all.income_tax_liability_returns,soi,soi_tax_count,state,55,2200150.0,2.532338449107176,0.000567916225410894
1521,irs_soi.ty2022.historic_table_2.state_agi.ky.200k_to_500k.taxable_interest_returns,soi,soi_agi_band_count,state,21,54889.194141719534,0.39998069528509406,8.970188277306438e-05
1522,irs_soi.ty2022.historic_table_2.state_broad.va.all.real_estate_taxes_claims,soi,soi_deduction_count,state,51,490370.0,1.1955219385780014,0.00026811436164566075
1523,irs_soi.ty2022.historic_table_2.state_agi.mo.50k_to_75k.taxable_interest_amount,soi,soi_agi_band_amount,state,29,248461905.0827228,0.2121185543721517,4.757088010140204e-05
1524,irs_soi.ty2022.historic_table_2.state_agi.de.100k_to_200k.taxable_interest_returns,soi,soi_agi_band_count,state,10,48986.3059449145,0.377861765071067,8.47413691570009e-05
1525,irs_soi.ty2022.historic_table_2.state_broad.ne.all.ctc_amount,soi,soi_credit_amount,state,31,693897482.9482646,0.3544838136239316,7.949850047632465e-05
1526,irs_soi.ty2022.historic_table_2.state_broad.or.all.partnership_scorp_income_returns,soi,soi_income_count,state,41,126260.0,0.6066364424743875,0.00013604764352419545
1527,irs_soi.ty2022.historic_table_2.state_agi.nm.50k_to_75k.taxable_interest_amount,soi,soi_agi_band_amount,state,35,83725056.58156574,0.12313357197688528,2.761461582796261e-05
1528,irs_soi.ty2022.historic_table_2.state_broad.ok.all.taxable_income_amount,soi,soi_tax_amount,state,40,103330132167.59068,4.3257582593903505,0.0009701184703723594
1529,irs_soi.ty2022.historic_table_2.state_broad.wy.all.actc_amount,soi,soi_credit_amount,state,56,55677833.90932561,0.10041299451610688,2.2519173472999975e-05
1530,irs_soi.ty2022.historic_table_2.state_eitc.co.co.eitc_claims,soi,soi_eitc_count,state,08,302060.0,0.9383010723535256,0.0002104285876549732
1531,irs_soi.ty2022.historic_table_2.state_broad.mi.all.taxable_ira_distributions_returns,soi,soi_income_count,state,26,606200.0,1.3292405138706926,0.0002981028288564011
1532,irs_soi.ty2022.historic_table_2.state_broad.la.all.actc_claims,soi,soi_credit_count,state,22,342430.0,0.999036847368111,0.00022404952845214422
1533,irs_soi.ty2022.historic_table_2.state_broad.nj.all.rental_royalty_income_returns,soi,soi_income_count,state,34,261940.0,0.8737687639804332,0.000195956215290521
1534,irs_soi.ty2022.historic_table_2.state_broad.ny.all.unemployment_compensation_amount,soi,soi_income_amount,state,36,2879424717.082919,0.7221071037438187,0.00016194373261803514
1535,irs_soi.ty2022.historic_table_2.state_eitc.mi.mi.eitc_one_child_amount,soi,soi_eitc_amount,state,26,664377486.8584238,0.34686158714618465,7.778909781255543e-05
1536,irs_soi.ty2022.historic_table_2.state_broad.tn.all.net_capital_gains_amount,soi,soi_income_amount,state,47,23868106902.33272,2.079015563143105,0.00046625152795315205
1537,irs_soi.ty2022.historic_table_2.state_broad.dc.all.schedule_c_income_amount,soi,soi_income_amount,state,11,2026397773.2588477,0.6057746606804549,0.00013585437557310046
1538,irs_soi.ty2022.historic_table_2.state_broad.or.all.actc_amount,soi,soi_credit_amount,state,41,358017759.7050947,0.2546249979731839,5.710361022049426e-05
1539,irs_soi.ty2022.historic_table_2.state_eitc.me.me.eitc_no_children_amount,soi,soi_eitc_amount,state,23,10890883.220970163,0.04440995201038009,9.9596214421126e-06
1540,irs_soi.ty2022.historic_table_2.state_eitc.ny.ny.eitc_three_or_more_children_claims,soi,soi_eitc_count,state,36,159360.0,0.681530449675195,0.0001528437877719657
1541,irs_soi.ty2022.historic_table_2.state_agi.hi.200k_to_500k.taxable_interest_returns,soi,soi_agi_band_count,state,15,31200.980468826605,0.30156415916035106,6.763044610010116e-05
1542,irs_soi.ty2022.historic_table_2.state_broad.fl.all.partnership_scorp_income_returns,soi,soi_income_count,state,12,996460.0,1.7042195325934286,0.00038219769737461956
1543,irs_soi.ty2022.historic_table_2.state_broad.pa.all.actc_claims,soi,soi_credit_count,state,42,572360.0,1.2916065571209996,0.00028966282958533293
1544,irs_soi.ty2022.historic_table_2.state_broad.fl.all.ordinary_dividends_amount,soi,soi_income_amount,state,12,53685326601.80427,3.1180031743950156,0.0006992606356571016
1545,irs_soi.ty2022.historic_table_2.state_agi.al.500k_plus.taxable_interest_returns,soi,soi_agi_band_count,state,01,19712.799173003823,0.23970094841085476,5.375666032986202e-05
1546,irs_soi.ty2022.historic_table_2.state_broad.mo.all.adjusted_gross_income,soi,soi_income_amount,state,29,252829993080.1582,6.766483850367374,0.0015174890895643359
1547,irs_soi.ty2022.historic_table_2.state_broad.nd.all.unemployment_compensation_returns,soi,soi_income_count,state,38,9050.0,0.16241266521287248,3.642356250569017e-05
1548,irs_soi.ty2022.historic_table_2.state_broad.in.all.partnership_scorp_income_returns,soi,soi_income_count,state,18,162580.0,0.688381457105726,0.0001543802325870657
1549,irs_soi.ty2022.historic_table_2.state_broad.al.all.premium_tax_credit_amount,soi,soi_credit_amount,state,01,1351747834.1575398,0.49476229393169296,0.00011095812826456447
1550,irs_soi.ty2022.historic_table_2.state_broad.ut.all.schedule_c_income_amount,soi,soi_income_amount,state,49,2844962874.898263,0.7177728962732757,0.00016097171928084226
1551,irs_soi.ty2022.historic_table_2.state_broad.az.all.medical_dental_expense_amount,soi,soi_deduction_amount,state,04,2262526372.2902803,0.6400966853659541,0.00014355162264318325
1552,irs_soi.ty2022.historic_table_2.state_broad.in.all.actc_amount,soi,soi_credit_amount,state,18,774145624.4307922,0.37442090180676146,8.39697021320389e-05
1553,irs_soi.ty2022.historic_table_2.state_broad.ky.all.ordinary_dividends_returns,soi,soi_income_count,state,21,301640.0,0.9376485140285142,0.00021028224131610545
1554,irs_soi.ty2022.historic_table_2.state_broad.tn.all.taxable_interest_returns,soi,soi_income_count,state,47,1004454.7303053136,1.711042463911847,0.0003837278456855454
1555,irs_soi.ty2022.historic_table_2.state_eitc.la.la.eitc_one_child_claims,soi,soi_eitc_count,state,22,189230.0,0.7426609662938635,0.00016655325550434257
1556,irs_soi.ty2022.historic_table_2.state_broad.ut.all.medical_dental_expense_returns,soi,soi_deduction_count,state,49,31990.0,0.3053533744128946,6.848023646846706e-05
1557,irs_soi.ty2022.historic_table_2.state_broad.ky.all.income_tax_liability_returns,soi,soi_tax_count,state,21,1345630.0,1.9804251552720453,0.00044414109784078165
1558,irs_soi.ty2022.historic_table_2.state_agi.ak.50k_to_75k.taxable_interest_amount,soi,soi_agi_band_amount,state,02,25813094.72004656,0.06837050547820411,1.5333147673963695e-05
1559,irs_soi.ty2022.historic_table_2.state_broad.nm.all.income_tax_liability_amount,soi,soi_tax_amount,state,35,8192492969.262218,1.218026653621089,0.0002731613935010292
1560,irs_soi.ty2022.historic_table_2.state_broad.vt.all.taxable_ira_distributions_returns,soi,soi_income_count,state,50,48710.0,0.37679459853602765,8.450204048800799e-05
1561,irs_soi.ty2022.historic_table_2.state_broad.pa.all.taxable_pension_income_returns,soi,soi_income_count,state,42,1395620.0,2.0168759898228052,0.0004523157635843923
1562,irs_soi.ty2022.historic_table_2.state_broad.ct.all.wages_salaries_returns,soi,soi_income_count,state,09,1448590.0,2.054794265599359,0.00046081952581281886
1563,irs_soi.ty2022.historic_table_2.state_broad.mo.all.qualified_dividends_amount,soi,soi_income_amount,state,29,6388780763.683253,1.0756172185901387,0.0002412238660215606
1564,irs_soi.ty2022.historic_table_2.state_broad.dc.all.net_capital_gains_amount,soi,soi_income_amount,state,11,5143394342.867896,0.9651029978697807,0.0002164393356962953
1565,irs_soi.ty2022.historic_table_2.state_broad.mi.all.ctc_amount,soi,soi_credit_amount,state,26,2687201356.4576793,0.6975877704055908,0.00015644489132217782
1566,irs_soi.ty2022.historic_table_2.state_broad.de.all.income_tax_liability_returns,soi,soi_tax_count,state,10,368380.0,1.0362000893821561,0.00023238396263336087
1567,irs_soi.ty2022.historic_table_2.state_eitc.nh.nh.eitc_one_child_claims,soi,soi_eitc_count,state,33,20450.0,0.24414186611502983,5.475260509419821e-05
1568,irs_soi.ty2022.historic_table_2.state_broad.ks.all.medical_dental_expense_amount,soi,soi_deduction_amount,state,20,790861186.3747152,0.37844161239905594,8.487140892555639e-05
1569,irs_soi.ty2022.historic_table_2.state_agi.id.under_1.taxable_interest_amount,soi,soi_agi_band_amount,state,16,50035566.801310785,0.09518930701633636,2.134768042528288e-05
1570,irs_soi.ty2022.historic_table_2.state_broad.az.all.schedule_c_income_amount,soi,soi_income_amount,state,04,8985802111.591858,1.2756372079753702,0.00028608145502923753
1571,irs_soi.ty2022.historic_table_2.state_broad.wy.all.premium_tax_credit_returns,soi,soi_credit_count,state,56,19920.0,0.24095740127522378,5.403843939789724e-05
1572,irs_soi.ty2022.historic_table_2.state_broad.fl.all.tax_exempt_interest_amount,soi,soi_income_amount,state,12,8098270752.436089,1.2110021091387697,0.00027158603030696786
1573,irs_soi.ty2022.historic_table_2.state_broad.sc.all.net_capital_gains_amount,soi,soi_income_amount,state,45,13147766836.189064,1.5430313509955704,0.00034604874433630196
1574,irs_soi.ty2022.historic_table_2.state_broad.in.all.income_tax_before_credits_amount,soi,soi_tax_amount,state,18,35992594417.28232,2.553026539915547,0.0005725558510687479
1575,irs_soi.ty2022.historic_table_2.state_broad.mt.all.real_estate_taxes_amount,soi,soi_deduction_amount,state,30,219821963.36830932,0.19951901610301198,4.474523796882978e-05
1576,irs_soi.ty2022.historic_table_2.state_broad.ny.all.taxable_income_returns,soi,soi_tax_count,state,36,7762960.0,4.756738510307211,0.0010667724849309735
1577,irs_soi.ty2022.historic_table_2.state_broad.de.all.limited_state_local_taxes_amount,soi,soi_deduction_amount,state,10,402213167.718759,0.26988384911055036,6.0525644563926966e-05
1578,irs_soi.ty2022.historic_table_2.state_broad.ks.all.net_capital_gains_amount,soi,soi_income_amount,state,20,7641846556.909675,1.1763807515575182,0.0002638216531862566
1579,irs_soi.ty2022.historic_table_2.state_broad.hi.all.return_count,soi,soi_return_count,state,15,689960.0,1.418102296722131,0.0003180314637188004
1580,irs_soi.ty2022.historic_table_2.state_broad.or.all.unemployment_compensation_returns,soi,soi_income_count,state,41,79680.0,0.48191480255044755,0.00010807687879579448
1581,irs_soi.ty2022.historic_table_2.state_agi.sc.1_to_10k.taxable_interest_amount,soi,soi_agi_band_amount,state,45,33454220.836898074,0.07783487153312121,1.7455678747055666e-05
1582,irs_soi.ty2022.historic_table_2.state_agi.wv.75k_to_100k.taxable_interest_returns,soi,soi_agi_band_count,state,54,26557.521108074594,0.2782206566563054,6.239530312991824e-05
1583,irs_soi.ty2022.historic_table_2.state_agi.az.100k_to_200k.taxable_interest_returns,soi,soi_agi_band_count,state,04,257153.46521183487,0.8657485923799878,0.0001941575672527445
1584,irs_soi.ty2022.historic_table_2.state_broad.me.all.rental_royalty_income_amount,soi,soi_income_amount,state,23,299790018.35713845,0.23300075999278883,5.225403902058507e-05
1585,irs_soi.ty2022.historic_table_2.state_broad.ne.all.limited_state_local_taxes_amount,soi,soi_deduction_amount,state,31,526118951.14704996,0.3086673732007101,6.922345216432162e-05
1586,irs_soi.ty2022.historic_table_2.state_broad.in.all.income_tax_liability_returns,soi,soi_tax_count,state,18,2259290.0,2.566147370194573,0.0005754984010304044
1587,irs_soi.ty2022.historic_table_2.state_broad.ar.all.taxable_pension_income_returns,soi,soi_income_count,state,05,249010.0,0.8519301686102372,0.00019105857111689553
1588,irs_soi.ty2022.historic_table_2.state_broad.ms.all.taxable_pension_income_amount,soi,soi_income_amount,state,28,7859484692.752445,1.1930146848756606,0.0002675520710642881
1589,irs_soi.ty2022.historic_table_2.state_agi.ne.500k_plus.taxable_interest_amount,soi,soi_agi_band_amount,state,31,670386067.7397945,0.3484265520310195,7.814006549249148e-05
1590,irs_soi.ty2022.historic_table_2.state_eitc.oh.oh.eitc_no_children_claims,soi,soi_eitc_count,state,39,220700.0,0.8020413701193716,0.00017987023326292254
1591,irs_soi.ty2022.historic_table_2.state_broad.oh.all.medical_dental_expense_returns,soi,soi_deduction_count,state,39,84240.0,0.49551269176951357,0.0001111264166336653
1592,irs_soi.ty2022.historic_table_2.state_broad.wv.all.qualified_dividends_returns,soi,soi_income_count,state,54,99930.0,0.5396889764200495,0.0001210336345413881
1593,irs_soi.ty2022.historic_table_2.state_agi.ut.1_to_10k.taxable_interest_amount,soi,soi_agi_band_amount,state,49,29342128.87039967,0.07289446675660337,1.6347716249518586e-05
1594,irs_soi.ty2022.historic_table_2.state_broad.ar.all.taxable_income_amount,soi,soi_tax_amount,state,05,78690450530.9375,3.7749375307320427,0.0008465883675111107
1595,irs_soi.ty2022.historic_table_2.state_broad.hi.all.adjusted_gross_income,soi,soi_income_amount,state,15,64617345565.93093,3.420765551296229,0.0007671598006943775
1596,irs_soi.ty2022.historic_table_2.state_eitc.dc.dc.eitc_three_or_more_children_claims,soi,soi_eitc_count,state,11,5410.0,0.12557241197462377,2.816156357358685e-05
1597,irs_soi.ty2022.historic_table_2.state_broad.ky.all.real_estate_taxes_amount,soi,soi_deduction_amount,state,21,455379185.952597,0.2871675357628714,6.440177971806939e-05
1598,irs_soi.ty2022.historic_table_2.state_broad.ut.all.taxable_pension_income_returns,soi,soi_income_count,state,49,229390.0,0.8176790003516208,0.000183377214700969
1599,irs_soi.ty2022.historic_table_2.state_eitc.nc.nc.eitc_two_children_amount,soi,soi_eitc_amount,state,37,872302496.3203981,0.39744982572892734,8.913429596970785e-05
1600,irs_soi.ty2022.historic_table_2.state_agi.mn.500k_plus.taxable_interest_returns,soi,soi_agi_band_count,state,27,38965.63303197089,0.3370050988177801,7.557862722982286e-05
1601,irs_soi.ty2022.historic_table_2.state_broad.ne.all.income_tax_liability_returns,soi,soi_tax_count,state,31,689550.0,1.417680889435486,0.0003179369565901516
1602,irs_soi.ty2022.historic_table_2.state_broad.ut.all.qualified_dividends_returns,soi,soi_income_count,state,49,238320.0,0.8334428952092324,0.0001869125129421916
1603,irs_soi.ty2022.historic_table_2.state_broad.md.all.rental_royalty_income_returns,soi,soi_income_count,state,24,141360.0,0.6418874312606526,0.00014395322522104792
1604,irs_soi.ty2022.historic_table_2.state_broad.nh.all.schedule_c_income_amount,soi,soi_income_amount,state,33,3695352524.29767,0.8180440510090923,0.00018345908298028532
1605,irs_soi.ty2022.historic_table_2.state_eitc.ok.ok.eitc_two_children_amount,soi,soi_eitc_amount,state,40,338019584.055026,0.24741138743684346,5.548584602754955e-05
1606,irs_soi.ty2022.historic_table_2.state_broad.mn.all.taxable_ira_distributions_amount,soi,soi_income_amount,state,27,10650144398.252455,1.38875776837552,0.00031145049750516256
1607,irs_soi.ty2022.historic_table_2.state_broad.ga.all.schedule_c_income_returns,soi,soi_income_count,state,13,1290760.0,1.9396275889604642,0.00043499160999337615
1608,irs_soi.ty2022.historic_table_2.state_eitc.mn.mn.eitc_claims,soi,soi_eitc_count,state,27,287420.0,0.9152802604201961,0.00020526581305678314
1609,irs_soi.ty2022.historic_table_2.state_eitc.ny.ny.eitc_one_child_amount,soi,soi_eitc_amount,state,36,1422340834.029295,0.5075169980019072,0.00011381856873781279
1610,irs_soi.ty2022.historic_table_2.state_broad.sd.all.taxable_social_security_amount,soi,soi_income_amount,state,46,1664323240.7790248,0.5489939925075109,0.00012312042890951131
1611,irs_soi.ty2022.historic_table_2.state_eitc.id.id.eitc_claims,soi,soi_eitc_count,state,16,111860.0,0.5709959280053766,0.00012805470464350227
1612,irs_soi.ty2022.historic_table_2.state_agi.me.25k_to_50k.taxable_interest_amount,soi,soi_agi_band_amount,state,23,57871045.52354406,0.10237158266321043,2.2958417282621762e-05
1613,irs_soi.ty2022.historic_table_2.state_broad.nj.all.premium_tax_credit_returns,soi,soi_credit_count,state,34,174210.0,0.7125775637496139,0.00015980658527688134
1614,irs_soi.ty2022.historic_table_2.state_broad.mo.all.taxable_ira_distributions_amount,soi,soi_income_amount,state,29,9132217886.345705,1.2859879099279339,0.0002884027606925171
1615,irs_soi.ty2022.historic_table_2.state_agi.ky.under_1.taxable_interest_amount,soi,soi_agi_band_amount,state,21,50298965.727025546,0.09543952753102723,2.140379626172398e-05
1616,irs_soi.ty2022.historic_table_2.state_agi.fl.500k_plus.taxable_interest_amount,soi,soi_agi_band_amount,state,12,30090286667.54565,2.3343281960509574,0.0005235093509869831
1617,irs_soi.ty2022.historic_table_2.state_broad.ar.all.taxable_pension_income_amount,soi,soi_income_amount,state,05,7215333932.122948,1.1430809075322024,0.00025635364600408217
1618,irs_soi.ty2022.historic_table_2.state_broad.mi.all.partnership_scorp_income_amount,soi,soi_income_amount,state,26,27215035493.409275,2.2200011823825436,0.0004978697426289625
1619,irs_soi.ty2022.historic_table_2.state_broad.id.all.net_capital_gains_amount,soi,soi_income_amount,state,16,7167047357.789919,1.1392496145515516,0.0002554944190517048
1620,irs_soi.ty2022.historic_table_2.state_eitc.oh.oh.eitc_two_children_amount,soi,soi_eitc_amount,state,39,847903601.6813396,0.3918519327968035,8.787888154222999e-05
1621,irs_soi.ty2022.historic_table_2.state_broad.vt.all.rental_royalty_income_returns,soi,soi_income_count,state,50,23910.0,0.2639887330328936,5.9203573230072576e-05
1622,irs_soi.ty2022.historic_table_2.state_agi.ia.75k_to_100k.taxable_interest_amount,soi,soi_agi_band_amount,state,19,197927670.41234037,0.1893224036996858,4.245848928003719e-05
1623,irs_soi.ty2022.historic_table_2.state_eitc.sc.sc.eitc_three_or_more_children_claims,soi,soi_eitc_count,state,45,57170.0,0.40820629688337895,9.154660167826395e-05
1624,irs_soi.ty2022.historic_table_2.state_broad.wi.all.return_count,soi,soi_return_count,state,55,2940980.0,2.9278015690637123,0.0006566049717568317
1625,irs_soi.ty2022.historic_table_2.state_broad.co.all.partnership_scorp_income_returns,soi,soi_income_count,state,08,239180.0,0.8349453193223746,0.00018724945488279314
1626,irs_soi.ty2022.historic_table_2.state_broad.wy.all.net_capital_gains_returns,soi,soi_income_count,state,56,58690.51695915263,0.41359908669630857,9.27560185459315e-05
1627,irs_soi.ty2022.historic_table_2.state_agi.ri.50k_to_75k.taxable_interest_returns,soi,soi_agi_band_count,state,44,28101.69037662656,0.2861948574939967,6.418364151020334e-05
1628,irs_soi.ty2022.historic_table_2.state_eitc.ut.ut.eitc_no_children_claims,soi,soi_eitc_count,state,49,46350.0,0.3675534240311088,8.24295635862545e-05
1629,irs_soi.ty2022.historic_table_2.state_broad.ma.all.actc_amount,soi,soi_credit_amount,state,25,446315587.0165155,0.28429536574531006,6.375765098571654e-05
1630,irs_soi.ty2022.historic_table_2.state_broad.nd.all.schedule_c_income_amount,soi,soi_income_amount,state,38,949877492.3070678,0.41474633000975136,9.301330567610482e-05
1631,irs_soi.ty2022.historic_table_2.state_broad.nv.all.taxable_social_security_amount,soi,soi_income_amount,state,32,4300053662.462729,0.8824410260488985,0.00019790110474296894
1632,irs_soi.ty2022.historic_table_2.state_agi.nd.10k_to_25k.taxable_interest_returns,soi,soi_agi_band_count,state,38,11718.163952841162,0.18480996665628918,4.144650519315747e-05
1633,irs_soi.ty2022.historic_table_2.state_eitc.oh.oh.eitc_three_or_more_children_amount,soi,soi_eitc_amount,state,39,597696735.1306486,0.3289949222178766,7.37822207261441e-05
1634,irs_soi.ty2022.historic_table_2.state_broad.ma.all.taxable_income_amount,soi,soi_tax_amount,state,25,392702975349.8592,8.43297570424779,0.0018912257690620745
1635,irs_soi.ty2022.historic_table_2.state_agi.pa.under_1.taxable_interest_amount,soi,soi_agi_band_amount,state,42,140396741.9482144,0.15945100763168601,3.575936479741781e-05
1636,irs_soi.ty2022.historic_table_2.state_broad.ny.all.taxable_ira_distributions_amount,soi,soi_income_amount,state,36,26656937386.75771,2.1971205148384874,0.0004927383975865637
1637,irs_soi.ty2022.historic_table_2.state_agi.ky.1_to_10k.taxable_interest_amount,soi,soi_agi_band_amount,state,21,29183578.060746122,0.07269725659733625,1.6303488808552648e-05
1638,irs_soi.ty2022.historic_table_2.state_broad.co.all.unemployment_compensation_returns,soi,soi_income_count,state,08,65590.0,0.4372344964169082,9.805662624285899e-05
1639,irs_soi.ty2022.historic_table_2.state_agi.nd.200k_to_500k.taxable_interest_amount,soi,soi_agi_band_amount,state,38,134747730.03652602,0.15621023369894177,3.5032570912523385e-05
1640,irs_soi.ty2022.historic_table_2.state_broad.ak.all.taxable_ira_distributions_amount,soi,soi_income_amount,state,02,1006032593.6016556,0.42682984511346367,9.572322159979001e-05
1641,irs_soi.ty2022.historic_table_2.state_eitc.fl.fl.eitc_three_or_more_children_claims,soi,soi_eitc_count,state,12,194470.0,0.7528733263526616,0.00016884353584944192
1642,irs_soi.ty2022.historic_table_2.state_broad.ca.all.schedule_c_income_returns,soi,soi_income_count,state,06,3617080.0,3.2469429709534445,0.0007281773875203958
1643,irs_soi.ty2022.historic_table_2.state_broad.dc.all.partnership_scorp_income_amount,soi,soi_income_amount,state,11,3925442458.524964,0.8431271238828655,0.00018908435162208242
1644,irs_soi.ty2022.historic_table_2.state_eitc.tx.tx.eitc_three_or_more_children_claims,soi,soi_eitc_count,state,48,401010.0,1.0811182660110201,0.00024245756133909398
1645,irs_soi.ty2022.historic_table_2.state_broad.vt.all.taxable_income_amount,soi,soi_tax_amount,state,50,23345121862.778988,2.0561122752740566,0.00046111510995157135
1646,irs_soi.ty2022.historic_table_2.state_broad.dc.all.ordinary_dividends_returns,soi,soi_income_count,state,11,99870.0,0.5395269319857046,0.00012099729356037331
1647,irs_soi.ty2022.historic_table_2.state_agi.oh.50k_to_75k.taxable_interest_returns,soi,soi_agi_band_count,state,39,262443.0663232576,0.8746074155647183,0.00019614429593288143
1648,irs_soi.ty2022.historic_table_2.state_broad.co.all.itemized_deductions_amount,soi,soi_deduction_amount,state,08,14560996591.14768,1.6238439939127487,0.0003641722345621773
1649,irs_soi.ty2022.historic_table_2.state_eitc.ca.ca.eitc_three_or_more_children_amount,soi,soi_eitc_amount,state,06,1419087349.3184938,0.5069362145216302,0.00011368831902256788
1650,irs_soi.ty2022.historic_table_2.state_broad.sd.all.premium_tax_credit_returns,soi,soi_credit_count,state,46,24870.0,0.2692362272632153,6.038040530684352e-05
1651,irs_soi.ty2022.historic_table_2.state_broad.al.all.partnership_scorp_income_returns,soi,soi_income_count,state,01,102540.0,0.5466914228207824,0.00012260404189746185
1652,irs_soi.ty2022.historic_table_2.state_broad.ct.all.unemployment_compensation_amount,soi,soi_income_amount,state,09,688281188.5766234,0.3530463316048667,7.917612280889588e-05
1653,irs_soi.ty2022.historic_table_2.state_broad.nj.all.tax_exempt_interest_returns,soi,soi_income_count,state,34,249820.0,0.8533146575339899,0.00019136906425969722
1654,irs_soi.ty2022.historic_table_2.state_broad.ga.all.real_estate_taxes_amount,soi,soi_deduction_amount,state,13,2793561401.574725,0.7112591459601927,0.00015951090961206383
1655,irs_soi.ty2022.historic_table_2.state_broad.nj.all.itemized_deductions_amount,soi,soi_deduction_amount,state,34,27490017690.846554,2.231188500379021,0.0005003786724330614
1656,irs_soi.ty2022.historic_table_2.state_eitc.wa.wa.eitc_claims,soi,soi_eitc_count,state,53,368920.0,1.0369592825267107,0.00023255422348659132
1657,irs_soi.ty2022.historic_table_2.state_broad.fl.all.income_tax_before_credits_amount,soi,soi_tax_amount,state,12,208466509643.00934,6.144222024639599,0.001377937211177304
1658,irs_soi.ty2022.historic_table_2.state_eitc.al.al.eitc_claims,soi,soi_eitc_count,state,01,440510.0,1.1331136975681726,0.00025411834437501067
1659,irs_soi.ty2022.historic_table_2.state_broad.ks.all.taxable_interest_amount,soi,soi_income_amount,state,20,2279612853.945194,0.6425091277345276,0.0001440926503105018
1660,irs_soi.ty2022.historic_table_2.state_broad.ky.all.real_estate_taxes_claims,soi,soi_deduction_count,state,21,90570.0,0.5137925320290301,0.00011522595470487331
1661,irs_soi.ty2022.historic_table_2.state_broad.ky.all.ordinary_dividends_amount,soi,soi_income_amount,state,21,3405385699.447523,0.7852933272281167,0.00017611422454095465
1662,irs_soi.ty2022.historic_table_2.state_eitc.vt.vt.eitc_two_children_amount,soi,soi_eitc_amount,state,50,27735284.951994378,0.07087043024573654,1.58937946278844e-05
1663,irs_soi.ty2022.historic_table_2.state_agi.me.under_1.taxable_interest_returns,soi,soi_agi_band_count,state,23,3318.3211941223103,0.09834557278270833,2.2055522041423712e-05
1664,irs_soi.ty2022.historic_table_2.state_eitc.ga.ga.eitc_two_children_claims,soi,soi_eitc_count,state,13,251720.0,0.8565534431217825,0.00019209541222735648
1665,irs_soi.ty2022.historic_table_2.state_broad.ak.all.rental_royalty_income_amount,soi,soi_income_amount,state,02,171473432.8260845,0.17621674480459534,3.9519341736845784e-05
1666,irs_soi.ty2022.historic_table_2.state_broad.nv.all.unemployment_compensation_returns,soi,soi_income_count,state,32,48220.0,0.3748946188100269,8.407594052703002e-05
1667,irs_soi.ty2022.historic_table_2.state_broad.ok.all.partnership_scorp_income_amount,soi,soi_income_amount,state,40,10133259338.629654,1.3546382428741195,0.00030379866402200484
1668,irs_soi.ty2022.historic_table_2.state_agi.mt.10k_to_25k.taxable_interest_amount,soi,soi_agi_band_amount,state,30,37932002.57404901,0.08288036192728998,1.858720832637138e-05
1669,irs_soi.ty2022.historic_table_2.state_broad.ct.all.taxable_interest_amount,soi,soi_income_amount,state,09,7209773295.562299,1.1426403539375034,0.0002562548450185027
1670,irs_soi.ty2022.historic_table_2.state_broad.md.all.income_tax_liability_returns,soi,soi_tax_count,state,24,2267520.0,2.5708170218788595,0.000576545642942108
1671,irs_soi.ty2022.historic_table_2.state_broad.co.all.taxable_social_security_amount,soi,soi_income_amount,state,08,8434778989.771117,1.2359064735165366,0.00027717122079312325
1672,irs_soi.ty2022.historic_table_2.state_broad.ms.all.real_estate_taxes_amount,soi,soi_deduction_amount,state,28,230051842.46415114,0.20410874442313648,4.577455582487923e-05
1673,irs_soi.ty2022.historic_table_2.state_agi.nc.100k_to_200k.taxable_interest_returns,soi,soi_agi_band_count,state,37,429016.21933513985,1.118233398631243,0.0002507812062415885
1674,irs_soi.ty2022.historic_table_2.state_broad.md.all.income_tax_before_credits_returns,soi,soi_tax_count,state,24,2514760.0,2.7073467056684213,0.0006071645448908772
1675,irs_soi.ty2022.historic_table_2.state_agi.la.under_1.taxable_interest_returns,soi,soi_agi_band_count,state,22,9045.984509389531,0.1623766299150874,3.6415481030519714e-05
1676,irs_soi.ty2022.historic_table_2.state_agi.ny.500k_plus.taxable_interest_amount,soi,soi_agi_band_amount,state,36,26741547803.208736,2.2006046360516787,0.000493519765878376
1677,irs_soi.ty2022.historic_table_2.state_broad.va.all.qualified_dividends_returns,soi,soi_income_count,state,51,921680.0,1.6390254058701579,0.0003675769019668441
1678,irs_soi.ty2022.historic_table_2.state_broad.in.all.premium_tax_credit_returns,soi,soi_credit_count,state,18,84490.0,0.49624741636831277,0.0001112911900355041
1679,irs_soi.ty2022.historic_table_2.state_broad.tx.all.net_capital_gains_amount,soi,soi_income_amount,state,48,117534560323.80077,4.613510854622047,0.0010346514587625134
1680,irs_soi.ty2022.historic_table_2.state_broad.sd.all.actc_claims,soi,soi_credit_count,state,46,41960.0,0.3497142615077318,7.842885434127199e-05
1681,irs_soi.ty2022.historic_table_2.state_broad.nc.all.schedule_c_income_amount,soi,soi_income_amount,state,37,13573366800.527987,1.567806807865394,0.0003516050253118174
1682,irs_soi.ty2022.historic_table_2.state_broad.nm.all.ctc_claims,soi,soi_credit_count,state,35,226820.0,0.8130856131965096,0.00018234707629435066
1683,irs_soi.ty2022.historic_table_2.state_broad.de.all.limited_state_local_taxes_returns,soi,soi_deduction_count,state,10,46580.0,0.36846424035548425,8.263382829232659e-05
1684,irs_soi.ty2022.historic_table_2.state_broad.il.all.medical_dental_expense_amount,soi,soi_deduction_amount,state,17,3506079034.624062,0.7968188585874754,0.0001786990039442645
1685,irs_soi.ty2022.historic_table_2.state_agi.co.200k_to_500k.taxable_interest_returns,soi,soi_agi_band_count,state,08,179298.86003356587,0.722910225455225,0.00016212384513460978
1686,irs_soi.ty2022.historic_table_2.state_agi.md.200k_to_500k.taxable_interest_amount,soi,soi_agi_band_amount,state,24,1031661988.4332619,0.4322325488130724,9.693486181051186e-05
1687,irs_soi.ty2022.historic_table_2.state_agi.nj.50k_to_75k.taxable_interest_amount,soi,soi_agi_band_amount,state,34,387999403.93345994,0.2650722609455729,5.9446571192099776e-05
1688,irs_soi.ty2022.historic_table_2.state_broad.hi.all.taxable_social_security_returns,soi,soi_income_count,state,15,121240.0,0.5944544294923241,0.00013331563792157974
1689,irs_soi.ty2022.historic_table_2.state_eitc.wi.wi.eitc_one_child_claims,soi,soi_eitc_count,state,55,104120.0,0.5508872022895152,0.0001235450106054082
1690,irs_soi.ty2022.historic_table_2.state_eitc.ky.ky.eitc_one_child_claims,soi,soi_eitc_count,state,21,127380.0,0.6093211118868559,0.00013664972233389905
1691,irs_soi.ty2022.historic_table_2.state_eitc.nj.nj.eitc_two_children_amount,soi,soi_eitc_amount,state,34,546042063.6168075,0.3144573881333434,7.052195293414294e-05
1692,irs_soi.ty2022.historic_table_2.state_agi.nd.200k_to_500k.taxable_interest_returns,soi,soi_agi_band_count,state,38,18398.612561470236,0.23157311665604102,5.193386783046446e-05
1693,irs_soi.ty2022.historic_table_2.state_broad.id.all.adjusted_gross_income,soi,soi_income_amount,state,16,81629481014.91737,3.844786874982072,0.0008622531677465961
1694,irs_soi.ty2022.historic_table_2.state_broad.de.all.ctc_amount,soi,soi_credit_amount,state,10,273010388.52164316,0.22235061742559017,4.986557914904467e-05
1695,irs_soi.ty2022.historic_table_2.state_agi.nd.1_to_10k.taxable_interest_returns,soi,soi_agi_band_count,state,38,6932.334375839678,0.14214623295027526,3.187850032524675e-05
1696,irs_soi.ty2022.historic_table_2.state_broad.mi.all.real_estate_taxes_amount,soi,soi_deduction_amount,state,26,1939783825.947542,0.5926870254132731,0.0001329192701083815
1697,irs_soi.ty2022.historic_table_2.state_broad.sc.all.tax_exempt_interest_amount,soi,soi_income_amount,state,45,674897535.5617372,0.34959698165546244,7.840255251299897e-05
1698,irs_soi.ty2022.historic_table_2.state_broad.az.all.actc_claims,soi,soi_credit_count,state,04,410210.0,1.0934494872890825,0.00024522302921935017
1699,irs_soi.ty2022.historic_table_2.state_eitc.nj.nj.eitc_three_or_more_children_claims,soi,soi_eitc_count,state,34,59270.0,0.41563591449093595,9.321280881160259e-05
1700,irs_soi.ty2022.historic_table_2.state_broad.az.all.net_capital_gains_returns,soi,soi_income_count,state,04,602638.2642729483,1.3253297763293828,0.0002972257852274911
1701,irs_soi.ty2022.historic_table_2.state_eitc.mi.mi.eitc_three_or_more_children_amount,soi,soi_eitc_amount,state,26,526846055.68469113,0.3088805911033328,6.927126959034151e-05
1702,irs_soi.ty2022.historic_table_2.state_agi.la.75k_to_100k.taxable_interest_returns,soi,soi_agi_band_count,state,22,66673.06742513737,0.44082967480854723,9.886290083169932e-05
1703,irs_soi.ty2022.historic_table_2.state_agi.in.200k_to_500k.taxable_interest_returns,soi,soi_agi_band_count,state,18,102517.507254716,0.5466314595609394,0.00012259059420518937
1704,irs_soi.ty2022.historic_table_2.state_broad.ny.all.schedule_c_income_amount,soi,soi_income_amount,state,36,36770079793.06397,2.580453511502466,0.0005787067753986243
1705,irs_soi.ty2022.historic_table_2.state_agi.ut.50k_to_75k.taxable_interest_returns,soi,soi_agi_band_count,state,49,64975.57638523982,0.43518174972044876,9.759626591622534e-05
1706,irs_soi.ty2022.historic_table_2.state_broad.ma.all.schedule_c_income_amount,soi,soi_income_amount,state,25,15813529946.815409,1.6922447129425549,0.00037951215809431594
1707,irs_soi.ty2022.historic_table_2.state_broad.co.all.taxable_social_security_returns,soi,soi_income_count,state,08,402760.0,1.0834746877225934,0.0002429860255040577
1708,irs_soi.ty2022.historic_table_2.state_broad.co.all.net_capital_gains_amount,soi,soi_income_amount,state,08,28500120688.287125,2.2718105016682593,0.0005094887870976136
1709,irs_soi.ty2022.historic_table_2.state_agi.vt.200k_to_500k.taxable_interest_amount,soi,soi_agi_band_amount,state,50,105602511.04263154,0.1382884394571839,3.101333022139132e-05
1710,irs_soi.ty2022.historic_table_2.state_broad.nh.all.adjusted_gross_income,soi,soi_income_amount,state,33,86036895191.45264,3.947218049458584,0.0008852249494188347
1711,irs_soi.ty2022.historic_table_2.state_agi.wv.25k_to_50k.taxable_interest_amount,soi,soi_agi_band_amount,state,54,49183995.51720384,0.09437580223636556,2.116523934432957e-05
1712,irs_soi.ty2022.historic_table_2.state_broad.ca.all.income_tax_liability_amount,soi,soi_tax_amount,state,06,350431566607.70355,7.966184549436904,0.0017865406031479937
1713,irs_soi.ty2022.historic_table_2.state_agi.sd.75k_to_100k.taxable_interest_returns,soi,soi_agi_band_count,state,46,22144.04440434096,0.2540528524636447,5.697529770433834e-05
1714,irs_soi.ty2022.historic_table_2.state_agi.ut.10k_to_25k.taxable_interest_returns,soi,soi_agi_band_count,state,49,35975.858490731975,0.32381814961647915,7.262124907299375e-05
1715,irs_soi.ty2022.historic_table_2.state_broad.nc.all.ordinary_dividends_returns,soi,soi_income_count,state,37,970560.0,1.6819256661773434,0.00037719795159841743
1716,irs_soi.ty2022.historic_table_2.state_broad.nc.all.qualified_dividends_amount,soi,soi_income_amount,state,37,8146177866.664245,1.214578802851546,0.000272388159419499
1717,irs_soi.ty2022.historic_table_2.state_agi.ct.50k_to_75k.taxable_interest_returns,soi,soi_agi_band_count,state,09,82552.82231450157,0.4905254743160638,0.0001100079556663072
1718,irs_soi.ty2022.historic_table_2.state_agi.in.under_1.taxable_interest_amount,soi,soi_agi_band_amount,state,18,68931243.13244057,0.11172665810588195,2.505643823859205e-05
1719,irs_soi.ty2022.historic_table_2.state_broad.ct.all.partnership_scorp_income_returns,soi,soi_income_count,state,09,102770.0,0.5473042012350751,0.0001227414669735535
1720,irs_soi.ty2022.historic_table_2.state_eitc.nj.nj.eitc_no_children_amount,soi,soi_eitc_amount,state,34,68143923.5708558,0.11108676534507923,2.49129323491992e-05
1721,irs_soi.ty2022.historic_table_2.state_agi.wi.25k_to_50k.taxable_interest_amount,soi,soi_agi_band_amount,state,55,243633777.20166,0.21004749299941403,4.710641242417897e-05
1722,irs_soi.ty2022.historic_table_2.state_eitc.nj.nj.eitc_three_or_more_children_amount,soi,soi_eitc_amount,state,34,296009971.03818434,0.23152714873245797,5.1923558809701275e-05
1723,irs_soi.ty2022.historic_table_2.state_broad.wv.all.taxable_income_returns,soi,soi_tax_count,state,54,600020.0,1.3224475822427229,0.0002965794084419652
1724,irs_soi.ty2022.historic_table_2.state_broad.mi.all.limited_state_local_taxes_amount,soi,soi_deduction_amount,state,26,2586323164.1952996,0.6843687148050939,0.00015348031280670415
1725,irs_soi.ty2022.historic_table_2.state_broad.nh.all.tax_exempt_interest_amount,soi,soi_income_amount,state,33,315175729.62898123,0.23890494364903023,5.357814389976009e-05
1726,irs_soi.ty2022.historic_table_2.state_agi.ri.75k_to_100k.taxable_interest_amount,soi,soi_agi_band_amount,state,44,54820221.07327503,0.09963665627119804,2.2345067564745018e-05
1727,irs_soi.ty2022.historic_table_2.state_broad.hi.all.premium_tax_credit_returns,soi,soi_credit_count,state,15,12960.0,0.19435606804351052,4.3587366683900096e-05
1728,irs_soi.ty2022.historic_table_2.state_eitc.il.il.eitc_no_children_claims,soi,soi_eitc_count,state,17,229100.0,0.8171619727941702,0.00018326126324157217
1729,irs_soi.ty2022.historic_table_2.state_broad.ia.all.real_estate_taxes_amount,soi,soi_deduction_amount,state,19,517001575.6041783,0.3059811598659721,6.862102710607133e-05
1730,irs_soi.ty2022.historic_table_2.state_eitc.ms.ms.eitc_no_children_claims,soi,soi_eitc_count,state,28,65120.0,0.435665128542027,9.77046711240249e-05
1731,irs_soi.ty2022.historic_table_2.state_broad.hi.all.tax_exempt_interest_returns,soi,soi_income_count,state,15,29790.0,0.29466656146709863,6.6083552695021e-05
1732,irs_soi.ty2022.historic_table_2.state_agi.wv.10k_to_25k.taxable_interest_returns,soi,soi_agi_band_count,state,54,26338.49000615233,0.27707097960339927,6.213747019587334e-05
1733,irs_soi.ty2022.historic_table_2.state_agi.mn.under_1.taxable_interest_returns,soi,soi_agi_band_count,state,27,11203.440863323838,0.1807054773757129,4.052600972767726e-05
1734,irs_soi.ty2022.historic_table_2.state_broad.nj.all.schedule_c_income_amount,soi,soi_income_amount,state,34,18947807605.20649,1.8523721223646181,0.0004154232164980081
1735,irs_soi.ty2022.historic_table_2.state_broad.in.all.taxable_ira_distributions_amount,soi,soi_income_amount,state,18,9152281042.062311,1.2873997695987027,0.0002887193921504155
1736,irs_soi.ty2022.historic_table_2.state_broad.de.all.premium_tax_credit_amount,soi,soi_credit_amount,state,10,173539350.8036042,0.17727509935943847,3.975669418242621e-05
1737,irs_soi.ty2022.historic_table_2.state_agi.ny.10k_to_25k.taxable_interest_amount,soi,soi_agi_band_amount,state,36,396433284.09857917,0.26793768970561654,6.0089188092759934e-05
1738,irs_soi.ty2022.historic_table_2.state_broad.al.all.schedule_c_income_returns,soi,soi_income_count,state,01,427270.0,1.115955312464625,0.0002502703100391624
1739,irs_soi.ty2022.historic_table_2.state_broad.de.all.ordinary_dividends_returns,soi,soi_income_count,state,10,110820.0,0.5683353590274723,0.00012745803073053877
1740,irs_soi.ty2022.historic_table_2.state_broad.hi.all.income_tax_liability_amount,soi,soi_tax_amount,state,15,8054765477.542897,1.2077448749639217,0.00027085554495714773
1741,irs_soi.ty2022.historic_table_2.state_agi.md.25k_to_50k.taxable_interest_returns,soi,soi_agi_band_count,state,24,114005.68855053878,0.5764463114659935,0.00012927703778111538
1742,irs_soi.ty2022.historic_table_2.state_broad.tn.all.taxable_ira_distributions_returns,soi,soi_income_count,state,47,306020.0,0.9444315982923654,0.0002118034533062044
1743,irs_soi.ty2022.historic_table_2.state_eitc.tx.tx.eitc_two_children_amount,soi,soi_eitc_amount,state,48,3109327553.5324225,0.750381279843349,0.00016828465571727943
1744,irs_soi.ty2022.historic_table_2.state_agi.ms.100k_to_200k.taxable_interest_amount,soi,soi_agi_band_amount,state,28,212670338.43899667,0.19624663301459738,4.401135523987382e-05
1745,irs_soi.ty2022.historic_table_2.state_broad.al.all.net_capital_gains_returns,soi,soi_income_count,state,01,281334.3792410191,0.9055386820407997,0.00020308111281471176
1746,irs_soi.ty2022.historic_table_2.state_broad.az.all.tax_exempt_interest_returns,soi,soi_income_count,state,04,132030.0,0.6203430418531242,0.00013912156130368338
1747,irs_soi.ty2022.historic_table_2.state_broad.nj.all.return_count,soi,soi_return_count,state,34,4638510.0,3.6769256840718034,0.0008246076887355469
1748,irs_soi.ty2022.historic_table_2.state_broad.mt.all.partnership_scorp_income_amount,soi,soi_income_amount,state,30,5224029876.17854,0.9726387753747577,0.00021812935083533478
1749,irs_soi.ty2022.historic_table_2.state_agi.ga.10k_to_25k.taxable_interest_amount,soi,soi_agi_band_amount,state,13,153466954.66013813,0.1667079038627655,3.738683647965138e-05
1750,irs_soi.ty2022.historic_table_2.state_broad.fl.all.ctc_claims,soi,soi_credit_count,state,12,2441080.0,2.6673905602513055,0.0005982037587466485
1751,irs_soi.ty2022.historic_table_2.state_broad.or.all.income_tax_liability_amount,soi,soi_tax_amount,state,41,24790763652.392044,2.1188182534976066,0.00047517789941637284
1752,irs_soi.ty2022.historic_table_2.state_eitc.la.la.eitc_one_child_amount,soi,soi_eitc_amount,state,22,585642932.7878425,0.32566059096977407,7.303444516029919e-05
1753,irs_soi.ty2022.historic_table_2.state_agi.mo.25k_to_50k.taxable_interest_returns,soi,soi_agi_band_count,state,29,150321.04524925025,0.6619199901832556,0.0001484458376728539
1754,irs_soi.ty2022.historic_table_2.state_broad.in.all.tax_exempt_interest_returns,soi,soi_income_count,state,18,119450.0,0.5900498179158599,0.00013232783537023095
1755,irs_soi.ty2022.historic_table_2.state_eitc.co.co.eitc_three_or_more_children_claims,soi,soi_eitc_count,state,08,37670.0,0.3313549126025253,7.431148522146789e-05
1756,irs_soi.ty2022.historic_table_2.state_broad.sd.all.limited_state_local_taxes_amount,soi,soi_deduction_amount,state,46,137290556.78915203,0.15767726795519887,3.536157612810022e-05
1757,irs_soi.ty2022.historic_table_2.state_eitc.id.id.eitc_no_children_amount,soi,soi_eitc_amount,state,16,12391026.48121901,0.047369892133492165,1.0623433983738992e-05
1758,irs_soi.ty2022.historic_table_2.state_broad.md.all.unemployment_compensation_returns,soi,soi_income_count,state,24,62780.0,0.4277659966645447,9.593316812391673e-05
1759,irs_soi.ty2022.historic_table_2.state_broad.ms.all.qualified_dividends_amount,soi,soi_income_amount,state,28,1016161641.5597659,0.42897319124207267,9.620390025612754e-05
1760,irs_soi.ty2022.historic_table_2.state_broad.sd.all.wages_salaries_returns,soi,soi_income_count,state,46,357160.0,1.0202979422998208,0.0002288176591836333
1761,irs_soi.ty2022.historic_table_2.state_broad.wv.all.taxable_interest_returns,soi,soi_income_count,state,54,212054.96132604056,0.7861760738703202,0.0001763121941848666
1762,irs_soi.ty2022.historic_table_2.state_eitc.mo.mo.eitc_claims,soi,soi_eitc_count,state,29,434870.0,1.1258365085853894,0.0002524863217280532
1763,irs_soi.ty2022.historic_table_2.state_agi.ak.75k_to_100k.taxable_interest_amount,soi,soi_agi_band_amount,state,02,27971431.548233535,0.07117149688918248,1.596131349835893e-05
1764,irs_soi.ty2022.historic_table_2.state_broad.mo.all.return_count,soi,soi_return_count,state,29,2880050.0,2.897314349869797,0.0006497677393742537
1765,irs_soi.ty2022.historic_table_2.state_eitc.sc.sc.eitc_no_children_claims,soi,soi_eitc_count,state,45,111780.0,0.5707917091404736,0.00012800890539144957
1766,irs_soi.ty2022.historic_table_2.state_broad.la.all.taxable_social_security_returns,soi,soi_income_count,state,22,274950.0,0.8952049308413907,0.0002007636086210789
1767,irs_soi.ty2022.historic_table_2.state_broad.in.all.actc_claims,soi,soi_credit_count,state,18,362210.0,1.0274857839025764,0.00023042964429302004
1768,irs_soi.ty2022.historic_table_2.state_broad.mn.all.taxable_pension_income_amount,soi,soi_income_amount,state,27,16436757126.019657,1.725269013163725,0.0003869183702991085
1769,irs_soi.ty2022.historic_table_2.state_broad.az.all.wages_salaries_returns,soi,soi_income_count,state,04,2654130.0,2.7813567627230964,0.0006237624495902885
1770,irs_soi.ty2022.historic_table_2.state_agi.mt.50k_to_75k.taxable_interest_returns,soi,soi_agi_band_count,state,30,30062.01873883083,0.29600883537543515,6.638457846500003e-05
1771,irs_soi.ty2022.historic_table_2.state_broad.wy.all.taxable_social_security_amount,soi,soi_income_amount,state,56,1096372811.6251254,0.44558224963755544,9.99287395464354e-05
1772,irs_soi.ty2022.historic_table_2.state_agi.ak.25k_to_50k.taxable_interest_amount,soi,soi_agi_band_amount,state,02,19949272.03398883,0.06010523223180931,1.3479531785559387e-05
1773,irs_soi.ty2022.historic_table_2.state_eitc.ak.ak.eitc_one_child_amount,soi,soi_eitc_amount,state,02,30089131.845036075,0.07381652253125642,1.655450157686845e-05
1774,irs_soi.ty2022.historic_table_2.state_broad.pa.all.medical_dental_expense_amount,soi,soi_deduction_amount,state,42,3356745878.951852,0.7796649043564705,0.00017485196330039706
1775,irs_soi.ty2022.historic_table_2.state_agi.il.under_1.taxable_interest_amount,soi,soi_agi_band_amount,state,17,185941740.65675706,0.18350047776791895,4.115283197306996e-05
1776,irs_soi.ty2022.historic_table_2.state_broad.in.all.wages_salaries_returns,soi,soi_income_count,state,18,2632040.0,2.7697581323941267,0.000621161276607788
1777,irs_soi.ty2022.historic_table_2.state_broad.nj.all.wages_salaries_amount,soi,soi_income_amount,state,34,389527642783.37354,8.398812667984227,0.0018835641776147629
1778,irs_soi.ty2022.historic_table_2.state_eitc.nd.nd.eitc_three_or_more_children_claims,soi,soi_eitc_count,state,38,5850.0,0.13057905962605273,2.92843820646003e-05
1779,irs_soi.ty2022.historic_table_2.state_broad.va.all.wages_salaries_amount,soi,soi_income_amount,state,51,308093900982.0552,7.4694788827591045,0.0016751466433637821
1780,irs_soi.ty2022.historic_table_2.state_eitc.wa.wa.eitc_three_or_more_children_claims,soi,soi_eitc_count,state,53,50070.0,0.38201850382492486,8.56735823783191e-05
1781,irs_soi.ty2022.historic_table_2.state_broad.md.all.taxable_social_security_returns,soi,soi_income_count,state,24,456530.0,1.153533640733569,0.0002586978337594907
1782,irs_soi.ty2022.historic_table_2.state_broad.nd.all.premium_tax_credit_returns,soi,soi_credit_count,state,38,14720.0,0.20713310174892882,4.6452814924630816e-05
1783,irs_soi.ty2022.historic_table_2.state_eitc.il.il.eitc_three_or_more_children_claims,soi,soi_eitc_count,state,17,107910.0,0.5608238182774757,0.00012577345106020986
1784,irs_soi.ty2022.historic_table_2.state_broad.dc.all.schedule_c_income_returns,soi,soi_income_count,state,11,69160.0,0.4489759684838994,0.0001006898337034984
1785,irs_soi.ty2022.historic_table_2.state_agi.dc.10k_to_25k.taxable_interest_returns,soi,soi_agi_band_count,state,11,4807.73268719371,0.11837657217005675,2.6547784743228693e-05
1786,irs_soi.ty2022.historic_table_2.state_agi.dc.200k_to_500k.taxable_interest_returns,soi,soi_agi_band_count,state,11,29098.281890372866,0.2912254178330871,6.531182279279818e-05
1787,irs_soi.ty2022.historic_table_2.state_broad.ca.all.adjusted_gross_income,soi,soi_income_amount,state,06,2226128237277.734,20.07815684376652,0.004502838493780336
1788,irs_soi.ty2022.historic_table_2.state_broad.nj.all.ordinary_dividends_returns,soi,soi_income_count,state,34,1221520.0,1.8868870101321145,0.00042316371610946724
1789,irs_soi.ty2022.historic_table_2.state_agi.ky.75k_to_100k.taxable_interest_amount,soi,soi_agi_band_amount,state,21,133315658.20739722,0.1553779309000756,3.484591408389226e-05
1790,irs_soi.ty2022.historic_table_2.state_agi.oh.500k_plus.taxable_interest_returns,soi,soi_agi_band_count,state,39,54440.18038277889,0.39834134130717136,8.93342321837119e-05
1791,irs_soi.ty2022.historic_table_2.state_eitc.wy.wy.eitc_two_children_claims,soi,soi_eitc_count,state,56,7060.0,0.14344914172973688,3.2170697853719864e-05
1792,irs_soi.ty2022.historic_table_2.state_broad.mo.all.ctc_claims,soi,soi_credit_count,state,29,686340.0,1.4143772390843836,0.0003171960616919452
1793,irs_soi.ty2022.historic_table_2.state_broad.hi.all.taxable_social_security_amount,soi,soi_income_amount,state,15,2680006494.607554,0.6966532643815997,0.00015623531383305667
1794,irs_soi.ty2022.historic_table_2.state_broad.tn.all.partnership_scorp_income_returns,soi,soi_income_count,state,47,139750.0,0.6382216198814754,0.00014313111008779444
1795,irs_soi.ty2022.historic_table_2.state_broad.ct.all.qualified_dividends_amount,soi,soi_income_amount,state,09,7871343554.8956375,1.1939143916946746,0.00026775384429124794
1796,irs_soi.ty2022.historic_table_2.state_broad.nh.all.schedule_c_income_returns,soi,soi_income_count,state,33,114710.0,0.5782241728264794,0.00012967575080208106
1797,irs_soi.ty2022.historic_table_2.state_agi.wy.50k_to_75k.taxable_interest_amount,soi,soi_agi_band_amount,state,56,32011919.923275497,0.07613855217444296,1.707525278637429e-05
1798,irs_soi.ty2022.historic_table_2.state_agi.ca.under_1.taxable_interest_amount,soi,soi_agi_band_amount,state,06,1177070981.783427,0.4616895873240132,0.00010354106017582713
1799,irs_soi.ty2022.historic_table_2.state_broad.il.all.net_capital_gains_amount,soi,soi_income_amount,state,17,42448843506.37642,2.772564668127512,0.0006217906858325885
1800,irs_soi.ty2022.historic_table_2.state_broad.co.all.tax_exempt_interest_returns,soi,soi_income_count,state,08,172150.0,0.7083519881015855,0.00015885893431298172
1801,irs_soi.ty2022.historic_table_2.state_eitc.vt.vt.eitc_no_children_amount,soi,soi_eitc_amount,state,50,4861181.184630135,0.029670144222820976,6.653990630818788e-06
1802,irs_soi.ty2022.historic_table_2.state_broad.ky.all.return_count,soi,soi_return_count,state,21,1975890.0,2.399810699377426,0.0005381948193266262
1803,irs_soi.ty2022.historic_table_2.state_agi.ak.50k_to_75k.taxable_interest_returns,soi,soi_agi_band_count,state,02,14423.19806158113,0.20503423742438226,4.5982112003673976e-05
1804,irs_soi.ty2022.historic_table_2.state_agi.ma.200k_to_500k.taxable_interest_returns,soi,soi_agi_band_count,state,25,276121.55863830296,0.8971101322026224,0.0002011908796148514
1805,irs_soi.ty2022.historic_table_2.state_broad.in.all.net_capital_gains_amount,soi,soi_income_amount,state,18,13216781924.959602,1.547075880491817,0.0003469557928889475
1806,irs_soi.ty2022.historic_table_2.state_agi.wa.1_to_10k.taxable_interest_returns,soi,soi_agi_band_count,state,53,73550.64402549648,0.46300837165303377,0.00010383681804284229
1807,irs_soi.ty2022.historic_table_2.state_broad.wi.all.taxable_pension_income_amount,soi,soi_income_amount,state,55,18509966315.143314,1.8308449540850533,0.0004105954146860402
1808,irs_soi.ty2022.historic_table_2.state_broad.tx.all.taxable_social_security_amount,soi,soi_income_amount,state,48,32317096664.34994,2.4191618320851602,0.0005425346113669343
1809,irs_soi.ty2022.historic_table_2.state_agi.co.100k_to_200k.taxable_interest_amount,soi,soi_agi_band_amount,state,08,897607278.8711891,0.4031734603079785,9.041790991432574e-05
1810,irs_soi.ty2022.historic_table_2.state_broad.wa.all.wages_salaries_amount,soi,soi_income_amount,state,53,311880795422.7049,7.515243727981182,0.0016854101206506351
1811,irs_soi.ty2022.historic_table_2.state_broad.ct.all.partnership_scorp_income_amount,soi,soi_income_amount,state,09,14162239690.76116,1.601454939854663,0.0003591511414789556
1812,irs_soi.ty2022.historic_table_2.state_broad.ut.all.tax_exempt_interest_returns,soi,soi_income_count,state,49,45510.0,0.3642076145239167,8.167921384254692e-05
1813,irs_soi.ty2022.historic_table_2.state_agi.va.1_to_10k.taxable_interest_amount,soi,soi_agi_band_amount,state,51,60303010.36193957,0.10450047143451287,2.3435853652054916e-05
1814,irs_soi.ty2022.historic_table_2.state_eitc.ms.ms.eitc_three_or_more_children_amount,soi,soi_eitc_amount,state,28,231788378.72508147,0.20487764910084102,4.594699464024244e-05
1815,irs_soi.ty2022.historic_table_2.state_agi.ne.1_to_10k.taxable_interest_amount,soi,soi_agi_band_amount,state,31,19908355.69601372,0.060043562104263974,1.3465701301696339e-05
1816,irs_soi.ty2022.historic_table_2.state_eitc.id.id.eitc_two_children_amount,soi,soi_eitc_amount,state,16,99947184.75732633,0.13453461371373823,3.0171476500053427e-05
1817,irs_soi.ty2022.historic_table_2.state_agi.co.75k_to_100k.taxable_interest_returns,soi,soi_agi_band_count,state,08,122536.94997041098,0.5976255229852688,0.00013402680488568486
1818,irs_soi.ty2022.historic_table_2.state_broad.ct.all.wages_salaries_amount,soi,soi_income_amount,state,09,153551781067.2378,5.273223542751171,0.001182602274669471
1819,irs_soi.ty2022.historic_table_2.state_broad.ak.all.partnership_scorp_income_amount,soi,soi_income_amount,state,02,2193373016.996135,0.6302386039527159,0.0001413407947864355
1820,irs_soi.ty2022.historic_table_2.state_broad.ri.all.medical_dental_expense_amount,soi,soi_deduction_amount,state,44,243127400.33596915,0.20982909447291165,4.705743316279696e-05
1821,irs_soi.ty2022.historic_table_2.state_agi.or.1_to_10k.taxable_interest_amount,soi,soi_agi_band_amount,state,41,46951497.82643698,0.09220903542014958,2.0679308235063822e-05
1822,irs_soi.ty2022.historic_table_2.state_broad.vt.all.adjusted_gross_income,soi,soi_income_amount,state,50,30417016779.403114,2.346967425571077,0.000526343894499008
1823,irs_soi.ty2022.historic_table_2.state_broad.vt.all.medical_dental_expense_returns,soi,soi_deduction_count,state,50,5990.0,0.1321323061157109,2.9632721712426753e-05
1824,irs_soi.ty2022.historic_table_2.state_broad.ca.all.ctc_amount,soi,soi_credit_amount,state,06,10894897420.597849,1.404624780523068,0.00031500892140010495
1825,irs_soi.ty2022.historic_table_2.state_broad.me.all.premium_tax_credit_returns,soi,soi_credit_count,state,23,33940.0,0.31452235776854215,7.05365233838399e-05
1826,irs_soi.ty2022.historic_table_2.state_broad.az.all.tax_exempt_interest_amount,soi,soi_income_amount,state,04,1091091500.6999476,0.4445077523586999,9.968776684429242e-05
1827,irs_soi.ty2022.historic_table_2.state_broad.va.all.taxable_pension_income_amount,soi,soi_income_amount,state,51,35074110139.53494,2.5202410662962045,0.000565203199438485
1828,irs_soi.ty2022.historic_table_2.state_broad.co.all.wages_salaries_amount,soi,soi_income_amount,state,08,216540700636.25113,6.262078709367318,0.0014043684030875347
1829,irs_soi.ty2022.historic_table_2.state_eitc.de.de.eitc_no_children_amount,soi,soi_eitc_amount,state,10,7524243.566714908,0.03691307083103904,8.27832940817202e-06
1830,irs_soi.ty2022.historic_table_2.state_broad.vt.all.medical_dental_expense_amount,soi,soi_deduction_amount,state,50,183666158.069765,0.1823741681488359,4.0900239548965216e-05
1831,irs_soi.ty2022.historic_table_2.state_broad.nv.all.tax_exempt_interest_returns,soi,soi_income_count,state,32,47810.0,0.3732974089311665,8.371774140640648e-05
1832,irs_soi.ty2022.historic_table_2.state_broad.mt.all.return_count,soi,soi_return_count,state,30,550380.0,1.2665633753811085,0.0002840465071498337
1833,irs_soi.ty2022.historic_table_2.state_agi.or.25k_to_50k.taxable_interest_amount,soi,soi_agi_band_amount,state,41,167473128.60324246,0.17414913433829088,3.9055647978984276e-05
1834,irs_soi.ty2022.historic_table_2.state_agi.dc.10k_to_25k.taxable_interest_amount,soi,soi_agi_band_amount,state,11,5879166.3127983995,0.03262921504583095,7.3176082183967155e-06
1835,irs_soi.ty2022.historic_table_2.state_broad.wv.all.premium_tax_credit_amount,soi,soi_credit_amount,state,54,220133419.54930198,0.1996603109810258,4.4776925539588654e-05
1836,irs_soi.ty2022.historic_table_2.state_broad.ne.all.premium_tax_credit_amount,soi,soi_credit_amount,state,31,588404585.6157092,0.32642752904659306,7.320644293487173e-05
1837,irs_soi.ty2022.historic_table_2.state_broad.il.all.taxable_pension_income_returns,soi,soi_income_count,state,17,1192010.0,1.8639555567587252,0.0004180209815561169
1838,irs_soi.ty2022.historic_table_2.state_agi.ks.1_to_10k.taxable_interest_amount,soi,soi_agi_band_amount,state,20,29886827.6196933,0.07356795137958436,1.6498755635699564e-05
1839,irs_soi.ty2022.historic_table_2.state_eitc.mt.mt.eitc_no_children_amount,soi,soi_eitc_amount,state,30,8930277.76508108,0.040214366986574906,9.01869634146107e-06
1840,irs_soi.ty2022.historic_table_2.state_agi.wv.200k_to_500k.taxable_interest_amount,soi,soi_agi_band_amount,state,54,112709167.49468319,0.14286583183583124,3.203988155098256e-05
1841,irs_soi.ty2022.historic_table_2.state_broad.mi.all.unemployment_compensation_returns,soi,soi_income_count,state,26,173540.0,0.7112059809168392,0.00015949898652541807
1842,irs_soi.ty2022.historic_table_2.state_broad.ut.all.unemployment_compensation_returns,soi,soi_income_count,state,49,23950.0,0.26420945943686697,5.925307455413029e-05
1843,irs_soi.ty2022.historic_table_2.state_broad.ga.all.itemized_deductions_amount,soi,soi_deduction_amount,state,13,23724929231.347847,2.0727704856048903,0.00046485097232673025
1844,irs_soi.ty2022.historic_table_2.state_broad.mi.all.actc_claims,soi,soi_credit_count,state,26,489550.0,1.1945219404537186,0.0002678900965359315
1845,irs_soi.ty2022.historic_table_2.state_eitc.ok.ok.eitc_claims,soi,soi_eitc_count,state,40,322440.0,0.969438046198203,0.00021741153760892643
1846,irs_soi.ty2022.historic_table_2.state_eitc.ne.ne.eitc_three_or_more_children_claims,soi,soi_eitc_count,state,31,19700.0,0.239623118975318,5.3739205870221574e-05
1847,irs_soi.ty2022.historic_table_2.state_broad.wa.all.partnership_scorp_income_amount,soi,soi_income_amount,state,53,25053808563.467896,2.1300295602386905,0.0004776922090690044
1848,irs_soi.ty2022.historic_table_2.state_broad.de.all.qualified_dividends_returns,soi,soi_income_count,state,10,104440.0,0.5517330948449998,0.0001237347151480152
1849,irs_soi.ty2022.historic_table_2.state_eitc.in.in.eitc_two_children_claims,soi,soi_eitc_count,state,18,113370.0,0.5748369507138202,0.00012891611363844365
1850,irs_soi.ty2022.historic_table_2.state_eitc.ca.ca.eitc_claims,soi,soi_eitc_count,state,06,2519120.0,2.7096926392199987,0.0006076906569230766
1851,irs_soi.ty2022.historic_table_2.state_agi.nc.10k_to_25k.taxable_interest_amount,soi,soi_agi_band_amount,state,37,157305418.61642802,0.16877984924214698,3.785150240909329e-05
1852,irs_soi.ty2022.historic_table_2.state_agi.mo.10k_to_25k.taxable_interest_returns,soi,soi_agi_band_count,state,29,92376.36723571514,0.5188908867765449,0.0001163693399364308
1853,irs_soi.ty2022.historic_table_2.state_agi.tx.50k_to_75k.taxable_interest_amount,soi,soi_agi_band_amount,state,48,833816150.6968715,0.3885830965105925,8.71457942387514e-05
1854,irs_soi.ty2022.historic_table_2.state_broad.ri.all.limited_state_local_taxes_returns,soi,soi_deduction_count,state,44,46070.0,0.36644154855000904,8.218020824176026e-05
1855,irs_soi.ty2022.historic_table_2.state_broad.pa.all.income_tax_before_credits_returns,soi,soi_tax_count,state,42,5034800.0,3.830775625294661,0.0008591109274040504
1856,irs_soi.ty2022.historic_table_2.state_eitc.nv.nv.eitc_two_children_claims,soi,soi_eitc_count,state,32,56460.0,0.40566360011736396,9.09763624394178e-05
1857,irs_soi.ty2022.historic_table_2.state_broad.ny.all.limited_state_local_taxes_returns,soi,soi_deduction_count,state,36,996860.0,1.7045615530537626,0.0003822744007745599
1858,irs_soi.ty2022.historic_table_2.state_broad.al.all.qualified_dividends_amount,soi,soi_income_amount,state,01,2471096701.0337358,0.6689499470341195,0.00015002241467461751
1859,irs_soi.ty2022.historic_table_2.state_broad.or.all.qualified_dividends_returns,soi,soi_income_count,state,41,418750.0,1.1047729029792914,0.0002477624810449185
1860,irs_soi.ty2022.historic_table_2.state_broad.pa.all.partnership_scorp_income_amount,soi,soi_income_amount,state,42,35420961410.90927,2.532671863531215,0.0005679909987735401
1861,irs_soi.ty2022.historic_table_2.state_broad.ut.all.taxable_income_amount,soi,soi_tax_amount,state,49,121233784046.36523,4.685550076064117,0.0010508073729679562
1862,irs_soi.ty2022.historic_table_2.state_eitc.ma.ma.eitc_two_children_amount,soi,soi_eitc_amount,state,25,305001867.8318791,0.23501739208036249,5.2706300085302195e-05
1863,irs_soi.ty2022.historic_table_2.state_broad.nj.all.taxable_interest_returns,soi,soi_income_count,state,34,1660715.7178848032,2.200104207974665,0.0004934075371102636
1864,irs_soi.ty2022.historic_table_2.state_agi.mt.25k_to_50k.taxable_interest_amount,soi,soi_agi_band_amount,state,30,62837266.04527286,0.1066737085779723,2.39232358326917e-05
1865,irs_soi.ty2022.historic_table_2.state_broad.nh.all.taxable_social_security_amount,soi,soi_income_amount,state,33,3090029594.1166,0.7480490446653347,0.00016776161575809257
1866,irs_soi.ty2022.historic_table_2.state_broad.ms.all.adjusted_gross_income,soi,soi_income_amount,state,28,88478859536.1038,4.002842583251356,0.0008976996149924548
1867,irs_soi.ty2022.historic_table_2.state_broad.al.all.wages_salaries_returns,soi,soi_income_count,state,01,1734650.0,2.2485447430007177,0.0005042710793901588
1868,irs_soi.ty2022.historic_table_2.state_agi.ar.1_to_10k.taxable_interest_returns,soi,soi_agi_band_count,state,05,21881.20708203424,0.2525406196687183,5.663615601451409e-05
1869,irs_soi.ty2022.historic_table_2.state_eitc.ut.ut.eitc_no_children_amount,soi,soi_eitc_amount,state,49,18716499.854904592,0.058218507935384786,1.3056404560525855e-05
1870,irs_soi.ty2022.historic_table_2.state_broad.wv.all.actc_claims,soi,soi_credit_count,state,54,88340.0,0.5074278517036656,0.00011379857629595549
1871,irs_soi.ty2022.historic_table_2.state_agi.wa.75k_to_100k.taxable_interest_returns,soi,soi_agi_band_count,state,53,170296.6817445608,0.7045287115054423,0.0001580015051593277
1872,irs_soi.ty2022.historic_table_2.state_agi.nh.25k_to_50k.taxable_interest_amount,soi,soi_agi_band_amount,state,33,52209247.25623842,0.09723496653546906,2.1806451342334394e-05
1873,irs_soi.ty2022.historic_table_2.state_broad.ny.all.medical_dental_expense_returns,soi,soi_deduction_count,state,36,198190.0,0.7600400405774443,0.0001704507828162019
1874,irs_soi.ty2022.historic_table_2.state_broad.mi.all.ordinary_dividends_returns,soi,soi_income_count,state,26,970040.0,1.6814750404948575,0.0003770968917907283
1875,irs_soi.ty2022.historic_table_2.state_broad.ri.all.itemized_deductions_amount,soi,soi_deduction_amount,state,44,1753536390.751852,0.5635158614812116,0.00012637718355712303
1876,irs_soi.ty2022.historic_table_2.state_broad.mo.all.wages_salaries_returns,soi,soi_income_count,state,29,2289020.0,2.582976156891882,0.0005792725178048625
1877,irs_soi.ty2022.historic_table_2.state_eitc.ri.ri.eitc_two_children_amount,soi,soi_eitc_amount,state,44,68255958.16833517,0.11117804604327385,2.4933403463394e-05
1878,irs_soi.ty2022.historic_table_2.state_agi.nc.500k_plus.taxable_interest_returns,soi,soi_agi_band_count,state,37,62675.74981505604,0.42741068276895844,9.585348346466886e-05
1879,irs_soi.ty2022.historic_table_2.state_broad.nh.all.medical_dental_expense_returns,soi,soi_deduction_count,state,33,15610.0,0.21330304496052924,4.78365205114441e-05
1880,irs_soi.ty2022.historic_table_2.state_broad.wv.all.ordinary_dividends_amount,soi,soi_income_amount,state,54,792485688.0381662,0.3788300899600344,8.495853105181306e-05
1881,irs_soi.ty2022.historic_table_2.state_eitc.id.id.eitc_three_or_more_children_amount,soi,soi_eitc_amount,state,16,81724757.47730578,0.12165377038666536,2.7282747339462966e-05
1882,irs_soi.ty2022.historic_table_2.state_broad.me.all.unemployment_compensation_amount,soi,soi_income_amount,state,23,110774208.25773324,0.14163418262193445,3.176366508677606e-05
1883,irs_soi.ty2022.historic_table_2.state_broad.id.all.actc_claims,soi,soi_credit_count,state,16,94130.0,0.5237929310004172,0.00011746869948428285
1884,irs_soi.ty2022.historic_table_2.state_broad.ca.all.wages_salaries_amount,soi,soi_income_amount,state,06,1495283173133.4614,16.45547701656209,0.003690396280906501
1885,irs_soi.ty2022.historic_table_2.state_agi.il.500k_plus.taxable_interest_amount,soi,soi_agi_band_amount,state,17,7199815281.807607,1.1418509837637039,0.0002560778164978031
1886,irs_soi.ty2022.historic_table_2.state_agi.il.500k_plus.taxable_interest_returns,soi,soi_agi_band_count,state,17,93646.74762686426,0.522446655153083,0.0001171667762173319
1887,irs_soi.ty2022.historic_table_2.state_eitc.sd.sd.eitc_three_or_more_children_amount,soi,soi_eitc_amount,state,46,38730360.34862036,0.08374801498451145,1.8781792999441905e-05
1888,irs_soi.ty2022.historic_table_2.state_eitc.ia.ia.eitc_two_children_claims,soi,soi_eitc_count,state,19,41250.0,0.3467429023741331,7.77624809092023e-05
1889,irs_soi.ty2022.historic_table_2.state_broad.mt.all.partnership_scorp_income_returns,soi,soi_income_count,state,30,52840.0,0.392443380542418,8.8011522884597e-05
1890,irs_soi.ty2022.historic_table_2.state_agi.md.under_1.taxable_interest_amount,soi,soi_agi_band_amount,state,24,84970447.6186831,0.1240459833617724,2.7819238251126353e-05
1891,irs_soi.ty2022.historic_table_2.state_broad.sd.all.premium_tax_credit_amount,soi,soi_credit_amount,state,46,266235656.4120653,0.2195744799618463,4.9242987208308204e-05
1892,irs_soi.ty2022.historic_table_2.state_broad.ma.all.actc_claims,soi,soi_credit_count,state,25,225900.0,0.8114349676789484,0.00018197689340187226
1893,irs_soi.ty2022.historic_table_2.state_broad.il.all.ordinary_dividends_amount,soi,soi_income_amount,state,17,17400548194.98769,1.775130224310554,0.00039810052126273916
1894,irs_soi.ty2022.historic_table_2.state_broad.wv.all.premium_tax_credit_returns,soi,soi_credit_count,state,54,16070.0,0.216423064383022,4.8536233322050236e-05
1895,irs_soi.ty2022.historic_table_2.state_broad.ri.all.ordinary_dividends_amount,soi,soi_income_amount,state,44,1263946320.1129527,0.4784241215734088,0.00010729403937506364
1896,irs_soi.ty2022.historic_table_2.state_broad.ny.all.income_tax_before_credits_amount,soi,soi_tax_amount,state,36,199299036709.5288,6.007604764167131,0.0013472986687972934
1897,irs_soi.ty2022.historic_table_2.state_broad.nm.all.income_tax_before_credits_returns,soi,soi_tax_count,state,35,752800.0,1.481274030286904,0.0003321987060522324
1898,irs_soi.ty2022.historic_table_2.state_eitc.md.md.eitc_amount,soi,soi_eitc_amount,state,24,1011511085.4183971,0.427990448143507,9.598350485389258e-05
1899,irs_soi.ty2022.historic_table_2.state_broad.al.all.taxable_social_security_returns,soi,soi_income_count,state,01,358930.0,1.0228229947248688,0.00022938394140499413
1900,irs_soi.ty2022.historic_table_2.state_agi.ca.100k_to_200k.taxable_interest_amount,soi,soi_agi_band_amount,state,06,5414392515.196896,0.9902015950237876,0.00022206808589903288
1901,irs_soi.ty2022.historic_table_2.state_broad.wa.all.income_tax_liability_amount,soi,soi_tax_amount,state,53,68875522936.54782,3.531678877057725,0.000792033836523374
1902,irs_soi.ty2022.historic_table_2.state_broad.nj.all.actc_claims,soi,soi_credit_count,state,34,410620.0,1.0939957956732513,0.0002453455473588812
1903,irs_soi.ty2022.historic_table_2.state_broad.nm.all.limited_state_local_taxes_amount,soi,soi_deduction_amount,state,35,465474623.5314636,0.29033323815022316,6.511173764301932e-05
1904,irs_soi.ty2022.historic_table_2.state_broad.va.all.taxable_social_security_returns,soi,soi_income_count,state,51,658980.0,1.385899444301559,0.000310809473940695
1905,irs_soi.ty2022.historic_table_2.state_broad.ga.all.ordinary_dividends_returns,soi,soi_income_count,state,13,826120.0,1.5517336275887703,0.00034800036501205883
1906,irs_soi.ty2022.historic_table_2.state_agi.nh.500k_plus.taxable_interest_returns,soi,soi_agi_band_count,state,33,11805.776393610067,0.18549955847993307,4.1601156869238184e-05
1907,irs_soi.ty2022.historic_table_2.state_broad.ri.all.net_capital_gains_amount,soi,soi_income_amount,state,44,3442815566.046741,0.7895972592040107,0.00017707944812828227
1908,irs_soi.ty2022.historic_table_2.state_agi.sd.200k_to_500k.taxable_interest_amount,soi,soi_agi_band_amount,state,46,169687725.39614522,0.1752967915540688,3.9313027933184304e-05
1909,irs_soi.ty2022.historic_table_2.state_broad.al.all.unemployment_compensation_amount,soi,soi_income_amount,state,01,120302750.7733542,0.1476000593515785,3.310160559577898e-05
1910,irs_soi.ty2022.historic_table_2.state_broad.va.all.ctc_amount,soi,soi_credit_amount,state,51,2569033985.1122823,0.6820774284964053,0.0001529664562674154
1911,irs_soi.ty2022.historic_table_2.state_broad.mn.all.taxable_pension_income_returns,soi,soi_income_count,state,27,567620.0,1.286247217612652,0.0002884609144679641
1912,irs_soi.ty2022.historic_table_2.state_broad.vt.all.schedule_c_income_returns,soi,soi_income_count,state,50,60860.0,0.42117402353086375,9.445481577278846e-05
1913,irs_soi.ty2022.historic_table_2.state_broad.ri.all.limited_state_local_taxes_amount,soi,soi_deduction_amount,state,44,435611801.5733359,0.28086561363090584,6.298847580868038e-05
1914,irs_soi.ty2022.historic_table_2.state_agi.fl.200k_to_500k.taxable_interest_amount,soi,soi_agi_band_amount,state,12,5090485997.43032,0.9601263235662815,0.00021532323919405281
1915,irs_soi.ty2022.historic_table_2.state_broad.ga.all.net_capital_gains_returns,soi,soi_income_count,state,13,754708.5187808645,1.4831505245600347,0.000332619539035666
1916,irs_soi.ty2022.historic_table_2.state_broad.va.all.ctc_claims,soi,soi_credit_count,state,51,1012590.0,1.7179575195566725,0.0003852786543073946
1917,irs_soi.ty2022.historic_table_2.state_agi.or.50k_to_75k.taxable_interest_amount,soi,soi_agi_band_amount,state,41,191248078.23790392,0.1861003942364601,4.173590361885178e-05
1918,irs_soi.ty2022.historic_table_2.state_agi.sc.1_to_10k.taxable_interest_returns,soi,soi_agi_band_count,state,45,38253.781950723525,0.3339125888021844,7.488508383094514e-05
1919,irs_soi.ty2022.historic_table_2.state_broad.ak.all.actc_claims,soi,soi_credit_count,state,02,30510.0,0.29820622666840213,6.68773775887872e-05
1920,irs_soi.ty2022.historic_table_2.state_eitc.hi.hi.eitc_two_children_claims,soi,soi_eitc_count,state,15,18460.0,0.2319591197422052,5.202043501731447e-05
1921,irs_soi.ty2022.historic_table_2.state_broad.fl.all.taxable_pension_income_returns,soi,soi_income_count,state,12,2103450.0,2.476063055140488,0.0005552955943351622
1922,irs_soi.ty2022.historic_table_2.state_broad.va.all.income_tax_before_credits_returns,soi,soi_tax_count,state,51,3417720.0,3.1561951167791342,0.000707825771872423
1923,irs_soi.ty2022.historic_table_2.state_agi.mn.50k_to_75k.taxable_interest_returns,soi,soi_agi_band_count,state,27,160790.73192113452,0.6845829991198968,0.00015352836939221728
1924,irs_soi.ty2022.historic_table_2.state_broad.la.all.itemized_deductions_amount,soi,soi_deduction_amount,state,22,5669871556.847717,1.0132937491399268,0.00022724686008968978
1925,irs_soi.ty2022.historic_table_2.state_broad.ks.all.actc_amount,soi,soi_credit_amount,state,20,321805937.1078107,0.2414047322869335,5.413876032449731e-05
1926,irs_soi.ty2022.historic_table_2.state_broad.ia.all.rental_royalty_income_returns,soi,soi_income_count,state,19,115080.0,0.5791559603865354,0.00012988471863344591
1927,irs_soi.ty2022.historic_table_2.state_broad.ms.all.itemized_deductions_amount,soi,soi_deduction_amount,state,28,3449203550.867682,0.7903294502959722,0.0001772436533518664
1928,irs_soi.ty2022.historic_table_2.state_broad.nj.all.adjusted_gross_income,soi,soi_income_amount,state,34,564671355741.034,10.112222854518949,0.002267823021870139
1929,irs_soi.ty2022.historic_table_2.state_broad.nm.all.ordinary_dividends_amount,soi,soi_income_amount,state,35,1560945556.64688,0.5316705822642057,0.00011923538512316791
1930,irs_soi.ty2022.historic_table_2.state_broad.nj.all.wages_salaries_returns,soi,soi_income_count,state,34,3743450.0,3.3031752973469164,0.0007407883600239777
1931,irs_soi.ty2022.historic_table_2.state_eitc.tx.tx.eitc_one_child_amount,soi,soi_eitc_amount,state,48,2675773827.514783,0.6961029174830015,0.00015611188999394517
1932,irs_soi.ty2022.historic_table_2.state_broad.mo.all.taxable_income_amount,soi,soi_tax_amount,state,29,191852321084.26965,5.894300623261958,0.0013218884555420403
1933,irs_soi.ty2022.historic_table_2.state_broad.sc.all.taxable_ira_distributions_amount,soi,soi_income_amount,state,45,8197256680.347042,1.2183807267868922,0.0002732407999073542
1934,irs_soi.ty2022.historic_table_2.state_broad.la.all.income_tax_before_credits_amount,soi,soi_tax_amount,state,22,21110176167.696182,1.9552157276595088,0.00043848749218647874
1935,irs_soi.ty2022.historic_table_2.state_broad.va.all.unemployment_compensation_amount,soi,soi_income_amount,state,51,275030372.31419635,0.22317167941558652,5.0049715051712605e-05
1936,irs_soi.ty2022.historic_table_2.state_eitc.co.co.eitc_amount,soi,soi_eitc_amount,state,08,737096903.3903373,0.36535162773460933,8.193577657201376e-05
1937,irs_soi.ty2022.historic_table_2.state_broad.ar.all.medical_dental_expense_amount,soi,soi_deduction_amount,state,05,483247792.07559186,0.29582419572960106,6.63431701568964e-05
1938,irs_soi.ty2022.historic_table_2.state_broad.ne.all.medical_dental_expense_amount,soi,soi_deduction_amount,state,31,549352685.972323,0.31540921633244534,7.073541519005278e-05
1939,irs_soi.ty2022.historic_table_2.state_broad.al.all.actc_claims,soi,soi_credit_count,state,01,330180.0,0.9810044676600311,0.00022000548725275424
1940,irs_soi.ty2022.historic_table_2.state_agi.hi.1_to_10k.taxable_interest_returns,soi,soi_agi_band_count,state,15,18869.529430603103,0.2345179766442886,5.2594298417647145e-05
1941,irs_soi.ty2022.historic_table_2.state_broad.in.all.itemized_deductions_amount,soi,soi_deduction_amount,state,18,7879212865.022589,1.1945110455890804,0.0002678876531933349
1942,irs_soi.ty2022.historic_table_2.state_agi.nh.10k_to_25k.taxable_interest_amount,soi,soi_agi_band_amount,state,33,28106966.917776085,0.07134371900311202,1.599993698208388e-05
1943,irs_soi.ty2022.historic_table_2.state_agi.ca.25k_to_50k.taxable_interest_returns,soi,soi_agi_band_count,state,06,860945.5523258458,1.584103111580412,0.00035525972450782957
1944,irs_soi.ty2022.historic_table_2.state_broad.nc.all.taxable_pension_income_amount,soi,soi_income_amount,state,37,29628463505.736477,2.3163453942648933,0.0005194764284065695
1945,irs_soi.ty2022.historic_table_2.state_broad.nd.all.ordinary_dividends_amount,soi,soi_income_amount,state,38,687911474.4049416,0.3529514984413586,7.915485499918336e-05
1946,irs_soi.ty2022.historic_table_2.state_broad.mt.all.net_capital_gains_returns,soi,soi_income_count,state,30,121426.96673488514,0.5949126132091831,0.00013341839273585626
1947,irs_soi.ty2022.historic_table_2.state_agi.ny.50k_to_75k.taxable_interest_amount,soi,soi_agi_band_amount,state,36,807197515.5729402,0.3823302506241529,8.574349643959472e-05
1948,irs_soi.ty2022.historic_table_2.state_eitc.md.md.eitc_one_child_amount,soi,soi_eitc_amount,state,24,374703072.3076982,0.26049079443757206,5.84191061757282e-05
1949,irs_soi.ty2022.historic_table_2.state_agi.nm.200k_to_500k.taxable_interest_returns,soi,soi_agi_band_count,state,35,30040.115628638603,0.29590098008478044,6.63603902410362e-05
1950,irs_soi.ty2022.historic_table_2.state_agi.pa.500k_plus.taxable_interest_returns,soi,soi_agi_band_count,state,42,81665.74635171639,0.48788287164327826,0.00010941531097629026
1951,irs_soi.ty2022.historic_table_2.state_broad.ny.all.wages_salaries_amount,soi,soi_income_amount,state,36,731878945182.9071,11.512466513616898,0.0025818494087501455
1952,irs_soi.ty2022.historic_table_2.state_eitc.ut.ut.eitc_one_child_amount,soi,soi_eitc_amount,state,49,131786297.01499026,0.154484133344724,3.4645466101081855e-05
1953,irs_soi.ty2022.historic_table_2.state_agi.wv.500k_plus.taxable_interest_returns,soi,soi_agi_band_count,state,54,4336.815818060841,0.11242971060708962,2.521410868066598e-05
1954,irs_soi.ty2022.historic_table_2.state_agi.co.1_to_10k.taxable_interest_amount,soi,soi_agi_band_amount,state,08,55907061.30073885,0.10061948393008478,2.256548193094523e-05
1955,irs_soi.ty2022.historic_table_2.state_broad.sc.all.medical_dental_expense_returns,soi,soi_deduction_count,state,45,54430.0,0.39830409439776177,8.932587898581785e-05
1956,irs_soi.ty2022.historic_table_2.state_broad.ne.all.wages_salaries_returns,soi,soi_income_count,state,31,780910.0,1.5086763964381729,0.0003383441122310323
1957,irs_soi.ty2022.historic_table_2.state_eitc.me.me.eitc_one_child_claims,soi,soi_eitc_count,state,23,27790.0,0.2846032643284168,6.382670202476269e-05
1958,irs_soi.ty2022.historic_table_2.state_eitc.sd.sd.eitc_claims,soi,soi_eitc_count,state,46,52530.0,0.39129050007966076,8.77529715361428e-05
1959,irs_soi.ty2022.historic_table_2.state_broad.in.all.schedule_c_income_amount,soi,soi_income_amount,state,18,6971785281.700457,1.1236233477307116,0.000251989986035145
1960,irs_soi.ty2022.historic_table_2.state_agi.ar.500k_plus.taxable_interest_amount,soi,soi_agi_band_amount,state,05,790281167.0913563,0.37830281200182064,8.484028078085235e-05
1961,irs_soi.ty2022.historic_table_2.state_agi.oh.1_to_10k.taxable_interest_amount,soi,soi_agi_band_amount,state,39,71803058.6040685,0.11403028910288762,2.5573063265953715e-05
1962,irs_soi.ty2022.historic_table_2.state_broad.la.all.taxable_ira_distributions_returns,soi,soi_income_count,state,22,174020.0,0.7121888757508026,0.0001597194159566725
1963,irs_soi.ty2022.historic_table_2.state_broad.ks.all.limited_state_local_taxes_amount,soi,soi_deduction_amount,state,20,821186711.2204328,0.38562902082406675,8.648329688810647e-05
1964,irs_soi.ty2022.historic_table_2.state_agi.al.under_1.taxable_interest_amount,soi,soi_agi_band_amount,state,01,51945848.33052366,0.09698937814038416,2.1751374330653547e-05
1965,irs_soi.ty2022.historic_table_2.state_broad.de.all.income_tax_before_credits_amount,soi,soi_tax_amount,state,10,6471752466.230504,1.0825792588254466,0.00024278521166751438
1966,irs_soi.ty2022.historic_table_2.state_broad.ar.all.limited_state_local_taxes_amount,soi,soi_deduction_amount,state,05,590023485.5492861,0.3268762768373325,7.330708159617235e-05
1967,irs_soi.ty2022.historic_table_2.state_eitc.wi.wi.eitc_no_children_amount,soi,soi_eitc_amount,state,55,37010629.277311936,0.0818675866006993,1.8360077730589662e-05
1968,irs_soi.ty2022.historic_table_2.state_agi.tx.under_1.taxable_interest_returns,soi,soi_agi_band_count,state,48,56148.62297777255,0.40454343573842416,9.072514818085314e-05
1969,irs_soi.ty2022.historic_table_2.state_broad.ri.all.income_tax_liability_amount,soi,soi_tax_amount,state,44,7124576945.396854,1.1358691225136366,0.00025473629121184943
1970,irs_soi.ty2022.historic_table_2.state_broad.wa.all.ordinary_dividends_returns,soi,soi_income_count,state,53,942770.0,1.6576715381762788,0.00037175858671816074
1971,irs_soi.ty2022.historic_table_2.state_agi.ny.200k_to_500k.taxable_interest_amount,soi,soi_agi_band_amount,state,36,3656304419.6246815,0.8137105128086682,0.00018248721973731065
1972,irs_soi.ty2022.historic_table_2.state_eitc.ga.ga.eitc_three_or_more_children_claims,soi,soi_eitc_count,state,13,133120.0,0.6228984613586179,0.00013969465381444672
1973,irs_soi.ty2022.historic_table_2.state_broad.mt.all.taxable_ira_distributions_amount,soi,soi_income_amount,state,30,1745207738.7752352,0.5621760222607073,0.000126076703803702
1974,irs_soi.ty2022.historic_table_2.state_broad.nd.all.medical_dental_expense_amount,soi,soi_deduction_amount,state,38,213776576.48832217,0.19675637478655986,4.41256727487239e-05
1975,irs_soi.ty2022.historic_table_2.state_broad.ne.all.real_estate_taxes_claims,soi,soi_deduction_count,state,31,47700.0,0.3728677251704653,8.362137814991372e-05
1976,irs_soi.ty2022.historic_table_2.state_broad.va.all.medical_dental_expense_returns,soi,soi_deduction_count,state,51,131820.0,0.619849502956677,0.00013901087754130455
1977,irs_soi.ty2022.historic_table_2.state_agi.la.100k_to_200k.taxable_interest_returns,soi,soi_agi_band_count,state,22,146575.61340637953,0.6536217024526338,0.00014658481777363397
1978,irs_soi.ty2022.historic_table_2.state_agi.sc.under_1.taxable_interest_amount,soi,soi_agi_band_amount,state,45,49674991.572905146,0.0948457017761536,2.1270621613849205e-05
1979,irs_soi.ty2022.historic_table_2.state_broad.ms.all.premium_tax_credit_returns,soi,soi_credit_count,state,28,89080.0,0.5095487116119171,0.00011427421206815812
1980,irs_soi.ty2022.historic_table_2.state_broad.ga.all.schedule_c_income_amount,soi,soi_income_amount,state,13,8810010865.378918,1.263097789930071,0.00028326929579055194
1981,irs_soi.ty2022.historic_table_2.state_broad.mn.all.taxable_interest_returns,soi,soi_income_count,state,27,1123191.4906573733,1.8093496715761852,0.00040577476375334943
1982,irs_soi.ty2022.historic_table_2.state_broad.oh.all.net_capital_gains_amount,soi,soi_income_amount,state,39,22901963686.71696,2.03650328089535,0.00045671748842685575
1983,irs_soi.ty2022.historic_table_2.state_broad.or.all.taxable_income_returns,soi,soi_tax_count,state,41,1671860.0,2.2074737974779794,0.0004950602820089661
1984,irs_soi.ty2022.historic_table_2.state_agi.sd.1_to_10k.taxable_interest_returns,soi,soi_agi_band_count,state,46,9462.143603041835,0.16606968850801873,3.724370677461734e-05
1985,irs_soi.ty2022.historic_table_2.state_broad.mn.all.taxable_social_security_returns,soi,soi_income_count,state,27,490910.0,1.1961800173903696,0.0002682619460395536
1986,irs_soi.ty2022.historic_table_2.state_broad.oh.all.schedule_c_income_returns,soi,soi_income_count,state,39,889990.0,1.6106017516690967,0.0003612024560818786
1987,irs_soi.ty2022.historic_table_2.state_broad.pa.all.rental_royalty_income_amount,soi,soi_income_amount,state,42,5168001373.979104,0.9674088664726938,0.00021695646254153258
1988,irs_soi.ty2022.historic_table_2.state_broad.hi.all.schedule_c_income_amount,soi,soi_income_amount,state,15,2394964710.6626005,0.65856449423505,0.00014769331559431488
1989,irs_soi.ty2022.historic_table_2.state_broad.al.all.wages_salaries_amount,soi,soi_income_amount,state,01,117820648681.67218,4.619122266060937,0.001035909904925081
1990,irs_soi.ty2022.historic_table_2.state_broad.ne.all.taxable_social_security_returns,soi,soi_income_count,state,31,153600.0,0.6691002797927749,0.00015005612913047205
1991,irs_soi.ty2022.historic_table_2.state_broad.nd.all.partnership_scorp_income_amount,soi,soi_income_amount,state,38,3707188979.521366,0.819353127815245,0.00018375266378453577
1992,irs_soi.ty2022.historic_table_2.state_agi.al.25k_to_50k.taxable_interest_amount,soi,soi_agi_band_amount,state,01,138875165.62976506,0.15858461354093464,3.556506246713044e-05
1993,irs_soi.ty2022.historic_table_2.state_agi.wy.100k_to_200k.taxable_interest_amount,soi,soi_agi_band_amount,state,56,103894253.93217078,0.1371653820888631,3.0761467165028733e-05
1994,irs_soi.ty2022.historic_table_2.state_broad.ak.all.partnership_scorp_income_returns,soi,soi_income_count,state,02,19940.0,0.24107833347921112,5.4065560322765445e-05
1995,irs_soi.ty2022.historic_table_2.state_broad.ok.all.ctc_claims,soi,soi_credit_count,state,40,448980.0,1.1439554229810853,0.0002565497696750584
1996,irs_soi.ty2022.historic_table_2.state_broad.sd.all.partnership_scorp_income_amount,soi,soi_income_amount,state,46,5226666050.25723,0.9728841531577964,0.00021818438061399338
1997,irs_soi.ty2022.historic_table_2.state_broad.or.all.income_tax_before_credits_returns,soi,soi_tax_count,state,41,1663450.0,2.2019146416998203,0.0004938135549898677
1998,irs_soi.ty2022.historic_table_2.state_broad.id.all.taxable_social_security_returns,soi,soi_income_count,state,16,148540.0,0.6579870002790513,0.00014756380360597698
1999,irs_soi.ty2022.historic_table_2.state_agi.ks.50k_to_75k.taxable_interest_returns,soi,soi_agi_band_count,state,20,75280.98973068237,0.46842305668128015,0.00010505114525258582
2000,irs_soi.ty2022.historic_table_2.state_broad.ne.all.taxable_interest_returns,soi,soi_income_count,state,31,355377.9628688745,1.0177493891783158,0.00022824610656611702
2001,irs_soi.ty2022.historic_table_2.state_broad.nj.all.taxable_social_security_returns,soi,soi_income_count,state,34,715330.0,1.4439389222313477,0.0003238257282420605
2002,irs_soi.ty2022.historic_table_2.state_broad.me.all.limited_state_local_taxes_amount,soi,soi_deduction_amount,state,23,388857523.3532426,0.26536522276943986,5.951227243091273e-05
2003,irs_soi.ty2022.historic_table_2.state_broad.tn.all.income_tax_liability_amount,soi,soi_tax_amount,state,47,39334518118.98765,2.6689207012847085,0.000598546916637073
2004,irs_soi.ty2022.historic_table_2.state_broad.hi.all.ctc_amount,soi,soi_credit_amount,state,15,394486141.53060645,0.2672788713137939,5.9941437836688476e-05
2005,irs_soi.ty2022.historic_table_2.state_eitc.wa.wa.eitc_amount,soi,soi_eitc_amount,state,53,900881401.7914122,0.4039081011363138,9.058266452933703e-05
2006,irs_soi.ty2022.historic_table_2.state_eitc.pa.pa.eitc_claims,soi,soi_eitc_count,state,42,812680.0,1.5390594278172505,0.0003451579788780557
2007,irs_soi.ty2022.historic_table_2.state_broad.ms.all.tax_exempt_interest_amount,soi,soi_income_amount,state,28,167712431.38870183,0.17427351099725658,3.9083541376375104e-05
2008,irs_soi.ty2022.historic_table_2.state_agi.nj.75k_to_100k.taxable_interest_returns,soi,soi_agi_band_count,state,34,183865.6585086451,0.7320587136626341,0.00016417553569469256
2009,irs_soi.ty2022.historic_table_2.state_broad.wv.all.real_estate_taxes_claims,soi,soi_deduction_count,state,54,21360.0,0.24951475223568478,5.595755824976111e-05
2010,irs_soi.ty2022.historic_table_2.state_eitc.mn.mn.eitc_no_children_claims,soi,soi_eitc_count,state,27,89410.0,0.5104916597047784,0.000114485682822332
2011,irs_soi.ty2022.historic_table_2.state_eitc.nm.nm.eitc_no_children_claims,soi,soi_eitc_count,state,35,51570.0,0.38769854339418613,8.694741946494419e-05
2012,irs_soi.ty2022.historic_table_2.state_broad.pa.all.wages_salaries_returns,soi,soi_income_count,state,42,5018740.0,3.824661043200648,0.0008577396374076357
2013,irs_soi.ty2022.historic_table_2.state_broad.nc.all.premium_tax_credit_returns,soi,soi_credit_count,state,37,377140.0,1.04844801550767,0.00023513075028205204
2014,irs_soi.ty2022.historic_table_2.state_broad.hi.all.net_capital_gains_returns,soi,soi_income_count,state,15,137502.93707872916,0.6330697922087172,0.00014197573272229584
2015,irs_soi.ty2022.historic_table_2.state_broad.nd.all.taxable_pension_income_returns,soi,soi_income_count,state,38,64040.0,0.4320373218393249,9.689107912969835e-05
2016,irs_soi.ty2022.historic_table_2.state_broad.mt.all.wages_salaries_returns,soi,soi_income_count,state,30,427590.0,1.116373126566065,0.0002503640113402254
2017,irs_soi.ty2022.historic_table_2.state_broad.sc.all.taxable_pension_income_returns,soi,soi_income_count,state,45,543130.0,1.2581936806301506,0.00028216947311732464
2018,irs_soi.ty2022.historic_table_2.state_agi.ut.75k_to_100k.taxable_interest_amount,soi,soi_agi_band_amount,state,49,132259505.23341472,0.15476123975640763,3.4707611517471994e-05
2019,irs_soi.ty2022.historic_table_2.state_agi.sc.25k_to_50k.taxable_interest_amount,soi,soi_agi_band_amount,state,45,139749752.353983,0.15908318474817779,3.5676874803359e-05
2020,irs_soi.ty2022.historic_table_2.state_agi.co.100k_to_200k.taxable_interest_returns,soi,soi_agi_band_count,state,08,299349.80699715915,0.9340821971873352,0.00020948243937818687
2021,irs_soi.ty2022.historic_table_2.state_broad.wi.all.income_tax_liability_amount,soi,soi_tax_amount,state,55,34674400945.06985,2.5058394178245544,0.0005619734061055291
2022,irs_soi.ty2022.historic_table_2.state_broad.nj.all.partnership_scorp_income_returns,soi,soi_income_count,state,34,284310.0,0.9103149419312296,0.00020415226327230986
2023,irs_soi.ty2022.historic_table_2.state_broad.dc.all.adjusted_gross_income,soi,soi_income_amount,state,11,52460299980.509674,3.0822235760877676,0.0006912365050656577
2024,irs_soi.ty2022.historic_table_2.state_agi.mn.1_to_10k.taxable_interest_returns,soi,soi_agi_band_count,state,27,65052.237270912614,0.4354383968001774,9.76538230096832e-05
2025,irs_soi.ty2022.historic_table_2.state_broad.nd.all.tax_exempt_interest_returns,soi,soi_income_count,state,38,18230.0,0.23050955799668404,5.1695348283625036e-05
2026,irs_soi.ty2022.historic_table_2.state_broad.ct.all.income_tax_before_credits_returns,soi,soi_tax_count,state,09,1496450.0,2.0884626315939303,0.00046837017976988796
2027,irs_soi.ty2022.historic_table_2.state_broad.ky.all.rental_royalty_income_amount,soi,soi_income_amount,state,21,545967000.4364963,0.31443577351383206,7.05171055200341e-05
2028,irs_soi.ty2022.historic_table_2.state_broad.nc.all.premium_tax_credit_amount,soi,soi_credit_amount,state,37,3285463866.3055987,0.7713422153135315,0.00017298547102792813
2029,irs_soi.ty2022.historic_table_2.state_broad.wy.all.taxable_interest_returns,soi,soi_income_count,state,56,109592.21184680513,0.5651782621946794,0.00012675000273484625
2030,irs_soi.ty2022.historic_table_2.state_agi.wi.75k_to_100k.taxable_interest_amount,soi,soi_agi_band_amount,state,55,291500778.09029,0.22975692620162658,5.1526558914919616e-05
2031,irs_soi.ty2022.historic_table_2.state_broad.vt.all.premium_tax_credit_amount,soi,soi_credit_amount,state,50,129203899.54309064,0.15296306033175733,3.4304341855070045e-05
2032,irs_soi.ty2022.historic_table_2.state_broad.ks.all.rental_royalty_income_amount,soi,soi_income_amount,state,20,1005294285.6042665,0.4266731952550438,9.568809043620629e-05
2033,irs_soi.ty2022.historic_table_2.state_broad.vt.all.qualified_dividends_returns,soi,soi_income_count,state,50,80400.0,0.4840872319057793,0.00010856407981739836
2034,irs_soi.ty2022.historic_table_2.state_eitc.va.va.eitc_three_or_more_children_amount,soi,soi_eitc_amount,state,51,333319732.6907662,0.24568535283313542,5.509875596168096e-05
2035,irs_soi.ty2022.historic_table_2.state_broad.pa.all.wages_salaries_amount,soi,soi_income_amount,state,42,405280618072.6045,8.566958648244432,0.0019212735250604242
2036,irs_soi.ty2022.historic_table_2.state_broad.me.all.ctc_amount,soi,soi_credit_amount,state,23,348225935.8853972,0.25111884798715123,5.6317301634256834e-05
2037,irs_soi.ty2022.historic_table_2.state_broad.il.all.premium_tax_credit_amount,soi,soi_credit_amount,state,17,1396343205.6842055,0.5028573951068253,0.00011277358042314986
2038,irs_soi.ty2022.historic_table_2.state_broad.nv.all.taxable_social_security_returns,soi,soi_income_count,state,32,221180.0,0.8029130755158166,0.00018006572673599834
2039,irs_soi.ty2022.historic_table_2.state_agi.va.10k_to_25k.taxable_interest_returns,soi,soi_agi_band_count,state,51,96669.37683339152,0.5308111820568284,0.0001190426512798449
2040,irs_soi.ty2022.historic_table_2.state_broad.ok.all.medical_dental_expense_amount,soi,soi_deduction_amount,state,40,741757542.6454793,0.3665048607515342,8.219440698621534e-05
2041,irs_soi.ty2022.historic_table_2.state_agi.sd.10k_to_25k.taxable_interest_returns,soi,soi_agi_band_count,state,46,14762.69626956064,0.20743328541150188,4.6520135772931575e-05
2042,irs_soi.ty2022.historic_table_2.state_eitc.nd.nd.eitc_no_children_amount,soi,soi_eitc_amount,state,38,4434329.368233711,0.028337577915100078,6.355141941040609e-06
2043,irs_soi.ty2022.historic_table_2.state_broad.pa.all.premium_tax_credit_amount,soi,soi_credit_amount,state,42,1629625005.5936873,0.5432410666073153,0.00012183024593122119
2044,irs_soi.ty2022.historic_table_2.state_agi.co.50k_to_75k.taxable_interest_amount,soi,soi_agi_band_amount,state,08,246211506.49409184,0.21115575667743391,4.735495776573983e-05
2045,irs_soi.ty2022.historic_table_2.state_broad.ia.all.ctc_amount,soi,soi_credit_amount,state,19,1051712460.0319216,0.43641258179896325,9.787229912513192e-05
2046,irs_soi.ty2022.historic_table_2.state_agi.ma.200k_to_500k.taxable_interest_amount,soi,soi_agi_band_amount,state,25,1384463112.6236348,0.5007136693892117,0.00011229281663808291
2047,irs_soi.ty2022.historic_table_2.state_eitc.fl.fl.eitc_two_children_amount,soi,soi_eitc_amount,state,12,2152670847.731878,0.6243635884036417,0.00014002323130828475
2048,irs_soi.ty2022.historic_table_2.state_broad.wi.all.partnership_scorp_income_returns,soi,soi_income_count,state,55,151260.0,0.6639840571080303,0.00014890873673649481
2049,irs_soi.ty2022.historic_table_2.state_agi.mi.10k_to_25k.taxable_interest_returns,soi,soi_agi_band_count,state,26,168632.04536995158,0.7010768997344315,0.00015722738276170253
2050,irs_soi.ty2022.historic_table_2.state_broad.ky.all.income_tax_before_credits_returns,soi,soi_tax_count,state,21,1546310.0,2.1229701405269297,0.000476109024563115
2051,irs_soi.ty2022.historic_table_2.state_broad.il.all.taxable_income_returns,soi,soi_tax_count,state,17,4990220.0,3.8137783573919726,0.0008552990261027075
2052,irs_soi.ty2022.historic_table_2.state_broad.wi.all.net_capital_gains_amount,soi,soi_income_amount,state,55,12911967398.162477,1.5291319535097545,0.0003429315885870721
2053,irs_soi.ty2022.historic_table_2.state_broad.ak.all.unemployment_compensation_returns,soi,soi_income_count,state,02,12920.0,0.19405590405273587,4.352005024730565e-05
2054,irs_soi.ty2022.historic_table_2.state_broad.ct.all.tax_exempt_interest_returns,soi,soi_income_count,state,09,104560.0,0.5520499703922361,0.00012380577941068315
2055,irs_soi.ty2022.historic_table_2.state_broad.wv.all.tax_exempt_interest_returns,soi,soi_income_count,state,54,18290.0,0.2308885819161273,5.1780350283948707e-05
2056,irs_soi.ty2022.historic_table_2.state_broad.md.all.income_tax_liability_amount,soi,soi_tax_amount,state,24,46357720558.855286,2.897408900312888,0.0006497889437795219
2057,irs_soi.ty2022.historic_table_2.state_broad.de.all.taxable_income_returns,soi,soi_tax_count,state,10,413730.0,1.0981308950040312,0.00024627290760350555
2058,irs_soi.ty2022.historic_table_2.state_broad.nv.all.taxable_income_returns,soi,soi_tax_count,state,32,1277450.0,1.929601192968296,0.0004327430349783126
2059,irs_soi.ty2022.historic_table_2.state_broad.de.all.taxable_pension_income_returns,soi,soi_income_count,state,10,125980.0,0.605963416655426,0.00013589670703194123
2060,irs_soi.ty2022.historic_table_2.state_broad.co.all.real_estate_taxes_claims,soi,soi_deduction_count,state,08,301210.0,0.936979947767338,0.00021013230494894324
2061,irs_soi.ty2022.historic_table_2.state_broad.az.all.taxable_pension_income_returns,soi,soi_income_count,state,04,669600.0,1.3970222598711786,0.0003133039380738234
2062,irs_soi.ty2022.historic_table_2.state_broad.nv.all.medical_dental_expense_amount,soi,soi_deduction_amount,state,32,660368888.9606117,0.34581358933204587,7.755406802692215e-05
2063,irs_soi.ty2022.historic_table_2.state_broad.va.all.partnership_scorp_income_returns,soi,soi_income_count,state,51,230320.0,0.8193348534347458,0.0001837485654709006
2064,irs_soi.ty2022.historic_table_2.state_broad.ms.all.partnership_scorp_income_returns,soi,soi_income_count,state,28,55930.0,0.4037550927225075,9.054835001626093e-05
2065,irs_soi.ty2022.historic_table_2.state_broad.ct.all.taxable_social_security_returns,soi,soi_income_count,state,09,308910.0,0.9488806433808346,0.00021280122076268996
2066,irs_soi.ty2022.historic_table_2.state_agi.nv.under_1.taxable_interest_amount,soi,soi_agi_band_amount,state,32,119956473.8585243,0.1473874818139817,3.305393178156127e-05
2067,irs_soi.ty2022.historic_table_2.state_agi.tn.under_1.taxable_interest_returns,soi,soi_agi_band_count,state,47,13207.57544591256,0.19620368224952453,4.400172286376419e-05
2068,irs_soi.ty2022.historic_table_2.state_broad.de.all.taxable_income_amount,soi,soi_tax_amount,state,10,36713794731.63631,2.578477766426786,0.0005782636838813155
2069,irs_soi.ty2022.historic_table_2.state_broad.co.all.premium_tax_credit_returns,soi,soi_credit_count,state,08,88230.0,0.5071118314964385,0.0001137277038565684
2070,irs_soi.ty2022.historic_table_2.state_broad.oh.all.net_capital_gains_returns,soi,soi_income_count,state,39,970347.9211018239,1.6817418957612564,0.0003771567382285841
2071,irs_soi.ty2022.historic_table_2.state_broad.me.all.partnership_scorp_income_amount,soi,soi_income_amount,state,23,3594839564.823073,0.8068420231024568,0.00018094685425038278
2072,irs_soi.ty2022.historic_table_2.state_eitc.mt.mt.eitc_one_child_amount,soi,soi_eitc_amount,state,30,55257704.16877794,0.10003343261536685,2.243405082201544e-05
2073,irs_soi.ty2022.historic_table_2.state_agi.sc.100k_to_200k.taxable_interest_amount,soi,soi_agi_band_amount,state,45,555140087.2906547,0.3170662731715107,7.11070359209488e-05
2074,irs_soi.ty2022.historic_table_2.state_broad.ri.all.medical_dental_expense_returns,soi,soi_deduction_count,state,44,8990.0,0.16187338536688178,3.6302620625001524e-05
2075,irs_soi.ty2022.historic_table_2.state_broad.in.all.partnership_scorp_income_amount,soi,soi_income_amount,state,18,20727697894.323414,1.9374222737160198,0.0004344970338004081
2076,irs_soi.ty2022.historic_table_2.state_agi.il.1_to_10k.taxable_interest_returns,soi,soi_agi_band_count,state,17,118287.74659311905,0.5871721964781486,0.00013168248407224682
2077,irs_soi.ty2022.historic_table_2.state_broad.il.all.income_tax_before_credits_returns,soi,soi_tax_count,state,17,4975310.0,3.8080766074036823,0.0008540203201174439
2078,irs_soi.ty2022.historic_table_2.state_agi.az.25k_to_50k.taxable_interest_amount,soi,soi_agi_band_amount,state,04,237324989.34012297,0.20731011294769247,4.649251243500616e-05
2079,irs_soi.ty2022.historic_table_2.state_agi.wa.200k_to_500k.taxable_interest_amount,soi,soi_agi_band_amount,state,53,1485306542.1055365,0.5186290033277419,0.00011631060850588514
2080,irs_soi.ty2022.historic_table_2.state_agi.tn.500k_plus.taxable_interest_amount,soi,soi_agi_band_amount,state,47,3174908359.7207894,0.7582533721657783,0.00017005009467723219
2081,irs_soi.ty2022.historic_table_2.state_broad.sc.all.limited_state_local_taxes_amount,soi,soi_deduction_amount,state,45,1598734826.3766737,0.5380677603859922,0.00012067005166763674
2082,irs_soi.ty2022.historic_table_2.state_broad.ia.all.taxable_income_returns,soi,soi_tax_count,state,19,1234940.0,1.8972236620910425,0.0004254818708434722
2083,irs_soi.ty2022.historic_table_2.state_broad.nd.all.tax_exempt_interest_amount,soi,soi_income_amount,state,38,147740023.69605345,0.16356780865420747,3.668262136223536e-05
2084,irs_soi.ty2022.historic_table_2.state_broad.nd.all.limited_state_local_taxes_amount,soi,soi_deduction_amount,state,38,119536434.12659526,0.1471292094329436,3.299601018904319e-05
2085,irs_soi.ty2022.historic_table_2.state_broad.mi.all.net_capital_gains_returns,soi,soi_income_count,state,26,876047.3174882696,1.5979360168913654,0.00035836196835419725
2086,irs_soi.ty2022.historic_table_2.state_eitc.ms.ms.eitc_claims,soi,soi_eitc_count,state,28,331450.0,0.9828893182604687,0.00022042819427236347
2087,irs_soi.ty2022.historic_table_2.state_agi.id.10k_to_25k.taxable_interest_returns,soi,soi_agi_band_count,state,16,26108.50734913395,0.2758586619700656,6.186558913883508e-05
2088,irs_soi.ty2022.historic_table_2.state_broad.nm.all.limited_state_local_taxes_returns,soi,soi_deduction_count,state,35,57900.0,0.410804209830068,9.212922400315497e-05
2089,irs_soi.ty2022.historic_table_2.state_agi.wi.under_1.taxable_interest_returns,soi,soi_agi_band_count,state,55,12900.93190322139,0.19391265161314905,4.348792366296234e-05
2090,irs_soi.ty2022.historic_table_2.state_agi.fl.50k_to_75k.taxable_interest_amount,soi,soi_agi_band_amount,state,12,1074214979.9273746,0.44105663058547667,9.891379918938701e-05
2091,irs_soi.ty2022.historic_table_2.state_eitc.al.al.eitc_no_children_claims,soi,soi_eitc_count,state,01,95270.0,0.5269551899951891,0.00011817788517496951
2092,irs_soi.ty2022.historic_table_2.state_broad.hi.all.taxable_interest_returns,soi,soi_income_count,state,15,269901.07534371066,0.8869474941772246,0.00019891175020794453
2093,irs_soi.ty2022.historic_table_2.state_broad.nh.all.limited_state_local_taxes_amount,soi,soi_deduction_amount,state,33,513419829.52276266,0.30491941108787546,6.838291345321271e-05
2094,irs_soi.ty2022.historic_table_2.state_agi.sd.under_1.taxable_interest_amount,soi,soi_agi_band_amount,state,46,21143517.64863731,0.061878157638242205,1.3877137842171386e-05
2095,irs_soi.ty2022.historic_table_2.state_agi.wi.75k_to_100k.taxable_interest_returns,soi,soi_agi_band_count,state,55,164207.61711112183,0.6918186302010787,0.0001551510720343303
2096,irs_soi.ty2022.historic_table_2.state_broad.fl.all.taxable_pension_income_amount,soi,soi_income_amount,state,12,73674762432.92355,3.6526505513220777,0.000819163613214191
2097,irs_soi.ty2022.historic_table_2.state_broad.la.all.medical_dental_expense_amount,soi,soi_deduction_amount,state,22,949356531.4287887,0.4146325804748442,9.298779557632747e-05
2098,irs_soi.ty2022.historic_table_2.state_broad.wa.all.taxable_ira_distributions_returns,soi,soi_income_count,state,53,412730.0,1.0968029815660276,0.0002459751023920223
2099,irs_soi.ty2022.historic_table_2.state_agi.sd.500k_plus.taxable_interest_amount,soi,soi_agi_band_amount,state,46,387025083.6354277,0.2647392351463828,5.937188498461153e-05
2100,irs_soi.ty2022.historic_table_2.state_broad.il.all.taxable_interest_amount,soi,soi_income_amount,state,17,12449033655.141235,1.5014697044362229,0.0003367278996268721
2101,irs_soi.ty2022.historic_table_2.state_agi.mo.10k_to_25k.taxable_interest_amount,soi,soi_agi_band_amount,state,29,126372667.107246,0.1512778449014672,3.392640612277802e-05
2102,irs_soi.ty2022.historic_table_2.state_agi.nc.200k_to_500k.taxable_interest_returns,soi,soi_agi_band_count,state,37,222239.90756542588,0.80483457961155,0.00018049665387117068
2103,irs_soi.ty2022.historic_table_2.state_broad.il.all.itemized_deductions_amount,soi,soi_deduction_amount,state,17,22800234875.862194,2.031975249328523,0.0004557020070259078
2104,irs_soi.ty2022.historic_table_2.state_broad.wv.all.taxable_interest_amount,soi,soi_income_amount,state,54,618754763.7574545,0.3347403231201771,7.507071610679012e-05
2105,irs_soi.ty2022.historic_table_2.state_broad.pa.all.actc_amount,soi,soi_credit_amount,state,42,1191601099.1366203,0.46453046444734863,0.00010417817099065903
2106,irs_soi.ty2022.historic_table_2.state_broad.sd.all.rental_royalty_income_returns,soi,soi_income_count,state,46,42180.0,0.3506298543817228,7.863419026277703e-05
2107,irs_soi.ty2022.historic_table_2.state_agi.nm.100k_to_200k.taxable_interest_amount,soi,soi_agi_band_amount,state,35,252308040.852383,0.2137540238386569,4.7937659528741176e-05
2108,irs_soi.ty2022.historic_table_2.state_broad.ky.all.taxable_ira_distributions_returns,soi,soi_income_count,state,21,192160.0,0.7483884884696573,0.0001678377413029059
2109,irs_soi.ty2022.historic_table_2.state_eitc.ma.ma.eitc_three_or_more_children_amount,soi,soi_eitc_amount,state,25,151124588.88590539,0.16543078076728407,3.7100421791272496e-05
2110,irs_soi.ty2022.historic_table_2.state_agi.tx.75k_to_100k.taxable_interest_returns,soi,soi_agi_band_count,state,48,384509.09942453564,1.0586414993153597,0.00023741679733468483
2111,irs_soi.ty2022.historic_table_2.state_eitc.ia.ia.eitc_two_children_amount,soi,soi_eitc_amount,state,19,167940981.96755975,0.1743922164235917,3.911016291177208e-05
2112,irs_soi.ty2022.historic_table_2.state_broad.in.all.net_capital_gains_returns,soi,soi_income_count,state,18,506838.80419223494,1.2154316253474462,0.0002725794181088688
2113,irs_soi.ty2022.historic_table_2.state_broad.ny.all.taxable_social_security_amount,soi,soi_income_amount,state,36,32479059480.196003,2.42521628340474,0.000543892416103328
2114,irs_soi.ty2022.historic_table_2.state_broad.nc.all.net_capital_gains_returns,soi,soi_income_count,state,37,878035.9963303175,1.5997486930395157,0.0003587684891319838
2115,irs_soi.ty2022.historic_table_2.state_eitc.de.de.eitc_one_child_claims,soi,soi_eitc_count,state,10,25130.0,0.27063991472136656,6.069520401914478e-05
2116,irs_soi.ty2022.historic_table_2.state_broad.fl.all.actc_claims,soi,soi_credit_count,state,12,1358470.0,1.9898513298628142,0.0004462550638849101
2117,irs_soi.ty2022.historic_table_2.state_broad.ak.all.schedule_c_income_amount,soi,soi_income_amount,state,02,1145577286.4920926,0.4554712305637003,0.00010214649709883389
2118,irs_soi.ty2022.historic_table_2.state_agi.fl.10k_to_25k.taxable_interest_returns,soi,soi_agi_band_count,state,12,299076.0181197563,0.9336549381529943,0.00020938661990423733
2119,irs_soi.ty2022.historic_table_2.state_broad.ms.all.schedule_c_income_amount,soi,soi_income_amount,state,28,2201855156.371299,0.6314560469864301,0.00014161382529410857
2120,irs_soi.ty2022.historic_table_2.state_broad.ga.all.ordinary_dividends_amount,soi,soi_income_amount,state,13,10856955783.815483,1.4021768344239935,0.00031445993146983486
2121,irs_soi.ty2022.historic_table_2.state_broad.or.all.ctc_amount,soi,soi_credit_amount,state,41,1144254157.8958611,0.45520812255248905,0.00010208749104115027
2122,irs_soi.ty2022.historic_table_2.state_agi.nd.10k_to_25k.taxable_interest_amount,soi,soi_agi_band_amount,state,38,17297381.87897711,0.0559678907447612,1.2551668702570353e-05
2123,irs_soi.ty2022.historic_table_2.state_broad.md.all.taxable_income_amount,soi,soi_tax_amount,state,24,262674875364.87595,6.896964977464371,0.0015467515087383653
2124,irs_soi.ty2022.historic_table_2.state_eitc.dc.dc.eitc_one_child_amount,soi,soi_eitc_amount,state,11,44781348.958481476,0.09005282452965631,2.019574445607901e-05
2125,irs_soi.ty2022.historic_table_2.state_broad.vt.all.taxable_social_security_amount,soi,soi_income_amount,state,50,1324027113.703218,0.48966289130039964,0.00010981450802879562
2126,irs_soi.ty2022.historic_table_2.state_broad.nj.all.actc_amount,soi,soi_credit_amount,state,34,874623853.1801708,0.3979783177838559,8.925281852071225e-05
2127,irs_soi.ty2022.historic_table_2.state_broad.ok.all.taxable_income_returns,soi,soi_tax_count,state,40,1338540.0,1.9752009262112042,0.00044296948333958383
2128,irs_soi.ty2022.historic_table_2.state_agi.oh.under_1.taxable_interest_amount,soi,soi_agi_band_amount,state,39,115299683.14273225,0.1444983240946397,3.240599329325851e-05
2129,irs_soi.ty2022.historic_table_2.state_agi.co.25k_to_50k.taxable_interest_amount,soi,soi_agi_band_amount,state,08,197492934.32135487,0.18911437183156157,4.2411834902794704e-05
2130,irs_soi.ty2022.historic_table_2.state_broad.ks.all.wages_salaries_returns,soi,soi_income_count,state,20,1100260.0,1.7907842490424302,0.00040161117942193994
2131,irs_soi.ty2022.historic_table_2.state_agi.wi.under_1.taxable_interest_amount,soi,soi_agi_band_amount,state,55,70429804.01077892,0.11293459354484145,2.532733652048474e-05
2132,irs_soi.ty2022.historic_table_2.state_broad.il.all.medical_dental_expense_returns,soi,soi_deduction_count,state,17,142310.0,0.6440406994058017,0.0001444361290436873
2133,irs_soi.ty2022.historic_table_2.state_broad.nh.all.taxable_interest_returns,soi,soi_income_count,state,33,307957.72930270416,0.9474169667792233,0.00021247296855331314
2134,irs_soi.ty2022.historic_table_2.state_broad.vt.all.income_tax_liability_amount,soi,soi_tax_amount,state,50,3746361876.53003,0.8236706973049263,0.0001847209457961261
2135,irs_soi.ty2022.historic_table_2.state_eitc.al.al.eitc_no_children_amount,soi,soi_eitc_amount,state,01,40126311.43321339,0.08524391218119033,1.9117271177660985e-05
2136,irs_soi.ty2022.historic_table_2.state_broad.wy.all.taxable_social_security_returns,soi,soi_income_count,state,56,52710.0,0.391960327388923,8.790319071292286e-05
2137,irs_soi.ty2022.historic_table_2.state_broad.ga.all.income_tax_liability_amount,soi,soi_tax_amount,state,13,61133519963.4042,3.32727314264105,0.000746192676080074
2138,irs_soi.ty2022.historic_table_2.state_broad.la.all.medical_dental_expense_returns,soi,soi_deduction_count,state,22,42650.0,0.35257792814235334,7.907107605793975e-05
2139,irs_soi.ty2022.historic_table_2.state_agi.ct.200k_to_500k.taxable_interest_amount,soi,soi_agi_band_amount,state,09,748045277.2165505,0.36805497792098596,8.254204483538596e-05
2140,irs_soi.ty2022.historic_table_2.state_broad.nd.all.income_tax_liability_amount,soi,soi_tax_amount,state,38,4906998853.6153,0.9426635868193204,0.00021140694927546992
2141,irs_soi.ty2022.historic_table_2.state_broad.md.all.ordinary_dividends_amount,soi,soi_income_amount,state,24,7238854475.517768,1.144942499062994,0.0002567711368161009
2142,irs_soi.ty2022.historic_table_2.state_broad.mo.all.unemployment_compensation_returns,soi,soi_income_count,state,29,60210.0,0.4189188640697975,9.394906124014297e-05
2143,irs_soi.ty2022.historic_table_2.state_eitc.ar.ar.eitc_no_children_amount,soi,soi_eitc_amount,state,05,25044213.920539763,0.06734455005009385,1.5103061235724119e-05
2144,irs_soi.ty2022.historic_table_2.state_agi.nh.100k_to_200k.taxable_interest_amount,soi,soi_agi_band_amount,state,33,236762389.69296524,0.2070642437690705,4.643737245325645e-05
2145,irs_soi.ty2022.historic_table_2.state_eitc.va.va.eitc_two_children_claims,soi,soi_eitc_count,state,51,122960.0,0.5986562637359053,0.00013425796450681885
2146,irs_soi.ty2022.historic_table_2.state_broad.ks.all.partnership_scorp_income_returns,soi,soi_income_count,state,20,87050.0,0.5037093255630722,0.00011296463905877377
2147,irs_soi.ty2022.historic_table_2.state_agi.va.100k_to_200k.taxable_interest_returns,soi,soi_agi_band_count,state,51,437843.17274260713,1.129678581590836,0.00025334796626840905
2148,irs_soi.ty2022.historic_table_2.state_eitc.tx.tx.eitc_amount,soi,soi_eitc_amount,state,48,8211656487.161066,1.2194503986064418,0.00027348069042530654
2149,irs_soi.ty2022.historic_table_2.state_broad.mo.all.qualified_dividends_returns,soi,soi_income_count,state,29,545290.0,1.260693083787063,0.00028273000309196296
2150,irs_soi.ty2022.historic_table_2.state_broad.nj.all.medical_dental_expense_returns,soi,soi_deduction_count,state,34,193370.0,0.7507410306650837,0.00016836533542612328
2151,irs_soi.ty2022.historic_table_2.state_agi.nd.500k_plus.taxable_interest_amount,soi,soi_agi_band_amount,state,38,322188031.5716214,0.24154800504446816,5.417089146545597e-05
2152,irs_soi.ty2022.historic_table_2.state_agi.va.1_to_10k.taxable_interest_returns,soi,soi_agi_band_count,state,51,67133.03273917413,0.4423476629312676,9.920333324316385e-05
2153,irs_soi.ty2022.historic_table_2.state_agi.id.100k_to_200k.taxable_interest_amount,soi,soi_agi_band_amount,state,16,294861032.3464958,0.23107738495401428,5.1822692297379294e-05
2154,irs_soi.ty2022.historic_table_2.state_broad.ny.all.income_tax_liability_amount,soi,soi_tax_amount,state,36,188902907233.79538,5.848817551205586,0.0013116881702636436
2155,irs_soi.ty2022.historic_table_2.state_broad.ca.all.tax_exempt_interest_amount,soi,soi_income_amount,state,06,9660146196.242046,1.3226368023108988,0.00029662184398091473
2156,irs_soi.ty2022.historic_table_2.state_broad.oh.all.rental_royalty_income_amount,soi,soi_income_amount,state,39,3082124432.9184556,0.7470915724127618,0.00016754688773553753
2157,irs_soi.ty2022.historic_table_2.state_agi.in.500k_plus.taxable_interest_returns,soi,soi_agi_band_count,state,18,29185.89433114177,0.2916635157382691,6.541007305186569e-05
2158,irs_soi.ty2022.historic_table_2.state_broad.mo.all.income_tax_before_credits_returns,soi,soi_tax_count,state,29,2295240.0,2.5864831625771627,0.0005800590182949457
2159,irs_soi.ty2022.historic_table_2.state_agi.sc.under_1.taxable_interest_returns,soi,soi_agi_band_count,state,45,8301.278762853832,0.155549314901077,3.488434960777686e-05
2160,irs_soi.ty2022.historic_table_2.state_agi.ks.100k_to_200k.taxable_interest_returns,soi,soi_agi_band_count,state,20,138701.44529227412,0.6358227994905875,0.00014259313736052646
2161,irs_soi.ty2022.historic_table_2.state_broad.co.all.medical_dental_expense_returns,soi,soi_deduction_count,state,08,65410.0,0.4366341283760427,9.792198438574628e-05
2162,irs_soi.ty2022.historic_table_2.state_agi.ct.50k_to_75k.taxable_interest_amount,soi,soi_agi_band_amount,state,09,139560514.29084814,0.15897543932654787,3.565271121923029e-05
2163,irs_soi.ty2022.historic_table_2.state_broad.wa.all.ordinary_dividends_amount,soi,soi_income_amount,state,53,15220897175.490828,1.660232378089543,0.00037233289483954763
2164,irs_soi.ty2022.historic_table_2.state_broad.ma.all.net_capital_gains_amount,soi,soi_income_amount,state,25,40232202481.759796,2.6992036803590858,0.0006053383450009163
2165,irs_soi.ty2022.historic_table_2.state_broad.oh.all.medical_dental_expense_amount,soi,soi_deduction_amount,state,39,2282741895.0594587,0.6429499368076851,0.00014419150859109331
2166,irs_soi.ty2022.historic_table_2.state_broad.ok.all.net_capital_gains_returns,soi,soi_income_count,state,40,243755.2066395653,0.8428932076884287,0.0001890318922826707
2167,irs_soi.ty2022.historic_table_2.state_broad.ri.all.wages_salaries_returns,soi,soi_income_count,state,44,463530.0,1.1623435962036472,0.0002606736030956823
2168,irs_soi.ty2022.historic_table_2.state_broad.ca.all.medical_dental_expense_returns,soi,soi_deduction_count,state,06,599810.0,1.3222161413776783,0.00029652750423361253
2169,irs_soi.ty2022.historic_table_2.state_broad.dc.all.unemployment_compensation_returns,soi,soi_income_count,state,11,7810.0,0.15087633315291007,3.3836360877530854e-05
2170,irs_soi.ty2022.historic_table_2.state_broad.me.all.taxable_income_amount,soi,soi_tax_amount,state,23,46104240041.36625,2.8894766355909254,0.000648010010224473
2171,irs_soi.ty2022.historic_table_2.state_agi.nd.50k_to_75k.taxable_interest_amount,soi,soi_agi_band_amount,state,38,39346173.505313694,0.08441118645309571,1.893051950058213e-05
2172,irs_soi.ty2022.historic_table_2.state_broad.or.all.taxable_ira_distributions_amount,soi,soi_income_amount,state,41,6969766418.253878,1.1234606486329688,0.0002519534982356961
2173,irs_soi.ty2022.historic_table_2.state_broad.ma.all.net_capital_gains_returns,soi,soi_income_count,state,25,817444.968556597,1.5435647998519741,0.0003461683785270182
2174,irs_soi.ty2022.historic_table_2.state_broad.oh.all.real_estate_taxes_amount,soi,soi_deduction_amount,state,39,1952369792.628375,0.5946066924796963,0.00013334978526120125
2175,irs_soi.ty2022.historic_table_2.state_broad.ks.all.taxable_pension_income_returns,soi,soi_income_count,state,20,282680.0,0.9077016919303329,0.00020356620137482236
2176,irs_soi.ty2022.historic_table_2.state_broad.nm.all.itemized_deductions_amount,soi,soi_deduction_amount,state,35,2491247243.7363763,0.6716718833916745,0.00015063285117552692
2177,irs_soi.ty2022.historic_table_2.state_broad.tx.all.real_estate_taxes_claims,soi,soi_deduction_count,state,48,874130.0,1.5961864374008985,0.0003579695979818117
2178,irs_soi.ty2022.historic_table_2.state_broad.fl.all.premium_tax_credit_returns,soi,soi_credit_count,state,12,1519050.0,2.104173942682344,0.0004718936852842216
2179,irs_soi.ty2022.historic_table_2.state_broad.ak.all.limited_state_local_taxes_returns,soi,soi_deduction_count,state,02,18160.0,0.23006657422257323,5.159600229257081e-05
2180,irs_soi.ty2022.historic_table_2.state_broad.va.all.ordinary_dividends_amount,soi,soi_income_amount,state,51,11524624847.147852,1.444648369460834,0.00032398483280126353
2181,irs_soi.ty2022.historic_table_2.state_agi.fl.under_1.taxable_interest_amount,soi,soi_agi_band_amount,state,12,1043560970.970648,0.4347180443380987,9.749227278270884e-05
2182,irs_soi.ty2022.historic_table_2.state_broad.pa.all.net_capital_gains_amount,soi,soi_income_amount,state,42,33491696659.6913,2.4627329881244426,0.0005523061197857015
2183,irs_soi.ty2022.historic_table_2.state_broad.co.all.taxable_pension_income_amount,soi,soi_income_amount,state,08,17841189229.641872,1.7974658707107787,0.00040310963684924393
2184,irs_soi.ty2022.historic_table_2.state_broad.ok.all.ctc_amount,soi,soi_credit_amount,state,40,1106770742.6171863,0.44769020056964787,0.00010040148028025294
2185,irs_soi.ty2022.historic_table_2.state_broad.ri.all.rental_royalty_income_amount,soi,soi_income_amount,state,44,64773922.87867616,0.10830508640332047,2.4289097645956598e-05
2186,irs_soi.ty2022.historic_table_2.state_eitc.ga.ga.eitc_claims,soi,soi_eitc_count,state,13,1010000.0,1.71575901924735,0.00038478560646946624
2187,irs_soi.ty2022.historic_table_2.state_broad.nj.all.taxable_ira_distributions_returns,soi,soi_income_count,state,34,478170.0,1.1805564717117691,0.00026475812328140145
2188,irs_soi.ty2022.historic_table_2.state_broad.mt.all.qualified_dividends_amount,soi,soi_income_amount,state,30,1133890957.6290188,0.45314208563623515,0.00010162415017632544
2189,irs_soi.ty2022.historic_table_2.state_agi.wy.75k_to_100k.taxable_interest_returns,soi,soi_agi_band_count,state,56,13820.862531294903,0.200707303986507,4.50117299812754e-05
2190,irs_soi.ty2022.historic_table_2.state_agi.ri.50k_to_75k.taxable_interest_amount,soi,soi_agi_band_amount,state,44,51447180.46145203,0.09652271792694253,2.164671853037509e-05
2191,irs_soi.ty2022.historic_table_2.state_agi.ms.75k_to_100k.taxable_interest_amount,soi,soi_agi_band_amount,state,28,74104602.61516835,0.11584341307618158,2.5979684475483647e-05
2192,irs_soi.ty2022.historic_table_2.state_broad.oh.all.ordinary_dividends_returns,soi,soi_income_count,state,39,1127120.0,1.812511128310097,0.00040648376952457884
2193,irs_soi.ty2022.historic_table_2.state_broad.va.all.wages_salaries_returns,soi,soi_income_count,state,51,3392550.0,3.1445516476045445,0.0007052145430824276
2194,irs_soi.ty2022.historic_table_2.state_eitc.az.az.eitc_one_child_amount,soi,soi_eitc_amount,state,04,498797073.85975444,0.30054582664388996,6.740206921818568e-05
2195,irs_soi.ty2022.historic_table_2.state_broad.az.all.taxable_income_returns,soi,soi_tax_count,state,04,2766450.0,2.8395990113309537,0.0006368241783653182
2196,irs_soi.ty2022.historic_table_2.state_broad.de.all.taxable_social_security_returns,soi,soi_income_count,state,10,104350.0,0.5514953187019098,0.00012368139015517151
2197,irs_soi.ty2022.historic_table_2.state_broad.ca.all.tax_exempt_interest_returns,soi,soi_income_count,state,06,866910.0,1.5895808055991172,0.00035648818246223756
2198,irs_soi.ty2022.historic_table_2.state_broad.mo.all.ctc_amount,soi,soi_credit_amount,state,29,1764017227.3460479,0.5651974116319385,0.00012675429729354978
2199,irs_soi.ty2022.historic_table_2.state_agi.dc.75k_to_100k.taxable_interest_amount,soi,soi_agi_band_amount,state,11,20537444.392381012,0.060984849094157245,1.3676799527732058e-05
2200,irs_soi.ty2022.historic_table_2.state_broad.ma.all.income_tax_before_credits_returns,soi,soi_tax_count,state,25,2939840.0,2.927234068214409,0.0006564777008778671
2201,irs_soi.ty2022.historic_table_2.state_agi.ny.200k_to_500k.taxable_interest_returns,soi,soi_agi_band_count,state,36,558770.2441138894,1.2761808958557528,0.00028620338548009707
2202,irs_soi.ty2022.historic_table_2.state_broad.in.all.qualified_dividends_returns,soi,soi_income_count,state,18,535590.0,1.2494297236192755,0.0002802040196499833
2203,irs_soi.ty2022.historic_table_2.state_broad.al.all.return_count,soi,soi_return_count,state,01,2149560.0,2.5030549831801507,0.0005613489533931713
2204,irs_soi.ty2022.historic_table_2.state_eitc.tx.tx.eitc_claims,soi,soi_eitc_count,state,48,2610520.0,2.758411889335915,0.0006186167053904272
2205,irs_soi.ty2022.historic_table_2.state_eitc.nv.nv.eitc_no_children_amount,soi,soi_eitc_amount,state,32,28722309.755787686,0.07212045101885133,1.6174131199562978e-05
2206,irs_soi.ty2022.historic_table_2.state_agi.mi.500k_plus.taxable_interest_returns,soi,soi_agi_band_count,state,26,47825.441104726495,0.37335768564161936,8.373125939484623e-05
2207,irs_soi.ty2022.historic_table_2.state_eitc.hi.hi.eitc_two_children_amount,soi,soi_eitc_amount,state,15,73598888.12212662,0.11544745937015712,2.5890885707592983e-05
2208,irs_soi.ty2022.historic_table_2.state_agi.wv.1_to_10k.taxable_interest_amount,soi,soi_agi_band_amount,state,54,14180068.379498534,0.05067431838921263,1.1364502890606107e-05
2209,irs_soi.ty2022.historic_table_2.state_eitc.ca.ca.eitc_one_child_claims,soi,soi_eitc_count,state,06,870460.0,1.592832150386362,0.0003572173470254232
2210,irs_soi.ty2022.historic_table_2.state_agi.de.25k_to_50k.taxable_interest_returns,soi,soi_agi_band_count,state,10,21333.62932722858,0.24936068144951004,5.5923005483182335e-05
2211,irs_soi.ty2022.historic_table_2.state_eitc.ne.ne.eitc_no_children_amount,soi,soi_eitc_amount,state,31,11750188.583636979,0.046128695344003615,1.0345076327428485e-05
2212,irs_soi.ty2022.historic_table_2.state_broad.ms.all.return_count,soi,soi_return_count,state,28,1245240.0,1.905119117157108,0.0004272525492615178
2213,irs_soi.ty2022.historic_table_2.state_broad.ga.all.premium_tax_credit_returns,soi,soi_credit_count,state,13,363800.0,1.0297385011760762,0.00023093485112717565
2214,irs_soi.ty2022.historic_table_2.state_broad.hi.all.taxable_income_amount,soi,soi_tax_amount,state,15,50186120889.735565,3.01467547189154,0.0006760877936513882
2215,irs_soi.ty2022.historic_table_2.state_broad.ca.all.taxable_ira_distributions_returns,soi,soi_income_count,state,06,1524670.0,2.108062735065641,0.0004727658073706304
2216,irs_soi.ty2022.historic_table_2.state_broad.mn.all.qualified_dividends_returns,soi,soi_income_count,state,27,656760.0,1.3835630362412359,0.00031028549814784387
2217,irs_soi.ty2022.historic_table_2.state_broad.wy.all.limited_state_local_taxes_amount,soi,soi_deduction_amount,state,56,97914877.15905045,0.13315978796124656,2.986315047347983e-05
2218,irs_soi.ty2022.historic_table_2.state_broad.ak.all.return_count,soi,soi_return_count,state,02,348250.0,1.0074909789900512,0.0002259454987643084
2219,irs_soi.ty2022.historic_table_2.state_broad.tx.all.adjusted_gross_income,soi,soi_income_amount,state,48,1402800697266.523,15.938474053174893,0.0035744503371103148
2220,irs_soi.ty2022.historic_table_2.state_broad.md.all.net_capital_gains_returns,soi,soi_income_count,state,24,584044.6069221768,1.3047238842352151,0.0002926045939078751
2221,irs_soi.ty2022.historic_table_2.state_eitc.sd.sd.eitc_no_children_amount,soi,soi_eitc_amount,state,46,5760819.002389526,0.032299133272565984,7.243582254444042e-06
2222,irs_soi.ty2022.historic_table_2.state_agi.ms.25k_to_50k.taxable_interest_amount,soi,soi_agi_band_amount,state,28,61290117.015589066,0.10535228960149037,2.362688710506624e-05
2223,irs_soi.ty2022.historic_table_2.state_broad.pa.all.income_tax_liability_amount,soi,soi_tax_amount,state,42,82932536372.31842,3.875352636759418,0.0008691080145233052
2224,irs_soi.ty2022.historic_table_2.state_broad.mi.all.actc_amount,soi,soi_credit_amount,state,26,1047410331.4887136,0.43551907380182575,9.767191608024798e-05
2225,irs_soi.ty2022.historic_table_2.state_broad.tn.all.ordinary_dividends_amount,soi,soi_income_amount,state,47,6199800804.655042,1.0595894397233516,0.00023762938769305935
2226,irs_soi.ty2022.historic_table_2.state_broad.dc.all.premium_tax_credit_returns,soi,soi_credit_count,state,11,3140.0,0.09566661945167075,2.1454725151753926e-05
2227,irs_soi.ty2022.historic_table_2.state_eitc.dc.dc.eitc_two_children_claims,soi,soi_eitc_count,state,11,9920.0,0.17004013445961969,3.8134140941829935e-05
2228,irs_soi.ty2022.historic_table_2.state_broad.wy.all.partnership_scorp_income_amount,soi,soi_income_amount,state,56,2536270587.425413,0.6777141383186353,0.00015198792068146116
2229,irs_soi.ty2022.historic_table_2.state_broad.mi.all.premium_tax_credit_amount,soi,soi_credit_amount,state,26,1000808420.3211923,0.42572017161858483,9.547436008490353e-05
2230,irs_soi.ty2022.historic_table_2.state_broad.ri.all.ordinary_dividends_returns,soi,soi_income_count,state,44,116390.0,0.5824430101910801,0.00013062189060127386
2231,irs_soi.ty2022.historic_table_2.state_broad.nc.all.limited_state_local_taxes_returns,soi,soi_deduction_count,state,37,392980.0,1.0702391354810181,0.00024001774736062304
2232,irs_soi.ty2022.historic_table_2.state_broad.wi.all.taxable_ira_distributions_returns,soi,soi_income_count,state,55,438650.0,1.130718949493107,0.00025358128492781047
2233,irs_soi.ty2022.historic_table_2.state_eitc.ak.ak.eitc_no_children_claims,soi,soi_eitc_count,state,02,11290.0,0.18140221037147167,4.06822629225099e-05
2234,irs_soi.ty2022.historic_table_2.state_broad.nv.all.real_estate_taxes_claims,soi,soi_deduction_count,state,32,109500.0,0.5649404391878732,0.00012669666723208638
2235,irs_soi.ty2022.historic_table_2.state_broad.nd.all.adjusted_gross_income,soi,soi_income_amount,state,38,37778802337.351105,2.61560913905,0.0005865909708566943
2236,irs_soi.ty2022.historic_table_2.state_broad.wa.all.taxable_social_security_returns,soi,soi_income_count,state,53,605850.0,1.3288567285259323,0.0002980167590325033
2237,irs_soi.ty2022.historic_table_2.state_broad.hi.all.net_capital_gains_amount,soi,soi_income_amount,state,15,3958389439.668667,0.8466579932741601,0.00018987620391885178
2238,irs_soi.ty2022.historic_table_2.state_eitc.wy.wy.eitc_three_or_more_children_amount,soi,soi_eitc_amount,state,56,21252963.14183767,0.06203810132247247,1.3913007697347493e-05
2239,irs_soi.ty2022.historic_table_2.state_agi.az.50k_to_75k.taxable_interest_amount,soi,soi_agi_band_amount,state,04,279225876.6977575,0.22486744472306916,5.043001675780874e-05
2240,irs_soi.ty2022.historic_table_2.state_broad.ri.all.ctc_claims,soi,soi_credit_count,state,44,120420.0,0.5924407391014386,0.00013286403657803062
2241,irs_soi.ty2022.historic_table_2.state_agi.ia.100k_to_200k.taxable_interest_amount,soi,soi_agi_band_amount,state,19,536085860.1498713,0.31157738598085416,6.987606772389643e-05
2242,irs_soi.ty2022.historic_table_2.state_broad.pa.all.real_estate_taxes_claims,soi,soi_deduction_count,state,42,367080.0,1.0343701167320594,0.0002319735628463914
2243,irs_soi.ty2022.historic_table_2.state_broad.nm.all.income_tax_liability_returns,soi,soi_tax_count,state,35,644690.0,1.370790451242288,0.0003074210475986293
2244,irs_soi.ty2022.historic_table_2.state_broad.ct.all.net_capital_gains_returns,soi,soi_income_count,state,09,416407.7973403007,1.1016788964027422,0.00024706860201900477
2245,irs_soi.ty2022.historic_table_2.state_broad.ar.all.schedule_c_income_amount,soi,soi_income_amount,state,05,2692237311.6143775,0.698241122333559,0.00015659141563883358
2246,irs_soi.ty2022.historic_table_2.state_agi.nc.500k_plus.taxable_interest_amount,soi,soi_agi_band_amount,state,37,2642348976.450148,0.6917415146650009,0.00015513377767773062
2247,irs_soi.ty2022.historic_table_2.state_eitc.sd.sd.eitc_amount,soi,soi_eitc_amount,state,46,132545891.58590043,0.1549287042425222,3.474516802927163e-05
2248,irs_soi.ty2022.historic_table_2.state_broad.tx.all.medical_dental_expense_amount,soi,soi_deduction_amount,state,48,7310302299.368291,1.1505789425684876,0.0002580351968083623
2249,irs_soi.ty2022.historic_table_2.state_agi.mt.500k_plus.taxable_interest_returns,soi,soi_agi_band_count,state,30,6998.043706416357,0.14281832290542226,3.202922693550623e-05
2250,irs_soi.ty2022.historic_table_2.state_broad.la.all.taxable_interest_amount,soi,soi_income_amount,state,22,2430967502.657367,0.6634960318440525,0.00014879928949182607
2251,irs_soi.ty2022.historic_table_2.state_broad.az.all.taxable_income_amount,soi,soi_tax_amount,state,04,249029913975.17474,6.715440607937907,0.0015060418497281694
2252,irs_soi.ty2022.historic_table_2.state_broad.va.all.taxable_ira_distributions_returns,soi,soi_income_count,state,51,436210.0,1.1275697398381364,0.00025287502575423556
2253,irs_soi.ty2022.historic_table_2.state_broad.wa.all.net_capital_gains_returns,soi,soi_income_count,state,53,876478.3611781717,1.5983290867167528,0.00035845012036706724
2254,irs_soi.ty2022.historic_table_2.state_broad.ri.all.schedule_c_income_returns,soi,soi_income_count,state,44,91190.0,0.5155481247436967,0.0001156196736361733
2255,irs_soi.ty2022.historic_table_2.state_agi.oh.100k_to_200k.taxable_interest_returns,soi,soi_agi_band_count,state,39,426081.2025693815,1.114401764499325,0.0002499219027807412
2256,irs_soi.ty2022.historic_table_2.state_broad.la.all.ctc_amount,soi,soi_credit_amount,state,22,1121300509.5642865,0.4506192734303095,0.00010105837035889426
2257,irs_soi.ty2022.historic_table_2.state_broad.tn.all.taxable_social_security_returns,soi,soi_income_count,state,47,509040.0,1.2180680695728088,0.0002731706816714081
2258,irs_soi.ty2022.historic_table_2.state_broad.wv.all.net_capital_gains_amount,soi,soi_income_amount,state,54,1708300368.4840198,0.556199853982033,0.0001247364552549973
2259,irs_soi.ty2022.historic_table_2.state_broad.nh.all.limited_state_local_taxes_returns,soi,soi_deduction_count,state,33,54790.0,0.399619115161553,8.96207928148807e-05
2260,irs_soi.ty2022.historic_table_2.state_broad.mi.all.income_tax_liability_amount,soi,soi_tax_amount,state,26,53068112319.44674,3.1000276900929093,0.0006952293541361089
2261,irs_soi.ty2022.historic_table_2.state_broad.ks.all.taxable_pension_income_amount,soi,soi_income_amount,state,20,7565636989.445613,1.1705002287616717,0.0002625028546224875
2262,irs_soi.ty2022.historic_table_2.state_agi.ca.75k_to_100k.taxable_interest_amount,soi,soi_agi_band_amount,state,06,1577222538.0954943,0.5344354284973436,0.00011985544483008379
2263,irs_soi.ty2022.historic_table_2.state_broad.md.all.real_estate_taxes_claims,soi,soi_deduction_count,state,24,523250.0,1.2349524104336755,0.0002769572573298218
2264,irs_soi.ty2022.historic_table_2.state_broad.ia.all.medical_dental_expense_amount,soi,soi_deduction_amount,state,19,964422944.0978153,0.41790976603272817,9.372275533364614e-05
2265,irs_soi.ty2022.historic_table_2.state_broad.ks.all.income_tax_before_credits_returns,soi,soi_tax_count,state,20,1100590.0,1.7910527830695653,0.0004016714023479626
2266,irs_soi.ty2022.historic_table_2.state_broad.nd.all.partnership_scorp_income_returns,soi,soi_income_count,state,38,29250.0,0.2919836537618522,6.548186897552192e-05
2267,irs_soi.ty2022.historic_table_2.state_broad.tx.all.ctc_amount,soi,soi_credit_amount,state,48,8709270475.671438,1.2558554145083656,0.0002816450806253343
2268,irs_soi.ty2022.historic_table_2.state_agi.ny.under_1.taxable_interest_amount,soi,soi_agi_band_amount,state,36,1493686719.5770633,0.5200900114844607,0.00011663826227505285
2269,irs_soi.ty2022.historic_table_2.state_broad.wv.all.return_count,soi,soi_return_count,state,54,776010.0,1.5039356789562384,0.0003372809327105267
2270,irs_soi.ty2022.historic_table_2.state_broad.ut.all.limited_state_local_taxes_amount,soi,soi_deduction_amount,state,49,1956617024.2188182,0.595253101873622,0.00013349475260677777
2271,irs_soi.ty2022.historic_table_2.state_broad.de.all.medical_dental_expense_amount,soi,soi_deduction_amount,state,10,286620351.4234378,0.22782546497409709,5.10933987383039e-05
2272,irs_soi.ty2022.historic_table_2.state_broad.ma.all.rental_royalty_income_amount,soi,soi_income_amount,state,25,971164065.8281493,0.41936777513109574,9.404973651740205e-05
2273,irs_soi.ty2022.historic_table_2.state_broad.dc.all.limited_state_local_taxes_amount,soi,soi_deduction_amount,state,11,693453825.9422463,0.35437047240449154,7.94730819476321e-05
2274,irs_soi.ty2022.historic_table_2.state_eitc.il.il.eitc_two_children_claims,soi,soi_eitc_count,state,17,194960.0,0.7538212253621758,0.00016905611692356488
2275,irs_soi.ty2022.historic_table_2.state_broad.la.all.income_tax_before_credits_returns,soi,soi_tax_count,state,22,1501220.0,2.0917885164642303,0.00046911606110433513
2276,irs_soi.ty2022.historic_table_2.state_broad.vt.all.taxable_interest_amount,soi,soi_income_amount,state,50,518417673.9579948,0.30639992369048924,6.871494139728397e-05
2277,irs_soi.ty2022.historic_table_2.state_agi.ne.25k_to_50k.taxable_interest_returns,soi,soi_agi_band_count,state,31,51034.24674788767,0.3856794136166539,8.649459825446377e-05
2278,irs_soi.ty2022.historic_table_2.state_broad.mn.all.itemized_deductions_amount,soi,soi_deduction_amount,state,27,10495855952.33373,1.378661615161772,0.00030918627834980314
2279,irs_soi.ty2022.historic_table_2.state_broad.az.all.ctc_claims,soi,soi_credit_count,state,04,822420.0,1.5482548003755607,0.0003472201839819602
2280,irs_soi.ty2022.historic_table_2.state_agi.ct.75k_to_100k.taxable_interest_returns,soi,soi_agi_band_count,state,09,78774.5358063425,0.4791687975631297,0.0001074610445308656
2281,irs_soi.ty2022.historic_table_2.state_broad.mn.all.unemployment_compensation_amount,soi,soi_income_amount,state,27,880199815.0967194,0.3992449115923711,8.953687185296503e-05
2282,irs_soi.ty2022.historic_table_2.state_agi.tx.100k_to_200k.taxable_interest_amount,soi,soi_agi_band_amount,state,48,2978220965.8033195,0.7343907727495055,0.00016469853616270588
2283,irs_soi.ty2022.historic_table_2.state_agi.hi.25k_to_50k.taxable_interest_amount,soi,soi_agi_band_amount,state,15,44690870.15331224,0.08996180458580641,2.017533182009563e-05
2284,irs_soi.ty2022.historic_table_2.state_broad.wi.all.wages_salaries_returns,soi,soi_income_count,state,55,2364640.0,2.6252950489986593,0.0005887631865886206
2285,irs_soi.ty2022.historic_table_2.state_broad.mn.all.taxable_ira_distributions_returns,soi,soi_income_count,state,27,385290.0,1.0597159530139746,0.00023765776026328202
2286,irs_soi.ty2022.historic_table_2.state_broad.oh.all.actc_amount,soi,soi_credit_amount,state,39,1250429345.927066,0.4758590485916125,0.00010671878192231722
2287,irs_soi.ty2022.historic_table_2.state_broad.nv.all.taxable_ira_distributions_amount,soi,soi_income_amount,state,32,3984828637.610857,0.8494808211018849,0.00019050926689883043
2288,irs_soi.ty2022.historic_table_2.state_agi.il.1_to_10k.taxable_interest_amount,soi,soi_agi_band_amount,state,17,102671878.33516441,0.13635607979985342,3.057996855793977e-05
2289,irs_soi.ty2022.historic_table_2.state_eitc.wy.wy.eitc_amount,soi,soi_eitc_amount,state,56,81322553.27235483,0.12135404476308048,2.7215529213518835e-05
2290,irs_soi.ty2022.historic_table_2.state_agi.sc.10k_to_25k.taxable_interest_returns,soi,soi_agi_band_count,state,45,60310.213914295586,0.4192673447631471,9.402721344766698e-05
2291,irs_soi.ty2022.historic_table_2.state_broad.co.all.qualified_dividends_amount,soi,soi_income_amount,state,08,6546374230.227617,1.0888026457544626,0.00024418090283795976
2292,irs_soi.ty2022.historic_table_2.state_broad.nh.all.income_tax_liability_amount,soi,soi_tax_amount,state,33,12362313134.231022,1.496230912781344,0.00033555301923779863
2293,irs_soi.ty2022.historic_table_2.state_eitc.ny.ny.eitc_two_children_amount,soi,soi_eitc_amount,state,36,1418799420.4029717,0.5068847839317131,0.00011367678491404197
2294,irs_soi.ty2022.historic_table_2.state_broad.al.all.taxable_income_returns,soi,soi_tax_count,state,01,1689030.0,2.2187802188946155,0.0004975959226047579
2295,irs_soi.ty2022.historic_table_2.state_eitc.ga.ga.eitc_two_children_amount,soi,soi_eitc_amount,state,13,1209573689.264262,0.468020546035213,0.00010496087598905875
2296,irs_soi.ty2022.historic_table_2.state_agi.nc.under_1.taxable_interest_returns,soi,soi_agi_band_count,state,37,17752.470810799554,0.22747046073007118,5.101378352322745e-05
2297,irs_soi.ty2022.historic_table_2.state_agi.ut.100k_to_200k.taxable_interest_amount,soi,soi_agi_band_amount,state,49,458508483.34906566,0.28815253256810314,6.462268054902515e-05
2298,irs_soi.ty2022.historic_table_2.state_broad.sd.all.unemployment_compensation_amount,soi,soi_income_amount,state,46,33473697.03488803,0.07785752497955006,1.7460759134234148e-05
2299,irs_soi.ty2022.historic_table_2.state_broad.nd.all.return_count,soi,soi_return_count,state,38,368090.0,1.035792144882564,0.00023229247474379098
2300,irs_soi.ty2022.historic_table_2.state_broad.nj.all.qualified_dividends_amount,soi,soi_income_amount,state,34,10515621096.021044,1.3799591095487498,0.0003094772616166741
2301,irs_soi.ty2022.historic_table_2.state_eitc.nm.nm.eitc_no_children_amount,soi,soi_eitc_amount,state,35,20141579.93484226,0.06039423998192692,1.354434626192575e-05
2302,irs_soi.ty2022.historic_table_2.state_broad.nc.all.qualified_dividends_returns,soi,soi_income_count,state,37,916020.0,1.6339850610979145,0.0003664465263731587
2303,irs_soi.ty2022.historic_table_2.state_broad.ne.all.premium_tax_credit_returns,soi,soi_credit_count,state,31,53490.0,0.3948497820123601,8.855119578657997e-05
2304,irs_soi.ty2022.historic_table_2.state_broad.ks.all.itemized_deductions_amount,soi,soi_deduction_amount,state,20,4517488168.558753,0.9044764533029066,0.0002028428915234148
2305,irs_soi.ty2022.historic_table_2.state_agi.ky.50k_to_75k.taxable_interest_amount,soi,soi_agi_band_amount,state,21,131745493.73760241,0.15446021603663607,3.4640102273298067e-05
2306,irs_soi.ty2022.historic_table_2.state_broad.ia.all.adjusted_gross_income,soi,soi_income_amount,state,19,137065675343.36154,4.982107662821869,0.0011173150174527626
2307,irs_soi.ty2022.historic_table_2.state_broad.al.all.ctc_amount,soi,soi_credit_amount,state,01,1264117733.0470963,0.47845656175733897,0.00010730131459011863
2308,irs_soi.ty2022.historic_table_2.state_agi.or.500k_plus.taxable_interest_returns,soi,soi_agi_band_count,state,41,23677.262117796814,0.2627007693328357,5.8914727367758627e-05
2309,irs_soi.ty2022.historic_table_2.state_agi.ca.500k_plus.taxable_interest_returns,soi,soi_agi_band_count,state,06,429454.2815389844,1.1188041588759567,0.0002509092080905936
2310,irs_soi.ty2022.historic_table_2.state_broad.tn.all.rental_royalty_income_amount,soi,soi_income_amount,state,47,1479226400.8994482,0.5175664040683345,0.0001160723041193843
2311,irs_soi.ty2022.historic_table_2.state_eitc.tx.tx.eitc_no_children_amount,soi,soi_eitc_amount,state,48,275673450.90372795,0.22343243813178845,5.010819424350492e-05
2312,irs_soi.ty2022.historic_table_2.state_broad.ia.all.qualified_dividends_amount,soi,soi_income_amount,state,19,1924016076.6982946,0.5902732489358323,0.00013237794324643022
2313,irs_soi.ty2022.historic_table_2.state_broad.ms.all.rental_royalty_income_amount,soi,soi_income_amount,state,28,350723187.0632125,0.2520176703990421,5.651887651918415e-05
2314,irs_soi.ty2022.historic_table_2.state_eitc.nd.nd.eitc_claims,soi,soi_eitc_count,state,38,39070.0,0.33745612036551376,7.567977581644175e-05
2315,irs_soi.ty2022.historic_table_2.state_broad.ms.all.ordinary_dividends_returns,soi,soi_income_count,state,28,137180.0,0.6323259466882984,0.0001418089138121324
2316,irs_soi.ty2022.historic_table_2.state_eitc.nd.nd.eitc_one_child_amount,soi,soi_eitc_amount,state,38,33147676.356223047,0.07747744638463178,1.737552060655568e-05
2317,irs_soi.ty2022.historic_table_2.state_broad.tx.all.limited_state_local_taxes_returns,soi,soi_deduction_count,state,48,1030120.0,1.7327643861171613,0.00038859932408996667
2318,irs_soi.ty2022.historic_table_2.state_broad.sc.all.taxable_income_amount,soi,soi_tax_amount,state,45,161620917624.24048,5.410003391108874,0.0012132772799077986
2319,irs_soi.ty2022.historic_table_2.state_broad.mt.all.premium_tax_credit_amount,soi,soi_credit_amount,state,30,234200483.60881245,0.20594091927008143,4.6185449488692854e-05
2320,irs_soi.ty2022.historic_table_2.state_broad.nv.all.qualified_dividends_returns,soi,soi_income_count,state,32,220530.0,0.801732413845555,0.00017980094502030838
2321,irs_soi.ty2022.historic_table_2.state_broad.oh.all.partnership_scorp_income_returns,soi,soi_income_count,state,39,263930.0,0.8770815643179627,0.00019669916221528655
2322,irs_soi.ty2022.historic_table_2.state_agi.va.75k_to_100k.taxable_interest_amount,soi,soi_agi_band_amount,state,51,347415511.2043992,0.2508264638796654,5.625172995731451e-05
2323,irs_soi.ty2022.historic_table_2.state_broad.nm.all.medical_dental_expense_returns,soi,soi_deduction_count,state,35,20770.0,0.24604460792913468,5.5179324496329826e-05
2324,irs_soi.ty2022.historic_table_2.state_broad.mo.all.wages_salaries_amount,soi,soi_income_amount,state,29,166126367902.7172,5.484891465619535,0.0012300720936576665
2325,irs_soi.ty2022.historic_table_2.state_broad.mo.all.tax_exempt_interest_returns,soi,soi_income_count,state,29,127010.0,0.6084355224513528,0.00013645111514943998
2326,irs_soi.ty2022.historic_table_2.state_broad.wy.all.schedule_c_income_returns,soi,soi_income_count,state,56,48420.0,0.3756712813760996,8.425011916934281e-05
2327,irs_soi.ty2022.historic_table_2.state_broad.ca.all.taxable_income_returns,soi,soi_tax_count,state,06,15238910.0,6.6645764738250595,0.0014946347777136262
2328,irs_soi.ty2022.historic_table_2.state_agi.ok.under_1.taxable_interest_amount,soi,soi_agi_band_amount,state,40,66795921.7443646,0.10998253532542962,2.466529161817215e-05
2329,irs_soi.ty2022.historic_table_2.state_broad.nv.all.medical_dental_expense_returns,soi,soi_deduction_count,state,32,33410.0,0.3120569370731291,6.998361450395359e-05
2330,irs_soi.ty2022.historic_table_2.state_broad.ma.all.taxable_ira_distributions_amount,soi,soi_income_amount,state,25,13229017261.715376,1.5477918117856426,0.0003471163516002787
2331,irs_soi.ty2022.historic_table_2.state_broad.or.all.taxable_income_amount,soi,soi_tax_amount,state,41,150835032107.682,5.226366521928392,0.0011720938600422498
2332,irs_soi.ty2022.historic_table_2.state_broad.wi.all.adjusted_gross_income,soi,soi_income_amount,state,55,274695993854.5594,7.053016764078536,0.0015817485454313828
2333,irs_soi.ty2022.historic_table_2.state_agi.tx.10k_to_25k.taxable_interest_amount,soi,soi_agi_band_amount,state,48,437242216.68650305,0.28139073698026246,6.310624287514296e-05
2334,irs_soi.ty2022.historic_table_2.state_agi.nh.1_to_10k.taxable_interest_amount,soi,soi_agi_band_amount,state,33,14044533.009955987,0.05043156028186314,1.131006061490539e-05
2335,irs_soi.ty2022.historic_table_2.state_agi.ms.500k_plus.taxable_interest_amount,soi,soi_agi_band_amount,state,28,423563373.4471996,0.2769541980357135,6.211128011565676e-05
2336,irs_soi.ty2022.historic_table_2.state_agi.sc.200k_to_500k.taxable_interest_amount,soi,soi_agi_band_amount,state,45,570992610.9848858,0.32156146407563296,7.2115152293257e-05
2337,irs_soi.ty2022.historic_table_2.state_agi.hi.10k_to_25k.taxable_interest_amount,soi,soi_agi_band_amount,state,15,26764399.577967834,0.06961895590317886,1.5613132070683753e-05
2338,irs_soi.ty2022.historic_table_2.state_broad.tx.all.taxable_interest_returns,soi,soi_income_count,state,48,3549048.556887224,3.216263145485421,0.0007212969601895988
2339,irs_soi.ty2022.historic_table_2.state_agi.me.under_1.taxable_interest_amount,soi,soi_agi_band_amount,state,23,12295359.5615201,0.04718667435910969,1.0582344552390601e-05
2340,irs_soi.ty2022.historic_table_2.state_broad.oh.all.premium_tax_credit_amount,soi,soi_credit_amount,state,39,859803916.6255989,0.3945921696429557,8.849342221192099e-05
2341,irs_soi.ty2022.historic_table_2.state_broad.la.all.return_count,soi,soi_return_count,state,22,1970500.0,2.396535260713068,0.0005374602513373107
2342,irs_soi.ty2022.historic_table_2.state_broad.in.all.real_estate_taxes_amount,soi,soi_deduction_amount,state,18,699355808.5374599,0.35587530009284524,7.981056292730327e-05
2343,irs_soi.ty2022.historic_table_2.state_broad.nd.all.actc_amount,soi,soi_credit_amount,state,38,66939551.647952504,0.11010071842536176,2.4691796013761326e-05
2344,irs_soi.ty2022.historic_table_2.state_agi.ms.500k_plus.taxable_interest_returns,soi,soi_agi_band_count,state,28,8115.102326219907,0.15379513718612078,3.449094801213742e-05
2345,irs_soi.ty2022.historic_table_2.state_broad.ma.all.wages_salaries_amount,soi,soi_income_amount,state,25,309748190349.2724,7.489505466779545,0.0016796379158509856
2346,irs_soi.ty2022.historic_table_2.state_broad.ks.all.wages_salaries_amount,soi,soi_income_amount,state,20,82105576305.4103,3.8559827298941656,0.0008647640120866036
2347,irs_soi.ty2022.historic_table_2.state_eitc.la.la.eitc_two_children_amount,soi,soi_eitc_amount,state,22,606060117.832484,0.3312886874196121,7.429663319569681e-05
2348,irs_soi.ty2022.historic_table_2.state_broad.ne.all.net_capital_gains_returns,soi,soi_income_count,state,31,196487.34746281494,0.7567682421023534,0.00016971703119586306
2349,irs_soi.ty2022.historic_table_2.state_broad.nc.all.ordinary_dividends_amount,soi,soi_income_amount,state,37,10568174285.006668,1.3834030748799007,0.00031024962432830245
2350,irs_soi.ty2022.historic_table_2.state_eitc.ks.ks.eitc_three_or_more_children_amount,soi,soi_eitc_amount,state,20,133835409.80288805,0.15568051864496796,3.491377408498945e-05
2351,irs_soi.ty2022.historic_table_2.state_eitc.il.il.eitc_two_children_amount,soi,soi_eitc_amount,state,17,873850814.457563,0.39780240178336185,8.921336662555771e-05
2352,irs_soi.ty2022.historic_table_2.state_broad.mi.all.taxable_social_security_returns,soi,soi_income_count,state,26,894450.0,1.6146323064549317,0.0003621063705886817
2353,irs_soi.ty2022.historic_table_2.state_agi.ar.10k_to_25k.taxable_interest_returns,soi,soi_agi_band_count,state,05,36622.00024140265,0.3267131645252177,7.327050112698311e-05
2354,irs_soi.ty2022.historic_table_2.state_broad.wv.all.income_tax_before_credits_amount,soi,soi_tax_amount,state,54,6621022882.528126,1.0949928860050655,0.00024556916035099025
2355,irs_soi.ty2022.historic_table_2.state_eitc.nj.nj.eitc_claims,soi,soi_eitc_count,state,34,545770.0,1.2612478340753823,0.0002828544144596058
2356,irs_soi.ty2022.historic_table_2.state_agi.hi.75k_to_100k.taxable_interest_returns,soi,soi_agi_band_count,state,15,34858.79987092843,0.31875119318437095,7.148490540129423e-05
2357,irs_soi.ty2022.historic_table_2.state_agi.ky.200k_to_500k.taxable_interest_amount,soi,soi_agi_band_amount,state,21,331811042.80914223,0.24512870504099948,5.49739190493383e-05
2358,irs_soi.ty2022.historic_table_2.state_broad.sc.all.real_estate_taxes_amount,soi,soi_deduction_amount,state,45,710332958.3984891,0.35865735066893023,8.043448097531514e-05
2359,irs_soi.ty2022.historic_table_2.state_broad.wa.all.net_capital_gains_amount,soi,soi_income_amount,state,53,35636550742.11995,2.540367712239834,0.0005697169123659641
2360,irs_soi.ty2022.historic_table_2.state_agi.nm.25k_to_50k.taxable_interest_amount,soi,soi_agi_band_amount,state,35,73726126.4888986,0.11554720953805395,2.5913256231902657e-05
2361,irs_soi.ty2022.historic_table_2.state_agi.il.200k_to_500k.taxable_interest_amount,soi,soi_agi_band_amount,state,17,1769301729.4485176,0.5660433652069974,0.000126944015520744
2362,irs_soi.ty2022.historic_table_2.state_agi.tx.1_to_10k.taxable_interest_amount,soi,soi_agi_band_amount,state,48,208189999.4307223,0.19416845960010606,4.354529257683473e-05
2363,irs_soi.ty2022.historic_table_2.state_agi.sd.100k_to_200k.taxable_interest_returns,soi,soi_agi_band_count,state,46,47168.3477989597,0.3707839576789034,8.315406092821336e-05
2364,irs_soi.ty2022.historic_table_2.state_broad.me.all.ctc_claims,soi,soi_credit_count,state,23,137820.0,0.6337992580123438,0.00014213932675764606
2365,irs_soi.ty2022.historic_table_2.state_broad.sd.all.net_capital_gains_amount,soi,soi_income_amount,state,46,3450551372.342516,0.7904838510072466,0.00017727828010927262
2366,irs_soi.ty2022.historic_table_2.state_broad.id.all.medical_dental_expense_returns,soi,soi_deduction_count,state,16,18690.0,0.23339967895292993,5.234350279276293e-05
2367,irs_soi.ty2022.historic_table_2.state_eitc.wi.wi.eitc_one_child_amount,soi,soi_eitc_amount,state,55,268485311.12945116,0.22050021558456812,4.945059779873696e-05
2368,irs_soi.ty2022.historic_table_2.state_broad.wy.all.net_capital_gains_amount,soi,soi_income_amount,state,56,6060551902.814149,1.047622556437884,0.0002349456282659529
2369,irs_soi.ty2022.historic_table_2.state_broad.nm.all.qualified_dividends_returns,soi,soi_income_count,state,35,133760.0,0.6243940180404346,0.00014003005562691963
2370,irs_soi.ty2022.historic_table_2.state_broad.ar.all.unemployment_compensation_amount,soi,soi_income_amount,state,05,104290766.10160175,0.13742687850123553,3.0820111796643984e-05
2371,irs_soi.ty2022.historic_table_2.state_eitc.wa.wa.eitc_two_children_amount,soi,soi_eitc_amount,state,53,317629287.31377953,0.23983304603185354,5.3786285272898304e-05
2372,irs_soi.ty2022.historic_table_2.state_eitc.wi.wi.eitc_three_or_more_children_amount,soi,soi_eitc_amount,state,55,221080111.8980027,0.20008917386407069,4.487310470151843e-05
2373,irs_soi.ty2022.historic_table_2.state_broad.md.all.net_capital_gains_amount,soi,soi_income_amount,state,24,15525821109.483625,1.6767798336989503,0.00037604391874836293
2374,irs_soi.ty2022.historic_table_2.state_broad.fl.all.real_estate_taxes_claims,soi,soi_deduction_count,state,12,711150.0,1.4397139436636293,0.00032287821118269326
2375,irs_soi.ty2022.historic_table_2.state_broad.md.all.premium_tax_credit_amount,soi,soi_credit_amount,state,24,505897826.6479973,0.3026775152365019,6.78801334910298e-05
2376,irs_soi.ty2022.historic_table_2.state_agi.mt.200k_to_500k.taxable_interest_amount,soi,soi_agi_band_amount,state,30,190608760.45704287,0.18578907897998087,4.16660863377396e-05
2377,irs_soi.ty2022.historic_table_2.state_eitc.or.or.eitc_one_child_claims,soi,soi_eitc_count,state,41,73800.0,0.4637925674681578,0.00010401268613324911
2378,irs_soi.ty2022.historic_table_2.state_broad.hi.all.unemployment_compensation_amount,soi,soi_income_amount,state,15,224984517.62015897,0.20184828776929925,4.5267613314487384e-05
2379,irs_soi.ty2022.historic_table_2.state_eitc.nh.nh.eitc_one_child_amount,soi,soi_eitc_amount,state,33,51134830.9815369,0.09622926432767089,2.1580907003290175e-05
2380,irs_soi.ty2022.historic_table_2.state_broad.nj.all.premium_tax_credit_amount,soi,soi_credit_amount,state,34,1299615895.2584367,0.4851279095740777,0.00010879746794664223
2381,irs_soi.ty2022.historic_table_2.state_broad.tn.all.income_tax_before_credits_returns,soi,soi_tax_count,state,47,2608220.0,2.75719647145288,0.0006183441290542453
2382,irs_soi.ty2022.historic_table_2.state_agi.nh.75k_to_100k.taxable_interest_amount,soi,soi_agi_band_amount,state,33,71887448.55114216,0.11409727917569869,2.558808683016342e-05
2383,irs_soi.ty2022.historic_table_2.state_broad.ca.all.ctc_claims,soi,soi_credit_count,state,06,4626510.0,3.672166431400432,0.0008235403524109513
2384,irs_soi.ty2022.historic_table_2.state_broad.wv.all.ctc_claims,soi,soi_credit_count,state,54,182850.0,0.7300339981691886,0.00016372146180067024
2385,irs_soi.ty2022.historic_table_2.state_eitc.nh.nh.eitc_no_children_amount,soi,soi_eitc_amount,state,33,8449649.341894556,0.039117230246808625,8.772646388609245e-06
2386,irs_soi.ty2022.historic_table_2.state_broad.va.all.taxable_interest_returns,soi,soi_income_count,state,51,1459699.9240956446,2.0626588113006843,0.000462583272325787
2387,irs_soi.ty2022.historic_table_2.state_broad.or.all.ordinary_dividends_returns,soi,soi_income_count,state,41,448320.0,1.1431143072861454,0.00025636113641761503
2388,irs_soi.ty2022.historic_table_2.state_broad.mt.all.ctc_claims,soi,soi_credit_count,state,30,111910.0,0.5711235277137798,0.00012808332085978468
2389,irs_soi.ty2022.historic_table_2.state_broad.md.all.schedule_c_income_amount,soi,soi_income_amount,state,24,8507197033.235811,1.2412006632693842,0.0002783585250660202
2390,irs_soi.ty2022.historic_table_2.state_broad.ri.all.net_capital_gains_returns,soi,soi_income_count,state,44,100158.87921722191,0.5403066735174297,0.00012117216270855117
2391,irs_soi.ty2022.historic_table_2.state_agi.fl.75k_to_100k.taxable_interest_returns,soi,soi_agi_band_count,state,12,362474.5705711558,1.0278609707804345,0.0002305137857771775
2392,irs_soi.ty2022.historic_table_2.state_eitc.ri.ri.eitc_three_or_more_children_amount,soi,soi_eitc_amount,state,44,34124618.046243206,0.0786108790587227,1.7629710486369746e-05
2393,irs_soi.ty2022.historic_table_2.state_broad.ct.all.income_tax_before_credits_amount,soi,soi_tax_amount,state,09,42804286740.56864,2.784148434343198,0.0006243885253068396
2394,irs_soi.ty2022.historic_table_2.state_eitc.co.co.eitc_two_children_claims,soi,soi_eitc_count,state,08,63860.0,0.43142972158609527,9.675481533664393e-05
2395,irs_soi.ty2022.historic_table_2.state_broad.me.all.qualified_dividends_returns,soi,soi_income_count,state,23,135730.0,0.6289752091135425,0.00014105745887273884
2396,irs_soi.ty2022.historic_table_2.state_broad.nm.all.taxable_ira_distributions_amount,soi,soi_income_amount,state,35,2446790795.110585,0.6656518942705235,0.0001492827751223421
2397,irs_soi.ty2022.historic_table_2.state_agi.mo.75k_to_100k.taxable_interest_amount,soi,soi_agi_band_amount,state,29,253159612.13648996,0.2141144433000956,4.801848919042288e-05
2398,irs_soi.ty2022.historic_table_2.state_broad.sd.all.tax_exempt_interest_amount,soi,soi_income_amount,state,46,168445137.65621695,0.1746537813543902,3.9168822909708497e-05
2399,irs_soi.ty2022.historic_table_2.state_agi.ct.1_to_10k.taxable_interest_returns,soi,soi_agi_band_count,state,09,35943.00382544364,0.32367025367379487,7.258808111096543e-05
2400,irs_soi.ty2022.historic_table_2.state_eitc.tn.tn.eitc_claims,soi,soi_eitc_count,state,47,557800.0,1.2750724393963921,0.00028595479690432654
2401,irs_soi.ty2022.historic_table_2.state_agi.va.200k_to_500k.taxable_interest_amount,soi,soi_agi_band_amount,state,51,1443055308.6039898,0.5111992896120434,0.0001146443798188032
2402,irs_soi.ty2022.historic_table_2.state_broad.ga.all.taxable_ira_distributions_amount,soi,soi_income_amount,state,13,11288194875.0492,1.4297529535767377,0.0003206443044576671
2403,irs_soi.ty2022.historic_table_2.state_broad.sd.all.taxable_ira_distributions_returns,soi,soi_income_count,state,46,54840.0,0.3998014148449376,8.966167635006449e-05
2404,irs_soi.ty2022.historic_table_2.state_broad.mo.all.income_tax_liability_returns,soi,soi_tax_count,state,29,2023100.0,2.42831084069708,0.0005445864186358107
2405,irs_soi.ty2022.historic_table_2.state_broad.dc.all.partnership_scorp_income_returns,soi,soi_income_count,state,11,17040.0,0.22285911361543478,4.997961731676044e-05
2406,irs_soi.ty2022.historic_table_2.state_broad.md.all.taxable_interest_amount,soi,soi_income_amount,state,24,4663802753.212518,0.9190070446115335,0.00020610160229009498
2407,irs_soi.ty2022.historic_table_2.state_agi.nh.500k_plus.taxable_interest_amount,soi,soi_agi_band_amount,state,33,682648182.7767099,0.35159866908767895,7.885146200665596e-05
2408,irs_soi.ty2022.historic_table_2.state_broad.ga.all.taxable_income_returns,soi,soi_tax_count,state,13,3851290.0,3.3504158506664363,0.0007513827877700014
2409,irs_soi.ty2022.historic_table_2.state_broad.al.all.adjusted_gross_income,soi,soi_income_amount,state,01,178376829948.7916,5.683527608691331,0.0012746193336378854
2410,irs_soi.ty2022.historic_table_2.state_broad.ne.all.partnership_scorp_income_returns,soi,soi_income_count,state,31,72760.0,0.4605130575356906,0.00010327720509883171
2411,irs_soi.ty2022.historic_table_2.state_broad.sc.all.taxable_income_returns,soi,soi_tax_count,state,45,1963560.0,2.3923113011146526,0.0005365129627976345
2412,irs_soi.ty2022.historic_table_2.state_agi.wi.10k_to_25k.taxable_interest_returns,soi,soi_agi_band_count,state,55,117214.49419369995,0.5845023512893417,0.00013108372982492526
2413,irs_soi.ty2022.historic_table_2.state_agi.tx.500k_plus.taxable_interest_amount,soi,soi_agi_band_amount,state,48,16894979924.076412,1.7491521702518893,0.00039227453919082515
2414,irs_soi.ty2022.historic_table_2.state_broad.wv.all.actc_amount,soi,soi_credit_amount,state,54,182504359.2939039,0.18179643999828948,4.077067503886286e-05
2415,irs_soi.ty2022.historic_table_2.state_agi.wy.10k_to_25k.taxable_interest_returns,soi,soi_agi_band_count,state,56,9670.223149867987,0.16788575636555628,3.765098819590856e-05
2416,irs_soi.ty2022.historic_table_2.state_broad.al.all.schedule_c_income_amount,soi,soi_income_amount,state,01,4558000999.353271,0.9085230731379846,0.00020375040886700708
2417,irs_soi.ty2022.historic_table_2.state_broad.mn.all.income_tax_before_credits_returns,soi,soi_tax_count,state,27,2370810.0,2.628717878246079,0.0005895308092052206
2418,irs_soi.ty2022.historic_table_2.state_broad.ny.all.medical_dental_expense_amount,soi,soi_deduction_amount,state,36,4664380090.351888,0.9190639252845719,0.00020611435866440276
2419,irs_soi.ty2022.historic_table_2.state_eitc.md.md.eitc_claims,soi,soi_eitc_count,state,24,379150.0,1.0512381996599658,0.00023575649241084677
2420,irs_soi.ty2022.historic_table_2.state_broad.ok.all.income_tax_before_credits_returns,soi,soi_tax_count,state,40,1338810.0,1.9754001273405242,0.00044301415728650466
2421,irs_soi.ty2022.historic_table_2.state_broad.nd.all.taxable_ira_distributions_amount,soi,soi_income_amount,state,38,1036648288.0548447,0.4332758377383612,9.716883555468966e-05
2422,irs_soi.ty2022.historic_table_2.state_broad.ny.all.actc_amount,soi,soi_credit_amount,state,36,2067139154.632223,0.6118340035344758,0.00013721327731206005
2423,irs_soi.ty2022.historic_table_2.state_agi.ct.100k_to_200k.taxable_interest_returns,soi,soi_agi_band_count,state,09,187742.50901266918,0.7397362687928987,0.0001658973466680643
2424,irs_soi.ty2022.historic_table_2.state_agi.in.25k_to_50k.taxable_interest_amount,soi,soi_agi_band_amount,state,18,190378606.05593288,0.18567687771018906,4.164092346045954e-05
2425,irs_soi.ty2022.historic_table_2.state_agi.nc.75k_to_100k.taxable_interest_returns,soi,soi_agi_band_count,state,37,186888.28771517234,0.7380514641712417,0.00016551950306598827
2426,irs_soi.ty2022.historic_table_2.state_broad.la.all.real_estate_taxes_claims,soi,soi_deduction_count,state,22,86830.0,0.5030724148443794,0.00011282180193863633
2427,irs_soi.ty2022.historic_table_2.state_broad.wv.all.taxable_social_security_amount,soi,soi_income_amount,state,54,2664655514.06093,0.6946551966708605,0.00015578721611815666
2428,irs_soi.ty2022.historic_table_2.state_broad.wi.all.income_tax_before_credits_amount,soi,soi_tax_amount,state,55,37174845108.91331,2.5946174648247884,0.0005818832619028456
2429,irs_soi.ty2022.historic_table_2.state_agi.ia.10k_to_25k.taxable_interest_returns,soi,soi_agi_band_count,state,19,56280.04163892591,0.4050165861173781,9.083125950154253e-05
2430,irs_soi.ty2022.historic_table_2.state_broad.or.all.schedule_c_income_returns,soi,soi_income_count,state,41,319720.0,0.9653404528243771,0.0002164925886576311
2431,irs_soi.ty2022.historic_table_2.state_broad.nc.all.return_count,soi,soi_return_count,state,37,4943390.0,3.795841249623476,0.0008512763511153792
2432,irs_soi.ty2022.historic_table_2.state_broad.me.all.premium_tax_credit_amount,soi,soi_credit_amount,state,23,264835223.9435731,0.2189962240791379,4.911330434607264e-05
2433,irs_soi.ty2022.historic_table_2.state_broad.pa.all.taxable_social_security_amount,soi,soi_income_amount,state,42,23874748617.17312,2.0793048040978754,0.0004663163947292836
2434,irs_soi.ty2022.historic_table_2.state_agi.va.25k_to_50k.taxable_interest_amount,soi,soi_agi_band_amount,state,51,238672671.2221781,0.20789789885774493,4.6624332553878653e-05
2435,irs_soi.ty2022.historic_table_2.state_agi.fl.100k_to_200k.taxable_interest_returns,soi,soi_agi_band_count,state,12,805870.1817474924,1.532597620503797,0.0003437088182336392
2436,irs_soi.ty2022.historic_table_2.state_agi.me.200k_to_500k.taxable_interest_amount,soi,soi_agi_band_amount,state,23,174873871.23449022,0.17795541814767984,3.990926623630407e-05
2437,irs_soi.ty2022.historic_table_2.state_agi.il.75k_to_100k.taxable_interest_returns,soi,soi_agi_band_count,state,17,253977.51423396202,0.8603858073304629,0.0001929548794192561
2438,irs_soi.ty2022.historic_table_2.state_broad.va.all.tax_exempt_interest_amount,soi,soi_income_amount,state,51,1274094413.9526346,0.4803408906921529,0.0001077239046181101
2439,irs_soi.ty2022.historic_table_2.state_broad.fl.all.unemployment_compensation_returns,soi,soi_income_count,state,12,127750.0,0.6102054160702101,0.0001368480412806033
2440,irs_soi.ty2022.historic_table_2.state_broad.ok.all.qualified_dividends_returns,soi,soi_income_count,state,40,231010.0,0.820561230356512,0.00018402359954171606
2441,irs_soi.ty2022.historic_table_2.state_broad.nv.all.income_tax_liability_amount,soi,soi_tax_amount,state,32,23614292825.64501,2.0679318652090464,0.00046376583655731023
2442,irs_soi.ty2022.historic_table_2.state_broad.ky.all.limited_state_local_taxes_returns,soi,soi_deduction_count,state,21,107130.0,0.5587932560786238,0.00012531806595169855
2443,irs_soi.ty2022.historic_table_2.state_agi.ks.200k_to_500k.taxable_interest_amount,soi,soi_agi_band_amount,state,20,377315125.17970973,0.2613971575015702,5.8622372168999824e-05
2444,irs_soi.ty2022.historic_table_2.state_broad.or.all.taxable_ira_distributions_returns,soi,soi_income_count,state,41,252190.0,0.8573527287838927,0.0001922746644503011
2445,irs_soi.ty2022.historic_table_2.state_agi.pa.1_to_10k.taxable_interest_returns,soi,soi_agi_band_count,state,42,163024.8491607416,0.6893225837103795,0.00015459129484422056
2446,irs_soi.ty2022.historic_table_2.state_broad.co.all.taxable_ira_distributions_amount,soi,soi_income_amount,state,08,10083597762.60497,1.351314726978986,0.00030305331396702985
2447,irs_soi.ty2022.historic_table_2.state_broad.ia.all.schedule_c_income_returns,soi,soi_income_count,state,19,223030.0,0.8062639573279871,0.00018081721402287218
2448,irs_soi.ty2022.historic_table_2.state_broad.ak.all.taxable_interest_amount,soi,soi_income_amount,state,02,451974655.6286655,0.28609205317059516,6.416058604408951e-05
2449,irs_soi.ty2022.historic_table_2.state_broad.mn.all.medical_dental_expense_amount,soi,soi_deduction_amount,state,27,1591299090.1419673,0.5368150220266593,0.00012038910563504357
2450,irs_soi.ty2022.historic_table_2.state_broad.or.all.limited_state_local_taxes_returns,soi,soi_deduction_count,state,41,250580.0,0.8546116446824971,0.00019165993377046357
2451,irs_soi.ty2022.historic_table_2.state_agi.in.1_to_10k.taxable_interest_returns,soi,soi_agi_band_count,state,18,77109.89943173328,0.4740789497159931,0.0001063195671038334
2452,irs_soi.ty2022.historic_table_2.state_broad.tx.all.taxable_pension_income_amount,soi,soi_income_amount,state,48,67257201101.49383,3.489941509492301,0.0007826735836493163
2453,irs_soi.ty2022.historic_table_2.state_broad.az.all.taxable_interest_returns,soi,soi_income_count,state,04,961239.8938960509,1.673830576633699,0.00037538250204837385
2454,irs_soi.ty2022.historic_table_2.state_broad.in.all.premium_tax_credit_amount,soi,soi_credit_amount,state,18,575531810.3653288,0.32283708669219663,7.240123047593555e-05
2455,irs_soi.ty2022.historic_table_2.state_broad.nc.all.taxable_social_security_amount,soi,soi_income_amount,state,37,16393730238.857702,1.7230093947179186,0.0003864116157698853
2456,irs_soi.ty2022.historic_table_2.state_broad.oh.all.wages_salaries_amount,soi,soi_income_amount,state,39,329272169320.5329,7.721937206370429,0.001731764343209336
2457,irs_soi.ty2022.historic_table_2.state_broad.id.all.income_tax_liability_returns,soi,soi_tax_count,state,16,620120.0,1.3444153821654874,0.000301506028743101
2458,irs_soi.ty2022.historic_table_2.state_broad.id.all.medical_dental_expense_amount,soi,soi_deduction_amount,state,16,387639707.27864176,0.2649493642188303,5.94190096924939e-05
2459,irs_soi.ty2022.historic_table_2.state_agi.hi.25k_to_50k.taxable_interest_returns,soi,soi_agi_band_count,state,15,36720.564237267674,0.32715252497486136,7.336903453125395e-05
2460,irs_soi.ty2022.historic_table_2.state_broad.ky.all.wages_salaries_amount,soi,soi_income_amount,state,21,106362927194.95299,4.3887808343226835,0.0009842522615659752
2461,irs_soi.ty2022.historic_table_2.state_broad.ar.all.ordinary_dividends_returns,soi,soi_income_count,state,05,190360.0,0.7448750913619618,0.00016704980743708497
2462,irs_soi.ty2022.historic_table_2.state_broad.or.all.taxable_social_security_amount,soi,soi_income_amount,state,41,7503250523.839222,1.1656642490236357,0.00026141831106159133
2463,irs_soi.ty2022.historic_table_2.state_agi.sd.1_to_10k.taxable_interest_amount,soi,soi_agi_band_amount,state,46,11014166.728674514,0.04466060237091636,1.0015833678160207e-05
2464,irs_soi.ty2022.historic_table_2.state_broad.mi.all.taxable_social_security_amount,soi,soi_income_amount,state,26,17784626322.41246,1.7946143061543172,0.0004024701292115535
2465,irs_soi.ty2022.historic_table_2.state_agi.or.under_1.taxable_interest_amount,soi,soi_agi_band_amount,state,41,71061449.97826965,0.11343988710975524,2.544065644982176e-05
2466,irs_soi.ty2022.historic_table_2.state_broad.dc.all.medical_dental_expense_amount,soi,soi_deduction_amount,state,11,279781759.59329665,0.2250911664947162,5.04801898395865e-05
2467,irs_soi.ty2022.historic_table_2.state_broad.ms.all.income_tax_liability_returns,soi,soi_tax_count,state,28,770100.0,1.4981978356323051,0.00033599413223420167
2468,irs_soi.ty2022.historic_table_2.state_broad.wa.all.medical_dental_expense_returns,soi,soi_deduction_count,state,53,88460.0,0.5077723767077373,0.00011387584137872558
2469,irs_soi.ty2022.historic_table_2.state_broad.ok.all.income_tax_liability_amount,soi,soi_tax_amount,state,40,16539515258.827742,1.730653566781369,0.00038812594007207196
2470,irs_soi.ty2022.historic_table_2.state_broad.vt.all.actc_amount,soi,soi_credit_amount,state,50,44021754.387571305,0.08928580661433602,2.0023728776482624e-05
2471,irs_soi.ty2022.historic_table_2.state_agi.wv.under_1.taxable_interest_returns,soi,soi_agi_band_count,state,54,2343.6327905682324,0.08264952967258643,1.8535440608339633e-05
2472,irs_soi.ty2022.historic_table_2.state_broad.tx.all.unemployment_compensation_amount,soi,soi_income_amount,state,48,2208904373.2447014,0.6324660393161955,0.0001418403317596312
2473,irs_soi.ty2022.historic_table_2.state_agi.ky.100k_to_200k.taxable_interest_amount,soi,soi_agi_band_amount,state,21,359383540.0621185,0.255110212433138,5.7212427098707773e-05
2474,irs_soi.ty2022.historic_table_2.state_broad.ms.all.real_estate_taxes_claims,soi,soi_deduction_count,state,28,59910.0,0.4178739164107536,9.371471549915982e-05
2475,irs_soi.ty2022.historic_table_2.state_broad.ok.all.unemployment_compensation_returns,soi,soi_income_count,state,40,29440.0,0.29293044170974136,6.569420087682022e-05
2476,irs_soi.ty2022.historic_table_2.state_broad.or.all.itemized_deductions_amount,soi,soi_deduction_amount,state,41,9476761245.011955,1.3100224035191195,0.0002937928691453509
2477,irs_soi.ty2022.historic_table_2.state_agi.al.25k_to_50k.taxable_interest_returns,soi,soi_agi_band_count,state,01,95081.40134445511,0.5264333453728482,0.00011806085341396014
2478,irs_soi.ty2022.historic_table_2.state_agi.ks.75k_to_100k.taxable_interest_amount,soi,soi_agi_band_amount,state,20,129489980.60672458,0.15313231079115405,3.434229889911506e-05
2479,irs_soi.ty2022.historic_table_2.state_agi.tx.200k_to_500k.taxable_interest_returns,soi,soi_agi_band_count,state,48,597100.6869502858,1.3192265681170638,0.0002958570460006871
2480,irs_soi.ty2022.historic_table_2.state_broad.la.all.wages_salaries_returns,soi,soi_income_count,state,22,1591220.0,2.153578555505231,0.0004829734369825591
2481,irs_soi.ty2022.historic_table_2.state_broad.nv.all.net_capital_gains_amount,soi,soi_income_amount,state,32,19968027917.522484,1.9015876178462623,0.00042646055569550625
2482,irs_soi.ty2022.historic_table_2.state_eitc.wa.wa.eitc_no_children_claims,soi,soi_eitc_count,state,53,117550.0,0.5853382709691116,0.0001312711977952706
2483,irs_soi.ty2022.historic_table_2.state_broad.co.all.actc_claims,soi,soi_credit_count,state,08,227100.0,0.8135873188542256,0.000182459591579777
2484,irs_soi.ty2022.historic_table_2.state_eitc.mn.mn.eitc_one_child_amount,soi,soi_eitc_amount,state,27,225173856.08989912,0.2019332038539257,4.528665706524461e-05
2485,irs_soi.ty2022.historic_table_2.state_broad.ky.all.unemployment_compensation_amount,soi,soi_income_amount,state,21,271847469.3998073,0.22187654804584747,4.975926172815597e-05
2486,irs_soi.ty2022.historic_table_2.state_agi.ia.50k_to_75k.taxable_interest_returns,soi,soi_agi_band_count,state,19,99100.62206472865,0.5374447117354664,0.00012053032333156905
2487,irs_soi.ty2022.historic_table_2.state_broad.va.all.limited_state_local_taxes_amount,soi,soi_deduction_amount,state,51,5306900747.588059,0.9803230990013061,0.0002198526797491155
2488,irs_soi.ty2022.historic_table_2.state_broad.la.all.ctc_claims,soi,soi_credit_count,state,22,514540.0,1.2246307909566352,0.00027464247386334046
2489,irs_soi.ty2022.historic_table_2.state_broad.ny.all.taxable_income_amount,soi,soi_tax_amount,state,36,938069821012.1561,13.033658431362307,0.002923000321005227
2490,irs_soi.ty2022.historic_table_2.state_broad.de.all.unemployment_compensation_returns,soi,soi_income_count,state,10,11940.0,0.18655107973770294,4.183697684182618e-05
2491,irs_soi.ty2022.historic_table_2.state_broad.ny.all.taxable_pension_income_returns,soi,soi_income_count,state,36,1768820.0,2.270583218408037,0.0005092135497663236
2492,irs_soi.ty2022.historic_table_2.state_agi.ma.under_1.taxable_interest_amount,soi,soi_agi_band_amount,state,25,111755305.36563848,0.142260007749801,3.190401609100717e-05
2493,irs_soi.ty2022.historic_table_2.state_broad.nh.all.qualified_dividends_amount,soi,soi_income_amount,state,33,1689919785.265138,0.5531995250111146,0.00012406358488699587
2494,irs_soi.ty2022.historic_table_2.state_broad.wy.all.real_estate_taxes_amount,soi,soi_deduction_amount,state,56,116291912.18359253,0.1451187433793055,3.2545131953197014e-05
2495,irs_soi.ty2022.historic_table_2.state_broad.ct.all.limited_state_local_taxes_amount,soi,soi_deduction_amount,state,09,2133991319.2941415,0.6216487682436241,0.00013941439072519043
2496,irs_soi.ty2022.historic_table_2.state_broad.id.all.limited_state_local_taxes_returns,soi,soi_deduction_count,state,16,72560.0,0.45987970135985023,0.00010313516514013237
2497,irs_soi.ty2022.historic_table_2.state_agi.nj.100k_to_200k.taxable_interest_amount,soi,soi_agi_band_amount,state,34,1527841632.7017853,0.5260026392770543,0.00011796426088294556
2498,irs_soi.ty2022.historic_table_2.state_agi.ny.100k_to_200k.taxable_interest_amount,soi,soi_agi_band_amount,state,36,2934486515.050175,0.7289786553911702,0.00016348478479281684
2499,irs_soi.ty2022.historic_table_2.state_broad.mo.all.real_estate_taxes_claims,soi,soi_deduction_count,state,29,151130.0,0.6636986661195806,0.00014884473337510218
2500,irs_soi.ty2022.historic_table_2.state_agi.id.500k_plus.taxable_interest_amount,soi,soi_agi_band_amount,state,16,734998079.9447378,0.364831102418726,8.181904068596681e-05
2501,irs_soi.ty2022.historic_table_2.state_broad.ca.all.premium_tax_credit_returns,soi,soi_credit_count,state,06,988090.0,1.6970469425860821,0.0003805891326723665
2502,irs_soi.ty2022.historic_table_2.state_broad.ok.all.actc_amount,soi,soi_credit_amount,state,40,568456825.5345062,0.3208466402804768,7.195484195570236e-05
2503,irs_soi.ty2022.historic_table_2.state_broad.ks.all.return_count,soi,soi_return_count,state,20,1361370.0,1.9919741196382217,0.00044673113245979407
2504,irs_soi.ty2022.historic_table_2.state_agi.nh.100k_to_200k.taxable_interest_returns,soi,soi_agi_band_count,state,33,89638.47846168683,0.5111434991577887,0.00011463186794298916
2505,irs_soi.ty2022.historic_table_2.state_agi.tn.under_1.taxable_interest_amount,soi,soi_agi_band_amount,state,47,86926760.02811797,0.12546584029289493,2.8137663218859594e-05
2506,irs_soi.ty2022.historic_table_2.state_broad.ut.all.itemized_deductions_amount,soi,soi_deduction_amount,state,49,10854808080.581804,1.4020381395298376,0.00031442882698583485
2507,irs_soi.ty2022.historic_table_2.state_broad.mt.all.taxable_pension_income_returns,soi,soi_income_count,state,30,112680.0,0.5730849755443836,0.0001285232059978434
2508,irs_soi.ty2022.historic_table_2.state_broad.ct.all.adjusted_gross_income,soi,soi_income_amount,state,09,243477723559.51935,6.640157329733706,0.0014891584054123584
2509,irs_soi.ty2022.historic_table_2.state_eitc.hi.hi.eitc_no_children_amount,soi,soi_eitc_amount,state,15,10503243.513691522,0.04361244858941424,9.780768914423467e-06
2510,irs_soi.ty2022.historic_table_2.state_broad.ms.all.taxable_ira_distributions_amount,soi,soi_income_amount,state,28,2311018307.1172786,0.64691980377574,0.00014508181291225387
2511,irs_soi.ty2022.historic_table_2.state_eitc.ak.ak.eitc_amount,soi,soi_eitc_amount,state,02,92133891.92911462,0.1291690488934365,2.8968165259797378e-05
2512,irs_soi.ty2022.historic_table_2.state_agi.ct.25k_to_50k.taxable_interest_amount,soi,soi_agi_band_amount,state,09,111676029.9608117,0.14220954159794671,3.1892698272694934e-05
2513,irs_soi.ty2022.historic_table_2.state_broad.ms.all.limited_state_local_taxes_returns,soi,soi_deduction_count,state,28,78900.0,0.4795502317889756,0.00010754658707983306
2514,irs_soi.ty2022.historic_table_2.state_agi.dc.25k_to_50k.taxable_interest_amount,soi,soi_agi_band_amount,state,11,11420772.837302156,0.045477491348769356,1.0199033718046503e-05
2515,irs_soi.ty2022.historic_table_2.state_broad.pa.all.schedule_c_income_amount,soi,soi_income_amount,state,42,18324285775.010868,1.8216388560006747,0.00040853080421634325
2516,irs_soi.ty2022.historic_table_2.state_broad.pa.all.tax_exempt_interest_amount,soi,soi_income_amount,state,42,2322998166.625748,0.6485943882351091,0.00014545736448421374
2517,irs_soi.ty2022.historic_table_2.state_broad.ky.all.taxable_interest_amount,soi,soi_income_amount,state,21,1878159646.6312935,0.5831966301375436,0.00013079090157827846
2518,irs_soi.ty2022.historic_table_2.state_agi.hi.50k_to_75k.taxable_interest_amount,soi,soi_agi_band_amount,state,15,57722723.798384294,0.1022403108753475,2.2928977545491702e-05
2519,irs_soi.ty2022.historic_table_2.state_broad.ar.all.taxable_ira_distributions_returns,soi,soi_income_count,state,05,119600.0,0.5904201808467198,0.0001324108950093563
2520,irs_soi.ty2022.historic_table_2.state_broad.vt.all.qualified_dividends_amount,soi,soi_income_amount,state,50,864840992.1282717,0.39574632117884717,8.87522586182658e-05
2521,irs_soi.ty2022.historic_table_2.state_agi.az.under_1.taxable_interest_amount,soi,soi_agi_band_amount,state,04,133417949.05233498,0.1554375288965521,3.485927986018213e-05
2522,irs_soi.ty2022.historic_table_2.state_broad.ar.all.itemized_deductions_amount,soi,soi_deduction_amount,state,05,4893179386.016219,0.9413352500692517,0.00021110904912968192
2523,irs_soi.ty2022.historic_table_2.state_agi.ne.500k_plus.taxable_interest_returns,soi,soi_agi_band_count,state,31,10710.620883998743,0.17668632074062132,3.962465143319608e-05
2524,irs_soi.ty2022.historic_table_2.state_agi.nc.75k_to_100k.taxable_interest_amount,soi,soi_agi_band_amount,state,37,350497022.9081496,0.2519364003871733,5.650065045686775e-05
2525,irs_soi.ty2022.historic_table_2.state_broad.ne.all.actc_claims,soi,soi_credit_count,state,31,93010.0,0.5206674471416033,0.00011676776118896687
2526,irs_soi.ty2022.historic_table_2.state_broad.ut.all.adjusted_gross_income,soi,soi_income_amount,state,49,158243763523.01178,5.353182565343898,0.0012005343272805335
2527,irs_soi.ty2022.historic_table_2.state_broad.ne.all.taxable_income_amount,soi,soi_tax_amount,state,31,68435801705.93894,3.520387196889873,0.0007895015018815593
2528,irs_soi.ty2022.historic_table_2.state_broad.wi.all.taxable_interest_amount,soi,soi_income_amount,state,55,4763697435.107622,0.9287970728436362,0.00020829716816408078
2529,irs_soi.ty2022.historic_table_2.state_broad.mo.all.income_tax_before_credits_amount,soi,soi_tax_amount,state,29,33806092482.14959,2.474265165360995,0.0005548923896301851
2530,irs_soi.ty2022.historic_table_2.state_broad.tx.all.income_tax_liability_amount,soi,soi_tax_amount,state,48,203384109423.58032,6.068862001614606,0.0013610365556435539
2531,irs_soi.ty2022.historic_table_2.state_eitc.ct.ct.eitc_one_child_claims,soi,soi_eitc_count,state,09,71890.0,0.4577515730779889,0.00010265789932226708
2532,irs_soi.ty2022.historic_table_2.state_broad.ne.all.qualified_dividends_amount,soi,soi_income_amount,state,31,1603980286.230658,0.5389497395267814,0.00012086784918743696
2533,irs_soi.ty2022.historic_table_2.state_broad.md.all.itemized_deductions_amount,soi,soi_deduction_amount,state,24,22449471356.343887,2.0162845046855296,0.00045218311385636454
2534,irs_soi.ty2022.historic_table_2.state_broad.tn.all.taxable_ira_distributions_amount,soi,soi_income_amount,state,47,8262638951.090031,1.2232300493496333,0.0002743283358039097
2535,irs_soi.ty2022.historic_table_2.state_broad.nm.all.medical_dental_expense_amount,soi,soi_deduction_amount,state,35,452014786.99029136,0.2861047541137274,6.41634344278375e-05
2536,irs_soi.ty2022.historic_table_2.state_broad.al.all.limited_state_local_taxes_returns,soi,soi_deduction_count,state,01,152160.0,0.6659564866151871,0.00014935108468607024
2537,irs_soi.ty2022.historic_table_2.state_eitc.nc.nc.eitc_amount,soi,soi_eitc_amount,state,37,2342469779.667664,0.651307008652454,0.00014606571174085085
2538,irs_soi.ty2022.historic_table_2.state_agi.il.10k_to_25k.taxable_interest_returns,soi,soi_agi_band_count,state,17,165138.49929429145,0.6937767961050444,0.0001555902211493708
2539,irs_soi.ty2022.historic_table_2.state_agi.mi.10k_to_25k.taxable_interest_amount,soi,soi_agi_band_amount,state,26,207205450.04819626,0.1937087953829255,4.344220573736836e-05
2540,irs_soi.ty2022.historic_table_2.state_broad.ar.all.actc_claims,soi,soi_credit_count,state,05,207680.0,0.7780239053308141,0.00017448394378354208
2541,irs_soi.ty2022.historic_table_2.state_agi.mi.50k_to_75k.taxable_interest_returns,soi,soi_agi_band_count,state,26,232687.6911271179,0.8235354693108876,0.00018469061881831972
2542,irs_soi.ty2022.historic_table_2.state_eitc.tn.tn.eitc_three_or_more_children_amount,soi,soi_eitc_amount,state,47,390552606.8131055,0.26594297559123553,5.964184247392589e-05
2543,irs_soi.ty2022.historic_table_2.state_agi.in.75k_to_100k.taxable_interest_amount,soi,soi_agi_band_amount,state,18,217651902.58746612,0.19853175748775148,4.452382989184828e-05
2544,irs_soi.ty2022.historic_table_2.state_broad.ia.all.medical_dental_expense_returns,soi,soi_deduction_count,state,19,34350.0,0.3164163921706264,7.09612900135964e-05
2545,irs_soi.ty2022.historic_table_2.state_broad.mn.all.rental_royalty_income_returns,soi,soi_income_count,state,27,162700.0,0.6886354567910583,0.00015443719596121514
2546,irs_soi.ty2022.historic_table_2.state_broad.nj.all.partnership_scorp_income_amount,soi,soi_income_amount,state,34,33635914169.270367,2.468029639668252,0.0005534939761534541
2547,irs_soi.ty2022.historic_table_2.state_broad.ak.all.limited_state_local_taxes_amount,soi,soi_deduction_amount,state,02,130264867.18122032,0.1535898102073643,3.444490024834364e-05
2548,irs_soi.ty2022.historic_table_2.state_agi.pa.100k_to_200k.taxable_interest_amount,soi,soi_agi_band_amount,state,42,1758430769.9027557,0.5643017415008376,0.00012655342935654577
2549,irs_soi.ty2022.historic_table_2.state_broad.md.all.ctc_amount,soi,soi_credit_amount,state,24,1848242597.0390933,0.5785331390666534,0.00012974504127980565
2550,irs_soi.ty2022.historic_table_2.state_eitc.ky.ky.eitc_three_or_more_children_claims,soi,soi_eitc_count,state,21,50650.0,0.3842247427417519,8.616836571916392e-05
2551,irs_soi.ty2022.historic_table_2.state_broad.mi.all.income_tax_before_credits_amount,soi,soi_tax_amount,state,26,57071082719.42743,3.2148210929209986,0.0007209735575063913
2552,irs_soi.ty2022.historic_table_2.state_eitc.tn.tn.eitc_no_children_claims,soi,soi_eitc_count,state,47,145530.0,0.6512861883562732,0.00014606104246608502
2553,irs_soi.ty2022.historic_table_2.state_broad.hi.all.premium_tax_credit_amount,soi,soi_credit_amount,state,15,104470021.45756875,0.1375449327095024,3.084658728627549e-05
2554,irs_soi.ty2022.historic_table_2.state_broad.me.all.real_estate_taxes_claims,soi,soi_deduction_count,state,23,36390.0,0.3256766569810269,7.303804821283402e-05
2555,irs_soi.ty2022.historic_table_2.state_agi.ma.1_to_10k.taxable_interest_returns,soi,soi_agi_band_count,state,25,88170.97007880766,0.5069421625626364,0.0001136896529631389
2556,irs_soi.ty2022.historic_table_2.state_broad.mo.all.itemized_deductions_amount,soi,soi_deduction_amount,state,29,8558040574.263902,1.244904176130343,0.00027918909534208183
2557,irs_soi.ty2022.historic_table_2.state_eitc.pa.pa.eitc_two_children_claims,soi,soi_eitc_count,state,42,188580.0,0.7413843587727542,0.0001662669564415237
2558,irs_soi.ty2022.historic_table_2.state_agi.mo.100k_to_200k.taxable_interest_amount,soi,soi_agi_band_amount,state,29,699093993.37158,0.35580868001800053,7.979562234088372e-05
2559,irs_soi.ty2022.historic_table_2.state_broad.mt.all.rental_royalty_income_returns,soi,soi_income_count,state,30,52710.0,0.391960327388923,8.790319071292286e-05
2560,irs_soi.ty2022.historic_table_2.state_broad.ok.all.taxable_pension_income_returns,soi,soi_income_count,state,40,325480.0,0.9739973096856467,0.00021843402325311654
2561,irs_soi.ty2022.historic_table_2.state_broad.nh.all.taxable_social_security_returns,soi,soi_income_count,state,33,140230.0,0.6393167317812378,0.00014337670593882884
2562,irs_soi.ty2022.historic_table_2.state_broad.ar.all.tax_exempt_interest_returns,soi,soi_income_count,state,05,32970.0,0.3099952770797698,6.95212552320632e-05
2563,irs_soi.ty2022.historic_table_2.state_broad.ia.all.ordinary_dividends_returns,soi,soi_income_count,state,19,335740.0,0.9892296995878156,0.00022185012325360296
2564,irs_soi.ty2022.historic_table_2.state_broad.nj.all.limited_state_local_taxes_returns,soi,soi_deduction_count,state,34,620890.0,1.3452498002563125,0.0003016931599588052
2565,irs_soi.ty2022.historic_table_2.state_broad.tn.all.taxable_pension_income_amount,soi,soi_income_amount,state,47,18537692637.327507,1.8322156643536651,0.0004109028177514387
2566,irs_soi.ty2022.historic_table_2.state_broad.or.all.real_estate_taxes_claims,soi,soi_deduction_count,state,41,227990.0,0.8151799755573668,0.00018281676958003293
2567,irs_soi.ty2022.historic_table_2.state_broad.dc.all.taxable_income_returns,soi,soi_tax_count,state,11,299500.0,0.9343164966823589,0.000209534984678708
2568,irs_soi.ty2022.historic_table_2.state_agi.me.1_to_10k.taxable_interest_returns,soi,soi_agi_band_count,state,23,22505.445722512697,0.25611759375434145,5.743834800501042e-05
2569,irs_soi.ty2022.historic_table_2.state_broad.sc.all.partnership_scorp_income_amount,soi,soi_income_amount,state,45,16277014835.895638,1.7168649434724699,0.0003850336271523817
2570,irs_soi.ty2022.historic_table_2.state_agi.ma.100k_to_200k.taxable_interest_amount,soi,soi_agi_band_amount,state,25,1101774690.8247335,0.44667860295595346,0.00010017461380487855
2571,irs_soi.ty2022.historic_table_2.state_broad.tn.all.partnership_scorp_income_amount,soi,soi_income_amount,state,47,17013004837.46288,1.7552511489128382,0.00039364232987504783
2572,irs_soi.ty2022.historic_table_2.state_broad.sd.all.partnership_scorp_income_returns,soi,soi_income_count,state,46,39120.0,0.3376719817835875,7.572818609185635e-05
2573,irs_soi.ty2022.historic_table_2.state_agi.nd.500k_plus.taxable_interest_returns,soi,soi_agi_band_count,state,38,5267.698001230466,0.12390990899713172,2.7788721461568004e-05
2574,irs_soi.ty2022.historic_table_2.state_broad.ma.all.ctc_claims,soi,soi_credit_count,state,25,751900.0,1.480388306773329,0.0003320000687986833
2575,irs_soi.ty2022.historic_table_2.state_broad.id.all.taxable_income_returns,soi,soi_tax_count,state,16,710770.0,1.4393292397318946,0.00032279193535140045
2576,irs_soi.ty2022.historic_table_2.state_broad.oh.all.income_tax_liability_amount,soi,soi_tax_amount,state,39,60739290381.10182,3.316527556243923,0.0007437828114473925
2577,irs_soi.ty2022.historic_table_2.state_broad.va.all.unemployment_compensation_returns,soi,soi_income_count,state,51,43180.0,0.35476185952547723,7.956085658790699e-05
2578,irs_soi.ty2022.historic_table_2.state_eitc.ny.ny.eitc_claims,soi,soi_eitc_count,state,36,1451910.0,2.057147592860454,0.0004613472959992048
2579,irs_soi.ty2022.historic_table_2.state_broad.nc.all.tax_exempt_interest_returns,soi,soi_income_count,state,37,194340.0,0.7526216425592556,0.00016878709185002368
2580,irs_soi.ty2022.historic_table_2.state_agi.oh.200k_to_500k.taxable_interest_returns,soi,soi_agi_band_count,state,39,187249.6890333441,0.7387647350482515,0.00016567946513753118
2581,irs_soi.ty2022.historic_table_2.state_broad.or.all.tax_exempt_interest_amount,soi,soi_income_amount,state,41,540621829.7907552,0.31289278026582,7.01710653208836e-05
2582,irs_soi.ty2022.historic_table_2.state_broad.ma.all.qualified_dividends_amount,soi,soi_income_amount,state,25,10710469427.265224,1.3926853467810876,0.00031233131795942756
2583,irs_soi.ty2022.historic_table_2.state_eitc.in.in.eitc_one_child_claims,soi,soi_eitc_count,state,18,165680.0,0.6949133365224072,0.00015584510798887804
2584,irs_soi.ty2022.historic_table_2.state_broad.mt.all.taxable_income_amount,soi,soi_tax_amount,state,30,41082293690.73711,2.727571190982338,0.0006117001998166266
2585,irs_soi.ty2022.historic_table_2.state_agi.mn.75k_to_100k.taxable_interest_amount,soi,soi_agi_band_amount,state,27,287299181.6344711,0.22809509576803413,5.1153867631315124e-05
2586,irs_soi.ty2022.historic_table_2.state_broad.tn.all.taxable_income_returns,soi,soi_tax_count,state,47,2601060.0,2.7534093879607133,0.000617494816766251
2587,irs_soi.ty2022.historic_table_2.state_broad.ok.all.actc_claims,soi,soi_credit_count,state,40,257000.0,0.8654902211395434,0.00019409962348946927
2588,irs_soi.ty2022.historic_table_2.state_broad.ca.all.return_count,soi,soi_return_count,state,06,18487690.0,7.340690756422455,0.0016462639059032192
2589,irs_soi.ty2022.historic_table_2.state_agi.wi.50k_to_75k.taxable_interest_returns,soi,soi_agi_band_count,state,55,196459.94686917533,0.7567154737630276,0.00016970519707625647
2590,irs_soi.ty2022.historic_table_2.state_broad.ny.all.ordinary_dividends_amount,soi,soi_income_amount,state,36,37697973856.65363,2.612809567559399,0.0005859631234714956
2591,irs_soi.ty2022.historic_table_2.state_broad.mn.all.wages_salaries_returns,soi,soi_income_count,state,27,2338390.0,2.610682609357834,0.0005854861200623086
2592,irs_soi.ty2022.historic_table_2.state_broad.wi.all.rental_royalty_income_returns,soi,soi_income_count,state,55,179200.0,0.7227109024281871,0.0001620791438502326
2593,irs_soi.ty2022.historic_table_2.state_broad.nd.all.taxable_social_security_returns,soi,soi_income_count,state,38,63010.0,0.42854885929863734,9.610873722777245e-05
2594,irs_soi.ty2022.historic_table_2.state_agi.il.50k_to_75k.taxable_interest_amount,soi,soi_agi_band_amount,state,17,458792340.44376796,0.2882417146532449,6.464268101665057e-05
2595,irs_soi.ty2022.historic_table_2.state_eitc.hi.hi.eitc_one_child_amount,soi,soi_eitc_amount,state,15,71212551.1958159,0.11356042928042226,2.546768990366052e-05
2596,irs_soi.ty2022.historic_table_2.state_eitc.or.or.eitc_amount,soi,soi_eitc_amount,state,41,534754577.9207603,0.3111902695610943,6.978925085469709e-05
2597,irs_soi.ty2022.historic_table_2.state_broad.fl.all.taxable_income_amount,soi,soi_tax_amount,state,12,1010318533145.5278,13.526265667227754,0.003033475144029548
2598,irs_soi.ty2022.historic_table_2.state_broad.ut.all.real_estate_taxes_amount,soi,soi_deduction_amount,state,49,912499389.5500236,0.40650420696817496,9.11648815806627e-05
2599,irs_soi.ty2022.historic_table_2.state_broad.nm.all.partnership_scorp_income_returns,soi,soi_income_count,state,35,42840.0,0.3533623990032011,7.924700583162168e-05
2600,irs_soi.ty2022.historic_table_2.state_broad.ct.all.itemized_deductions_amount,soi,soi_deduction_amount,state,09,10313470349.713156,1.3666306777329462,0.0003064881537862629
2601,irs_soi.ty2022.historic_table_2.state_eitc.al.al.eitc_two_children_amount,soi,soi_eitc_amount,state,01,549621569.0062735,0.31548639608808743,7.075272394888706e-05
2602,irs_soi.ty2022.historic_table_2.state_broad.me.all.itemized_deductions_amount,soi,soi_deduction_amount,state,23,1670348461.4314656,0.5499868349780851,0.00012334308925276633
2603,irs_soi.ty2022.historic_table_2.state_eitc.mt.mt.eitc_one_child_claims,soi,soi_eitc_count,state,30,21330.0,0.2493394696343288,5.591824840420022e-05
2604,irs_soi.ty2022.historic_table_2.state_broad.nc.all.taxable_ira_distributions_amount,soi,soi_income_amount,state,37,14584688547.476643,1.6251645218093593,0.00036446838345130284
2605,irs_soi.ty2022.historic_table_2.state_agi.de.500k_plus.taxable_interest_amount,soi,soi_agi_band_amount,state,10,201784035.26649436,0.19115785764331067,4.287011833220692e-05
2606,irs_soi.ty2022.historic_table_2.state_eitc.nm.nm.eitc_two_children_claims,soi,soi_eitc_count,state,35,42620.0,0.3524539047130102,7.904326187777757e-05
2607,irs_soi.ty2022.historic_table_2.state_agi.ga.under_1.taxable_interest_amount,soi,soi_agi_band_amount,state,13,137696263.64185727,0.15791007186897812,3.541378602130032e-05
2608,irs_soi.ty2022.historic_table_2.state_eitc.mt.mt.eitc_claims,soi,soi_eitc_count,state,30,67140.0,0.44237061639738023,9.920848091441584e-05
2609,irs_soi.ty2022.historic_table_2.state_broad.md.all.income_tax_before_credits_amount,soi,soi_tax_amount,state,24,49126713893.54876,2.982686514867657,0.0006689137732378688
2610,irs_soi.ty2022.historic_table_2.state_broad.wy.all.wages_salaries_amount,soi,soi_income_amount,state,56,16316530285.768448,1.7189476830302173,0.0003855007138439599
2611,irs_soi.ty2022.historic_table_2.state_agi.tx.25k_to_50k.taxable_interest_returns,soi,soi_agi_band_count,state,48,443143.7254091259,1.1364959851053336,0.0002548768748834567
2612,irs_soi.ty2022.historic_table_2.state_broad.ct.all.unemployment_compensation_returns,soi,soi_income_count,state,09,100150.0,0.5402827235357156,0.00012116679155319929
2613,irs_soi.ty2022.historic_table_2.state_broad.fl.all.rental_royalty_income_amount,soi,soi_income_amount,state,12,2234758597.305017,0.6361566356425018,0.0001426680053021982
2614,irs_soi.ty2022.historic_table_2.state_broad.dc.all.return_count,soi,soi_return_count,state,11,348690.0,1.0081272404364596,0.00022608819027505263
2615,irs_soi.ty2022.historic_table_2.state_agi.wv.500k_plus.taxable_interest_amount,soi,soi_agi_band_amount,state,54,156545909.09276506,0.16837190076886083,3.776001362836081e-05
2616,irs_soi.ty2022.historic_table_2.state_eitc.nc.nc.eitc_one_child_amount,soi,soi_eitc_amount,state,37,861050861.6955444,0.39487819793666845,8.855756849891645e-05
2617,irs_soi.ty2022.historic_table_2.state_agi.az.50k_to_75k.taxable_interest_returns,soi,soi_agi_band_count,state,04,128943.60970163722,0.6130494619040633,0.0001374858627279801
2618,irs_soi.ty2022.historic_table_2.state_eitc.de.de.eitc_three_or_more_children_claims,soi,soi_eitc_count,state,10,8910.0,0.16115153835727697,3.614073522253352e-05
2619,irs_soi.ty2022.historic_table_2.state_agi.co.under_1.taxable_interest_returns,soi,soi_agi_band_count,state,08,14773.647824656753,0.20751021227689861,4.653738781720086e-05
2620,irs_soi.ty2022.historic_table_2.state_eitc.vt.vt.eitc_claims,soi,soi_eitc_count,state,50,35070.0,0.3197153490391705,7.170113232544751e-05
2621,irs_soi.ty2022.historic_table_2.state_eitc.me.me.eitc_two_children_amount,soi,soi_eitc_amount,state,23,65571609.21272932,0.10896993057474233,2.4438199276685877e-05
2622,irs_soi.ty2022.historic_table_2.state_eitc.in.in.eitc_three_or_more_children_claims,soi,soi_eitc_count,state,18,69650.0,0.45056366314791335,0.00010104589888941766
2623,irs_soi.ty2022.historic_table_2.state_eitc.sd.sd.eitc_no_children_claims,soi,soi_eitc_count,state,46,14640.0,0.20656947321643143,4.6326412472848496e-05
2624,irs_soi.ty2022.historic_table_2.state_broad.or.all.taxable_social_security_returns,soi,soi_income_count,state,41,356560.0,1.0194405729355256,0.0002286253807884112
2625,irs_soi.ty2022.historic_table_2.state_eitc.va.va.eitc_claims,soi,soi_eitc_count,state,51,535670.0,1.249523032536238,0.0002802249456237358
2626,irs_soi.ty2022.historic_table_2.state_broad.nj.all.taxable_pension_income_returns,soi,soi_income_count,state,34,833300.0,1.558462277090989,0.0003495093691614687
2627,irs_soi.ty2022.historic_table_2.state_broad.me.all.wages_salaries_returns,soi,soi_income_count,state,23,555450.0,1.2723836774185822,0.000285351800273286
2628,irs_soi.ty2022.historic_table_2.state_broad.ar.all.partnership_scorp_income_amount,soi,soi_income_amount,state,05,6613075148.18294,1.0943354856359322,0.0002454217281085293
2629,irs_soi.ty2022.historic_table_2.state_eitc.ct.ct.eitc_three_or_more_children_amount,soi,soi_eitc_amount,state,09,100886034.6842035,0.13516500956079353,3.0312852559047662e-05
2630,irs_soi.ty2022.historic_table_2.state_eitc.ut.ut.eitc_one_child_claims,soi,soi_eitc_count,state,49,51500.0,0.38743532724399027,8.688838915541383e-05
2631,irs_soi.ty2022.historic_table_2.state_broad.wa.all.real_estate_taxes_amount,soi,soi_deduction_amount,state,53,3622141275.882822,0.809900087468783,0.00018163267267745748
2632,irs_soi.ty2022.historic_table_2.state_broad.ia.all.actc_amount,soi,soi_credit_amount,state,19,311629834.618759,0.23755723832603198,5.3275900050691184e-05
2633,irs_soi.ty2022.historic_table_2.state_eitc.hi.hi.eitc_one_child_claims,soi,soi_eitc_count,state,15,27820.0,0.2847568410628575,6.386114399256728e-05
2634,irs_soi.ty2022.historic_table_2.state_broad.ak.all.ordinary_dividends_amount,soi,soi_income_amount,state,02,635152141.7599537,0.3391467320718646,7.605892174744664e-05
2635,irs_soi.ty2022.historic_table_2.state_broad.wa.all.real_estate_taxes_claims,soi,soi_deduction_count,state,53,397080.0,1.0758076055201904,0.00024126656324740758
2636,irs_soi.ty2022.historic_table_2.state_broad.md.all.taxable_social_security_amount,soi,soi_income_amount,state,24,10427456589.880623,1.3741620435505022,0.000308177179535883
2637,irs_soi.ty2022.historic_table_2.state_broad.tx.all.real_estate_taxes_amount,soi,soi_deduction_amount,state,48,10319538143.512638,1.3670326381567528,0.0003065782996539028
2638,irs_soi.ty2022.historic_table_2.state_broad.ne.all.income_tax_before_credits_amount,soi,soi_tax_amount,state,31,12102421997.074213,1.4804198489416038,0.0003320071426197811
2639,irs_soi.ty2022.historic_table_2.state_broad.nc.all.taxable_income_returns,soi,soi_tax_count,state,37,3969630.0,3.4015011190338136,0.0007628394525754235
2640,irs_soi.ty2022.historic_table_2.state_broad.mi.all.income_tax_liability_returns,soi,soi_tax_count,state,26,3365450.0,3.1319669821211913,0.0007023922364030481
2641,irs_soi.ty2022.historic_table_2.state_broad.ky.all.income_tax_before_credits_amount,soi,soi_tax_amount,state,21,19319346820.48137,1.870445130663475,0.0004194763692898576
2642,irs_soi.ty2022.historic_table_2.state_agi.nm.75k_to_100k.taxable_interest_amount,soi,soi_agi_band_amount,state,35,82868370.75521189,0.12250199274444533,2.7472974376417432e-05
2643,irs_soi.ty2022.historic_table_2.state_broad.mi.all.real_estate_taxes_claims,soi,soi_deduction_count,state,26,247540.0,0.8494118137679947,0.0001904937909324949
2644,irs_soi.ty2022.historic_table_2.state_broad.la.all.adjusted_gross_income,soi,soi_income_amount,state,22,157583317330.17892,5.341999863373176,0.0011980264326918986
2645,irs_soi.ty2022.historic_table_2.state_eitc.ri.ri.eitc_one_child_claims,soi,soi_eitc_count,state,44,25700.0,0.2736920391403769,6.137969032078423e-05
2646,irs_soi.ty2022.historic_table_2.state_broad.nd.all.qualified_dividends_amount,soi,soi_income_amount,state,38,478048266.406574,0.2942284250197728,6.598529379227917e-05
2647,irs_soi.ty2022.historic_table_2.state_broad.id.all.ctc_amount,soi,soi_credit_amount,state,16,662190571.5156263,0.34629023862658664,7.766096403377139e-05
2648,irs_soi.ty2022.historic_table_2.state_broad.ny.all.ordinary_dividends_returns,soi,soi_income_count,state,36,2224860.0,2.5465191571529613,0.000571096469422059
2649,irs_soi.ty2022.historic_table_2.state_broad.nm.all.net_capital_gains_amount,soi,soi_income_amount,state,35,3639058726.677723,0.8117892302039366,0.0001820563422749353
2650,irs_soi.ty2022.historic_table_2.state_broad.mo.all.taxable_pension_income_returns,soi,soi_income_count,state,29,619000.0,1.3432007577983716,0.0003012336303651876
2651,irs_soi.ty2022.historic_table_2.state_eitc.fl.fl.eitc_no_children_amount,soi,soi_eitc_amount,state,12,279723501.60260737,0.22506773029607088,5.047493390806703e-05
2652,irs_soi.ty2022.historic_table_2.state_eitc.va.va.eitc_one_child_amount,soi,soi_eitc_amount,state,51,520904860.9803598,0.30713404416613516,6.887957931512338e-05
2653,irs_soi.ty2022.historic_table_2.state_agi.sc.100k_to_200k.taxable_interest_returns,soi,soi_agi_band_count,state,45,185563.14954854266,0.7354302190904647,0.00016493164814767092
2654,irs_soi.ty2022.historic_table_2.state_broad.ma.all.limited_state_local_taxes_returns,soi,soi_deduction_count,state,25,432540.0,1.1228163850605815,0.000251809012123925
2655,irs_soi.ty2022.historic_table_2.state_broad.or.all.ctc_claims,soi,soi_credit_count,state,41,436240.0,1.1276085130329363,0.0002528837212453322
2656,irs_soi.ty2022.historic_table_2.state_eitc.ct.ct.eitc_three_or_more_children_claims,soi,soi_eitc_count,state,09,20760.0,0.24598537003061655,5.516603947759958e-05
2657,irs_soi.ty2022.historic_table_2.state_broad.md.all.taxable_pension_income_returns,soi,soi_income_count,state,24,606410.0,1.3294707318986643,0.00029815445882454907
2658,irs_soi.ty2022.historic_table_2.state_broad.ar.all.ordinary_dividends_amount,soi,soi_income_amount,state,05,5249713807.650687,0.9750268319619134,0.00021866490961244974
2659,irs_soi.ty2022.historic_table_2.state_broad.pa.all.income_tax_before_credits_amount,soi,soi_tax_amount,state,42,88125095730.06502,3.994832313196049,0.0008959031875299504
2660,irs_soi.ty2022.historic_table_2.state_broad.mn.all.medical_dental_expense_returns,soi,soi_deduction_count,state,27,63230.0,0.4292963485612393,9.62763733037092e-05
2661,irs_soi.ty2022.historic_table_2.state_broad.mo.all.premium_tax_credit_amount,soi,soi_credit_amount,state,29,1100745521.9647455,0.4464699327459991,0.00010012781626956697
2662,irs_soi.ty2022.historic_table_2.state_broad.fl.all.partnership_scorp_income_amount,soi,soi_income_amount,state,12,130245407891.98413,4.856573472336031,0.0010891620256416306
2663,irs_soi.ty2022.historic_table_2.state_broad.ny.all.real_estate_taxes_amount,soi,soi_deduction_amount,state,36,12021206997.015438,1.4754442049456165,0.0003308912771799992
2664,irs_soi.ty2022.historic_table_2.state_broad.md.all.actc_amount,soi,soi_credit_amount,state,24,630853374.25467,0.3379970955827928,7.580109791047159e-05
2665,irs_soi.ty2022.historic_table_2.state_broad.ia.all.taxable_ira_distributions_returns,soi,soi_income_count,state,19,202400.0,0.768070097908919,0.00017225164788269097
2666,irs_soi.ty2022.historic_table_2.state_broad.or.all.qualified_dividends_amount,soi,soi_income_amount,state,41,3726830885.15145,0.8215208613485433,0.0001842388116951207
2667,irs_soi.ty2022.historic_table_2.state_agi.ia.25k_to_50k.taxable_interest_returns,soi,soi_agi_band_count,state,19,98180.69143665515,0.5349444015545252,0.0001199695899427058
2668,irs_soi.ty2022.historic_table_2.state_broad.sc.all.net_capital_gains_returns,soi,soi_income_count,state,45,401409.4362212116,1.0816565696850233,0.00024257828429805411
2669,irs_soi.ty2022.historic_table_2.state_broad.in.all.medical_dental_expense_returns,soi,soi_deduction_count,state,18,48650.0,0.37656246301843826,8.444998049303392e-05
2670,irs_soi.ty2022.historic_table_2.state_broad.ks.all.partnership_scorp_income_amount,soi,soi_income_amount,state,20,9320937925.107765,1.29920762595704,0.0002913674873193631
2671,irs_soi.ty2022.historic_table_2.state_agi.wv.100k_to_200k.taxable_interest_amount,soi,soi_agi_band_amount,state,54,137305001.15997028,0.15768556236771714,3.536343627892288e-05
2672,irs_soi.ty2022.historic_table_2.state_broad.nc.all.net_capital_gains_amount,soi,soi_income_amount,state,37,28293018563.443867,2.263541156986929,0.000507634258126694
2673,irs_soi.ty2022.historic_table_2.state_broad.il.all.actc_claims,soi,soi_credit_count,state,17,618630.0,1.342799256530825,0.00030114358747046987
2674,irs_soi.ty2022.historic_table_2.state_broad.me.all.wages_salaries_amount,soi,soi_income_amount,state,23,39370747757.56413,2.6701495427946758,0.0005988225034300686
2675,irs_soi.ty2022.historic_table_2.state_broad.il.all.partnership_scorp_income_returns,soi,soi_income_count,state,17,397600.0,1.0765117922410339,0.0002414244880558497
2676,irs_soi.ty2022.historic_table_2.state_eitc.sc.sc.eitc_amount,soi,soi_eitc_amount,state,45,1288666754.0467772,0.4830800086909239,0.00010833819436889972
2677,irs_soi.ty2022.historic_table_2.state_agi.pa.200k_to_500k.taxable_interest_returns,soi,soi_agi_band_count,state,42,290829.49713238305,0.9206929757982553,0.00020647969854188276
2678,irs_soi.ty2022.historic_table_2.state_broad.ne.all.taxable_ira_distributions_returns,soi,soi_income_count,state,31,116390.0,0.5824430101910801,0.00013062189060127386
2679,irs_soi.ty2022.historic_table_2.state_agi.vt.25k_to_50k.taxable_interest_returns,soi,soi_agi_band_count,state,50,20851.7609029996,0.2465284083809234,5.528782426125216e-05
2680,irs_soi.ty2022.historic_table_2.state_agi.vt.1_to_10k.taxable_interest_returns,soi,soi_agi_band_count,state,50,11203.440863323838,0.1807054773757129,4.052600972767726e-05
2681,irs_soi.ty2022.historic_table_2.state_agi.ma.10k_to_25k.taxable_interest_returns,soi,soi_agi_band_count,state,25,106514.82486479732,0.5571865603444731,0.00012495773948070714
2682,irs_soi.ty2022.historic_table_2.state_broad.tx.all.actc_claims,soi,soi_credit_count,state,48,2079600.0,2.4619855976009997,0.0005521385058535546
2683,irs_soi.ty2022.historic_table_2.state_broad.mt.all.taxable_pension_income_amount,soi,soi_income_amount,state,30,3659784900.6358924,0.8140977111933569,0.00018257405498841824
2684,irs_soi.ty2022.historic_table_2.state_eitc.wa.wa.eitc_two_children_claims,soi,soi_eitc_count,state,53,80000.0,0.4828815333165157,0.00010829368318378912
2685,irs_soi.ty2022.historic_table_2.state_agi.wi.500k_plus.taxable_interest_amount,soi,soi_agi_band_amount,state,55,2111582240.2370408,0.6183761820668819,0.00013868046245052296
2686,irs_soi.ty2022.historic_table_2.state_broad.sc.all.itemized_deductions_amount,soi,soi_deduction_amount,state,45,8101814406.754361,1.211267036283767,0.0002716454443336548
2687,irs_soi.ty2022.historic_table_2.state_broad.ma.all.partnership_scorp_income_amount,soi,soi_income_amount,state,25,31636449513.245564,2.3935506502001536,0.0005367909060776303
2688,irs_soi.ty2022.historic_table_2.state_broad.ne.all.qualified_dividends_returns,soi,soi_income_count,state,31,195670.0,0.7551926007063317,0.000169363669142483
2689,irs_soi.ty2022.historic_table_2.state_broad.wy.all.schedule_c_income_amount,soi,soi_income_amount,state,56,762415602.0747015,0.3715734208784837,8.333111031138904e-05
2690,irs_soi.ty2022.historic_table_2.state_broad.az.all.taxable_social_security_amount,soi,soi_income_amount,state,04,11922077664.819712,1.4693482043330712,0.0003295241543693813
2691,irs_soi.ty2022.historic_table_2.state_eitc.ia.ia.eitc_amount,soi,soi_eitc_amount,state,19,467601040.19162214,0.2909956437152205,6.52602923783854e-05
2692,irs_soi.ty2022.historic_table_2.state_agi.ar.100k_to_200k.taxable_interest_amount,soi,soi_agi_band_amount,state,05,263219916.73611975,0.21832734169744383,4.8963297083974844e-05
2693,irs_soi.ty2022.historic_table_2.state_broad.nd.all.real_estate_taxes_claims,soi,soi_deduction_count,state,38,12730.0,0.19262373758595183,4.3198864675028446e-05
2694,irs_soi.ty2022.historic_table_2.state_broad.id.all.taxable_income_amount,soi,soi_tax_amount,state,16,61989699560.80134,3.350491488352733,0.000751399750695836
2695,irs_soi.ty2022.historic_table_2.state_broad.or.all.income_tax_before_credits_amount,soi,soi_tax_amount,state,41,26503294260.12047,2.1907795709078854,0.0004913163424328068
2696,irs_soi.ty2022.historic_table_2.state_eitc.oh.oh.eitc_no_children_amount,soi,soi_eitc_amount,state,39,86631872.84690246,0.12525284662327327,2.808989608057261e-05
2697,irs_soi.ty2022.historic_table_2.state_eitc.ia.ia.eitc_one_child_amount,soi,soi_eitc_amount,state,19,153366401.1814677,0.16665328035624521,3.737458630998996e-05
2698,irs_soi.ty2022.historic_table_2.state_agi.mt.75k_to_100k.taxable_interest_amount,soi,soi_agi_band_amount,state,30,78720476.99298528,0.11939677923200012,2.6776582021080988e-05
2699,irs_soi.ty2022.historic_table_2.state_agi.ks.25k_to_50k.taxable_interest_returns,soi,soi_agi_band_count,state,20,76036.64703231418,0.47076816046713976,0.00010557707119693648
2700,irs_soi.ty2022.historic_table_2.state_agi.oh.50k_to_75k.taxable_interest_amount,soi,soi_agi_band_amount,state,39,408539405.5969644,0.2719980118333624,6.099977838828491e-05
2701,irs_soi.ty2022.historic_table_2.state_agi.mi.1_to_10k.taxable_interest_returns,soi,soi_agi_band_count,state,26,165171.3539595798,0.6938458068775528,0.0001556056978868699
2702,irs_soi.ty2022.historic_table_2.state_broad.ca.all.premium_tax_credit_amount,soi,soi_credit_amount,state,06,7147384948.751706,1.137685806230122,0.0002551437107490742
2703,irs_soi.ty2022.historic_table_2.state_agi.ut.25k_to_50k.taxable_interest_amount,soi,soi_agi_band_amount,state,49,111849924.39720593,0.14232021811833487,3.191751920124128e-05
2704,irs_soi.ty2022.historic_table_2.state_broad.ne.all.wages_salaries_amount,soi,soi_income_amount,state,31,57776712024.115486,3.2346341314081033,0.0007254169390912992
2705,irs_soi.ty2022.historic_table_2.state_broad.ut.all.taxable_pension_income_amount,soi,soi_income_amount,state,49,7756077879.624955,1.185140484313202,0.000265786159298767
2706,irs_soi.ty2022.historic_table_2.state_broad.id.all.taxable_social_security_amount,soi,soi_income_amount,state,16,2936902946.973738,0.7292787359670934,0.00016355208252233537
2707,irs_soi.ty2022.historic_table_2.state_broad.mi.all.wages_salaries_amount,soi,soi_income_amount,state,26,277755611975.47076,7.092186940245848,0.0015905330657649357
2708,irs_soi.ty2022.historic_table_2.state_broad.ks.all.net_capital_gains_returns,soi,soi_income_count,state,20,271420.3743732737,0.8894403472129839,0.00019947081121618837
2709,irs_soi.ty2022.historic_table_2.state_broad.ny.all.net_capital_gains_amount,soi,soi_income_amount,state,36,99555319972.66498,4.246009773527354,0.0009522336338926562
2710,irs_soi.ty2022.historic_table_2.state_broad.wy.all.taxable_ira_distributions_amount,soi,soi_income_amount,state,56,1063010028.8417419,0.43875030780435864,9.83965704876337e-05
2711,irs_soi.ty2022.historic_table_2.state_broad.oh.all.qualified_dividends_amount,soi,soi_income_amount,state,39,9076998273.940071,1.2820940351337886,0.00028752949879654375
2712,irs_soi.ty2022.historic_table_2.state_agi.de.50k_to_75k.taxable_interest_amount,soi,soi_agi_band_amount,state,10,42974941.22948112,0.08821783573640066,1.9784219721103534e-05
2713,irs_soi.ty2022.historic_table_2.state_broad.ri.all.taxable_ira_distributions_amount,soi,soi_income_amount,state,44,1653392025.102962,0.5471881359426503,0.00012271543752918822
2714,irs_soi.ty2022.historic_table_2.state_eitc.ms.ms.eitc_two_children_claims,soi,soi_eitc_count,state,28,88060.0,0.5066230488946726,0.00011361808676713895
2715,irs_soi.ty2022.historic_table_2.state_agi.pa.50k_to_75k.taxable_interest_returns,soi,soi_agi_band_count,state,42,309206.2065836611,0.9493354641204822,0.0002129032213770985
2716,irs_soi.ty2022.historic_table_2.state_agi.ar.75k_to_100k.taxable_interest_returns,soi,soi_agi_band_count,state,05,45919.87051800279,0.3658439951349803,8.204619760820369e-05
2717,irs_soi.ty2022.historic_table_2.state_broad.hi.all.taxable_income_returns,soi,soi_tax_count,state,15,560430.0,1.2780748569111913,0.00028662813566072916
2718,irs_soi.ty2022.historic_table_2.state_eitc.ne.ne.eitc_one_child_claims,soi,soi_eitc_count,state,31,37160.0,0.3291042238999854,7.380673332585454e-05
2719,irs_soi.ty2022.historic_table_2.state_eitc.ky.ky.eitc_two_children_claims,soi,soi_eitc_count,state,21,83810.0,0.4942464105715606,0.00011084243340918606
2720,irs_soi.ty2022.historic_table_2.state_eitc.id.id.eitc_one_child_claims,soi,soi_eitc_count,state,16,36490.0,0.32612383096204434,7.31383339228626e-05
2721,irs_soi.ty2022.historic_table_2.state_broad.dc.all.net_capital_gains_returns,soi,soi_income_count,state,11,84504.1561157821,0.4962889872148871,0.00011130051294345977
2722,irs_soi.ty2022.historic_table_2.state_broad.ri.all.income_tax_before_credits_amount,soi,soi_tax_amount,state,44,7592730316.15405,1.1725941968058988,0.00026297245947654155
2723,irs_soi.ty2022.historic_table_2.state_agi.nv.200k_to_500k.taxable_interest_returns,soi,soi_agi_band_count,state,32,53553.10441999372,0.39508262387036025,8.86034141893609e-05
2724,irs_soi.ty2022.historic_table_2.state_broad.nj.all.tax_exempt_interest_amount,soi,soi_income_amount,state,34,2230575225.435137,0.6355609278119193,0.00014253440856961636
2725,irs_soi.ty2022.historic_table_2.state_broad.ut.all.wages_salaries_amount,soi,soi_income_amount,state,49,104692784680.37859,4.354187523321212,0.0009764941743263539
2726,irs_soi.ty2022.historic_table_2.state_eitc.mo.mo.eitc_one_child_amount,soi,soi_eitc_amount,state,29,410624725.29751056,0.2726913119761449,6.115526171252408e-05
2727,irs_soi.ty2022.historic_table_2.state_broad.ia.all.ctc_claims,soi,soi_credit_count,state,19,364820.0,1.0311810493983986,0.000231258364969365
2728,irs_soi.ty2022.historic_table_2.state_broad.id.all.itemized_deductions_amount,soi,soi_deduction_amount,state,16,3357320616.436921,0.7797316480843612,0.00017486693161793254
2729,irs_soi.ty2022.historic_table_2.state_broad.ky.all.premium_tax_credit_amount,soi,soi_credit_amount,state,21,284025630.14581543,0.22679188946666828,5.0861603378934354e-05
2730,irs_soi.ty2022.historic_table_2.state_agi.nv.50k_to_75k.taxable_interest_amount,soi,soi_agi_band_amount,state,32,110576403.37773068,0.14150767099599826,3.173529288988523e-05
2731,irs_soi.ty2022.historic_table_2.state_broad.co.all.taxable_income_returns,soi,soi_tax_count,state,08,2478470.0,2.687741127417285,0.0006027676894858231
2732,irs_soi.ty2022.historic_table_2.state_eitc.or.or.eitc_three_or_more_children_amount,soi,soi_eitc_amount,state,41,124285580.71374603,0.15002344229952316,3.364508685793298e-05
2733,irs_soi.ty2022.historic_table_2.state_broad.tx.all.taxable_interest_amount,soi,soi_income_amount,state,48,28160232318.0063,2.2582232263423405,0.000506441629590119
2734,irs_soi.ty2022.historic_table_2.state_broad.ut.all.rental_royalty_income_returns,soi,soi_income_count,state,49,83130.0,0.4922372705042942,0.00011039185254637682
2735,irs_soi.ty2022.historic_table_2.state_eitc.nd.nd.eitc_no_children_claims,soi,soi_eitc_count,state,38,11360.0,0.18196370429558614,4.080818665521107e-05
2736,irs_soi.ty2022.historic_table_2.state_broad.nm.all.actc_amount,soi,soi_credit_amount,state,35,276113746.8718219,0.22361079617067733,5.0148193803695296e-05
2737,irs_soi.ty2022.historic_table_2.state_agi.ga.10k_to_25k.taxable_interest_returns,soi,soi_agi_band_count,state,13,106613.38886066234,0.5574442983400677,0.00012501554122899028
2738,irs_soi.ty2022.historic_table_2.state_broad.dc.all.real_estate_taxes_amount,soi,soi_deduction_amount,state,11,445308395.98517585,0.28397440286867887,6.368567007595399e-05
2739,irs_soi.ty2022.historic_table_2.state_broad.mn.all.real_estate_taxes_claims,soi,soi_deduction_count,state,27,226310.0,0.8121709958316222,0.00018214195914591214
2740,irs_soi.ty2022.historic_table_2.state_broad.il.all.taxable_social_security_amount,soi,soi_income_amount,state,17,18945351806.82974,1.852252076817539,0.0004153962944197217
2741,irs_soi.ty2022.historic_table_2.state_broad.or.all.rental_royalty_income_amount,soi,soi_income_amount,state,41,1553566958.0568883,0.5304124888049868,0.00011895323812625854
2742,irs_soi.ty2022.historic_table_2.state_broad.la.all.schedule_c_income_returns,soi,soi_income_count,state,22,467650.0,1.1674978056764644,0.0002618295146168344
2743,irs_soi.ty2022.historic_table_2.state_broad.ok.all.taxable_interest_returns,soi,soi_income_count,state,40,539802.1506874213,1.2543331753782627,0.00028130369485944445
2744,irs_soi.ty2022.historic_table_2.state_broad.wi.all.premium_tax_credit_returns,soi,soi_credit_count,state,55,138970.0,0.6364380440983693,0.000142731115518809
2745,irs_soi.ty2022.historic_table_2.state_broad.dc.all.income_tax_before_credits_returns,soi,soi_tax_count,state,11,298390.0,0.9325835183733654,0.00020914633737909068
2746,irs_soi.ty2022.historic_table_2.state_broad.mn.all.premium_tax_credit_amount,soi,soi_credit_amount,state,27,279749269.56002766,0.22507809660798503,5.0477258714506623e-05
2747,irs_soi.ty2022.historic_table_2.state_eitc.sc.sc.eitc_no_children_amount,soi,soi_eitc_amount,state,45,46403609.92998284,0.09166945238167508,2.055829835875198e-05
2748,irs_soi.ty2022.historic_table_2.state_eitc.ms.ms.eitc_three_or_more_children_claims,soi,soi_eitc_count,state,28,41890.0,0.34942243337911555,7.836340735122573e-05
2749,irs_soi.ty2022.historic_table_2.state_agi.me.75k_to_100k.taxable_interest_returns,soi,soi_agi_band_count,state,23,34015.53012852771,0.3148721325502275,7.061496581077092e-05
2750,irs_soi.ty2022.historic_table_2.state_broad.sc.all.tax_exempt_interest_returns,soi,soi_income_count,state,45,90140.0,0.5125714122217552,0.00011495209962362754
2751,irs_soi.ty2022.historic_table_2.state_agi.nd.75k_to_100k.taxable_interest_returns,soi,soi_agi_band_count,state,38,17894.841027049024,0.22838076634969035,5.1217933695826494e-05
2752,irs_soi.ty2022.historic_table_2.state_broad.me.all.taxable_income_returns,soi,soi_tax_count,state,23,570240.0,1.2892123068582158,0.00028912588178026815
2753,irs_soi.ty2022.historic_table_2.state_broad.hi.all.taxable_ira_distributions_returns,soi,soi_income_count,state,15,76770.0,0.4730329288154029,0.00010608498067176562
2754,irs_soi.ty2022.historic_table_2.state_agi.il.100k_to_200k.taxable_interest_amount,soi,soi_agi_band_amount,state,17,1640793740.9531956,0.5450994559545356,0.0001222470186038429
2755,irs_soi.ty2022.historic_table_2.state_broad.tn.all.net_capital_gains_returns,soi,soi_income_count,state,47,485923.3887844915,1.1900891761143781,0.0002668959802902844
2756,irs_soi.ty2022.historic_table_2.state_broad.nv.all.taxable_pension_income_amount,soi,soi_income_amount,state,32,10974585389.09298,1.4097523077519902,0.000316158849013678
2757,irs_soi.ty2022.historic_table_2.state_agi.la.1_to_10k.taxable_interest_returns,soi,soi_agi_band_count,state,22,32066.15332141955,0.3057166105971502,6.856169782398525e-05
2758,irs_soi.ty2022.historic_table_2.state_broad.co.all.income_tax_before_credits_returns,soi,soi_tax_count,state,08,2464990.0,2.6804220660347666,0.0006011262763029304
2759,irs_soi.ty2022.historic_table_2.state_broad.ok.all.unemployment_compensation_amount,soi,soi_income_amount,state,40,196916489.91365084,0.18883817565655045,4.23498936211147e-05
2760,irs_soi.ty2022.historic_table_2.state_agi.ma.25k_to_50k.taxable_interest_returns,soi,soi_agi_band_count,state,25,176758.09925126762,0.7177699379786909,0.00016097105583733819
2761,irs_soi.ty2022.historic_table_2.state_broad.wv.all.itemized_deductions_amount,soi,soi_deduction_amount,state,54,1182259654.39879,0.4627060604094497,0.00010376902005145766
2762,irs_soi.ty2022.historic_table_2.state_broad.mo.all.taxable_interest_amount,soi,soi_income_amount,state,29,4221706835.933718,0.8743650487062415,0.00019608994140081666
2763,irs_soi.ty2022.historic_table_2.state_agi.nh.10k_to_25k.taxable_interest_returns,soi,soi_agi_band_count,state,33,22954.45948145334,0.2586599200434129,5.800850415864833e-05
2764,irs_soi.ty2022.historic_table_2.state_broad.wv.all.taxable_pension_income_amount,soi,soi_income_amount,state,54,5195308686.768727,0.9699613553086626,0.00021752889780414053
2765,irs_soi.ty2022.historic_table_2.state_eitc.nv.nv.eitc_one_child_claims,soi,soi_eitc_count,state,32,88980.0,0.509262625063279,0.00011421005271659095
2766,irs_soi.ty2022.historic_table_2.state_broad.il.all.schedule_c_income_returns,soi,soi_income_count,state,17,1052130.0,1.7511780528555243,0.0003927288748274331
2767,irs_soi.ty2022.historic_table_2.state_broad.mi.all.medical_dental_expense_returns,soi,soi_deduction_count,state,26,74890.0,0.4672050398123424,0.00010477798605345199
2768,irs_soi.ty2022.historic_table_2.state_agi.co.500k_plus.taxable_interest_amount,soi,soi_agi_band_amount,state,08,4072293156.004239,0.858753006308484,0.00019258869843204394
2769,irs_soi.ty2022.historic_table_2.state_broad.dc.all.taxable_interest_amount,soi,soi_income_amount,state,11,964914654.8402426,0.41801628803996094,9.374664454809619e-05
2770,irs_soi.ty2022.historic_table_2.state_eitc.az.az.eitc_claims,soi,soi_eitc_count,state,04,515920.0,1.2262719256272594,0.0002750105238006861
2771,irs_soi.ty2022.historic_table_2.state_broad.pa.all.taxable_pension_income_amount,soi,soi_income_amount,state,42,39620436013.484886,2.6786031702031154,0.0006007183606645247
2772,irs_soi.ty2022.historic_table_2.state_broad.de.all.net_capital_gains_amount,soi,soi_income_amount,state,10,2230220060.3693132,0.6355103269574015,0.00014252306054213983
2773,irs_soi.ty2022.historic_table_2.state_broad.nd.all.taxable_interest_returns,soi,soi_income_count,state,38,146400.38852484172,0.6532308972144356,0.00014649717362961103
2774,irs_soi.ty2022.historic_table_2.state_broad.wv.all.real_estate_taxes_amount,soi,soi_deduction_amount,state,54,66026469.678495586,0.10934723145724676,2.4522814859216585e-05
2775,irs_soi.ty2022.historic_table_2.state_broad.sc.all.qualified_dividends_amount,soi,soi_income_amount,state,45,3828612076.269514,0.832663323590568,0.00018673768189965645
2776,irs_soi.ty2022.historic_table_2.state_agi.az.under_1.taxable_interest_returns,soi,soi_agi_band_count,state,04,14653.180718599508,0.2066624418482235,4.6347262132366786e-05
2777,irs_soi.ty2022.historic_table_2.state_broad.mt.all.taxable_interest_returns,soi,soi_income_count,state,30,208101.44993634368,0.778812936390854,0.00017466089625271453
2778,irs_soi.ty2022.historic_table_2.state_broad.wi.all.tax_exempt_interest_amount,soi,soi_income_amount,state,55,776105109.5407065,0.3748944616159996,8.407590527382812e-05
2779,irs_soi.ty2022.historic_table_2.state_eitc.ar.ar.eitc_amount,soi,soi_eitc_amount,state,05,814237205.138787,0.3839938109432508,8.611657567688962e-05
2780,irs_soi.ty2022.historic_table_2.state_eitc.pa.pa.eitc_three_or_more_children_claims,soi,soi_eitc_count,state,42,100910.0,0.5423288484081799,0.00012162566683296252
2781,irs_soi.ty2022.historic_table_2.state_broad.de.all.net_capital_gains_returns,soi,soi_income_count,state,10,94173.24979608315,0.5239132504302427,0.00011749568298502864
2782,irs_soi.ty2022.historic_table_2.state_broad.ky.all.taxable_pension_income_amount,soi,soi_income_amount,state,21,12483750795.476843,1.5035618524883143,0.0003371970963194246
2783,irs_soi.ty2022.historic_table_2.state_broad.tx.all.income_tax_liability_returns,soi,soi_tax_count,state,48,9180060.0,5.17271276867462,0.0011600611726114867
2784,irs_soi.ty2022.historic_table_2.state_broad.mn.all.actc_claims,soi,soi_credit_count,state,27,219450.0,0.7997668451775028,0.00017936013572045366
2785,irs_soi.ty2022.historic_table_2.state_broad.wi.all.limited_state_local_taxes_amount,soi,soi_deduction_amount,state,55,1615243124.3152597,0.5408386296770473,0.00012129146213883098
2786,irs_soi.ty2022.historic_table_2.state_broad.ar.all.partnership_scorp_income_returns,soi,soi_income_count,state,05,73750.0,0.46363542954480347,0.00010397744551352399
2787,irs_soi.ty2022.historic_table_2.state_broad.sd.all.medical_dental_expense_amount,soi,soi_deduction_amount,state,46,255445604.32882658,0.21507898096141756,4.8234801740618427e-05
2788,irs_soi.ty2022.historic_table_2.state_broad.mt.all.schedule_c_income_amount,soi,soi_income_amount,state,30,1618526858.3673801,0.5413881037756825,0.00012141469023899584
2789,irs_soi.ty2022.historic_table_2.state_agi.nv.1_to_10k.taxable_interest_returns,soi,soi_agi_band_count,state,32,23512.988791355114,0.2617878715088896,5.8709995853081316e-05
2790,irs_soi.ty2022.historic_table_2.state_broad.az.all.limited_state_local_taxes_amount,soi,soi_deduction_amount,state,04,2264127346.6882606,0.6403231130438026,0.00014360240256645047
2791,irs_soi.ty2022.historic_table_2.state_broad.va.all.taxable_ira_distributions_amount,soi,soi_income_amount,state,51,13137965623.997911,1.5424561051208836,0.00034591973651511184
2792,irs_soi.ty2022.historic_table_2.state_broad.vt.all.taxable_income_returns,soi,soi_tax_count,state,50,269570.0,0.8864033382266344,0.00019878971478507162
2793,irs_soi.ty2022.historic_table_2.state_broad.ok.all.premium_tax_credit_returns,soi,soi_credit_count,state,40,98240.0,0.5351059506002883,0.00012000581982513755
2794,irs_soi.ty2022.historic_table_2.state_broad.vt.all.wages_salaries_amount,soi,soi_income_amount,state,50,19129278633.776443,1.8612214532773825,0.0004174078163887379
2795,irs_soi.ty2022.historic_table_2.state_broad.ma.all.premium_tax_credit_returns,soi,soi_credit_count,state,25,147080.0,0.654745337164377,0.00014683681030822537
2796,irs_soi.ty2022.historic_table_2.state_broad.ia.all.ordinary_dividends_amount,soi,soi_income_amount,state,19,2536356854.0654726,0.6777256638287275,0.00015199050545609496
2797,irs_soi.ty2022.historic_table_2.state_eitc.nj.nj.eitc_one_child_amount,soi,soi_eitc_amount,state,34,548874298.241086,0.3152718539724749,7.070460954753867e-05
2798,irs_soi.ty2022.historic_table_2.state_broad.md.all.wages_salaries_amount,soi,soi_income_amount,state,24,229289706385.28168,6.443784863114008,0.001445118830032296
2799,irs_soi.ty2022.historic_table_2.state_eitc.ky.ky.eitc_three_or_more_children_amount,soi,soi_eitc_amount,state,21,251593854.8674856,0.21345128217600162,4.786976500919525e-05
2800,irs_soi.ty2022.historic_table_2.state_broad.mt.all.net_capital_gains_amount,soi,soi_income_amount,state,30,6971720025.650706,1.1236180891498966,0.0002519888067167294
2801,irs_soi.ty2022.historic_table_2.state_agi.nh.under_1.taxable_interest_returns,soi,soi_agi_band_count,state,33,2748.8403291244217,0.08950975338517547,2.0073952317823608e-05
2802,irs_soi.ty2022.historic_table_2.state_broad.ak.all.ctc_claims,soi,soi_credit_count,state,02,85290.0,0.49859125945448207,0.00011181683324837006
2803,irs_soi.ty2022.historic_table_2.state_agi.ia.200k_to_500k.taxable_interest_amount,soi,soi_agi_band_amount,state,19,447788402.7995872,0.2847640585817973,6.38627626332804e-05
2804,irs_soi.ty2022.historic_table_2.state_agi.nd.1_to_10k.taxable_interest_amount,soi,soi_agi_band_amount,state,38,6587530.4139924655,0.03453902469455253,7.74591269220734e-06
2805,irs_soi.ty2022.historic_table_2.state_agi.va.under_1.taxable_interest_amount,soi,soi_agi_band_amount,state,51,117197178.31632791,0.14568248168751413,3.267155902388745e-05
2806,irs_soi.ty2022.historic_table_2.state_agi.ar.500k_plus.taxable_interest_returns,soi,soi_agi_band_count,state,05,11214.392418419953,0.1807937771500397,4.0545812323399795e-05
2807,irs_soi.ty2022.historic_table_2.state_broad.ga.all.tax_exempt_interest_returns,soi,soi_income_count,state,13,151500.0,0.6645106107650157,0.00014902682457165636
2808,irs_soi.ty2022.historic_table_2.state_broad.ga.all.medical_dental_expense_returns,soi,soi_deduction_count,state,13,171780.0,0.7075903522781278,0.0001586881256510715
2809,irs_soi.ty2022.historic_table_2.state_broad.ky.all.qualified_dividends_amount,soi,soi_income_amount,state,21,2499755151.06896,0.6728178257555518,0.0001508898465475559
2810,irs_soi.ty2022.historic_table_2.state_eitc.or.or.eitc_two_children_claims,soi,soi_eitc_count,state,41,47450.0,0.3718893248350119,8.34019566797515e-05
2811,irs_soi.ty2022.historic_table_2.state_broad.mi.all.taxable_income_amount,soi,soi_tax_amount,state,26,321946955055.65796,7.635560352018959,0.0017123929921549583
2812,irs_soi.ty2022.historic_table_2.state_agi.ma.50k_to_75k.taxable_interest_returns,soi,soi_agi_band_count,state,25,194784.35893947,0.7534815869917015,0.00016897994774427036
2813,irs_soi.ty2022.historic_table_2.state_broad.wa.all.taxable_income_returns,soi,soi_tax_count,state,53,3208380.0,3.0580072016721065,0.0006858056070132556
2814,irs_soi.ty2022.historic_table_2.state_eitc.al.al.eitc_one_child_amount,soi,soi_eitc_amount,state,01,514869557.2141458,0.3053496033764016,6.847939075496784e-05
2815,irs_soi.ty2022.historic_table_2.state_agi.va.25k_to_50k.taxable_interest_returns,soi,soi_agi_band_count,state,51,165335.6272860215,0.6941907578327957,0.00015568305849580528
2816,irs_soi.ty2022.historic_table_2.state_agi.hi.50k_to_75k.taxable_interest_returns,soi,soi_agi_band_count,state,15,39754.14499889104,0.34039785313063337,7.6339505075271e-05
2817,irs_soi.ty2022.historic_table_2.state_broad.ia.all.partnership_scorp_income_returns,soi,soi_income_count,state,19,104690.0,0.5523930471093912,0.0001238827196926197
2818,irs_soi.ty2022.historic_table_2.state_agi.ms.1_to_10k.taxable_interest_returns,soi,soi_agi_band_count,state,28,17204.893055993893,0.2239348016165747,5.0220857056868065e-05
2819,irs_soi.ty2022.historic_table_2.state_broad.tx.all.taxable_ira_distributions_amount,soi,soi_income_amount,state,48,34875480640.62583,2.51309469871148,0.0005636005155217492
2820,irs_soi.ty2022.historic_table_2.state_broad.tn.all.real_estate_taxes_claims,soi,soi_deduction_count,state,47,154930.0,0.671990856881082,0.00015070438593430859
2821,irs_soi.ty2022.historic_table_2.state_broad.mn.all.ordinary_dividends_amount,soi,soi_income_amount,state,27,6842265444.592474,1.1131372405079716,0.000249638313637132
2822,irs_soi.ty2022.historic_table_2.state_eitc.wv.wv.eitc_claims,soi,soi_eitc_count,state,54,129510.0,0.6143944095255234,0.0001377874881196509
2823,irs_soi.ty2022.historic_table_2.state_eitc.wy.wy.eitc_one_child_claims,soi,soi_eitc_count,state,56,10730.0,0.17684609099759288,3.966048239461603e-05
2824,irs_soi.ty2022.historic_table_2.state_eitc.wy.wy.eitc_one_child_amount,soi,soi_eitc_amount,state,56,27646777.619985674,0.07075726095852912,1.58684146576652e-05
2825,irs_soi.ty2022.historic_table_2.state_broad.hi.all.wages_salaries_amount,soi,soi_income_amount,state,15,40317153331.31143,2.7020518805184763,0.0006059770981203131
2826,irs_soi.ty2022.historic_table_2.state_broad.wy.all.income_tax_before_credits_returns,soi,soi_tax_count,state,56,229480.0,0.8178393907199301,0.000183413184731987
2827,irs_soi.ty2022.historic_table_2.state_broad.va.all.income_tax_before_credits_amount,soi,soi_tax_amount,state,51,68811312547.69447,3.530032259060154,0.0007916645568648024
2828,irs_soi.ty2022.historic_table_2.state_broad.la.all.ordinary_dividends_returns,soi,soi_income_count,state,22,288390.0,0.9168234272963258,0.00020561189219473554
2829,irs_soi.ty2022.historic_table_2.state_broad.al.all.net_capital_gains_amount,soi,soi_income_amount,state,01,9232019264.58838,1.2929957704808994,0.00028997438225631295
2830,irs_soi.ty2022.historic_table_2.state_broad.pa.all.taxable_income_returns,soi,soi_tax_count,state,42,5056540.0,3.8390372598044977,0.0008609637272492706
2831,irs_soi.ty2022.historic_table_2.state_agi.ne.200k_to_500k.taxable_interest_returns,soi,soi_agi_band_count,state,31,39677.48411321825,0.3400694874548241,7.626586397282442e-05
2832,irs_soi.ty2022.historic_table_2.state_broad.il.all.taxable_ira_distributions_amount,soi,soi_income_amount,state,17,20404266335.206177,1.922247235912078,0.00043109379589864946
2833,irs_soi.ty2022.historic_table_2.state_agi.pa.100k_to_200k.taxable_interest_returns,soi,soi_agi_band_count,state,42,591164.9440881924,1.3126530135645214,0.00029438282430242687
2834,irs_soi.ty2022.historic_table_2.state_broad.va.all.taxable_social_security_amount,soi,soi_income_amount,state,51,14669338528.294136,1.6298739507081772,0.0003655245460211207
2835,irs_soi.ty2022.historic_table_2.state_broad.md.all.tax_exempt_interest_amount,soi,soi_income_amount,state,24,892993045.7828894,0.40213584990904583,9.018520966787302e-05
2836,irs_soi.ty2022.historic_table_2.state_agi.ok.1_to_10k.taxable_interest_amount,soi,soi_agi_band_amount,state,40,35249425.165555954,0.07989595141415509,1.7917907919747723e-05
2837,irs_soi.ty2022.historic_table_2.state_broad.wi.all.limited_state_local_taxes_returns,soi,soi_deduction_count,state,55,177840.0,0.7199632495550428,0.00016146294002131482
2838,irs_soi.ty2022.historic_table_2.state_broad.oh.all.itemized_deductions_amount,soi,soi_deduction_amount,state,39,12988641431.0935,1.5336653901644246,0.000343948282162912
2839,irs_soi.ty2022.historic_table_2.state_broad.al.all.taxable_ira_distributions_returns,soi,soi_income_count,state,01,196850.0,0.7574662957162251,0.00016987358055981725
2840,irs_soi.ty2022.historic_table_2.state_broad.ma.all.partnership_scorp_income_returns,soi,soi_income_count,state,25,190660.0,0.7454618074647142,0.0001671813876350559
2841,irs_soi.ty2022.historic_table_2.state_broad.oh.all.adjusted_gross_income,soi,soi_income_amount,state,39,491300320222.2231,9.43240145991349,0.00211536251623985
2842,irs_soi.ty2022.historic_table_2.state_broad.ky.all.limited_state_local_taxes_amount,soi,soi_deduction_amount,state,21,959178604.5898056,0.4167719621822147,9.346758514963326e-05
2843,irs_soi.ty2022.historic_table_2.state_agi.nj.200k_to_500k.taxable_interest_amount,soi,soi_agi_band_amount,state,34,1862982242.5136518,0.5808354449131585,0.00013026136912158747
2844,irs_soi.ty2022.historic_table_2.state_broad.nd.all.taxable_interest_amount,soi,soi_income_amount,state,38,743002338.5611184,0.36681226073238266,8.226334620596157e-05
2845,irs_soi.ty2022.historic_table_2.state_broad.mi.all.taxable_income_returns,soi,soi_tax_count,state,26,3773530.0,3.3164198596204453,0.0007437586588070073
2846,irs_soi.ty2022.historic_table_2.state_agi.fl.25k_to_50k.taxable_interest_amount,soi,soi_agi_band_amount,state,12,941809710.2399236,0.4129812506432434,9.261745921579804e-05
2847,irs_soi.ty2022.historic_table_2.state_broad.ut.all.net_capital_gains_amount,soi,soi_income_amount,state,49,13966547967.75837,1.590352118994678,0.00035666116146998835
2848,irs_soi.ty2022.historic_table_2.state_eitc.ut.ut.eitc_two_children_amount,soi,soi_eitc_amount,state,49,137970606.79585183,0.15806730195370275,3.5449047309644035e-05
2849,irs_soi.ty2022.historic_table_2.state_broad.la.all.unemployment_compensation_amount,soi,soi_income_amount,state,22,192816023.64590567,0.18686170810243424,4.19066400767962e-05
2850,irs_soi.ty2022.historic_table_2.state_broad.dc.all.income_tax_liability_returns,soi,soi_tax_count,state,11,273270.0,0.8924657988534681,0.00020014931573300473
2851,irs_soi.ty2022.historic_table_2.state_eitc.ne.ne.eitc_two_children_amount,soi,soi_eitc_amount,state,31,105079489.66785656,0.13794556130681912,3.093643447114131e-05
2852,irs_soi.ty2022.historic_table_2.state_agi.nc.1_to_10k.taxable_interest_returns,soi,soi_agi_band_count,state,37,84578.8600072825,0.4965083049988946,0.00011134969836261372
2853,irs_soi.ty2022.historic_table_2.state_broad.pa.all.return_count,soi,soi_return_count,state,42,6325490.0,4.293808687803285,0.0009629532827547174
2854,irs_soi.ty2022.historic_table_2.state_broad.de.all.taxable_interest_amount,soi,soi_income_amount,state,10,658740255.0436293,0.3453868949276393,7.745837518000432e-05
2855,irs_soi.ty2022.historic_table_2.state_agi.mo.75k_to_100k.taxable_interest_returns,soi,soi_agi_band_count,state,29,124070.16768386684,0.6013527318359545,0.00013486268935545065
2856,irs_soi.ty2022.historic_table_2.state_broad.me.all.unemployment_compensation_returns,soi,soi_income_count,state,23,17460.0,0.22558889831140258,5.0591813929446645e-05
2857,irs_soi.ty2022.historic_table_2.state_agi.wa.500k_plus.taxable_interest_amount,soi,soi_agi_band_amount,state,53,4288579475.8117857,0.8812628946345612,0.00019763689047646584
2858,irs_soi.ty2022.historic_table_2.state_agi.de.1_to_10k.taxable_interest_returns,soi,soi_agi_band_count,state,10,7731.797897855944,0.1501190648495732,3.366653169983701e-05
2859,irs_soi.ty2022.historic_table_2.state_broad.ma.all.unemployment_compensation_returns,soi,soi_income_count,state,25,214750.0,0.7911561162950786,0.0001774290460406097
2860,irs_soi.ty2022.historic_table_2.state_agi.mi.1_to_10k.taxable_interest_amount,soi,soi_agi_band_amount,state,26,97933254.94342214,0.13317228385116206,2.9865952870859398e-05
2861,irs_soi.ty2022.historic_table_2.state_broad.nc.all.income_tax_liability_amount,soi,soi_tax_amount,state,37,60212634784.23285,3.302117851045466,0.0007405512112683261
2862,irs_soi.ty2022.historic_table_2.state_broad.wv.all.ordinary_dividends_returns,soi,soi_income_count,state,54,107160.0,0.5588714910466066,0.0001253356113582881
2863,irs_soi.ty2022.historic_table_2.state_broad.nv.all.tax_exempt_interest_amount,soi,soi_income_amount,state,32,698312766.4349269,0.3556098190441908,7.975102467911882e-05
2864,irs_soi.ty2022.historic_table_2.state_broad.al.all.tax_exempt_interest_returns,soi,soi_income_count,state,01,54330.0,0.3979380396431063,8.9243785522114e-05
2865,irs_soi.ty2022.historic_table_2.state_agi.in.25k_to_50k.taxable_interest_returns,soi,soi_agi_band_count,state,18,144779.55837061696,0.6496048031624118,0.0001456839657237972
2866,irs_soi.ty2022.historic_table_2.state_agi.nh.25k_to_50k.taxable_interest_returns,soi,soi_agi_band_count,state,33,39272.27657466206,0.3383285460936035,7.587543083507592e-05
2867,irs_soi.ty2022.historic_table_2.state_broad.de.all.rental_royalty_income_returns,soi,soi_income_count,state,10,21630.0,0.25108678932710954,5.6310111981859056e-05
2868,irs_soi.ty2022.historic_table_2.state_broad.nc.all.limited_state_local_taxes_amount,soi,soi_deduction_amount,state,37,3397397632.6472435,0.7843717490157043,0.00017590754631435397
2869,irs_soi.ty2022.historic_table_2.state_broad.tn.all.return_count,soi,soi_return_count,state,47,3247910.0,3.0767881682784264,0.0006900175304504208
2870,irs_soi.ty2022.historic_table_2.state_broad.tx.all.taxable_income_returns,soi,soi_tax_count,state,48,10850960.0,5.623797636727221,0.001261223959795295
2871,irs_soi.ty2022.historic_table_2.state_agi.nv.under_1.taxable_interest_returns,soi,soi_agi_band_count,state,32,7447.057465356999,0.14732890335527632,3.30407946524504e-05
2872,irs_soi.ty2022.historic_table_2.state_broad.ny.all.wages_salaries_returns,soi,soi_income_count,state,36,7729500.0,4.746476165467882,0.0010644709947225572
2873,irs_soi.ty2022.historic_table_2.state_eitc.vt.vt.eitc_one_child_amount,soi,soi_eitc_amount,state,50,28464630.18158512,0.0717962111443007,1.610141537212395e-05
2874,irs_soi.ty2022.historic_table_2.state_eitc.or.or.eitc_one_child_amount,soi,soi_eitc_amount,state,41,190031963.89854318,0.18550776007715689,4.160299620478961e-05
2875,irs_soi.ty2022.historic_table_2.state_broad.id.all.premium_tax_credit_returns,soi,soi_credit_count,state,16,35820.0,0.32311594831253443,7.246376952512547e-05
2876,irs_soi.ty2022.historic_table_2.state_agi.va.50k_to_75k.taxable_interest_returns,soi,soi_agi_band_count,state,51,176823.8085818443,0.7179033400684923,0.00016100097332776234
2877,irs_soi.ty2022.historic_table_2.state_eitc.ri.ri.eitc_two_children_claims,soi,soi_eitc_count,state,44,16060.0,0.21635571629849631,4.852112946815347e-05
2878,irs_soi.ty2022.historic_table_2.state_broad.fl.all.net_capital_gains_returns,soi,soi_income_count,state,12,2093099.1759264884,2.4699633378757704,0.0005539276380075735
2879,irs_soi.ty2022.historic_table_2.state_broad.wa.all.return_count,soi,soi_return_count,state,53,3757410.0,3.3093286340855372,0.0007421683413513203
2880,irs_soi.ty2022.historic_table_2.state_agi.mi.100k_to_200k.taxable_interest_returns,soi,soi_agi_band_count,state,26,427099.69719332,1.1157328895665142,0.0002502204282499471
2881,irs_soi.ty2022.historic_table_2.state_broad.tx.all.wages_salaries_amount,soi,soi_income_amount,state,48,921831562572.3745,12.920357785919112,0.0028975908916616085
2882,irs_soi.ty2022.historic_table_2.state_broad.ca.all.income_tax_before_credits_returns,soi,soi_tax_count,state,06,15196040.0,6.655195500506913,0.0014925309487568766
2883,irs_soi.ty2022.historic_table_2.state_agi.al.50k_to_75k.taxable_interest_returns,soi,soi_agi_band_count,state,01,89167.56159255396,0.5097990817172285,0.0001143303614526191
2884,irs_soi.ty2022.historic_table_2.state_agi.mn.100k_to_200k.taxable_interest_returns,soi,soi_agi_band_count,state,27,317266.5511344004,0.9616294328617336,0.0002156603347974285
2885,irs_soi.ty2022.historic_table_2.state_broad.de.all.taxable_social_security_amount,soi,soi_income_amount,state,10,2392523476.783525,0.658228764892332,0.0001476180230752034
2886,irs_soi.ty2022.historic_table_2.state_eitc.wi.wi.eitc_two_children_amount,soi,soi_eitc_amount,state,55,274650575.02874124,0.2230175341126233,5.001514557358674e-05
2887,irs_soi.ty2022.historic_table_2.state_broad.ak.all.medical_dental_expense_returns,soi,soi_deduction_count,state,02,4350.0,0.11260047747449692,2.5252405802757775e-05
2888,irs_soi.ty2022.historic_table_2.state_broad.co.all.limited_state_local_taxes_amount,soi,soi_deduction_amount,state,08,3047465409.8422356,0.7428791093980219,0.00016660217748329714
2889,irs_soi.ty2022.historic_table_2.state_agi.md.25k_to_50k.taxable_interest_amount,soi,soi_agi_band_amount,state,24,151781712.98978835,0.1657900559792419,3.718099483723748e-05
2890,irs_soi.ty2022.historic_table_2.state_broad.co.all.schedule_c_income_amount,soi,soi_income_amount,state,08,10092328618.78654,1.351899616523085,0.00030318448453085556
2891,irs_soi.ty2022.historic_table_2.state_eitc.ny.ny.eitc_amount,soi,soi_eitc_amount,state,36,3881458795.9005356,0.8383902968485842,0.00018802204459488322
2892,irs_soi.ty2022.historic_table_2.state_broad.tx.all.premium_tax_credit_returns,soi,soi_credit_count,state,48,938320.0,1.6537546954531084,0.00037088017390740267
2893,irs_soi.ty2022.historic_table_2.state_broad.wi.all.ordinary_dividends_amount,soi,soi_income_amount,state,55,6231913281.330555,1.0623300192737193,0.000238244005219493
2894,irs_soi.ty2022.historic_table_2.state_agi.ar.200k_to_500k.taxable_interest_returns,soi,soi_agi_band_count,state,05,39261.32501956595,0.3382813692759589,7.586485070104484e-05
2895,irs_soi.ty2022.historic_table_2.state_broad.ky.all.wages_salaries_returns,soi,soi_income_count,state,21,1613970.0,2.1689189967722737,0.00048641376917969806
2896,irs_soi.ty2022.historic_table_2.state_broad.md.all.return_count,soi,soi_return_count,state,24,3095140.0,3.003556131364492,0.0006735941088505252
2897,irs_soi.ty2022.historic_table_2.state_broad.al.all.tax_exempt_interest_amount,soi,soi_income_amount,state,01,428713831.4065307,0.2786329678364622,6.248777031542099e-05
2898,irs_soi.ty2022.historic_table_2.state_agi.ok.50k_to_75k.taxable_interest_amount,soi,soi_agi_band_amount,state,40,131118962.31235859,0.15409250133826344,3.455763654143607e-05
2899,irs_soi.ty2022.historic_table_2.state_agi.mn.10k_to_25k.taxable_interest_returns,soi,soi_agi_band_count,state,27,90251.76554706917,0.5128890851602596,0.00011502334271367112
2900,irs_soi.ty2022.historic_table_2.state_eitc.de.de.eitc_two_children_claims,soi,soi_eitc_count,state,10,16110.0,0.21669224740296258,4.859660179478865e-05
2901,irs_soi.ty2022.historic_table_2.state_broad.md.all.medical_dental_expense_returns,soi,soi_deduction_count,state,24,137100.0,0.6321415413339284,0.00014176755804752824
2902,irs_soi.ty2022.historic_table_2.state_broad.ky.all.schedule_c_income_amount,soi,soi_income_amount,state,21,4512095943.382071,0.9039364854302692,0.0002027217953420653
2903,irs_soi.ty2022.historic_table_2.state_broad.ne.all.rental_royalty_income_amount,soi,soi_income_amount,state,31,859681798.9143463,0.39456414673982027,8.84871376406863e-05
2904,irs_soi.ty2022.historic_table_2.state_eitc.nh.nh.eitc_claims,soi,soi_eitc_count,state,33,59420.0,0.4161615260247523,9.333068536101195e-05
2905,irs_soi.ty2022.historic_table_2.state_broad.hi.all.ctc_claims,soi,soi_credit_count,state,15,154800.0,0.6717088677746046,0.0001506411454977808
2906,irs_soi.ty2022.historic_table_2.state_agi.mi.25k_to_50k.taxable_interest_amount,soi,soi_agi_band_amount,state,26,356473365.5236389,0.2540752118847825,5.698031215177899e-05
2907,irs_soi.ty2022.historic_table_2.state_broad.oh.all.premium_tax_credit_returns,soi,soi_credit_count,state,39,132590.0,0.6216572299926333,0.00013941628840381999
2908,irs_soi.ty2022.historic_table_2.state_broad.hi.all.unemployment_compensation_returns,soi,soi_income_count,state,15,31190.0,0.3015110901992833,6.761854456140015e-05
2909,irs_soi.ty2022.historic_table_2.state_broad.la.all.income_tax_liability_amount,soi,soi_tax_amount,state,22,19568890442.21498,1.882486429531463,0.00042217681756704707
2910,irs_soi.ty2022.historic_table_2.state_broad.az.all.taxable_pension_income_amount,soi,soi_income_amount,state,04,22357348667.87452,2.0121432825451704,0.0004512543804766025
2911,irs_soi.ty2022.historic_table_2.state_agi.pa.under_1.taxable_interest_returns,soi,soi_agi_band_count,state,42,20347.98936857839,0.2435321790226311,5.4615873295050706e-05
2912,irs_soi.ty2022.historic_table_2.state_broad.id.all.partnership_scorp_income_returns,soi,soi_income_count,state,16,73000.0,0.46127193702470637,0.00010344739560993639
2913,irs_soi.ty2022.historic_table_2.state_eitc.ar.ar.eitc_three_or_more_children_claims,soi,soi_eitc_count,state,05,39900.0,0.34102172861862035,7.647941884248046e-05
2914,irs_soi.ty2022.historic_table_2.state_eitc.tx.tx.eitc_one_child_claims,soi,soi_eitc_count,state,48,904970.0,1.6240997326793554,0.0003642295879523111
2915,irs_soi.ty2022.historic_table_2.state_agi.in.200k_to_500k.taxable_interest_amount,soi,soi_agi_band_amount,state,18,564131452.5606847,0.3196236526113962,7.168056797743804e-05
2916,irs_soi.ty2022.historic_table_2.state_broad.nc.all.taxable_income_amount,soi,soi_tax_amount,state,37,354593037954.4682,8.013345268553866,0.0017971171268342378
2917,irs_soi.ty2022.historic_table_2.state_broad.ok.all.real_estate_taxes_amount,soi,soi_deduction_amount,state,40,454810050.19740176,0.28698802776650545,6.436152226205549e-05
2918,irs_soi.ty2022.historic_table_2.state_broad.ne.all.ctc_claims,soi,soi_credit_count,state,31,239180.0,0.8349453193223746,0.00018724945488279314
2919,irs_soi.ty2022.historic_table_2.state_broad.wa.all.adjusted_gross_income,soi,soi_income_amount,state,53,466526332630.4576,9.191509370483827,0.002061338724037638
2920,irs_soi.ty2022.historic_table_2.state_broad.ar.all.real_estate_taxes_amount,soi,soi_deduction_amount,state,05,234536587.40125057,0.2060886403742551,4.621857824046985e-05
2921,irs_soi.ty2022.historic_table_2.state_broad.sd.all.real_estate_taxes_claims,soi,soi_deduction_count,state,46,15170.0,0.21027536428629476,4.715751609919147e-05
2922,irs_soi.ty2022.historic_table_2.state_agi.ri.100k_to_200k.taxable_interest_returns,soi,soi_agi_band_count,state,44,54045.924399318814,0.39689632563304883,8.901016497713586e-05
2923,irs_soi.ty2022.historic_table_2.state_agi.wi.1_to_10k.taxable_interest_amount,soi,soi_agi_band_amount,state,55,62256765.500251,0.1061798310545915,2.3812476127964005e-05
2924,irs_soi.ty2022.historic_table_2.state_eitc.in.in.eitc_claims,soi,soi_eitc_count,state,18,469900.0,1.1703030210964034,0.00026245862774083953
2925,irs_soi.ty2022.historic_table_2.state_agi.nm.500k_plus.taxable_interest_amount,soi,soi_agi_band_amount,state,35,311631616.3740434,0.23755791744627772,5.327605235395329e-05
2926,irs_soi.ty2022.historic_table_2.state_eitc.il.il.eitc_one_child_claims,soi,soi_eitc_count,state,17,291130.0,0.9211685112076953,0.0002065863447426991
2927,irs_soi.ty2022.historic_table_2.state_eitc.va.va.eitc_three_or_more_children_claims,soi,soi_eitc_count,state,51,67840.0,0.44467070938499714,9.972431248822542e-05
2928,irs_soi.ty2022.historic_table_2.state_broad.ut.all.actc_amount,soi,soi_credit_amount,state,49,362808359.0933128,0.25632289266495745,5.748438947408779e-05
2929,irs_soi.ty2022.historic_table_2.state_eitc.oh.oh.eitc_amount,soi,soi_eitc_amount,state,39,2318432756.778464,0.6479567304982601,0.0001453143598336533
2930,irs_soi.ty2022.historic_table_2.state_agi.ia.75k_to_100k.taxable_interest_returns,soi,soi_agi_band_count,state,19,84984.0675458387,0.4976962408225026,0.00011161611142016205
2931,irs_soi.ty2022.historic_table_2.state_agi.in.75k_to_100k.taxable_interest_returns,soi,soi_agi_band_count,state,18,120927.07137128233,0.5936867703108342,0.0001331434784280857
2932,irs_soi.ty2022.historic_table_2.state_eitc.fl.fl.eitc_one_child_claims,soi,soi_eitc_count,state,12,738880.0,1.4675150345786774,0.000329113037582121
2933,irs_soi.ty2022.historic_table_2.state_agi.md.100k_to_200k.taxable_interest_returns,soi,soi_agi_band_count,state,24,338446.8586902834,0.9932094599643262,0.00022274264632525818
2934,irs_soi.ty2022.historic_table_2.state_agi.co.75k_to_100k.taxable_interest_amount,soi,soi_agi_band_amount,state,08,266925402.59399053,0.21985872568600964,4.9306733726398214e-05
2935,irs_soi.ty2022.historic_table_2.state_agi.ak.under_1.taxable_interest_amount,soi,soi_agi_band_amount,state,02,9832707.469643256,0.042197363074064284,9.463414010779162e-06
2936,irs_soi.ty2022.historic_table_2.state_broad.oh.all.taxable_social_security_amount,soi,soi_income_amount,state,39,16430989584.94142,1.7249662942978172,0.00038685048089208727
2937,irs_soi.ty2022.historic_table_2.state_agi.oh.75k_to_100k.taxable_interest_amount,soi,soi_agi_band_amount,state,39,420847551.51410174,0.276064876751298,6.191183600612199e-05
2938,irs_soi.ty2022.historic_table_2.state_broad.or.all.adjusted_gross_income,soi,soi_income_amount,state,41,195296504364.82428,5.9469732932208,0.001333701119807311
2939,irs_soi.ty2022.historic_table_2.state_eitc.ny.ny.eitc_no_children_amount,soi,soi_eitc_amount,state,36,197173049.1418786,0.18896115267670244,4.237747312776462e-05
2940,irs_soi.ty2022.historic_table_2.state_broad.de.all.adjusted_gross_income,soi,soi_income_amount,state,10,47488527204.0157,2.9325343209134602,0.00065766636486061
2941,irs_soi.ty2022.historic_table_2.state_broad.in.all.wages_salaries_amount,soi,soi_income_amount,state,18,189159523067.2293,5.852788876562425,0.001312578801651138
2942,irs_soi.ty2022.historic_table_2.state_broad.or.all.return_count,soi,soi_return_count,state,41,2030990.0,2.4330413850832553,0.0005456473166816002
2943,irs_soi.ty2022.historic_table_2.state_broad.mt.all.qualified_dividends_returns,soi,soi_income_count,state,30,115640.0,0.5805633888541172,0.0001302003563252113
2944,irs_soi.ty2022.historic_table_2.state_broad.ct.all.rental_royalty_income_returns,soi,soi_income_count,state,09,103360.0,0.5488729827399024,0.00012309329058979646
2945,irs_soi.ty2022.historic_table_2.state_broad.ms.all.taxable_interest_returns,soi,soi_income_count,state,28,301868.6646692652,0.9380038489787355,0.00021036193069718222
2946,irs_soi.ty2022.historic_table_2.state_eitc.ri.ri.eitc_one_child_amount,soi,soi_eitc_amount,state,44,68848621.18900107,0.11165967946898747,2.5041417239064245e-05
2947,irs_soi.ty2022.historic_table_2.state_broad.nv.all.limited_state_local_taxes_amount,soi,soi_deduction_amount,state,32,886722469.3619686,0.40072146829849153,8.986801262581107e-05
2948,irs_soi.ty2022.historic_table_2.state_agi.ct.10k_to_25k.taxable_interest_returns,soi,soi_agi_band_count,state,09,46839.8011460763,0.3694903709086518,8.286395400508001e-05
2949,irs_soi.ty2022.historic_table_2.state_broad.ct.all.ctc_claims,soi,soi_credit_count,state,09,406300.0,1.088225791777135,0.00024405153437477797
2950,irs_soi.ty2022.historic_table_2.state_broad.md.all.real_estate_taxes_amount,soi,soi_deduction_amount,state,24,3523993366.7610145,0.7988519402860268,0.0001791549540897122
2951,irs_soi.ty2022.historic_table_2.state_broad.tx.all.qualified_dividends_amount,soi,soi_income_amount,state,48,25573401499.31177,2.1520036408871945,0.00048262023792042935
2952,irs_soi.ty2022.historic_table_2.state_agi.va.200k_to_500k.taxable_interest_returns,soi,soi_agi_band_count,state,51,274314.5520474443,0.8941698604698154,0.00020053147801520866
2953,irs_soi.ty2022.historic_table_2.state_broad.il.all.limited_state_local_taxes_returns,soi,soi_deduction_count,state,17,530290.0,1.2432324073378795,0.00027881417522715397
2954,irs_soi.ty2022.historic_table_2.state_broad.mn.all.taxable_interest_amount,soi,soi_income_amount,state,27,5239285932.290172,0.9740579684433804,0.0002184476269215924
2955,irs_soi.ty2022.historic_table_2.state_broad.va.all.taxable_interest_amount,soi,soi_income_amount,state,51,6966016769.346713,1.1231584039469547,0.0002518857151708802
2956,irs_soi.ty2022.historic_table_2.state_eitc.sd.sd.eitc_one_child_claims,soi,soi_eitc_count,state,46,16940.0,0.2222042220625761,4.9832747715311975e-05
2957,irs_soi.ty2022.historic_table_2.state_broad.oh.all.return_count,soi,soi_return_count,state,39,5692070.0,4.073152962328052,0.00091346780944787
2958,irs_soi.ty2022.historic_table_2.state_broad.il.all.tax_exempt_interest_returns,soi,soi_income_count,state,17,288300.0,0.9166803561996193,0.00020557980627934947
2959,irs_soi.ty2022.historic_table_2.state_broad.ar.all.ctc_amount,soi,soi_credit_amount,state,05,783534123.699564,0.3766844660115877,8.447734155900151e-05
2960,irs_soi.ty2022.historic_table_2.state_broad.ma.all.return_count,soi,soi_return_count,state,25,3567790.0,3.224744016424827,0.0007231989272089767
2961,irs_soi.ty2022.historic_table_2.state_agi.ca.200k_to_500k.taxable_interest_returns,soi,soi_agi_band_count,state,06,1316201.697671273,1.9586499551855014,0.0004392576710440685
2962,irs_soi.ty2022.historic_table_2.state_broad.wa.all.income_tax_before_credits_amount,soi,soi_tax_amount,state,53,72712089469.23837,3.6287083629988097,0.0008137942056512244
2963,irs_soi.ty2022.historic_table_2.state_agi.mn.50k_to_75k.taxable_interest_amount,soi,soi_agi_band_amount,state,27,264048472.5801157,0.21867069387543142,4.90402991422811e-05
2964,irs_soi.ty2022.historic_table_2.state_broad.wy.all.premium_tax_credit_amount,soi,soi_credit_amount,state,56,275328384.3434915,0.22329255668077969,5.0076823655703e-05
2965,irs_soi.ty2022.historic_table_2.state_broad.mi.all.taxable_pension_income_returns,soi,soi_income_count,state,26,1092590.0,1.7845314831124228,0.00040020889955425497
2966,irs_soi.ty2022.historic_table_2.state_broad.nc.all.wages_salaries_returns,soi,soi_income_count,state,37,3973740.0,3.4032615542432403,0.0007632342575113793
2967,irs_soi.ty2022.historic_table_2.state_eitc.vt.vt.eitc_no_children_claims,soi,soi_eitc_count,state,50,13090.0,0.19532841541891216,4.3805430683765904e-05
2968,irs_soi.ty2022.historic_table_2.state_broad.co.all.real_estate_taxes_amount,soi,soi_deduction_amount,state,08,1655177856.5867834,0.547483565599776,0.00012278169221793586
2969,irs_soi.ty2022.historic_table_2.state_broad.ga.all.partnership_scorp_income_returns,soi,soi_income_count,state,13,295110.0,0.9274437239842116,0.00020799365866432196
2970,irs_soi.ty2022.historic_table_2.state_agi.oh.10k_to_25k.taxable_interest_amount,soi,soi_agi_band_amount,state,39,181371897.1591621,0.18123152759280983,4.0643984658625215e-05
2971,irs_soi.ty2022.historic_table_2.state_broad.ut.all.rental_royalty_income_amount,soi,soi_income_amount,state,49,455195449.2127308,0.2871095966302156,6.438878596775412e-05
2972,irs_soi.ty2022.historic_table_2.state_broad.nc.all.medical_dental_expense_returns,soi,soi_deduction_count,state,37,115820.0,0.5810150525348011,0.00013030164892011687
2973,irs_soi.ty2022.historic_table_2.state_agi.nh.200k_to_500k.taxable_interest_returns,soi,soi_agi_band_count,state,33,46116.99850973283,0.3666284143693913,8.222211580385542e-05
2974,irs_soi.ty2022.historic_table_2.state_broad.nh.all.partnership_scorp_income_returns,soi,soi_income_count,state,33,34470.0,0.3169686026992307,7.108513180067968e-05
2975,irs_soi.ty2022.historic_table_2.state_eitc.ks.ks.eitc_no_children_claims,soi,soi_eitc_count,state,20,45800.0,0.3653661783914427,8.193903978278598e-05
2976,irs_soi.ty2022.historic_table_2.state_broad.al.all.itemized_deductions_amount,soi,soi_deduction_amount,state,01,7113399253.606338,1.1349777447664713,0.00025453638590860534
2977,irs_soi.ty2022.historic_table_2.state_agi.vt.10k_to_25k.taxable_interest_returns,soi,soi_agi_band_count,state,50,13152.817670431994,0.19579653575919767,4.3910413940165434e-05
2978,irs_soi.ty2022.historic_table_2.state_broad.wv.all.income_tax_liability_returns,soi,soi_tax_count,state,54,529960.0,1.2428455147492647,0.0002787274085555651
2979,irs_soi.ty2022.historic_table_2.state_eitc.va.va.eitc_amount,soi,soi_eitc_amount,state,51,1449538352.9133883,0.512346305154706,0.00011490161586784167
2980,irs_soi.ty2022.historic_table_2.state_broad.nh.all.itemized_deductions_amount,soi,soi_deduction_amount,state,33,2640262221.1517453,0.6914683144951952,0.00015507250829674708
2981,irs_soi.ty2022.historic_table_2.state_agi.ky.500k_plus.taxable_interest_amount,soi,soi_agi_band_amount,state,21,655050112.8124992,0.34441813926817816,7.724111667821891e-05
2982,irs_soi.ty2022.historic_table_2.state_broad.ky.all.rental_royalty_income_returns,soi,soi_income_count,state,21,94000.0,0.5234311090117575,0.00011738755528409004
2983,irs_soi.ty2022.historic_table_2.state_broad.ga.all.net_capital_gains_amount,soi,soi_income_amount,state,13,29411751802.024174,2.3078586153848826,0.0005175731364397584
2984,irs_soi.ty2022.historic_table_2.state_agi.wy.200k_to_500k.taxable_interest_amount,soi,soi_agi_band_amount,state,56,111085300.33129609,0.1418329219350493,3.18082354642407e-05
2985,irs_soi.ty2022.historic_table_2.state_agi.or.100k_to_200k.taxable_interest_returns,soi,soi_agi_band_count,state,41,204115.08388135847,0.7713174442118862,0.00017297991572367934
2986,irs_soi.ty2022.historic_table_2.state_broad.sc.all.income_tax_before_credits_returns,soi,soi_tax_count,state,45,1970290.0,2.396407555609251,0.0005374316114844698
2987,irs_soi.ty2022.historic_table_2.state_broad.fl.all.tax_exempt_interest_returns,soi,soi_income_count,state,12,472290.0,1.173275437236291,0.0002631252382229852
2988,irs_soi.ty2022.historic_table_2.state_broad.tn.all.actc_amount,soi,soi_credit_amount,state,47,885772415.9753435,0.4005067399983645,8.981985646969377e-05
2989,irs_soi.ty2022.historic_table_2.state_agi.tn.100k_to_200k.taxable_interest_returns,soi,soi_agi_band_count,state,47,259464.24333711475,0.8696296965118246,0.0001950279651293619
2990,irs_soi.ty2022.historic_table_2.state_broad.il.all.unemployment_compensation_returns,soi,soi_income_count,state,17,182510.0,0.7293549523642202,0.00016356917523306126
2991,irs_soi.ty2022.historic_table_2.state_broad.hi.all.limited_state_local_taxes_returns,soi,soi_deduction_count,state,15,80850.0,0.48544006332378625,0.00010886747327288322
2992,irs_soi.ty2022.historic_table_2.state_broad.in.all.ctc_claims,soi,soi_credit_count,state,18,805120.0,1.531884109518423,0.00034354880231406664
2993,irs_soi.ty2022.historic_table_2.state_broad.ny.all.tax_exempt_interest_returns,soi,soi_income_count,state,36,507220.0,1.215888605311612,0.0002726819029629092
2994,irs_soi.ty2022.historic_table_2.state_broad.ri.all.rental_royalty_income_returns,soi,soi_income_count,state,44,38350.0,0.33433226286911216,7.497920225815478e-05
2995,irs_soi.ty2022.historic_table_2.state_eitc.me.me.eitc_amount,soi,soi_eitc_amount,state,23,184936630.40518114,0.18300384873674294,4.10414551999872e-05
2996,irs_soi.ty2022.historic_table_2.state_broad.sc.all.wages_salaries_amount,soi,soi_income_amount,state,45,135636589578.45213,4.956067171922802,0.0011114750329497202
2997,irs_soi.ty2022.historic_table_2.state_broad.wv.all.medical_dental_expense_returns,soi,soi_deduction_count,state,54,6750.0,0.14026441025444752,3.14564723602708e-05
2998,irs_soi.ty2022.historic_table_2.state_broad.mn.all.qualified_dividends_amount,soi,soi_income_amount,state,27,5237227551.761611,0.973866608499775,0.0002184047114823447
2999,irs_soi.ty2022.historic_table_2.state_broad.co.all.income_tax_liability_returns,soi,soi_tax_count,state,08,2261490.0,2.5673964684822295,0.0005757785307203923
3000,irs_soi.ty2022.historic_table_2.state_agi.oh.25k_to_50k.taxable_interest_amount,soi,soi_agi_band_amount,state,39,339894576.83034956,0.24809663329052087,5.563952305237068e-05
3001,irs_soi.ty2022.historic_table_2.state_broad.sd.all.net_capital_gains_returns,soi,soi_income_count,state,46,97660.78510529002,0.5335261484031623,0.00011965152464749098
3002,irs_soi.ty2022.historic_table_2.state_eitc.me.me.eitc_two_children_claims,soi,soi_eitc_count,state,23,16720.0,0.2207566221443534,4.9508100951862166e-05
3003,irs_soi.ty2022.historic_table_2.state_eitc.ok.ok.eitc_three_or_more_children_amount,soi,soi_eitc_amount,state,40,264040898.6474443,0.21866755769181118,4.903959580439811e-05
3004,irs_soi.ty2022.historic_table_2.state_broad.nv.all.ctc_amount,soi,soi_credit_amount,state,32,857221519.1536993,0.3939991506517768,8.836042849333412e-05
3005,irs_soi.ty2022.historic_table_2.state_agi.ny.25k_to_50k.taxable_interest_returns,soi,soi_agi_band_count,state,36,481309.89491908054,1.184426181195083,0.0002656259657311242
3006,irs_soi.ty2022.historic_table_2.state_broad.mt.all.unemployment_compensation_amount,soi,soi_income_amount,state,30,103859432.90130615,0.13714239409824383,3.075631175111994e-05
3007,irs_soi.ty2022.historic_table_2.state_broad.al.all.income_tax_liability_amount,soi,soi_tax_amount,state,01,20937533093.672413,1.9472042493615158,0.00043669079375678756
3008,irs_soi.ty2022.historic_table_2.state_broad.va.all.adjusted_gross_income,soi,soi_income_amount,state,51,460058517059.98254,9.127572491823443,0.002046999886033515
3009,irs_soi.ty2022.historic_table_2.state_agi.fl.500k_plus.taxable_interest_returns,soi,soi_agi_band_count,state,12,191455.08619025158,0.7470145446689642,0.00016752961306772015
3010,irs_soi.ty2022.historic_table_2.state_broad.ak.all.taxable_income_returns,soi,soi_tax_count,state,02,304530.0,0.9421295916112788,0.00021128719255691385
3011,irs_soi.ty2022.historic_table_2.state_agi.wa.under_1.taxable_interest_returns,soi,soi_agi_band_count,state,53,15408.838020231322,0.21192419812199625,4.752729269387671e-05
3012,irs_soi.ty2022.historic_table_2.state_broad.ar.all.ctc_claims,soi,soi_credit_count,state,05,339330.0,0.994504453287924,0.00022303306868982374
3013,irs_soi.ty2022.historic_table_2.state_broad.md.all.taxable_ira_distributions_amount,soi,soi_income_amount,state,24,9186010177.979452,1.2897698316790775,0.0002892509153799232
3014,irs_soi.ty2022.historic_table_2.state_broad.wv.all.rental_royalty_income_returns,soi,soi_income_count,state,54,56990.0,0.40756317058954256,9.140237061887027e-05
3015,irs_soi.ty2022.historic_table_2.state_agi.nv.500k_plus.taxable_interest_amount,soi,soi_agi_band_amount,state,32,2784405387.3574777,0.7100925985389772,0.00015924929323592223
3016,irs_soi.ty2022.historic_table_2.state_eitc.id.id.eitc_one_child_amount,soi,soi_eitc_amount,state,16,93235192.0223369,0.12993875103637365,2.914078291912394e-05
3017,irs_soi.ty2022.historic_table_2.state_broad.nj.all.income_tax_liability_amount,soi,soi_tax_amount,state,34,88576650054.85966,4.005054026501954,0.000898195565485973
3018,irs_soi.ty2022.historic_table_2.state_eitc.in.in.eitc_two_children_amount,soi,soi_eitc_amount,state,18,481756611.5831413,0.2953674237536433,6.624073194744187e-05
3019,irs_soi.ty2022.historic_table_2.state_agi.wi.1_to_10k.taxable_interest_returns,soi,soi_agi_band_count,state,55,85225.00175795319,0.4984012387483771,0.00011177421815393073
3020,irs_soi.ty2022.historic_table_2.state_broad.tx.all.itemized_deductions_amount,soi,soi_deduction_amount,state,48,56431342760.900696,3.1967519985236925,0.000716921282467749
3021,irs_soi.ty2022.historic_table_2.state_broad.nh.all.income_tax_before_credits_amount,soi,soi_tax_amount,state,33,13015207074.847809,1.5352329904823512,0.00034429984087964814
3022,irs_soi.ty2022.historic_table_2.state_broad.or.all.wages_salaries_amount,soi,soi_income_amount,state,41,126517288633.61795,4.786562028578529,0.0010734608720741263
3023,irs_soi.ty2022.historic_table_2.state_broad.nv.all.ordinary_dividends_amount,soi,soi_income_amount,state,32,4653705433.904053,0.9180116620730667,0.00020587837229716678
3024,irs_soi.ty2022.historic_table_2.state_broad.wy.all.taxable_pension_income_amount,soi,soi_income_amount,state,56,2049334616.4008005,0.6091934023775594,0.00013662108149306107
3025,irs_soi.ty2022.historic_table_2.state_agi.ma.25k_to_50k.taxable_interest_amount,soi,soi_agi_band_amount,state,25,235442837.793268,0.2064864201895934,4.6307786541734334e-05
3026,irs_soi.ty2022.historic_table_2.state_broad.ak.all.taxable_income_amount,soi,soi_tax_amount,state,02,26593748753.43337,2.1945149001719564,0.0004921540480313874
3027,irs_soi.ty2022.historic_table_2.state_agi.la.500k_plus.taxable_interest_returns,soi,soi_agi_band_count,state,22,19274.736969159294,0.2370226414613302,5.315600840128509e-05
3028,irs_soi.ty2022.historic_table_2.state_broad.wy.all.ctc_claims,soi,soi_credit_count,state,56,65410.0,0.4366341283760427,9.792198438574628e-05
3029,irs_soi.ty2022.historic_table_2.state_eitc.sc.sc.eitc_one_child_amount,soi,soi_eitc_amount,state,45,468981306.4325681,0.29142480818067057,6.535653917485323e-05
3030,irs_soi.ty2022.historic_table_2.state_agi.ak.10k_to_25k.taxable_interest_amount,soi,soi_agi_band_amount,state,02,9062968.861486528,0.04051202921175254,9.085451718266996e-06
3031,irs_soi.ty2022.historic_table_2.state_broad.ca.all.real_estate_taxes_amount,soi,soi_deduction_amount,state,06,28043997405.694775,2.253557856477409,0.0005053953479429039
3032,irs_soi.ty2022.historic_table_2.state_broad.ms.all.wages_salaries_amount,soi,soi_income_amount,state,28,59556222560.44429,3.284069393471183,0.0007365035643577446
3033,irs_soi.ty2022.historic_table_2.state_broad.wa.all.qualified_dividends_returns,soi,soi_income_count,state,53,885760.0,1.6067697087059194,0.0003603430609342721
3034,irs_soi.ty2022.historic_table_2.state_broad.al.all.income_tax_liability_returns,soi,soi_tax_count,state,01,1429170.0,2.0409743618688143,0.0004577201977727774
3035,irs_soi.ty2022.historic_table_2.state_broad.ca.all.net_capital_gains_returns,soi,soi_income_count,state,06,3774052.0091742068,3.3166492392365057,0.0007438101007482632
3036,irs_soi.ty2022.historic_table_2.state_broad.ca.all.taxable_ira_distributions_amount,soi,soi_income_amount,state,06,51342322417.10663,3.049204191249546,0.0006838313952118291
3037,irs_soi.ty2022.historic_table_2.state_agi.al.500k_plus.taxable_interest_amount,soi,soi_agi_band_amount,state,01,1073194628.7491204,0.440847110341105,9.886681102065599e-05
3038,irs_soi.ty2022.historic_table_2.state_agi.in.1_to_10k.taxable_interest_amount,soi,soi_agi_band_amount,state,18,57252185.91167054,0.10182274238091303,2.2835331325614047e-05
3039,irs_soi.ty2022.historic_table_2.state_eitc.nc.nc.eitc_three_or_more_children_claims,soi,soi_eitc_count,state,37,104040.0,0.5506755261232799,0.00012349753893771694
3040,irs_soi.ty2022.historic_table_2.state_broad.ca.all.schedule_c_income_amount,soi,soi_income_amount,state,06,65790189832.75756,3.451670437746492,0.0007740907014457259
3041,irs_soi.ty2022.historic_table_2.state_broad.nh.all.ordinary_dividends_returns,soi,soi_income_count,state,33,187250.0,0.7387653484834592,0.0001656796027099034
3042,irs_soi.ty2022.historic_table_2.state_broad.or.all.tax_exempt_interest_returns,soi,soi_income_count,state,41,100860.0,0.5421944722202829,0.0001215955308859123
3043,irs_soi.ty2022.historic_table_2.state_agi.dc.under_1.taxable_interest_returns,soi,soi_agi_band_count,state,11,985.6399586501911,0.05359876149178415,1.2020354674093777e-05
3044,irs_soi.ty2022.historic_table_2.state_agi.sd.25k_to_50k.taxable_interest_returns,soi,soi_agi_band_count,state,46,25363.80160259825,0.2718959742392815,6.0976894873128846e-05
3045,irs_soi.ty2022.historic_table_2.state_broad.az.all.partnership_scorp_income_amount,soi,soi_income_amount,state,04,21421134915.07604,1.9695635189376504,0.0004417052072073672
3046,irs_soi.ty2022.historic_table_2.state_broad.ak.all.income_tax_before_credits_amount,soi,soi_tax_amount,state,02,4626093387.009286,0.9152841696188256,0.0002052666897552872
3047,irs_soi.ty2022.historic_table_2.state_eitc.la.la.eitc_amount,soi,soi_eitc_amount,state,22,1563575008.649721,0.5321182000636547,0.00011933577036637244
3048,irs_soi.ty2022.historic_table_2.state_agi.vt.1_to_10k.taxable_interest_amount,soi,soi_agi_band_amount,state,50,9160145.164177412,0.040728642140363695,9.13403053159087e-06
3049,irs_soi.ty2022.historic_table_2.state_broad.ak.all.ctc_amount,soi,soi_credit_amount,state,02,249256813.16406584,0.21245760052363985,4.7646916466391536e-05
3050,irs_soi.ty2022.historic_table_2.state_broad.ms.all.limited_state_local_taxes_amount,soi,soi_deduction_amount,state,28,564649889.912157,0.3197704861073236,7.171349766928092e-05
3051,irs_soi.ty2022.historic_table_2.state_eitc.ar.ar.eitc_one_child_amount,soi,soi_eitc_amount,state,05,279506154.4834974,0.22498027370309534,5.045532040885744e-05
3052,irs_soi.ty2022.historic_table_2.state_agi.ak.75k_to_100k.taxable_interest_returns,soi,soi_agi_band_count,state,02,13908.474972063808,0.20134245527032674,4.515417252081784e-05
3053,irs_soi.ty2022.historic_table_2.state_broad.ky.all.taxable_ira_distributions_amount,soi,soi_income_amount,state,21,4977968289.734586,0.9494559405239753,0.00021293024008162711
3054,irs_soi.ty2022.historic_table_2.state_broad.il.all.premium_tax_credit_returns,soi,soi_credit_count,state,17,179630.0,0.7235774746565581,0.0001622734861306477
3055,irs_soi.ty2022.historic_table_2.state_broad.md.all.unemployment_compensation_amount,soi,soi_income_amount,state,24,476143678.2494246,0.2936417235471937,6.58537168753518e-05
3056,irs_soi.ty2022.historic_table_2.state_agi.co.10k_to_25k.taxable_interest_amount,soi,soi_agi_band_amount,state,08,109175018.80208321,0.1406081165609785,3.153355383740267e-05
3057,irs_soi.ty2022.historic_table_2.state_broad.wy.all.unemployment_compensation_amount,soi,soi_income_amount,state,56,36453817.327839434,0.08124941818007027,1.8221443861868193e-05
3058,irs_soi.ty2022.historic_table_2.state_broad.id.all.taxable_pension_income_returns,soi,soi_income_count,state,16,171190.0,0.706374153083797,0.00015841537409369747
3059,irs_soi.ty2022.historic_table_2.state_eitc.ks.ks.eitc_no_children_amount,soi,soi_eitc_amount,state,20,18368072.256743733,0.0576740623775642,1.2934304188733842e-05
3060,irs_soi.ty2022.historic_table_2.state_broad.ok.all.taxable_social_security_returns,soi,soi_income_count,state,40,271100.0,0.8889152612990552,0.00019935305254520187
3061,irs_soi.ty2022.historic_table_2.state_broad.nh.all.net_capital_gains_returns,soi,soi_income_count,state,33,161337.69384080864,0.6857463837673509,0.00015378927646722378
3062,irs_soi.ty2022.historic_table_2.state_agi.la.50k_to_75k.taxable_interest_returns,soi,soi_agi_band_count,state,22,79946.3522016266,0.4827195965937631,0.00010825736635877172
3063,irs_soi.ty2022.historic_table_2.state_broad.oh.all.rental_royalty_income_returns,soi,soi_income_count,state,39,297360.0,0.9309725538842226,0.0002087850535734969
3064,irs_soi.ty2022.historic_table_2.state_broad.nd.all.income_tax_before_credits_amount,soi,soi_tax_amount,state,38,5264995326.746874,0.9764449153410286,0.0002189829368336014
3065,irs_soi.ty2022.historic_table_2.state_agi.nm.under_1.taxable_interest_returns,soi,soi_agi_band_count,state,35,4752.974911713144,0.11770051540143327,2.6396168513440966e-05
3066,irs_soi.ty2022.historic_table_2.state_agi.dc.1_to_10k.taxable_interest_returns,soi,soi_agi_band_count,state,11,3931.6082795046514,0.10704853399845665,2.4007296254419524e-05
3067,irs_soi.ty2022.historic_table_2.state_broad.nd.all.taxable_income_amount,soi,soi_tax_amount,state,38,29241962069.968224,2.3011875088662035,0.0005160770371980721
3068,irs_soi.ty2022.historic_table_2.state_broad.wv.all.taxable_ira_distributions_amount,soi,soi_income_amount,state,54,1670608381.6976178,0.5500296246016575,0.0001233526854903919
3069,irs_soi.ty2022.historic_table_2.state_broad.dc.all.actc_amount,soi,soi_credit_amount,state,11,62990332.086804494,0.10680355342928537,2.3952355557139575e-05
3070,irs_soi.ty2022.historic_table_2.state_agi.ga.under_1.taxable_interest_returns,soi,soi_agi_band_count,state,13,17599.14903945397,0.2264860398974646,5.079301186307796e-05
3071,irs_soi.ty2022.historic_table_2.state_broad.wv.all.income_tax_liability_amount,soi,soi_tax_amount,state,54,6080770766.909053,1.0493686103876372,0.00023533720798108032
3072,irs_soi.ty2022.historic_table_2.state_eitc.ny.ny.eitc_three_or_more_children_amount,soi,soi_eitc_amount,state,36,843146612.6723653,0.39075118435067285,8.763202160813475e-05
3073,irs_soi.ty2022.historic_table_2.state_broad.id.all.net_capital_gains_returns,soi,soi_income_count,state,16,164609.70730506454,0.6926651299296411,0.00015534091274492962
3074,irs_soi.ty2022.historic_table_2.state_broad.hi.all.itemized_deductions_amount,soi,soi_deduction_amount,state,15,3277500447.116765,0.7704068454115087,0.00017277569980074202
3075,irs_soi.ty2022.historic_table_2.state_agi.oh.75k_to_100k.taxable_interest_returns,soi,soi_agi_band_count,state,39,215099.49364276003,0.7917996357963686,0.0001775733652828815
3076,irs_soi.ty2022.historic_table_2.state_agi.va.100k_to_200k.taxable_interest_amount,soi,soi_agi_band_amount,state,51,1260046757.9258237,0.4776855277767891,0.00010712839824552345
3077,irs_soi.ty2022.historic_table_2.state_broad.ca.all.limited_state_local_taxes_returns,soi,soi_deduction_count,state,06,2831790.0,2.8729371520207536,0.0006443007741692653
3078,irs_soi.ty2022.historic_table_2.state_agi.de.under_1.taxable_interest_returns,soi,soi_agi_band_count,state,10,1434.6537175908338,0.06466498001085323,1.4502126039662083e-05
3079,irs_soi.ty2022.historic_table_2.state_broad.hi.all.taxable_interest_amount,soi,soi_income_amount,state,15,945029314.5843399,0.4136865427008008,9.277563191316457e-05
3080,irs_soi.ty2022.historic_table_2.state_broad.va.all.partnership_scorp_income_amount,soi,soi_income_amount,state,51,29803513082.9141,2.3231779818154488,0.0005210087422775171
3081,irs_soi.ty2022.historic_table_2.state_broad.ky.all.qualified_dividends_returns,soi,soi_income_count,state,21,284090.0,0.9099626714439488,0.0002040732611446398
3082,irs_soi.ty2022.historic_table_2.state_broad.tx.all.partnership_scorp_income_returns,soi,soi_income_count,state,48,734800.0,1.4634577115100842,0.00032820311987218754
3083,irs_soi.ty2022.historic_table_2.state_broad.al.all.taxable_pension_income_amount,soi,soi_income_amount,state,01,14527045626.72753,1.6219497814097796,0.0003637474279905314
3084,irs_soi.ty2022.historic_table_2.state_agi.ak.200k_to_500k.taxable_interest_amount,soi,soi_agi_band_amount,state,02,107893825.96923763,0.1397806481952568,3.134798120548481e-05
3085,irs_soi.ty2022.historic_table_2.state_eitc.ok.ok.eitc_no_children_claims,soi,soi_eitc_count,state,40,78010.0,0.47683787355825547,0.0001069382986226184
3086,irs_soi.ty2022.historic_table_2.state_broad.sd.all.taxable_pension_income_returns,soi,soi_income_count,state,46,88180.0,0.5069681208263108,0.0001136954745069098
3087,irs_soi.ty2022.historic_table_2.state_broad.ms.all.taxable_social_security_returns,soi,soi_income_count,state,28,190440.0,0.7450315941667904,0.00016708490562161705
3088,irs_soi.ty2022.historic_table_2.state_eitc.or.or.eitc_no_children_claims,soi,soi_eitc_count,state,41,79960.0,0.4827607978393649,0.00010826660637796925
3089,irs_soi.ty2022.historic_table_2.state_broad.pa.all.schedule_c_income_returns,soi,soi_income_count,state,42,919630.0,1.6372016316257054,0.00036716789226860406
3090,irs_soi.ty2022.historic_table_2.state_broad.ri.all.actc_claims,soi,soi_credit_count,state,44,48020.0,0.37411634390209425,8.390140029201486e-05
3091,irs_soi.ty2022.historic_table_2.state_eitc.wy.wy.eitc_two_children_amount,soi,soi_eitc_amount,state,56,28473592.949383467,0.07180751362949714,1.6103950129961234e-05
3092,irs_soi.ty2022.historic_table_2.state_eitc.mn.mn.eitc_three_or_more_children_claims,soi,soi_eitc_count,state,27,46130.0,0.3666800914082223,8.223370518237773e-05
3093,irs_soi.ty2022.historic_table_2.state_broad.dc.all.taxable_ira_distributions_returns,soi,soi_income_count,state,11,22630.0,0.2568253452539734,5.759707227045826e-05
3094,irs_soi.ty2022.historic_table_2.state_broad.md.all.qualified_dividends_amount,soi,soi_income_amount,state,24,5496772502.012207,0.9977061165231568,0.0002237510913933969
3095,irs_soi.ty2022.historic_table_2.state_eitc.sc.sc.eitc_one_child_claims,soi,soi_eitc_count,state,45,166990.0,0.6976552006155338,0.00015646001359397483
3096,irs_soi.ty2022.historic_table_2.state_agi.ga.25k_to_50k.taxable_interest_amount,soi,soi_agi_band_amount,state,13,254532866.7297795,0.2146943856822051,4.8148550276341136e-05
3097,irs_soi.ty2022.historic_table_2.state_broad.sc.all.limited_state_local_taxes_returns,soi,soi_deduction_count,state,45,186300.0,0.7368889278847742,0.00016525878624910838
3098,irs_soi.ty2022.historic_table_2.state_eitc.nc.nc.eitc_no_children_claims,soi,soi_eitc_count,state,37,211260.0,0.7847010637862178,0.00017598140026602778
3099,irs_soi.ty2022.historic_table_2.state_broad.mt.all.tax_exempt_interest_returns,soi,soi_income_count,state,30,26260.0,0.27665782894280133,6.204481474384421e-05
3100,irs_soi.ty2022.historic_table_2.state_eitc.il.il.eitc_no_children_amount,soi,soi_eitc_amount,state,17,92728795.64173011,0.12958539678102254,2.9061537739632775e-05
3101,irs_soi.ty2022.historic_table_2.state_agi.wy.25k_to_50k.taxable_interest_amount,soi,soi_agi_band_amount,state,56,33060401.08388765,0.07737538309222072,1.735263132814997e-05
3102,irs_soi.ty2022.historic_table_2.state_broad.fl.all.taxable_interest_returns,soi,soi_income_count,state,12,3238396.745030876,3.0722788476355016,0.0006890062452647458
3103,irs_soi.ty2022.historic_table_2.state_eitc.mi.mi.eitc_two_children_claims,soi,soi_eitc_count,state,26,157360.0,0.6772402745363132,0.00015188164936898703
3104,irs_soi.ty2022.historic_table_2.state_broad.tx.all.taxable_social_security_returns,soi,soi_income_count,state,48,1567230.0,2.137282706847287,0.000479318839840163
3105,irs_soi.ty2022.historic_table_2.state_broad.pa.all.unemployment_compensation_returns,soi,soi_income_count,state,42,217860.0,0.7968642682180673,0.00017870918775915391
3106,irs_soi.ty2022.historic_table_2.state_agi.nc.200k_to_500k.taxable_interest_amount,soi,soi_agi_band_amount,state,37,1206740441.3576276,0.4674720901389902,0.00010483787623659794
3107,irs_soi.ty2022.historic_table_2.state_agi.or.200k_to_500k.taxable_interest_returns,soi,soi_agi_band_count,state,41,99889.1340316488,0.5395786133263448,0.00012100888390364315
3108,irs_soi.ty2022.historic_table_2.state_broad.mi.all.taxable_interest_returns,soi,soi_income_count,state,26,1692420.469888051,2.2210060337507502,0.0004980950961540144
3109,irs_soi.ty2022.historic_table_2.state_broad.oh.all.taxable_pension_income_returns,soi,soi_income_count,state,39,1220340.0,1.885975414479426,0.0004229592766269177
3110,irs_soi.ty2022.historic_table_2.state_broad.pa.all.unemployment_compensation_amount,soi,soi_income_amount,state,42,1620506509.7048407,0.5417190936990138,0.00012148891986970483
3111,irs_soi.ty2022.historic_table_2.state_broad.ut.all.actc_claims,soi,soi_credit_count,state,49,151230.0,0.6639182085377183,0.0001488939691719485
3112,irs_soi.ty2022.historic_table_2.state_broad.in.all.real_estate_taxes_claims,soi,soi_deduction_count,state,18,140230.0,0.6393167317812378,0.00014337670593882884
3113,irs_soi.ty2022.historic_table_2.state_eitc.md.md.eitc_two_children_amount,soi,soi_eitc_amount,state,24,371357719.226964,0.25932535502702453,5.815773828818671e-05
3114,irs_soi.ty2022.historic_table_2.state_agi.ms.200k_to_500k.taxable_interest_returns,soi,soi_agi_band_count,state,28,29415.876988160147,0.29281040413086407,6.566728058552681e-05
3115,irs_soi.ty2022.historic_table_2.state_broad.nv.all.premium_tax_credit_amount,soi,soi_credit_amount,state,32,356215123.0316515,0.25398316447023983,5.695966908953573e-05
3116,irs_soi.ty2022.historic_table_2.state_broad.dc.all.premium_tax_credit_amount,soi,soi_credit_amount,state,11,13711914.385500858,0.04983079313481688,1.1175329252033389e-05
3117,irs_soi.ty2022.historic_table_2.state_agi.ar.under_1.taxable_interest_returns,soi,soi_agi_band_count,state,05,6976.140596224131,0.142594644893592,3.197906366754698e-05
3118,irs_soi.ty2022.historic_table_2.state_broad.wi.all.medical_dental_expense_returns,soi,soi_deduction_count,state,55,55860.0,0.40350235085566083,9.049166872744131e-05
3119,irs_soi.ty2022.historic_table_2.state_agi.sc.500k_plus.taxable_interest_returns,soi,soi_agi_band_count,state,45,25867.57313701946,0.27458287405963355,6.157947388643946e-05
3120,irs_soi.ty2022.historic_table_2.state_broad.ca.all.partnership_scorp_income_returns,soi,soi_income_count,state,06,1167480.0,1.8446769807870096,0.00041369746149069514
3121,irs_soi.ty2022.historic_table_2.state_broad.in.all.taxable_pension_income_amount,soi,soi_income_amount,state,18,15928298188.473282,1.6983744271321737,0.00038088684169817756
3122,irs_soi.ty2022.historic_table_2.state_eitc.de.de.eitc_amount,soi,soi_eitc_amount,state,10,187350975.9808617,0.18419453181602022,4.1308484372285314e-05
3123,irs_soi.ty2022.historic_table_2.state_broad.ne.all.taxable_pension_income_amount,soi,soi_income_amount,state,31,4654460547.0910635,0.9180861376285255,0.00020589507459711271
3124,irs_soi.ty2022.historic_table_2.state_broad.mn.all.income_tax_liability_amount,soi,soi_tax_amount,state,27,39369961384.24622,2.6701228764883473,0.0005988165230967363
3125,irs_soi.ty2022.historic_table_2.state_agi.id.50k_to_75k.taxable_interest_returns,soi,soi_agi_band_count,state,16,40575.511631099536,0.3438963813570718,7.712410436355052e-05
3126,irs_soi.ty2022.historic_table_2.state_broad.wa.all.unemployment_compensation_returns,soi,soi_income_count,state,53,185770.0,0.7358400033148184,0.00016502354862409023
3127,irs_soi.ty2022.historic_table_2.state_eitc.la.la.eitc_no_children_amount,soi,soi_eitc_amount,state,22,43524320.77476287,0.08877992103932275,1.9910276079686646e-05
3128,irs_soi.ty2022.historic_table_2.state_broad.vt.all.actc_claims,soi,soi_credit_count,state,50,21780.0,0.2519559050769206,5.650502468645899e-05
3129,irs_soi.ty2022.historic_table_2.state_eitc.wi.wi.eitc_claims,soi,soi_eitc_count,state,55,313960.0,0.9566052584234886,0.00021453358565227376
3130,irs_soi.ty2022.historic_table_2.state_broad.tx.all.partnership_scorp_income_amount,soi,soi_income_amount,state,48,103553702808.59065,4.3304354526134174,0.0009711674035912575
3131,irs_soi.ty2022.historic_table_2.state_agi.md.50k_to_75k.taxable_interest_amount,soi,soi_agi_band_amount,state,24,205054785.0333796,0.19270088416248424,4.32161659929321e-05
3132,irs_soi.ty2022.historic_table_2.state_broad.ia.all.taxable_interest_amount,soi,soi_income_amount,state,19,2609610791.527814,0.6874428876169981,0.0001541697438028702
3133,irs_soi.ty2022.historic_table_2.state_broad.al.all.rental_royalty_income_returns,soi,soi_income_count,state,01,96010.0,0.5289977666149767,0.00011863596470396426
3134,irs_soi.ty2022.historic_table_2.state_broad.ks.all.tax_exempt_interest_returns,soi,soi_income_count,state,20,64960.0,0.4351295842356673,9.758456699611287e-05
3135,irs_soi.ty2022.historic_table_2.state_eitc.ky.ky.eitc_no_children_claims,soi,soi_eitc_count,state,21,92740.0,0.5199111715683682,0.00011659815464641583
3136,irs_soi.ty2022.historic_table_2.state_broad.md.all.partnership_scorp_income_amount,soi,soi_income_amount,state,24,19557344156.59876,1.881930983294186,0.00042205225012204213
3137,irs_soi.ty2022.historic_table_2.state_broad.ar.all.taxable_interest_returns,soi,soi_income_count,state,05,364270.6256069184,1.0304043404795524,0.0002310841759317229
3138,irs_soi.ty2022.historic_table_2.state_agi.sd.under_1.taxable_interest_returns,soi,soi_agi_band_count,state,46,3285.46652883397,0.09785750241129809,2.1946064680712737e-05
3139,irs_soi.ty2022.historic_table_2.state_broad.mi.all.taxable_interest_amount,soi,soi_income_amount,state,26,7482603437.180322,1.1640593345598307,0.0002610583840681387
3140,irs_soi.ty2022.historic_table_2.state_eitc.ak.ak.eitc_three_or_more_children_amount,soi,soi_eitc_amount,state,02,28211431.99128173,0.07147617752564968,1.6029642862895196e-05
3141,irs_soi.ty2022.historic_table_2.state_eitc.ar.ar.eitc_two_children_claims,soi,soi_eitc_count,state,05,67790.0,0.44450681173121,9.96875558939695e-05
3142,irs_soi.ty2022.historic_table_2.state_broad.ar.all.income_tax_before_credits_returns,soi,soi_tax_count,state,05,1012490.0,1.7178726875942503,0.0003852596294223481
3143,irs_soi.ty2022.historic_table_2.state_broad.wy.all.return_count,soi,soi_return_count,state,56,280750.0,0.9045977144046142,0.00020287008620870469
3144,irs_soi.ty2022.historic_table_2.state_broad.mt.all.unemployment_compensation_returns,soi,soi_income_count,state,30,17940.0,0.2286687527684117,5.1282519122765575e-05
3145,irs_soi.ty2022.historic_table_2.state_broad.ri.all.taxable_pension_income_returns,soi,soi_income_count,state,44,103980.0,0.5505167155861278,0.00012346192320837135
3146,irs_soi.ty2022.historic_table_2.state_broad.ri.all.unemployment_compensation_returns,soi,soi_income_count,state,44,36440.0,0.32590032066852703,7.308820826833976e-05
3147,irs_soi.ty2022.historic_table_2.state_broad.nm.all.schedule_c_income_amount,soi,soi_income_amount,state,35,2049038845.0634549,0.6091494397060745,0.00013661122218122326
3148,irs_soi.ty2022.historic_table_2.state_agi.tn.75k_to_100k.taxable_interest_amount,soi,soi_agi_band_amount,state,47,255819174.104872,0.215236191834303,4.8270058720408836e-05
3149,irs_soi.ty2022.historic_table_2.state_broad.il.all.real_estate_taxes_claims,soi,soi_deduction_count,state,17,465350.0,1.1646232683670024,0.00026118485498250783
3150,irs_soi.ty2022.historic_table_2.state_agi.ok.10k_to_25k.taxable_interest_returns,soi,soi_agi_band_count,state,40,52885.05955913081,0.3926106738565053,8.804904100841114e-05
3151,irs_soi.ty2022.historic_table_2.state_agi.la.under_1.taxable_interest_amount,soi,soi_agi_band_amount,state,22,70061556.96900295,0.11263896348909837,2.526103688923489e-05
3152,irs_soi.ty2022.historic_table_2.state_broad.ny.all.tax_exempt_interest_amount,soi,soi_income_amount,state,36,5754128296.228058,1.0207949753527046,0.0002289291265648586
3153,irs_soi.ty2022.historic_table_2.state_eitc.nd.nd.eitc_amount,soi,soi_eitc_amount,state,38,98649824.11851515,0.1336586009417416,2.9975017031114956e-05
3154,irs_soi.ty2022.historic_table_2.state_agi.dc.500k_plus.taxable_interest_amount,soi,soi_agi_band_amount,state,11,665187135.5458324,0.3470728755519871,7.783648251894755e-05
3155,irs_soi.ty2022.historic_table_2.state_broad.nm.all.taxable_pension_income_returns,soi,soi_income_count,state,35,204400.0,0.7718555821410304,0.00017310060151178077
3156,irs_soi.ty2022.historic_table_2.state_broad.az.all.taxable_ira_distributions_amount,soi,soi_income_amount,state,04,11619366904.506287,1.4505743243829816,0.00032531382022493423
3157,irs_soi.ty2022.historic_table_2.state_eitc.co.co.eitc_two_children_amount,soi,soi_eitc_amount,state,08,263395579.3659631,0.21840018109153683,4.897963244932425e-05
3158,irs_soi.ty2022.historic_table_2.state_agi.hi.100k_to_200k.taxable_interest_amount,soi,soi_agi_band_amount,state,15,190230284.33077312,0.185604534284919,4.162469932382126e-05
3159,irs_soi.ty2022.historic_table_2.state_broad.oh.all.actc_claims,soi,soi_credit_count,state,39,593900.0,1.3156860388312397,0.0002950630273225476
3160,irs_soi.ty2022.historic_table_2.state_broad.oh.all.income_tax_before_credits_amount,soi,soi_tax_amount,state,39,65234431008.501366,3.43706062521006,0.000770814224088374
3161,irs_soi.ty2022.historic_table_2.state_agi.ne.50k_to_75k.taxable_interest_amount,soi,soi_agi_band_amount,state,31,90494153.24532273,0.12801445557744956,2.870922977740515e-05
3162,irs_soi.ty2022.historic_table_2.state_broad.vt.all.taxable_ira_distributions_amount,soi,soi_income_amount,state,50,1215555216.4236858,0.4691763355509079,0.00010522007973781294
3163,irs_soi.ty2022.historic_table_2.state_broad.me.all.medical_dental_expense_returns,soi,soi_deduction_count,state,23,12020.0,0.18717499813415495,4.1976900231925306e-05
3164,irs_soi.ty2022.historic_table_2.state_broad.wi.all.ordinary_dividends_returns,soi,soi_income_count,state,55,703490.0,1.4319391656080735,0.00032113459645841526
3165,irs_soi.ty2022.historic_table_2.state_broad.tn.all.ctc_amount,soi,soi_credit_amount,state,47,1899711291.1211185,0.5865331397313539,0.0001315391656719789
3166,irs_soi.ty2022.historic_table_2.state_eitc.ne.ne.eitc_three_or_more_children_amount,soi,soi_eitc_amount,state,31,88664180.44517834,0.1267134907752676,2.8417468216027723e-05
3167,irs_soi.ty2022.historic_table_2.state_eitc.id.id.eitc_amount,soi,soi_eitc_amount,state,16,287295920.0462384,0.22809380102993654,5.1153577266188955e-05
3168,irs_soi.ty2022.historic_table_2.state_eitc.ne.ne.eitc_two_children_claims,soi,soi_eitc_count,state,31,26350.0,0.2771315133875336,6.215104583707863e-05
3169,irs_soi.ty2022.historic_table_2.state_broad.nm.all.tax_exempt_interest_amount,soi,soi_income_amount,state,35,236300011.96557596,0.206861955127876,4.63920060838475e-05
3170,irs_soi.ty2022.historic_table_2.state_agi.wa.50k_to_75k.taxable_interest_returns,soi,soi_agi_band_count,state,53,182507.66567672705,0.7293502880836781,0.00016356812919571161
3171,irs_soi.ty2022.historic_table_2.state_broad.in.all.unemployment_compensation_amount,soi,soi_income_amount,state,18,266451883.18520048,0.2196636270089992,4.9262979818120475e-05
3172,irs_soi.ty2022.historic_table_2.state_broad.ct.all.taxable_pension_income_returns,soi,soi_income_count,state,09,370250.0,1.0388267810040863,0.0002329730390231187
3173,irs_soi.ty2022.historic_table_2.state_broad.md.all.ordinary_dividends_returns,soi,soi_income_count,state,24,650780.0,1.3772497506826835,0.0003088696458135644
3174,irs_soi.ty2022.historic_table_2.state_broad.mo.all.unemployment_compensation_amount,soi,soi_income_amount,state,29,233145117.70055673,0.20547638472750884,4.6081270403119277e-05
3175,irs_soi.ty2022.historic_table_2.state_agi.ak.10k_to_25k.taxable_interest_returns,soi,soi_agi_band_count,state,02,7019.9468166085835,0.14304165114645911,3.207931176193297e-05
3176,irs_soi.ty2022.historic_table_2.state_agi.dc.100k_to_200k.taxable_interest_amount,soi,soi_agi_band_amount,state,11,85085524.81923808,0.12412995393619404,2.7838069956536003e-05
3177,irs_soi.ty2022.historic_table_2.state_broad.wi.all.actc_amount,soi,soi_credit_amount,state,55,497523240.48641396,0.30016181271767955,6.731594813134774e-05
3178,irs_soi.ty2022.historic_table_2.state_agi.ri.25k_to_50k.taxable_interest_returns,soi,soi_agi_band_count,state,44,26097.55579403784,0.27580079963865406,6.185261261239158e-05
3179,irs_soi.ty2022.historic_table_2.state_agi.me.50k_to_75k.taxable_interest_amount,soi,soi_agi_band_amount,state,23,66307482.959786735,0.10957967913086274,2.4574944860027525e-05
3180,irs_soi.ty2022.historic_table_2.state_broad.tn.all.premium_tax_credit_amount,soi,soi_credit_amount,state,47,1196209082.130947,0.4654277794426044,0.00010437940781399515
3181,irs_soi.ty2022.historic_table_2.state_broad.ia.all.limited_state_local_taxes_amount,soi,soi_deduction_amount,state,19,802410833.028864,0.38119495555070915,8.5488888887802e-05
3182,irs_soi.ty2022.historic_table_2.state_broad.ma.all.taxable_pension_income_amount,soi,soi_income_amount,state,25,21950917397.560665,1.9937701562464685,0.00044713392156233876
3183,irs_soi.ty2022.historic_table_2.state_broad.co.all.taxable_income_amount,soi,soi_tax_amount,state,08,268200115858.10767,6.96912467243248,0.0015629344410030231
3184,irs_soi.ty2022.historic_table_2.state_broad.tx.all.ordinary_dividends_returns,soi,soi_income_count,state,48,2196240.0,2.530087273882613,0.000567411364405161
3185,irs_soi.ty2022.historic_table_2.state_agi.ne.10k_to_25k.taxable_interest_amount,soi,soi_agi_band_amount,state,31,42371425.24434827,0.08759620464275547,1.9644809294181536e-05
3186,irs_soi.ty2022.historic_table_2.state_broad.la.all.limited_state_local_taxes_returns,soi,soi_deduction_count,state,22,117990.0,0.5864327341006885,0.00013151664814996377
3187,irs_soi.ty2022.historic_table_2.state_agi.ar.under_1.taxable_interest_amount,soi,soi_agi_band_amount,state,05,41169507.816329464,0.0863448800934441,1.9364180330442723e-05
3188,irs_soi.ty2022.historic_table_2.state_broad.sc.all.return_count,soi,soi_return_count,state,45,2481150.0,2.68919387852199,0.0006030934914828415
3189,irs_soi.ty2022.historic_table_2.state_broad.mi.all.taxable_pension_income_amount,soi,soi_income_amount,state,26,30362146714.941616,2.3448495915978307,0.0005258689373397243
3190,irs_soi.ty2022.historic_table_2.state_broad.mt.all.wages_salaries_amount,soi,soi_income_amount,state,30,28603004890.696587,2.275907376415861,0.0005104075748858176
3191,irs_soi.ty2022.historic_table_2.state_agi.ga.75k_to_100k.taxable_interest_amount,soi,soi_agi_band_amount,state,13,355529732.47908795,0.2537387033761194,5.6904844892603596e-05
3192,irs_soi.ty2022.historic_table_2.state_eitc.ca.ca.eitc_one_child_amount,soi,soi_eitc_amount,state,06,2372547708.0529523,0.6554751480183656,0.00014700048172647804
3193,irs_soi.ty2022.historic_table_2.state_agi.hi.500k_plus.taxable_interest_returns,soi,soi_agi_band_count,state,15,6866.625045262998,0.1414709501148217,3.1727057661991856e-05
3194,irs_soi.ty2022.historic_table_2.state_broad.pa.all.income_tax_liability_returns,soi,soi_tax_count,state,42,4551610.0,3.6423202225856293,0.0008168468765610293
3195,irs_soi.ty2022.historic_table_2.state_broad.in.all.schedule_c_income_returns,soi,soi_income_count,state,18,481210.0,1.1843032621583163,0.000265598399228149
3196,irs_soi.ty2022.historic_table_2.state_broad.id.all.taxable_interest_returns,soi,soi_income_count,state,16,287806.8679258558,0.9158960378603695,0.0002054039107110046
3197,irs_soi.ty2022.historic_table_2.state_broad.va.all.taxable_income_returns,soi,soi_tax_count,state,51,3426990.0,3.160472546801166,0.0007087850519850114
3198,irs_soi.ty2022.historic_table_2.state_broad.vt.all.limited_state_local_taxes_amount,soi,soi_deduction_amount,state,50,183942883.52553907,0.18251150585999748,4.093103966360114e-05
3199,irs_soi.ty2022.historic_table_2.state_broad.co.all.ctc_amount,soi,soi_credit_amount,state,08,1723257920.4370759,0.55862953699119,0.00012528134940372056
3200,irs_soi.ty2022.historic_table_2.state_broad.ny.all.actc_claims,soi,soi_credit_count,state,36,977960.0,1.688325381777392,0.0003786331872117946
3201,irs_soi.ty2022.historic_table_2.state_broad.ga.all.limited_state_local_taxes_returns,soi,soi_deduction_count,state,13,558120.0,1.2754381302160993,0.00028603680874996623
3202,irs_soi.ty2022.historic_table_2.state_agi.nd.100k_to_200k.taxable_interest_amount,soi,soi_agi_band_amount,state,38,120866862.37847047,0.14794571033220022,3.3179123196277244e-05
3203,irs_soi.ty2022.historic_table_2.state_broad.nd.all.ctc_claims,soi,soi_credit_count,state,38,87130.0,0.503940729882417,0.0001130165350711857
3204,irs_soi.ty2022.historic_table_2.state_broad.la.all.unemployment_compensation_returns,soi,soi_income_count,state,22,31830.0,0.30458879512369663,6.830876768865142e-05
3205,irs_soi.ty2022.historic_table_2.state_broad.ut.all.tax_exempt_interest_amount,soi,soi_income_amount,state,49,478847073.086602,0.29447414657847504,6.604040066796929e-05
3206,irs_soi.ty2022.historic_table_2.state_broad.ia.all.net_capital_gains_amount,soi,soi_income_amount,state,19,7495776989.127102,1.165083580514449,0.00026128808713039896
3207,irs_soi.ty2022.historic_table_2.state_eitc.ct.ct.eitc_claims,soi,soi_eitc_count,state,09,200860.0,0.7651425126921569,0.0001715950914312978
3208,irs_soi.ty2022.historic_table_2.state_broad.ga.all.qualified_dividends_amount,soi,soi_income_amount,state,13,8476844620.0866995,1.2389844751072983,0.00027786151045241044
3209,irs_soi.ty2022.historic_table_2.state_broad.sc.all.real_estate_taxes_claims,soi,soi_deduction_count,state,45,159640.0,0.6821289209876216,0.00015297800425826901
3210,irs_soi.ty2022.historic_table_2.state_broad.nh.all.tax_exempt_interest_returns,soi,soi_income_count,state,33,39510.0,0.33935098841147304,7.610472940378404e-05
3211,irs_soi.ty2022.historic_table_2.state_broad.nh.all.rental_royalty_income_returns,soi,soi_income_count,state,33,39830.0,0.3407224554336214,7.641230218291576e-05
3212,irs_soi.ty2022.historic_table_2.state_broad.ny.all.ctc_claims,soi,soi_credit_count,state,36,2092930.0,2.469863517765803,0.0005539052517976683
3213,irs_soi.ty2022.historic_table_2.state_agi.id.1_to_10k.taxable_interest_returns,soi,soi_agi_band_count,state,16,18584.78899810416,0.2327418172608633,5.2195967091469675e-05
3214,irs_soi.ty2022.historic_table_2.state_broad.nj.all.taxable_pension_income_amount,soi,soi_income_amount,state,34,29139833571.597973,2.2971655081490288,0.0005151750410740141
3215,irs_soi.ty2022.historic_table_2.state_broad.ca.all.rental_royalty_income_amount,soi,soi_income_amount,state,06,16056790668.322378,1.705211001802733,0.0003824200497427076
3216,irs_soi.ty2022.historic_table_2.state_broad.sc.all.ctc_amount,soi,soi_credit_amount,state,45,1380779359.4023707,0.5000470809596793,0.00011214332383038334
3217,irs_soi.ty2022.historic_table_2.state_agi.ca.1_to_10k.taxable_interest_returns,soi,soi_agi_band_count,state,06,352377.23677253944,1.0134434647586907,0.00022728043614233926
3218,irs_soi.ty2022.historic_table_2.state_agi.tx.500k_plus.taxable_interest_returns,soi,soi_agi_band_count,state,48,207017.24598182848,0.7767814878927961,0.0001742053123778417
3219,irs_soi.ty2022.historic_table_2.state_agi.ia.500k_plus.taxable_interest_returns,soi,soi_agi_band_count,state,19,15025.533591867357,0.20927172565557867,4.693243454935606e-05
3220,irs_soi.ty2022.historic_table_2.state_agi.id.50k_to_75k.taxable_interest_amount,soi,soi_agi_band_amount,state,16,93856964.77265197,0.1303713029612874,2.9237789405985067e-05
3221,irs_soi.ty2022.historic_table_2.state_broad.la.all.tax_exempt_interest_amount,soi,soi_income_amount,state,22,538691473.6761856,0.31233366982856126,7.004567612212632e-05
3222,irs_soi.ty2022.historic_table_2.state_eitc.in.in.eitc_three_or_more_children_amount,soi,soi_eitc_amount,state,18,332426816.9488556,0.24535605424365692,5.5024905638855555e-05
3223,irs_soi.ty2022.historic_table_2.state_broad.ny.all.return_count,soi,soi_return_count,state,36,9767160.0,5.335556887625821,0.0011965814953186413
3224,irs_soi.ty2022.historic_table_2.state_agi.fl.200k_to_500k.taxable_interest_returns,soi,soi_agi_band_count,state,12,453109.640546589,1.1492043332327861,0.00025772691931661497
3225,irs_soi.ty2022.historic_table_2.state_broad.pa.all.ordinary_dividends_returns,soi,soi_income_count,state,42,1478430.0,2.075850088637512,0.00046554162113422563
3226,irs_soi.ty2022.historic_table_2.state_broad.oh.all.limited_state_local_taxes_amount,soi,soi_deduction_amount,state,39,2602042738.567631,0.6864453477433323,0.00015394602999401936
3227,irs_soi.ty2022.historic_table_2.state_eitc.nc.nc.eitc_three_or_more_children_amount,soi,soi_eitc_amount,state,37,522152926.39628005,0.30750176395086376,6.896204618767969e-05
3228,irs_soi.ty2022.historic_table_2.state_agi.ct.100k_to_200k.taxable_interest_amount,soi,soi_agi_band_amount,state,09,569731876.3210278,0.321206268838671,7.203549424504844e-05
3229,irs_soi.ty2022.historic_table_2.state_agi.wa.100k_to_200k.taxable_interest_returns,soi,soi_agi_band_count,state,53,426530.21632832213,1.1149888004484885,0.0002500535547092372
3230,irs_soi.ty2022.historic_table_2.state_broad.ok.all.itemized_deductions_amount,soi,soi_deduction_amount,state,40,6519112851.622961,1.0865332041955373,0.00024367194532306288
3231,irs_soi.ty2022.historic_table_2.state_broad.mi.all.return_count,soi,soi_return_count,state,26,4871390.0,3.768096823947974,0.000845054232775953
3232,irs_soi.ty2022.historic_table_2.state_broad.wa.all.schedule_c_income_amount,soi,soi_income_amount,state,53,11519613539.6026,1.4443342436412836,0.00032391438520773346
3233,irs_soi.ty2022.historic_table_2.state_broad.ma.all.taxable_ira_distributions_returns,soi,soi_income_count,state,25,411170.0,1.0947282202242594,0.0002455098049392822
3234,irs_soi.ty2022.historic_table_2.state_broad.ri.all.taxable_social_security_returns,soi,soi_income_count,state,44,91020.0,0.5150673479792752,0.0001155118519801021
3235,irs_soi.ty2022.historic_table_2.state_broad.nj.all.income_tax_before_credits_returns,soi,soi_tax_count,state,34,3779650.0,3.319108094095322,0.0007443615371373227
3236,irs_soi.ty2022.historic_table_2.state_broad.ak.all.income_tax_liability_returns,soi,soi_tax_count,state,02,276800.0,0.898211573213493,0.00020143789486734537
3237,irs_soi.ty2022.historic_table_2.state_eitc.nv.nv.eitc_amount,soi,soi_eitc_amount,state,32,674586079.3807446,0.34951630518229576,7.838445956095442e-05
3238,irs_soi.ty2022.historic_table_2.state_broad.sd.all.return_count,soi,soi_return_count,state,46,441520.0,1.1344119536697173,0.000254409498468203
3239,irs_soi.ty2022.historic_table_2.state_broad.tx.all.income_tax_before_credits_amount,soi,soi_tax_amount,state,48,218071062031.29016,6.2841677926191,0.00140932222305878
3240,irs_soi.ty2022.historic_table_2.state_broad.nm.all.partnership_scorp_income_amount,soi,soi_income_amount,state,35,3447248547.141667,0.790105439738304,0.00017719341550533844
3241,irs_soi.ty2022.historic_table_2.state_broad.ia.all.unemployment_compensation_amount,soi,soi_income_amount,state,19,258024640.7628018,0.21616199718266949,4.847768494789628e-05
3242,irs_soi.ty2022.historic_table_2.state_broad.nc.all.real_estate_taxes_claims,soi,soi_deduction_count,state,37,336440.0,0.990260408215818,0.00022208127567073738
3243,irs_soi.ty2022.historic_table_2.state_broad.ks.all.schedule_c_income_returns,soi,soi_income_count,state,20,215380.0,0.7923157515353045,0.00017768911225281555
3244,irs_soi.ty2022.historic_table_2.state_eitc.in.in.eitc_no_children_claims,soi,soi_eitc_count,state,18,121200.0,0.5943563589761915,0.00013329364408526387
3245,irs_soi.ty2022.historic_table_2.state_broad.sd.all.unemployment_compensation_returns,soi,soi_income_count,state,46,5520.0,0.1268426020312164,2.844642342032213e-05
3246,irs_soi.ty2022.historic_table_2.state_agi.nj.1_to_10k.taxable_interest_returns,soi,soi_agi_band_count,state,34,88028.59986255819,0.5065327158732804,0.00011359782818418489
3247,irs_soi.ty2022.historic_table_2.state_agi.ky.1_to_10k.taxable_interest_returns,soi,soi_agi_band_count,state,21,31288.59290959551,0.30198725885513933,6.772533277755984e-05
3248,irs_soi.ty2022.historic_table_2.state_agi.wy.500k_plus.taxable_interest_amount,soi,soi_agi_band_amount,state,56,1286609133.0850391,0.48269418642713063,0.00010825166773427464
3249,irs_soi.ty2022.historic_table_2.state_eitc.tn.tn.eitc_no_children_amount,soi,soi_eitc_amount,state,47,59611368.6268265,0.10389946223223112,2.3301068004537144e-05
3250,irs_soi.ty2022.historic_table_2.state_broad.hi.all.qualified_dividends_returns,soi,soi_income_count,state,15,147180.0,0.654967880706769,0.00014688671915379437
3251,irs_soi.ty2022.historic_table_2.state_broad.mn.all.unemployment_compensation_returns,soi,soi_income_count,state,27,108960.0,0.5635457137154579,0.00012638387838426955
3252,irs_soi.ty2022.historic_table_2.state_broad.wv.all.taxable_social_security_returns,soi,soi_income_count,state,54,150190.0,0.6616314065626705,0.00014838111831412212
3253,irs_soi.ty2022.historic_table_2.state_broad.ca.all.wages_salaries_returns,soi,soi_income_count,state,06,14835020.0,6.575664877839498,0.0014746949714822826
3254,irs_soi.ty2022.historic_table_2.state_broad.sd.all.limited_state_local_taxes_returns,soi,soi_deduction_count,state,46,19500.0,0.23840365498333732,5.346572213127098e-05
3255,irs_soi.ty2022.historic_table_2.state_eitc.nm.nm.eitc_one_child_amount,soi,soi_eitc_amount,state,35,179707975.74081865,0.1803982953255044,4.045711938226158e-05
3256,irs_soi.ty2022.historic_table_2.state_broad.ar.all.rental_royalty_income_amount,soi,soi_income_amount,state,05,637011916.0781113,0.33964289299499195,7.61701935400296e-05
3257,irs_soi.ty2022.historic_table_2.state_broad.wy.all.income_tax_liability_amount,soi,soi_tax_amount,state,56,4859370705.534868,0.9380776067311106,0.00021037847201863885
3258,irs_soi.ty2022.historic_table_2.state_broad.wi.all.real_estate_taxes_claims,soi,soi_deduction_count,state,55,156330.0,0.6750201973260413,0.00015138376257592317
3259,irs_soi.ty2022.historic_table_2.state_broad.oh.all.taxable_ira_distributions_returns,soi,soi_income_count,state,39,665420.0,1.3926549547610232,0.00031232450207692826
3260,irs_soi.ty2022.historic_table_2.state_eitc.ok.ok.eitc_no_children_amount,soi,soi_eitc_amount,state,40,32012765.883756965,0.0761395582025238,1.7075478403795425e-05
3261,irs_soi.ty2022.historic_table_2.state_broad.mn.all.return_count,soi,soi_return_count,state,27,2871840.0,2.893181795390619,0.0006488409498521235
3262,irs_soi.ty2022.historic_table_2.state_broad.ca.all.ordinary_dividends_amount,soi,soi_income_amount,state,06,60130516785.31839,3.299865368428518,0.0007400460570595465
3263,irs_soi.ty2022.historic_table_2.state_broad.me.all.ordinary_dividends_amount,soi,soi_income_amount,state,23,1553195003.1932569,0.5303489893484324,0.00011893899738695503
3264,irs_soi.ty2022.historic_table_2.state_agi.ri.25k_to_50k.taxable_interest_amount,soi,soi_agi_band_amount,state,44,37689061.8173218,0.0826145262277693,1.8527590542222315e-05
3265,irs_soi.ty2022.historic_table_2.state_broad.md.all.taxable_income_returns,soi,soi_tax_count,state,24,2518190.0,2.709192415574451,0.0006075784740018952
3266,irs_soi.ty2022.historic_table_2.state_broad.dc.all.qualified_dividends_returns,soi,soi_income_count,state,11,95390.0,0.5272869561497734,0.00011825228888759214
3267,irs_soi.ty2022.historic_table_2.state_broad.wy.all.limited_state_local_taxes_returns,soi,soi_deduction_count,state,56,14580.0,0.20614574051748052,4.623138383437554e-05
3268,irs_soi.ty2022.historic_table_2.state_broad.il.all.actc_amount,soi,soi_credit_amount,state,17,1309114188.432738,0.486897470305387,0.00010919431942260304
3269,irs_soi.ty2022.historic_table_2.state_broad.nj.all.medical_dental_expense_amount,soi,soi_deduction_amount,state,34,3700044533.240106,0.818563223724317,0.00018357551552462817
3270,irs_soi.ty2022.historic_table_2.state_broad.nm.all.rental_royalty_income_amount,soi,soi_income_amount,state,35,919605744.0681404,0.4080840220149116,9.1519179640034e-05
3271,irs_soi.ty2022.historic_table_2.state_broad.wv.all.unemployment_compensation_amount,soi,soi_income_amount,state,54,117813342.01736246,0.14606494218574487,3.2757331730375616e-05
3272,irs_soi.ty2022.historic_table_2.state_broad.al.all.real_estate_taxes_claims,soi,soi_deduction_count,state,01,123450.0,0.5998479110436619,0.0001345252099223283
3273,irs_soi.ty2022.historic_table_2.state_eitc.mn.mn.eitc_three_or_more_children_amount,soi,soi_eitc_amount,state,27,210085036.50137672,0.19505016115598614,4.3743027843908085e-05
3274,irs_soi.ty2022.historic_table_2.state_agi.az.200k_to_500k.taxable_interest_returns,soi,soi_agi_band_count,state,04,135185.99610642178,0.6277134817887843,0.00014077449692504693
3275,irs_soi.ty2022.historic_table_2.state_broad.wa.all.income_tax_liability_returns,soi,soi_tax_count,state,53,2936700.0,2.925670382670913,0.0006561270201100949
3276,irs_soi.ty2022.historic_table_2.state_broad.ky.all.actc_claims,soi,soi_credit_count,state,21,260880.0,0.8719990193723008,0.00019555932257732695
3277,irs_soi.ty2022.historic_table_2.state_agi.mo.200k_to_500k.taxable_interest_returns,soi,soi_agi_band_count,state,29,104204.04673951743,0.5511094983587085,0.00012359486395126902
3278,irs_soi.ty2022.historic_table_2.state_broad.mn.all.adjusted_gross_income,soi,soi_income_amount,state,27,295978538611.5155,7.321142565352894,0.0016418799204648787
3279,irs_soi.ty2022.historic_table_2.state_broad.sd.all.income_tax_before_credits_amount,soi,soi_tax_amount,state,46,5980875118.066567,1.0407133375160873,0.0002333961286198895
3280,irs_soi.ty2022.historic_table_2.state_broad.ne.all.schedule_c_income_amount,soi,soi_income_amount,state,31,1940348480.3188381,0.5927732821817787,0.00013293861452831998
3281,irs_soi.ty2022.historic_table_2.state_broad.ok.all.medical_dental_expense_returns,soi,soi_deduction_count,state,40,32850.0,0.30943062219007367,6.939462260373932e-05
3282,irs_soi.ty2022.historic_table_2.state_broad.pa.all.net_capital_gains_returns,soi,soi_income_count,state,42,1227553.6501558302,1.8915413719124847,0.00042420752902275953
3283,irs_soi.ty2022.historic_table_2.state_broad.nh.all.medical_dental_expense_amount,soi,soi_deduction_amount,state,33,471914372.1945782,0.29233469075220775,6.55605944723498e-05
3284,irs_soi.ty2022.historic_table_2.state_agi.ne.under_1.taxable_interest_amount,soi,soi_agi_band_amount,state,31,30615649.88987492,0.07445956498844376,1.669871383459156e-05
3285,irs_soi.ty2022.historic_table_2.state_broad.ga.all.medical_dental_expense_amount,soi,soi_deduction_amount,state,13,3237013384.279668,0.7656336290709009,0.00017170523190645907
3286,irs_soi.ty2022.historic_table_2.state_broad.mi.all.net_capital_gains_amount,soi,soi_income_amount,state,26,20017280605.224514,1.9039313800525324,0.0004269861807697987
3287,irs_soi.ty2022.historic_table_2.state_eitc.hi.hi.eitc_claims,soi,soi_eitc_count,state,15,84970.0,0.49765504689848594,0.0001116068730429437
3288,irs_soi.ty2022.historic_table_2.state_agi.sc.75k_to_100k.taxable_interest_amount,soi,soi_agi_band_amount,state,45,172881757.02932712,0.17693890573688212,3.9681297541350555e-05
3289,irs_soi.ty2022.historic_table_2.state_broad.ms.all.unemployment_compensation_amount,soi,soi_income_amount,state,28,77248975.3080047,0.11827558829676185,2.6525137541323584e-05
3290,irs_soi.ty2022.historic_table_2.state_agi.mo.500k_plus.taxable_interest_returns,soi,soi_agi_band_count,state,29,28222.157482683804,0.2868076355059994,6.432106649607522e-05
3291,irs_soi.ty2022.historic_table_2.state_eitc.al.al.eitc_one_child_claims,soi,soi_eitc_count,state,01,173720.0,0.7115747255813153,0.00015958168324317455
3292,irs_soi.ty2022.historic_table_2.state_broad.az.all.premium_tax_credit_returns,soi,soi_credit_count,state,04,97560.0,0.5332507801011492,0.00011958976902918798
3293,irs_soi.ty2022.historic_table_2.state_broad.tn.all.premium_tax_credit_returns,soi,soi_credit_count,state,47,159200.0,0.6811882299952322,0.00015276703969392962
3294,irs_soi.ty2022.historic_table_2.state_broad.az.all.rental_royalty_income_returns,soi,soi_income_count,state,04,165340.0,0.6941999375770839,0.0001556851171960269
3295,irs_soi.ty2022.historic_table_2.state_broad.wa.all.limited_state_local_taxes_amount,soi,soi_deduction_amount,state,53,3802987523.1340313,0.8298721754992834,0.00018611172359257307
3296,irs_soi.ty2022.historic_table_2.state_broad.ms.all.net_capital_gains_amount,soi,soi_income_amount,state,28,4213144090.6806626,0.8734778760879292,0.00019589097916302515
3297,irs_soi.ty2022.historic_table_2.state_broad.mn.all.rental_royalty_income_amount,soi,soi_income_amount,state,27,1976183866.6685913,0.598222065435565,0.0001341605887946995
3298,irs_soi.ty2022.historic_table_2.state_broad.tn.all.wages_salaries_amount,soi,soi_income_amount,state,47,193711503607.52716,5.922791702861136,0.001328278022619676
3299,irs_soi.ty2022.historic_table_2.state_agi.la.10k_to_25k.taxable_interest_amount,soi,soi_agi_band_amount,state,22,66343284.75551496,0.10960925814437422,2.4581578413181034e-05
3300,irs_soi.ty2022.historic_table_2.state_broad.ks.all.ordinary_dividends_returns,soi,soi_income_count,state,20,287430.0,0.9152961826298437,0.00020526938385957472
3301,irs_soi.ty2022.historic_table_2.state_broad.az.all.income_tax_liability_returns,soi,soi_tax_count,state,04,2397590.0,2.6435228148182928,0.0005928510461579486
3302,irs_soi.ty2022.historic_table_2.state_broad.nc.all.itemized_deductions_amount,soi,soi_deduction_amount,state,37,17085252588.339405,1.7589741420724812,0.000394477268910626
3303,irs_soi.ty2022.historic_table_2.state_agi.nh.200k_to_500k.taxable_interest_amount,soi,soi_agi_band_amount,state,33,264731263.9700753,0.21895323682840825,4.910366378748783e-05
3304,irs_soi.ty2022.historic_table_2.state_broad.fl.all.adjusted_gross_income,soi,soi_income_amount,state,12,1256784165643.2153,15.08617368580672,0.0033833087431726218
3305,irs_soi.ty2022.historic_table_2.state_agi.nc.1_to_10k.taxable_interest_amount,soi,soi_agi_band_amount,state,37,70025755.17327473,0.11261018028296198,2.5254581808244444e-05
3306,irs_soi.ty2022.historic_table_2.state_agi.ky.10k_to_25k.taxable_interest_returns,soi,soi_agi_band_count,state,21,53355.97642826368,0.3943548075497469,8.844019007619351e-05
3307,irs_soi.ty2022.historic_table_2.state_agi.vt.25k_to_50k.taxable_interest_amount,soi,soi_agi_band_amount,state,50,30769086.157281578,0.07464591607238129,1.6740505959269184e-05
3308,irs_soi.ty2022.historic_table_2.state_broad.nh.all.taxable_pension_income_returns,soi,soi_income_count,state,33,150420.0,0.6621378217968295,0.00014849468979520733
3309,irs_soi.ty2022.historic_table_2.state_eitc.ma.ma.eitc_one_child_claims,soi,soi_eitc_count,state,25,116080.0,0.5816668364635176,0.00013044782158858884
3310,irs_soi.ty2022.historic_table_2.state_broad.il.all.income_tax_liability_returns,soi,soi_tax_count,state,17,4458600.0,3.6049135930481433,0.0008084578589477783
3311,irs_soi.ty2022.historic_table_2.state_broad.pa.all.itemized_deductions_amount,soi,soi_deduction_amount,state,42,21671403400.655342,1.98103556055651,0.0004442779907056537
3312,irs_soi.ty2022.historic_table_2.state_agi.mo.1_to_10k.taxable_interest_returns,soi,soi_agi_band_count,state,29,76715.64344827321,0.47286543505572265,0.00010604741759491425
3313,irs_soi.ty2022.historic_table_2.state_broad.ny.all.premium_tax_credit_amount,soi,soi_credit_amount,state,36,550799052.6257818,0.3158241569557042,7.082847206900744e-05
3314,irs_soi.ty2022.historic_table_2.state_broad.wa.all.taxable_pension_income_amount,soi,soi_income_amount,state,53,24965214964.81913,2.1262601911556103,0.0004768468695123593
3315,irs_soi.ty2022.historic_table_2.state_broad.ms.all.actc_claims,soi,soi_credit_count,state,28,239530.0,0.8355559975399143,0.00018738640895714606
3316,irs_soi.ty2022.historic_table_2.state_broad.fl.all.rental_royalty_income_returns,soi,soi_income_count,state,12,565490.0,1.2838316212615686,0.0002879191794710851
3317,irs_soi.ty2022.historic_table_2.state_broad.ma.all.taxable_pension_income_returns,soi,soi_income_count,state,25,631930.0,1.3571569977234568,0.00030436353391420873
3318,irs_soi.ty2022.historic_table_2.state_broad.sc.all.actc_claims,soi,soi_credit_count,state,45,327740.0,0.9773729794836713,0.00021919106963078522
3319,irs_soi.ty2022.historic_table_2.state_broad.ct.all.schedule_c_income_amount,soi,soi_income_amount,state,09,9047493962.693876,1.2800086491231406,0.00028706181859680213
3320,irs_soi.ty2022.historic_table_2.state_agi.il.25k_to_50k.taxable_interest_amount,soi,soi_agi_band_amount,state,17,373392271.2763462,0.2600347656902952,5.8316834646847996e-05
3321,irs_soi.ty2022.historic_table_2.state_broad.nh.all.taxable_income_returns,soi,soi_tax_count,state,33,619620.0,1.343873274794934,0.0003013844527461166
3322,irs_soi.ty2022.historic_table_2.state_eitc.va.va.eitc_two_children_amount,soi,soi_eitc_amount,state,51,532622559.53072774,0.3105693062083031,6.964999017903186e-05
3323,irs_soi.ty2022.historic_table_2.state_broad.ak.all.taxable_interest_returns,soi,soi_income_count,state,02,107971.38169258038,0.5609833003517102,0.00012580921739217542
3324,irs_soi.ty2022.historic_table_2.state_eitc.sd.sd.eitc_two_children_amount,soi,soi_eitc_amount,state,46,46108958.93861208,0.09137795017784847,2.049292446240154e-05
3325,irs_soi.ty2022.historic_table_2.state_broad.il.all.qualified_dividends_returns,soi,soi_income_count,state,17,1325920.0,1.9658675971857675,0.0004408763393554087
3326,irs_soi.ty2022.historic_table_2.state_agi.nm.500k_plus.taxable_interest_returns,soi,soi_agi_band_count,state,35,6603.78772295628,0.13873695421240942,3.1113916620858803e-05
3327,irs_soi.ty2022.historic_table_2.state_broad.id.all.unemployment_compensation_returns,soi,soi_income_count,state,16,26240.0,0.2765524555514556,6.202118312434527e-05
3328,irs_soi.ty2022.historic_table_2.state_agi.ak.500k_plus.taxable_interest_amount,soi,soi_agi_band_amount,state,02,148058326.2340535,0.1637439154220025,3.6722116039919825e-05
3329,irs_soi.ty2022.historic_table_2.state_broad.mt.all.actc_amount,soi,soi_credit_amount,state,30,104612305.39636755,0.137638566153402,3.086758604023368e-05
3330,irs_soi.ty2022.historic_table_2.state_agi.ct.500k_plus.taxable_interest_returns,soi,soi_agi_band_count,state,09,45525.614534542714,0.36427008919611037,8.169322475804225e-05
3331,irs_soi.ty2022.historic_table_2.state_broad.ma.all.tax_exempt_interest_amount,soi,soi_income_amount,state,25,1833550379.9256477,0.5762290870748836,0.00012922832183782994
3332,irs_soi.ty2022.historic_table_2.state_agi.co.1_to_10k.taxable_interest_returns,soi,soi_agi_band_count,state,08,59981.667261412185,0.418123782278552,9.377075180052748e-05
3333,irs_soi.ty2022.historic_table_2.state_broad.id.all.rental_royalty_income_amount,soi,soi_income_amount,state,16,639483399.2985064,0.34030112957339015,7.631781331540483e-05
3334,irs_soi.ty2022.historic_table_2.state_broad.sd.all.rental_royalty_income_amount,soi,soi_income_amount,state,46,918048463.163177,0.4077383463107646,9.144165649490124e-05
3335,irs_soi.ty2022.historic_table_2.state_eitc.nm.nm.eitc_claims,soi,soi_eitc_count,state,35,185030.0,0.7343729608704179,0.00016469454157219508
3336,irs_soi.ty2022.historic_table_2.state_broad.fl.all.medical_dental_expense_returns,soi,soi_deduction_count,state,12,302330.0,0.9387203345891346,0.00021052261372261373
3337,irs_soi.ty2022.historic_table_2.state_agi.ma.500k_plus.taxable_interest_amount,soi,soi_agi_band_amount,state,25,5266190981.779929,0.9765557820113383,0.00021900780040622075
3338,irs_soi.ty2022.historic_table_2.state_broad.ak.all.taxable_ira_distributions_returns,soi,soi_income_count,state,02,29200.0,0.2917339883431649,6.542587762798047e-05
3339,irs_soi.ty2022.historic_table_2.state_broad.ct.all.limited_state_local_taxes_returns,soi,soi_deduction_count,state,09,208060.0,0.7787353700060743,0.0001746435007862916
3340,irs_soi.ty2022.historic_table_2.state_agi.pa.10k_to_25k.taxable_interest_amount,soi,soi_agi_band_amount,state,42,275139357.44249356,0.2232158926871116,5.005963056450137e-05
3341,irs_soi.ty2022.historic_table_2.state_agi.il.75k_to_100k.taxable_interest_amount,soi,soi_agi_band_amount,state,17,505086619.5914798,0.3024347462120583,6.782568876700119e-05
3342,irs_soi.ty2022.historic_table_2.state_broad.nd.all.qualified_dividends_returns,soi,soi_income_count,state,38,72360.0,0.45924547170851865,0.0001029929292909887
3343,irs_soi.ty2022.historic_table_2.state_broad.in.all.income_tax_liability_amount,soi,soi_tax_amount,state,18,33130675106.05555,2.4494235894095175,0.0005493212804237536
3344,irs_soi.ty2022.historic_table_2.state_agi.md.100k_to_200k.taxable_interest_amount,soi,soi_agi_band_amount,state,24,881281660.0191209,0.3994901902421771,8.959187939945662e-05
3345,irs_soi.ty2022.historic_table_2.state_broad.id.all.tax_exempt_interest_amount,soi,soi_income_amount,state,16,213010259.84156322,0.1964034056907433,4.404651394724003e-05
3346,irs_soi.ty2022.historic_table_2.state_broad.wv.all.income_tax_before_credits_returns,soi,soi_tax_count,state,54,598530.0,1.3208045772619756,0.00029621093905852786
3347,irs_soi.ty2022.historic_table_2.state_broad.ok.all.rental_royalty_income_returns,soi,soi_income_count,state,40,158200.0,0.6790454495052676,0.0001522864878908427
3348,irs_soi.ty2022.historic_table_2.state_broad.az.all.income_tax_liability_amount,soi,soi_tax_amount,state,04,42171384253.52608,2.76348862697189,0.0006197552426489998
3349,irs_soi.ty2022.historic_table_2.state_broad.wv.all.rental_royalty_income_amount,soi,soi_income_amount,state,54,1537880994.0638008,0.52772797651059,0.00011835119455272258
3350,irs_soi.ty2022.historic_table_2.state_agi.az.10k_to_25k.taxable_interest_returns,soi,soi_agi_band_count,state,04,82684.24097565492,0.49091576118935765,0.0001100954835589499
3351,irs_soi.ty2022.historic_table_2.state_agi.in.under_1.taxable_interest_returns,soi,soi_agi_band_count,state,18,10327.31645563478,0.17349595195874273,3.8909161686194825e-05
3352,irs_soi.ty2022.historic_table_2.state_broad.wy.all.ordinary_dividends_returns,soi,soi_income_count,state,56,60030.0,0.4182922087241032,9.380852404667038e-05
3353,irs_soi.ty2022.historic_table_2.state_broad.mi.all.schedule_c_income_returns,soi,soi_income_count,state,26,801590.0,1.528522193775266,0.0003427948404968078
3354,irs_soi.ty2022.historic_table_2.state_broad.ca.all.taxable_social_security_returns,soi,soi_income_count,state,06,2351720.0,2.6181131374329776,0.0005871525313821434
3355,irs_soi.ty2022.historic_table_2.state_broad.de.all.qualified_dividends_amount,soi,soi_income_amount,state,10,961561580.478192,0.41728935354651525,9.358361819836628e-05
3356,irs_soi.ty2022.historic_table_2.state_agi.ia.50k_to_75k.taxable_interest_amount,soi,soi_agi_band_amount,state,19,186611745.69109946,0.1838307846944961,4.122690843114961e-05
3357,irs_soi.ty2022.historic_table_2.state_agi.ky.25k_to_50k.taxable_interest_returns,soi,soi_agi_band_count,state,21,87196.28167525357,0.5041323727482923,0.00011305951396014628
3358,irs_soi.ty2022.historic_table_2.state_broad.ri.all.taxable_income_amount,soi,soi_tax_amount,state,44,42136347673.85635,2.7623404158088576,0.0006194977384635249
3359,irs_soi.ty2022.historic_table_2.state_broad.tn.all.qualified_dividends_returns,soi,soi_income_count,state,47,486210.0,1.1904400983291687,0.00026697468004690936
3360,irs_soi.ty2022.historic_table_2.state_broad.ak.all.medical_dental_expense_amount,soi,soi_deduction_amount,state,02,123845284.74565208,0.14975746887828206,3.358543818754924e-05
3361,irs_soi.ty2022.historic_table_2.state_agi.az.1_to_10k.taxable_interest_amount,soi,soi_agi_band_amount,state,04,64136359.775982544,0.10777075034992721,2.416926448753694e-05
3362,irs_soi.ty2022.historic_table_2.state_broad.me.all.schedule_c_income_returns,soi,soi_income_count,state,23,120480.0,0.5925883143283138,0.00013289713261455794
3363,irs_soi.ty2022.historic_table_2.state_broad.ny.all.taxable_ira_distributions_returns,soi,soi_income_count,state,36,912960.0,1.6312535831038233,0.0003658339500120707
3364,irs_soi.ty2022.historic_table_2.state_broad.ky.all.taxable_social_security_amount,soi,soi_income_amount,state,21,5695310132.551385,1.0155643386523223,0.00022775607505098056
3365,irs_soi.ty2022.historic_table_2.state_agi.vt.50k_to_75k.taxable_interest_returns,soi,soi_agi_band_count,state,50,20753.19690713458,0.2459450617830861,5.5156999727088153e-05
3366,irs_soi.ty2022.historic_table_2.state_broad.ms.all.actc_amount,soi,soi_credit_amount,state,28,495360972.755062,0.2995088412912518,6.716950914807172e-05
3367,irs_soi.ty2022.historic_table_2.state_eitc.ga.ga.eitc_amount,soi,soi_eitc_amount,state,13,3164650237.767739,0.7570274236133806,0.00016977515667490034
3368,irs_soi.ty2022.historic_table_2.state_agi.mo.1_to_10k.taxable_interest_amount,soi,soi_agi_band_amount,state,29,63962465.33958834,0.10762455048563066,2.4136476897427822e-05
3369,irs_soi.ty2022.historic_table_2.state_broad.co.all.rental_royalty_income_returns,soi,soi_income_count,state,08,221970.0,0.8043457004078199,0.0001803870151172505
3370,irs_soi.ty2022.historic_table_2.state_broad.al.all.ctc_claims,soi,soi_credit_count,state,01,566380.0,1.284841507307578,0.00028814566210082486
3371,irs_soi.ty2022.historic_table_2.state_agi.wi.500k_plus.taxable_interest_returns,soi,soi_agi_band_count,state,55,30226.292065272526,0.29681650082033906,6.656570998437745e-05
3372,irs_soi.ty2022.historic_table_2.state_agi.ok.100k_to_200k.taxable_interest_returns,soi,soi_agi_band_count,state,40,138405.75330467906,0.6351446954686876,0.00014244106200239686
3373,irs_soi.ty2022.historic_table_2.state_broad.me.all.tax_exempt_interest_returns,soi,soi_income_count,state,23,28460.0,0.2880136370622793,6.459153107474305e-05
3374,irs_soi.ty2022.historic_table_2.state_broad.ga.all.taxable_social_security_returns,soi,soi_income_count,state,13,648810.0,1.3751636091173907,0.00030840179616895957
3375,irs_soi.ty2022.historic_table_2.state_agi.vt.75k_to_100k.taxable_interest_returns,soi,soi_agi_band_count,state,50,16898.249513302722,0.22193022980753385,4.9771300696912724e-05
3376,irs_soi.ty2022.historic_table_2.state_agi.ct.10k_to_25k.taxable_interest_amount,soi,soi_agi_band_amount,state,09,61517714.145575605,0.10554771800865437,2.3670714960451752e-05
3377,irs_soi.ty2022.historic_table_2.state_agi.ca.50k_to_75k.taxable_interest_amount,soi,soi_agi_band_amount,state,06,1471464033.5143325,0.5162066307963821,0.00011576735384534246
3378,irs_soi.ty2022.historic_table_2.state_broad.ky.all.income_tax_liability_amount,soi,soi_tax_amount,state,21,17727015891.696617,1.79170526649402,0.0004018177318892173
3379,irs_soi.ty2022.historic_table_2.state_agi.va.10k_to_25k.taxable_interest_amount,soi,soi_agi_band_amount,state,51,133584171.67535886,0.15553432693401772,3.488098832339487e-05
3380,irs_soi.ty2022.historic_table_2.state_broad.nc.all.taxable_social_security_returns,soi,soi_income_count,state,37,792470.0,1.5198020250311182,0.0003408392072283288
3381,irs_soi.ty2022.historic_table_2.state_broad.la.all.taxable_income_amount,soi,soi_tax_amount,state,22,117727706132.08714,4.61730001459605,0.001035501236733808
3382,irs_soi.ty2022.historic_table_2.state_broad.nj.all.taxable_social_security_amount,soi,soi_income_amount,state,34,17200378220.363235,1.7648904439109514,0.00039580409148036585
3383,irs_soi.ty2022.historic_table_2.state_agi.ok.75k_to_100k.taxable_interest_amount,soi,soi_agi_band_amount,state,40,132804203.98270835,0.15507959736019314,3.4779008154338e-05
3384,irs_soi.ty2022.historic_table_2.state_broad.mi.all.partnership_scorp_income_returns,soi,soi_income_count,state,26,242100.0,0.8400265223514095,0.00018838899357510866
3385,irs_soi.ty2022.historic_table_2.state_agi.ky.75k_to_100k.taxable_interest_returns,soi,soi_agi_band_count,state,21,68622.44423224553,0.4472277004541736,0.0001002977574465516
3386,irs_soi.ty2022.historic_table_2.state_agi.sd.50k_to_75k.taxable_interest_returns,soi,soi_agi_band_count,state,46,25396.656267886592,0.2720720156784042,6.1016374899843964e-05
3387,irs_soi.ty2022.historic_table_2.state_eitc.id.id.eitc_no_children_claims,soi,soi_eitc_count,state,16,31140.0,0.3012693203823599,6.756432392517602e-05
3388,irs_soi.ty2022.historic_table_2.state_broad.mo.all.net_capital_gains_amount,soi,soi_income_amount,state,29,13515997917.052055,1.5644900712415464,0.000350861195613713
3389,irs_soi.ty2022.historic_table_2.state_eitc.ms.ms.eitc_one_child_claims,soi,soi_eitc_count,state,28,136380.0,0.630479466043956,0.00014139481185107783
3390,irs_soi.ty2022.historic_table_2.state_broad.ok.all.tax_exempt_interest_amount,soi,soi_income_amount,state,40,470269704.3035809,0.2918248386028308,6.544625220965032e-05
3391,irs_soi.ty2022.historic_table_2.state_broad.de.all.actc_amount,soi,soi_credit_amount,state,10,111611106.70090419,0.14216819857522847,3.1883426457777186e-05
3392,irs_soi.ty2022.historic_table_2.state_eitc.wv.wv.eitc_one_child_amount,soi,soi_eitc_amount,state,54,125907841.68524739,0.15099937262646318,3.38639543903259e-05
3393,irs_soi.ty2022.historic_table_2.state_eitc.nj.nj.eitc_amount,soi,soi_eitc_amount,state,34,1459071376.8129084,0.5140282908350199,0.00011527882727854225
3394,irs_soi.ty2022.historic_table_2.state_agi.wa.under_1.taxable_interest_amount,soi,soi_agi_band_amount,state,53,153528329.16710082,0.16674123544439673,3.7394311604484574e-05
3395,irs_soi.ty2022.historic_table_2.state_broad.sd.all.taxable_interest_returns,soi,soi_income_count,state,46,172267.9616618612,0.7085946371533058,0.00015891335213126393
3396,irs_soi.ty2022.historic_table_2.state_agi.nj.500k_plus.taxable_interest_amount,soi,soi_agi_band_amount,state,34,5979661953.407514,1.0406077826727484,0.0002333724563069631
3397,irs_soi.ty2022.historic_table_2.state_agi.ne.25k_to_50k.taxable_interest_amount,soi,soi_agi_band_amount,state,31,75633850.74698803,0.11703260158764345,2.6246378467737932e-05
3398,irs_soi.ty2022.historic_table_2.state_agi.co.10k_to_25k.taxable_interest_returns,soi,soi_agi_band_count,state,08,76266.62968933256,0.47147957247805233,0.00010573661638888816
3399,irs_soi.ty2022.historic_table_2.state_broad.nv.all.wages_salaries_returns,soi,soi_income_count,state,32,1244820.0,1.9047978066024709,0.0004271804903795629
3400,irs_soi.ty2022.historic_table_2.state_agi.sd.50k_to_75k.taxable_interest_amount,soi,soi_agi_band_amount,state,46,51518784.052908465,0.09658986417362113,2.166177711900003e-05
3401,irs_soi.ty2022.historic_table_2.state_eitc.al.al.eitc_three_or_more_children_amount,soi,soi_eitc_amount,state,01,309419392.01049083,0.23671322233722822,5.308661635730617e-05
3402,irs_soi.ty2022.historic_table_2.state_broad.mn.all.net_capital_gains_returns,soi,soi_income_count,state,27,625150.5006228285,1.349857411127729,0.00030272648825470486
3403,irs_soi.ty2022.historic_table_2.state_broad.ca.all.rental_royalty_income_returns,soi,soi_income_count,state,06,1315410.0,1.9580608008551887,0.00043912554403570056
3404,irs_soi.ty2022.historic_table_2.state_broad.ut.all.income_tax_liability_amount,soi,soi_tax_amount,state,49,20188251307.460217,1.9120449788064258,0.00042880578129769585
3405,irs_soi.ty2022.historic_table_2.state_broad.md.all.qualified_dividends_returns,soi,soi_income_count,state,24,612750.0,1.3364024513825188,0.0002997090045710964
3406,irs_soi.ty2022.historic_table_2.state_broad.ne.all.taxable_pension_income_returns,soi,soi_income_count,state,31,166000.0,0.6955841024474155,0.00015599553766481623
3407,irs_soi.ty2022.historic_table_2.state_broad.ia.all.real_estate_taxes_claims,soi,soi_deduction_count,state,19,79030.0,0.4799451359203359,0.00010763515046430498
3408,irs_soi.ty2022.historic_table_2.state_broad.nj.all.unemployment_compensation_amount,soi,soi_income_amount,state,34,2251862919.302193,0.6385864925034566,0.0001432129384398871
3409,irs_soi.ty2022.historic_table_2.state_agi.al.75k_to_100k.taxable_interest_returns,soi,soi_agi_band_count,state,01,77131.80254192551,0.47414627613111865,0.00010633466609803064
3410,irs_soi.ty2022.historic_table_2.state_broad.ar.all.return_count,soi,soi_return_count,state,05,1295860.0,1.9434557013286249,0.0004358501236440065
3411,irs_soi.ty2022.historic_table_2.state_agi.il.10k_to_25k.taxable_interest_amount,soi,soi_agi_band_amount,state,17,213238052.62840128,0.1965083943530858,4.4070059285285e-05
3412,irs_soi.ty2022.historic_table_2.state_agi.ky.50k_to_75k.taxable_interest_returns,soi,soi_agi_band_count,state,21,80592.4939522973,0.48466638710425025,0.00010869396436516041
3413,irs_soi.ty2022.historic_table_2.state_broad.co.all.schedule_c_income_returns,soi,soi_income_count,state,08,563050.0,1.2810588617260936,0.0002872973450832235
3414,irs_soi.ty2022.historic_table_2.state_agi.ri.under_1.taxable_interest_returns,soi,soi_agi_band_count,state,44,1796.0550357625705,0.07235281352790326,1.6226242100897794e-05
3415,irs_soi.ty2022.historic_table_2.state_eitc.oh.oh.eitc_claims,soi,soi_eitc_count,state,39,818070.0,1.5441548042079467,0.0003463006961668416
3416,irs_soi.ty2022.historic_table_2.state_broad.nj.all.qualified_dividends_returns,soi,soi_income_count,state,34,1156360.0,1.8358708825759396,0.0004117225572047409
3417,irs_soi.ty2022.historic_table_2.state_broad.va.all.schedule_c_income_returns,soi,soi_income_count,state,51,783950.0,1.511610102846617,0.00033900204145472456
3418,irs_soi.ty2022.historic_table_2.state_broad.nv.all.schedule_c_income_amount,soi,soi_income_amount,state,32,3793064618.835283,0.8287888008168772,0.00018586875999481437
3419,irs_soi.ty2022.historic_table_2.state_broad.ks.all.taxable_interest_returns,soi,soi_income_count,state,20,518851.8257885567,1.2297512659039382,0.00027579081989323576
3420,irs_soi.ty2022.historic_table_2.state_eitc.mo.mo.eitc_two_children_claims,soi,soi_eitc_count,state,29,102480.0,0.5465314545882953,0.0001225681665369579
3421,irs_soi.ty2022.historic_table_2.state_agi.tn.1_to_10k.taxable_interest_amount,soi,soi_agi_band_amount,state,47,56221605.648922496,0.1009021396244443,2.262887186015795e-05
3422,irs_soi.ty2022.historic_table_2.state_broad.mt.all.taxable_social_security_returns,soi,soi_income_count,state,30,101910.0,0.5450094146030589,0.00012222682543239715
3423,irs_soi.ty2022.historic_table_2.state_agi.oh.under_1.taxable_interest_returns,soi,soi_agi_band_count,state,39,14839.357155233432,0.20797117592293182,4.664076607376807e-05
3424,irs_soi.ty2022.historic_table_2.state_broad.va.all.rental_royalty_income_amount,soi,soi_income_amount,state,51,944069618.773737,0.4134764359450103,9.272851221013911e-05
3425,irs_soi.ty2022.historic_table_2.state_broad.la.all.taxable_pension_income_amount,soi,soi_income_amount,state,22,11299201153.905573,1.430449806613553,0.00032080058457357096
3426,irs_soi.ty2022.historic_table_2.state_broad.nd.all.taxable_ira_distributions_returns,soi,soi_income_count,state,38,41770.0,0.34892158873557144,7.825108516159934e-05
3427,irs_soi.ty2022.historic_table_2.state_broad.ct.all.real_estate_taxes_claims,soi,soi_deduction_count,state,09,186410.0,0.7371064421642893,0.00016530756720437077
3428,irs_soi.ty2022.historic_table_2.state_broad.tx.all.limited_state_local_taxes_amount,soi,soi_deduction_amount,state,48,8924473252.585672,1.2712765889493802,0.00028510351849055397
3429,irs_soi.ty2022.historic_table_2.state_broad.ar.all.qualified_dividends_returns,soi,soi_income_count,state,05,178400.0,0.7210959039797575,0.00016171695536661975
3430,irs_soi.ty2022.historic_table_2.state_broad.nm.all.net_capital_gains_returns,soi,soi_income_count,state,35,135053.8252042861,0.6274065500493897,0.0001407056627157187
3431,irs_soi.ty2022.historic_table_2.state_broad.de.all.ctc_claims,soi,soi_credit_count,state,10,115720.0,0.5807641716333706,0.00013024538498169333
3432,irs_soi.ty2022.historic_table_2.state_broad.wa.all.partnership_scorp_income_returns,soi,soi_income_count,state,53,224350.0,0.8086463685550594,0.00018135150674031386
3433,irs_soi.ty2022.historic_table_2.state_agi.wv.under_1.taxable_interest_amount,soi,soi_agi_band_amount,state,54,10704736.922737757,0.0440287902244966,9.874139992037811e-06
3434,irs_soi.ty2022.historic_table_2.state_agi.tx.25k_to_50k.taxable_interest_amount,soi,soi_agi_band_amount,state,48,732328288.8918619,0.36416789733387006,8.167030664585558e-05
3435,irs_soi.ty2022.historic_table_2.state_broad.dc.all.ctc_amount,soi,soi_credit_amount,state,11,122384353.594521,0.14887154735598018,3.338675652746808e-05
3436,irs_soi.ty2022.historic_table_2.state_eitc.ma.ma.eitc_one_child_amount,soi,soi_eitc_amount,state,25,302406026.20828193,0.23401514979287363,5.2481531687121245e-05
3437,irs_soi.ty2022.historic_table_2.state_eitc.wy.wy.eitc_three_or_more_children_claims,soi,soi_eitc_count,state,56,4800.0,0.11828133628382187,2.652642661669026e-05
3438,irs_soi.ty2022.historic_table_2.state_broad.ga.all.taxable_pension_income_returns,soi,soi_income_count,state,13,855220.0,1.5788269388141918,0.00035407646082399457
3439,irs_soi.ty2022.historic_table_2.state_broad.ct.all.actc_claims,soi,soi_credit_count,state,09,144780.0,0.6496057939250336,0.00014568418791770208
3440,irs_soi.ty2022.historic_table_2.state_agi.la.1_to_10k.taxable_interest_amount,soi,soi_agi_band_amount,state,22,30973667.84715712,0.07489366290708854,1.679606703455675e-05
3441,irs_soi.ty2022.historic_table_2.state_broad.wi.all.real_estate_taxes_amount,soi,soi_deduction_amount,state,55,1240699141.1359823,0.4740039862870426,0.0001063027553906801
3442,irs_soi.ty2022.historic_table_2.state_agi.wi.25k_to_50k.taxable_interest_returns,soi,soi_agi_band_count,state,55,195813.80511850465,0.7554700592209872,0.00016942589352343288
3443,irs_soi.ty2022.historic_table_2.state_agi.il.100k_to_200k.taxable_interest_returns,soi,soi_agi_band_count,state,17,593629.0439848179,1.3153858757427999,0.0002949957110883157
3444,irs_soi.ty2022.historic_table_2.state_broad.wi.all.rental_royalty_income_amount,soi,soi_income_amount,state,55,1459299927.3917663,0.5140685482429301,0.00011528785562747929
3445,irs_soi.ty2022.historic_table_2.state_broad.fl.all.real_estate_taxes_amount,soi,soi_deduction_amount,state,12,7926015318.119597,1.1980534852620692,0.0002686821003054652
3446,irs_soi.ty2022.historic_table_2.state_agi.wa.75k_to_100k.taxable_interest_amount,soi,soi_agi_band_amount,state,53,367937611.97003955,0.25812843354542053,5.788931005728202e-05
3447,irs_soi.ty2022.historic_table_2.state_broad.mi.all.ordinary_dividends_amount,soi,soi_income_amount,state,26,10626804230.559576,1.3872351778598044,0.0003111090329355919
3448,irs_soi.ty2022.historic_table_2.state_agi.ks.100k_to_200k.taxable_interest_amount,soi,soi_agi_band_amount,state,20,379371171.162959,0.2621083858279332,5.878187616683858e-05
3449,irs_soi.ty2022.historic_table_2.state_broad.mn.all.taxable_income_amount,soi,soi_tax_amount,state,27,232024797493.7204,6.482103399002755,0.0014537123568070767
3450,irs_soi.ty2022.historic_table_2.state_broad.sd.all.adjusted_gross_income,soi,soi_income_amount,state,46,43540934385.22309,2.808003375979179,0.0006297383664452072
3451,irs_soi.ty2022.historic_table_2.state_broad.ks.all.income_tax_liability_returns,soi,soi_tax_count,state,20,975220.0,1.6859585895129678,0.0003781023972892953
3452,irs_soi.ty2022.historic_table_2.state_agi.ny.1_to_10k.taxable_interest_returns,soi,soi_agi_band_count,state,36,237451.61759392716,0.8319230738724951,0.00018657166940401325
3453,irs_soi.ty2022.historic_table_2.state_broad.ri.all.taxable_ira_distributions_returns,soi,soi_income_count,state,44,63050.0,0.42868486338308276,9.613923825590553e-05
3454,irs_soi.ty2022.historic_table_2.state_agi.ms.under_1.taxable_interest_amount,soi,soi_agi_band_amount,state,28,35947560.182256244,0.08068326472602035,1.8094475157214698e-05
3455,irs_soi.ty2022.historic_table_2.state_eitc.ga.ga.eitc_no_children_amount,soi,soi_eitc_amount,state,13,106652455.416467,0.138974199922456,3.116712265585467e-05
3456,irs_soi.ty2022.historic_table_2.state_eitc.nc.nc.eitc_two_children_claims,soi,soi_eitc_count,state,37,196890.0,0.7575432505366734,0.000169890838873441
3457,irs_soi.ty2022.historic_table_2.state_broad.ny.all.adjusted_gross_income,soi,soi_income_amount,state,36,1141520019644.7896,14.377736479663396,0.0032244306973903108
3458,irs_soi.ty2022.historic_table_2.state_broad.ct.all.return_count,soi,soi_return_count,state,09,1823240.0,2.3052473091857886,0.0005169875104700132
3459,irs_soi.ty2022.historic_table_2.state_agi.nm.50k_to_75k.taxable_interest_returns,soi,soi_agi_band_count,state,35,43477.67373156954,0.3559825856666003,7.983462338340442e-05
3460,irs_soi.ty2022.historic_table_2.state_broad.wi.all.taxable_social_security_amount,soi,soi_income_amount,state,55,11136969455.025562,1.4201436213980896,0.00031848926247994835
3461,irs_soi.ty2022.historic_table_2.state_broad.wi.all.actc_claims,soi,soi_credit_count,state,55,230650.0,0.8199216103846216,0.00018388015482947333
3462,irs_soi.ty2022.historic_table_2.state_agi.tx.1_to_10k.taxable_interest_returns,soi,soi_agi_band_count,state,48,189133.35650987556,0.7424712962782252,0.00016651071905768674
3463,irs_soi.ty2022.historic_table_2.state_agi.sd.100k_to_200k.taxable_interest_amount,soi,soi_agi_band_amount,state,46,173605464.75726184,0.1773088647318874,3.976426659158721e-05
3464,irs_soi.ty2022.historic_table_2.state_broad.ky.all.unemployment_compensation_returns,soi,soi_income_count,state,21,49700.0,0.38060439416045944,8.5356446324391e-05
3465,irs_soi.ty2022.historic_table_2.state_broad.hi.all.ordinary_dividends_returns,soi,soi_income_count,state,15,158060.0,0.6787449204135375,0.00015221908957468883
3466,irs_soi.ty2022.historic_table_2.state_broad.la.all.schedule_c_income_amount,soi,soi_income_amount,state,22,3891065762.6343923,0.839427202099432,0.00018825458670092667
3467,irs_soi.ty2022.historic_table_2.state_broad.or.all.medical_dental_expense_amount,soi,soi_deduction_amount,state,41,1418952907.8015187,0.5069122008878056,0.00011368293359224168
3468,irs_soi.ty2022.historic_table_2.state_agi.ks.50k_to_75k.taxable_interest_amount,soi,soi_agi_band_amount,state,20,129328872.52594759,0.15303701951430268,3.432092835037064e-05
3469,irs_soi.ty2022.historic_table_2.state_agi.id.10k_to_25k.taxable_interest_amount,soi,soi_agi_band_amount,state,16,50511219.23027142,0.09564068522915423,2.1448908999586057e-05
3470,irs_soi.ty2022.historic_table_2.state_broad.ar.all.taxable_interest_amount,soi,soi_income_amount,state,05,1691356105.6059358,0.5534345666312972,0.00012411629662060938
3471,irs_soi.ty2022.historic_table_2.state_broad.md.all.partnership_scorp_income_returns,soi,soi_income_count,state,24,157400.0,0.6773263443434264,0.00015190095185992967
3472,irs_soi.ty2022.historic_table_2.state_broad.oh.all.taxable_ira_distributions_amount,soi,soi_income_amount,state,39,17354062799.801544,1.7727575170240424,0.0003975684048046742
3473,irs_soi.ty2022.historic_table_2.state_broad.nh.all.wages_salaries_returns,soi,soi_income_count,state,33,593680.0,1.3154423296722622,0.0002950083717587491
3474,irs_soi.ty2022.historic_table_2.state_broad.wv.all.adjusted_gross_income,soi,soi_income_amount,state,54,56564168738.98029,3.2005119847739065,0.0007177645177784046
3475,irs_soi.ty2022.historic_table_2.state_broad.id.all.taxable_ira_distributions_returns,soi,soi_income_count,state,16,95810.0,0.5284464974295772,0.0001185123340277141
3476,irs_soi.ty2022.historic_table_2.state_broad.ut.all.ctc_amount,soi,soi_credit_amount,state,49,1405962496.223785,0.5045864934001242,0.0001131613575689895
3477,irs_soi.ty2022.historic_table_2.state_broad.id.all.taxable_pension_income_amount,soi,soi_income_amount,state,16,5731880465.860603,1.0188196572129844,0.0002284861307945693
3478,irs_soi.ty2022.historic_table_2.state_broad.ma.all.taxable_social_security_returns,soi,soi_income_count,state,25,541450.0,1.2562462624414312,0.0002817327343443443
3479,irs_soi.ty2022.historic_table_2.state_broad.ca.all.real_estate_taxes_claims,soi,soi_deduction_count,state,06,2492940.0,2.695575600739648,0.0006045246918007733
3480,irs_soi.ty2022.historic_table_2.state_broad.in.all.taxable_ira_distributions_returns,soi,soi_income_count,state,18,369750.0,1.0381251079885307,0.0002328156779521262
3481,irs_soi.ty2022.historic_table_2.state_broad.md.all.actc_claims,soi,soi_credit_count,state,24,300900.0,0.9364976620574732,0.00021002414488842188
3482,irs_soi.ty2022.historic_table_2.state_broad.mo.all.taxable_ira_distributions_returns,soi,soi_income_count,state,29,339000.0,0.9940207555613404,0.000222924591962624
3483,irs_soi.ty2022.historic_table_2.state_broad.tx.all.tax_exempt_interest_amount,soi,soi_income_amount,state,48,4846000496.6716795,0.9367861912900853,0.00021008885204980608
3484,irs_soi.ty2022.historic_table_2.state_broad.md.all.medical_dental_expense_amount,soi,soi_deduction_amount,state,24,2740770699.242443,0.704506662536729,0.00015799656033566473
3485,irs_soi.ty2022.historic_table_2.state_broad.mi.all.qualified_dividends_amount,soi,soi_income_amount,state,26,8330973333.476602,1.2282778649372967,0.00027546038684397774
3486,irs_soi.ty2022.historic_table_2.state_broad.va.all.actc_amount,soi,soi_credit_amount,state,51,863228814.2705435,0.3953772874056491,8.866949706338844e-05
3487,irs_soi.ty2022.historic_table_2.state_eitc.ia.ia.eitc_one_child_claims,soi,soi_eitc_count,state,19,59380.0,0.4160214278803937,9.3299266176361e-05
3488,irs_soi.ty2022.historic_table_2.state_agi.me.50k_to_75k.taxable_interest_returns,soi,soi_agi_band_count,state,23,42130.63245474761,0.3504246054129557,7.85881599939349e-05
3489,irs_soi.ty2022.historic_table_2.state_broad.wa.all.schedule_c_income_returns,soi,soi_income_count,state,53,542450.0,1.2574058032665079,0.0002819927793824866
3490,irs_soi.ty2022.historic_table_2.state_broad.la.all.qualified_dividends_returns,soi,soi_income_count,state,22,270290.0,0.8875863052099691,0.00019905501350302065
3491,irs_soi.ty2022.historic_table_2.state_broad.ma.all.adjusted_gross_income,soi,soi_income_amount,state,25,473019237228.6922,9.255250014219403,0.002075633553312268
3492,irs_soi.ty2022.historic_table_2.state_broad.wa.all.itemized_deductions_amount,soi,soi_deduction_amount,state,53,22190299481.3029,2.004612042441224,0.00044956538292021173
3493,irs_soi.ty2022.historic_table_2.state_broad.nv.all.taxable_ira_distributions_returns,soi,soi_income_count,state,32,124000.0,0.6011826607513472,0.00013482454827345755
3494,irs_soi.ty2022.historic_table_2.state_broad.nm.all.schedule_c_income_returns,soi,soi_income_count,state,35,147500.0,0.6556795124589365,0.00014704631362613511
3495,irs_soi.ty2022.historic_table_2.state_agi.ny.100k_to_200k.taxable_interest_returns,soi,soi_agi_band_count,state,36,1066604.8054757563,1.763182925997766,0.00039542115406991836
3496,irs_soi.ty2022.historic_table_2.state_broad.ne.all.actc_amount,soi,soi_credit_amount,state,31,209985325.7096201,0.19500386820111282,4.373264592983019e-05
3497,irs_soi.ty2022.historic_table_2.state_broad.sd.all.taxable_income_returns,soi,soi_tax_count,state,46,363010.0,1.0286198432239546,0.00023068397470822036
3498,irs_soi.ty2022.historic_table_2.state_broad.fl.all.taxable_social_security_returns,soi,soi_income_count,state,12,1876500.0,2.3386750800313787,0.0005244842072283872
3499,irs_soi.ty2022.historic_table_2.state_broad.fl.all.income_tax_before_credits_returns,soi,soi_tax_count,state,12,8945580.0,5.106223918635489,0.0011451500153925745
3500,irs_soi.ty2022.historic_table_2.state_broad.id.all.income_tax_liability_amount,soi,soi_tax_amount,state,16,9831828013.419443,1.3343381087875963,0.00029924604368414357
3501,irs_soi.ty2022.historic_table_2.state_broad.nc.all.partnership_scorp_income_amount,soi,soi_income_amount,state,37,32089212691.347015,2.410617384093613,0.0005406183862062375
3502,irs_soi.ty2022.historic_table_2.state_broad.ct.all.taxable_social_security_amount,soi,soi_income_amount,state,09,7175815968.554048,1.1399463158789582,0.00025565066514441763
3503,irs_soi.ty2022.historic_table_2.state_broad.wi.all.wages_salaries_amount,soi,soi_income_amount,state,55,178633339643.23373,5.68761265771804,0.001275535469324521
3504,irs_soi.ty2022.historic_table_2.state_broad.mi.all.tax_exempt_interest_amount,soi,soi_income_amount,state,26,1194882592.4967914,0.46516964882589773,0.00010432151801433006
3505,irs_soi.ty2022.historic_table_2.state_broad.ma.all.medical_dental_expense_amount,soi,soi_deduction_amount,state,25,2369072394.839142,0.6549949013524904,0.00014689277895323848
3506,irs_soi.ty2022.historic_table_2.state_broad.al.all.rental_royalty_income_amount,soi,soi_income_amount,state,01,610368968.4515408,0.33246426819836755,7.456027544255832e-05
3507,irs_soi.ty2022.historic_table_2.state_broad.mn.all.wages_salaries_amount,soi,soi_income_amount,state,27,199673979520.66223,6.013253185343017,0.001348565414968158
3508,irs_soi.ty2022.historic_table_2.state_agi.ar.25k_to_50k.taxable_interest_amount,soi,soi_agi_band_amount,state,05,82638216.35410191,0.12233175905845164,2.743479682853816e-05
3509,irs_soi.ty2022.historic_table_2.state_eitc.md.md.eitc_two_children_claims,soi,soi_eitc_count,state,24,86590.0,0.502376682233263,0.0001126657730955961
3510,irs_soi.ty2022.historic_table_2.state_broad.ma.all.qualified_dividends_returns,soi,soi_income_count,state,25,890540.0,1.6110993382421168,0.0003613140475985909
3511,irs_soi.ty2022.historic_table_2.state_eitc.ok.ok.eitc_two_children_claims,soi,soi_eitc_count,state,40,78600.0,0.478637671053786,0.00010734193116254452
3512,irs_soi.ty2022.historic_table_2.state_broad.mt.all.adjusted_gross_income,soi,soi_income_amount,state,30,53002895859.90802,3.098122261641337,0.0006948020322138006
3513,irs_soi.ty2022.historic_table_2.state_agi.wy.25k_to_50k.taxable_interest_returns,soi,soi_agi_band_count,state,56,15584.062901769134,0.21312576238257522,4.779676214007069e-05
3514,irs_soi.ty2022.historic_table_2.state_broad.ga.all.income_tax_liability_returns,soi,soi_tax_count,state,13,3285580.0,3.094579375385925,0.0006940074849486264
3515,irs_soi.ty2022.historic_table_2.state_agi.mn.200k_to_500k.taxable_interest_returns,soi,soi_agi_band_count,state,27,148207.3951157004,0.6572499182225693,0.00014739850150764056
3516,irs_soi.ty2022.historic_table_2.state_broad.nm.all.income_tax_before_credits_amount,soi,soi_tax_amount,state,35,8917154032.332346,1.2707551765560945,0.0002849865836636229
3517,irs_soi.ty2022.historic_table_2.state_broad.in.all.taxable_income_amount,soi,soi_tax_amount,state,18,207459496746.67975,6.129364000214381,0.001374605068449065
3518,irs_soi.ty2022.historic_table_2.state_agi.ks.75k_to_100k.taxable_interest_returns,soi,soi_agi_band_count,state,20,63913.27554091684,0.43160964532565843,9.679516602952644e-05
3519,irs_soi.ty2022.historic_table_2.state_broad.sc.all.qualified_dividends_returns,soi,soi_income_count,state,45,413590.0,1.0979450838068918,0.00024623123655682705
3520,irs_soi.ty2022.historic_table_2.state_agi.wv.1_to_10k.taxable_interest_returns,soi,soi_agi_band_count,state,54,16963.9588438794,0.22236130220429168,4.9867975376607236e-05
3521,irs_soi.ty2022.historic_table_2.state_agi.wv.10k_to_25k.taxable_interest_amount,soi,soi_agi_band_amount,state,54,32295777.01797781,0.0764753762203972,1.7150790809687642e-05
3522,irs_soi.ty2022.historic_table_2.state_eitc.mt.mt.eitc_two_children_amount,soi,soi_eitc_amount,state,30,55737212.24598967,0.10046652360806832,2.2531178203199892e-05
3523,irs_soi.ty2022.historic_table_2.state_broad.sc.all.taxable_pension_income_amount,soi,soi_income_amount,state,45,17020482026.498653,1.7556368216101548,0.0003937288229670677
3524,irs_soi.ty2022.historic_table_2.state_broad.ga.all.unemployment_compensation_amount,soi,soi_income_amount,state,13,430732694.853109,0.27928825486245473,6.263472860786157e-05
3525,irs_soi.ty2022.historic_table_2.state_broad.ga.all.adjusted_gross_income,soi,soi_income_amount,state,13,454493652170.3143,9.072201009777812,0.002034581971244183
3526,irs_soi.ty2022.historic_table_2.state_broad.wa.all.rental_royalty_income_amount,soi,soi_income_amount,state,53,2580768488.852272,0.6836334065931866,0.00015331540852056214
3527,irs_soi.ty2022.historic_table_2.state_broad.mt.all.medical_dental_expense_returns,soi,soi_deduction_count,state,30,15210.0,0.2105524070471364,4.721964724089177e-05
3528,irs_soi.ty2022.historic_table_2.state_eitc.nv.nv.eitc_two_children_amount,soi,soi_eitc_amount,state,32,248531949.31837425,0.21214845158117002,4.7577585014839654e-05
3529,irs_soi.ty2022.historic_table_2.state_broad.me.all.rental_royalty_income_returns,soi,soi_income_count,state,23,43120.0,0.354515297332232,7.950556118686523e-05
3530,irs_soi.ty2022.historic_table_2.state_broad.co.all.rental_royalty_income_amount,soi,soi_income_amount,state,08,3368505030.3032875,0.7810293481670824,0.00017515796101526853
3531,irs_soi.ty2022.historic_table_2.state_broad.mt.all.tax_exempt_interest_amount,soi,soi_income_amount,state,30,180135947.90318987,0.18061297566157364,4.050526478169402e-05
3532,irs_soi.ty2022.historic_table_2.state_broad.az.all.net_capital_gains_amount,soi,soi_income_amount,state,04,24464153874.181522,2.1048146267341417,0.0004720373686329091
3533,irs_soi.ty2022.historic_table_2.state_broad.ia.all.premium_tax_credit_returns,soi,soi_credit_count,state,19,47390.0,0.3716541254914675,8.33492095742246e-05
3534,irs_soi.ty2022.historic_table_2.state_eitc.ca.ca.eitc_two_children_amount,soi,soi_eitc_amount,state,06,2349361027.7586203,0.6522643362667376,0.00014628040732602324
3535,irs_soi.ty2022.historic_table_2.state_broad.ok.all.wages_salaries_amount,soi,soi_income_amount,state,40,91545382734.1668,4.071617530721552,0.0009131234650642637
3536,irs_soi.ty2022.historic_table_2.state_broad.ok.all.taxable_interest_amount,soi,soi_income_amount,state,40,2351014420.9828815,0.6524938156325784,0.0001463318716377166
3537,irs_soi.ty2022.historic_table_2.state_agi.ut.100k_to_200k.taxable_interest_returns,soi,soi_agi_band_count,state,49,142392.11935966427,0.6442264930334675,0.00014447779615013847
3538,irs_soi.ty2022.historic_table_2.state_eitc.ne.ne.eitc_claims,soi,soi_eitc_count,state,31,112520.0,0.572677954913816,0.00012843192530025027
3539,irs_soi.ty2022.historic_table_2.state_agi.in.10k_to_25k.taxable_interest_returns,soi,soi_agi_band_count,state,18,96724.13460887209,0.5309614981423202,0.00011907636199648355
3540,irs_soi.ty2022.historic_table_2.state_eitc.nm.nm.eitc_three_or_more_children_amount,soi,soi_eitc_amount,state,35,121693100.12807326,0.14845052255327243,3.329233517678234e-05
3541,irs_soi.ty2022.historic_table_2.state_eitc.ga.ga.eitc_no_children_claims,soi,soi_eitc_count,state,13,250630.0,0.8546969037831095,0.00019167905444788283
3542,irs_soi.ty2022.historic_table_2.state_broad.de.all.taxable_ira_distributions_returns,soi,soi_income_count,state,10,68250.0,0.446012398351155,0.00010002520707583652
3543,irs_soi.ty2022.historic_table_2.state_broad.ny.all.taxable_interest_amount,soi,soi_income_amount,state,36,37794492991.199165,2.616152252576673,0.0005867127724998145
3544,irs_soi.ty2022.historic_table_2.state_broad.al.all.medical_dental_expense_returns,soi,soi_deduction_count,state,01,46610.0,0.36858287655078453,8.266043430158882e-05
3545,irs_soi.ty2022.historic_table_2.state_broad.nc.all.medical_dental_expense_amount,soi,soi_deduction_amount,state,37,2742953133.201341,0.704787100682657,0.00015805945294520229
3546,irs_soi.ty2022.historic_table_2.state_broad.ut.all.taxable_interest_returns,soi,soi_income_count,state,49,481638.44157196395,1.1848303624478,0.0002657166096541377
3547,irs_soi.ty2022.historic_table_2.state_broad.ut.all.ordinary_dividends_returns,soi,soi_income_count,state,49,258550.0,0.8680962390674358,0.00019468406348226863
3548,irs_soi.ty2022.historic_table_2.state_agi.ut.1_to_10k.taxable_interest_returns,soi,soi_agi_band_count,state,49,23863.438554430737,0.26373156684811255,5.9145899719244796e-05
3549,irs_soi.ty2022.historic_table_2.state_broad.in.all.qualified_dividends_amount,soi,soi_income_amount,state,18,3555752934.454468,0.8024436446511533,0.00017996044957415414
3550,irs_soi.ty2022.historic_table_2.state_broad.az.all.unemployment_compensation_amount,soi,soi_income_amount,state,04,332518685.31878865,0.24538995479337325,5.503250836361813e-05
3551,irs_soi.ty2022.historic_table_2.state_broad.ma.all.real_estate_taxes_claims,soi,soi_deduction_count,state,25,382280.0,1.05556842870547,0.00023672761352443823
3552,irs_soi.ty2022.historic_table_2.state_agi.oh.25k_to_50k.taxable_interest_returns,soi,soi_agi_band_count,state,39,259606.61355336424,0.8698682503626449,0.0001950814645352422
3553,irs_soi.ty2022.historic_table_2.state_broad.pa.all.ordinary_dividends_amount,soi,soi_income_amount,state,42,15148383902.618277,1.656272933070661,0.00037144492780234604
3554,irs_soi.ty2022.historic_table_2.state_agi.me.1_to_10k.taxable_interest_amount,soi,soi_agi_band_amount,state,23,18312618.514984492,0.05758693673737807,1.2914764910827107e-05
3555,irs_soi.ty2022.historic_table_2.state_broad.dc.all.wages_salaries_returns,soi,soi_income_count,state,11,295640.0,0.9282761672684066,0.00020818034699896984
3556,irs_soi.ty2022.historic_table_2.state_agi.mt.500k_plus.taxable_interest_amount,soi,soi_agi_band_amount,state,30,379552737.4127235,0.2621711005879134,5.879594092574868e-05
3557,irs_soi.ty2022.historic_table_2.state_agi.dc.25k_to_50k.taxable_interest_returns,soi,soi_agi_band_count,state,11,9790.690255925232,0.16892824073839188,3.7884781506703716e-05
3558,irs_soi.ty2022.historic_table_2.state_broad.ks.all.taxable_income_amount,soi,soi_tax_amount,state,20,96216545816.20656,4.174203655285051,0.0009361299966999442
3559,irs_soi.ty2022.historic_table_2.state_broad.al.all.income_tax_before_credits_returns,soi,soi_tax_count,state,01,1693380.0,2.221635552309497,0.0004982362754674807
3560,irs_soi.ty2022.historic_table_2.state_broad.fl.all.ordinary_dividends_returns,soi,soi_income_count,state,12,2202030.0,2.5334201434709094,0.0005681588121710943
3561,irs_soi.ty2022.historic_table_2.state_agi.nh.under_1.taxable_interest_amount,soi,soi_agi_band_amount,state,33,26201799.930810094,0.0688833589361089,1.5448163026712022e-05
3562,irs_soi.ty2022.historic_table_2.state_broad.ar.all.income_tax_before_credits_amount,soi,soi_tax_amount,state,05,13656889713.294836,1.5726231134182815,0.00035268515663114636
3563,irs_soi.ty2022.historic_table_2.state_broad.sc.all.unemployment_compensation_returns,soi,soi_income_count,state,45,29690.0,0.2941715727731366,6.597254379303355e-05
3564,irs_soi.ty2022.historic_table_2.state_broad.tn.all.ctc_claims,soi,soi_credit_count,state,47,798270.0,1.5253535170549812,0.0003420842155315051
3565,irs_soi.ty2022.historic_table_2.state_eitc.tx.tx.eitc_two_children_claims,soi,soi_eitc_count,state,48,657160.0,1.3839843019807552,0.00031037997353235147
3566,irs_soi.ty2022.historic_table_2.state_eitc.tn.tn.eitc_one_child_amount,soi,soi_eitc_amount,state,47,581148104.73697,0.3244084561253261,7.275363447529179e-05
3567,irs_soi.ty2022.historic_table_2.state_agi.ms.10k_to_25k.taxable_interest_amount,soi,soi_agi_band_amount,state,28,37604671.87024814,0.0825219828980714,1.8506836263303745e-05
3568,irs_soi.ty2022.historic_table_2.state_agi.nh.1_to_10k.taxable_interest_returns,soi,soi_agi_band_count,state,33,16525.896640034873,0.21947149385337353,4.921989097406897e-05
3569,irs_soi.ty2022.historic_table_2.state_eitc.nh.nh.eitc_no_children_claims,soi,soi_eitc_count,state,33,21480.0,0.2502146547388109,5.611452225584456e-05
3570,irs_soi.ty2022.historic_table_2.state_broad.me.all.taxable_ira_distributions_returns,soi,soi_income_count,state,23,93490.0,0.5220092316849031,0.0001170686772112364
3571,irs_soi.ty2022.historic_table_2.state_broad.or.all.net_capital_gains_amount,soi,soi_income_amount,state,41,11962252236.86692,1.4718217995791794,0.0003300788965192149
3572,irs_soi.ty2022.historic_table_2.state_broad.ok.all.taxable_ira_distributions_returns,soi,soi_income_count,state,40,159900.0,0.682684174576499,0.00015310252849887843
3573,irs_soi.ty2022.historic_table_2.state_agi.ct.500k_plus.taxable_interest_amount,soi,soi_agi_band_amount,state,09,5299617072.634469,0.9796501255612727,0.0002197017550036494
3574,irs_soi.ty2022.historic_table_2.state_agi.id.under_1.taxable_interest_returns,soi,soi_agi_band_count,state,16,5431.971327672164,0.12582714367967796,2.8218691114527464e-05
3575,irs_soi.ty2022.historic_table_2.state_agi.or.500k_plus.taxable_interest_amount,soi,soi_agi_band_amount,state,41,1105776820.1329238,0.44748913395126316,0.00010035638796843758
3576,irs_soi.ty2022.historic_table_2.state_agi.ma.10k_to_25k.taxable_interest_amount,soi,soi_agi_band_amount,state,25,135315444.22593063,0.15653895743213517,3.510629231489912e-05
3577,irs_soi.ty2022.historic_table_2.state_broad.nm.all.qualified_dividends_amount,soi,soi_income_amount,state,35,1129964144.9873667,0.45235675997992125,0.00010144802870148492
3578,irs_soi.ty2022.historic_table_2.state_agi.ny.1_to_10k.taxable_interest_amount,soi,soi_agi_band_amount,state,36,200415895.2154517,0.19050870931263097,4.272453673752657e-05
3579,irs_soi.ty2022.historic_table_2.state_eitc.wa.wa.eitc_no_children_amount,soi,soi_eitc_amount,state,53,46132486.20408275,0.09140126017189563,2.049815209057987e-05
3580,irs_soi.ty2022.historic_table_2.state_broad.wi.all.taxable_pension_income_returns,soi,soi_income_count,state,55,639230.0,1.3649733684062848,0.00030611647643110225
3581,irs_soi.ty2022.historic_table_2.state_broad.nv.all.adjusted_gross_income,soi,soi_income_amount,state,32,163564389629.13705,5.442433508909439,0.001220550237476887
3582,irs_soi.ty2022.historic_table_2.state_broad.nc.all.partnership_scorp_income_returns,soi,soi_income_count,state,37,284220.0,0.9101708477566933,0.00020411994791583166
3583,irs_soi.ty2022.historic_table_2.state_broad.ct.all.ordinary_dividends_returns,soi,soi_income_count,state,09,484460.0,1.1882958107630712,0.00026649379025859416
3584,irs_soi.ty2022.historic_table_2.state_broad.ok.all.taxable_social_security_amount,soi,soi_income_amount,state,40,5266027165.389659,0.9765405929413085,0.0002190043940213744
3585,irs_soi.ty2022.historic_table_2.state_broad.mi.all.adjusted_gross_income,soi,soi_income_amount,state,26,425440590514.81006,8.777446976551904,0.0019684788016487787
3586,irs_soi.ty2022.historic_table_2.state_broad.tx.all.premium_tax_credit_amount,soi,soi_credit_amount,state,48,7506825547.844789,1.1659419141095129,0.0002614805817693458
3587,irs_soi.ty2022.historic_table_2.state_broad.ne.all.ordinary_dividends_amount,soi,soi_income_amount,state,31,2033777492.1948142,0.6068767108501127,0.00013610152743891293
3588,irs_soi.ty2022.historic_table_2.state_broad.pa.all.ctc_amount,soi,soi_credit_amount,state,42,3554019759.231462,0.8022480538739519,0.00017991658530476607
3589,irs_soi.ty2022.historic_table_2.state_agi.ok.50k_to_75k.taxable_interest_returns,soi,soi_agi_band_count,state,40,78445.9891534591,0.47816851368558116,0.00010723671533652863
3590,irs_soi.ty2022.historic_table_2.state_eitc.de.de.eitc_two_children_amount,soi,soi_eitc_amount,state,10,68487869.78511748,0.1113667593604002,2.4975725355550618e-05
3591,irs_soi.ty2022.historic_table_2.state_broad.nj.all.ctc_claims,soi,soi_credit_count,state,34,1121080.0,1.8076481709168333,0.0004053931758055244
3592,irs_soi.ty2022.historic_table_2.state_broad.vt.all.ordinary_dividends_returns,soi,soi_income_count,state,50,85340.0,0.49873738391453876,0.00011184960392790732
3593,irs_soi.ty2022.historic_table_2.state_agi.ne.10k_to_25k.taxable_interest_returns,soi,soi_agi_band_count,state,31,31836.170664401172,0.30461831796616756,6.831538864457671e-05
3594,irs_soi.ty2022.historic_table_2.state_broad.tx.all.income_tax_before_credits_returns,soi,soi_tax_count,state,48,10925310.0,5.64303167452585,0.0012655374914837072
3595,irs_soi.ty2022.historic_table_2.state_eitc.il.il.eitc_claims,soi,soi_eitc_count,state,17,823080.0,1.5488759205086495,0.00034735947981804206
3596,irs_soi.ty2022.historic_table_2.state_broad.mo.all.actc_claims,soi,soi_credit_count,state,29,327500.0,0.9770150547965648,0.00021911079946099234
3597,irs_soi.ty2022.historic_table_2.state_broad.la.all.actc_amount,soi,soi_credit_amount,state,22,710599600.7404901,0.35872466013408516,8.044957616821824e-05
3598,irs_soi.ty2022.historic_table_2.state_agi.ia.100k_to_200k.taxable_interest_returns,soi,soi_agi_band_count,state,19,179287.90847846976,0.722888147478661,0.00016211889380548576
3599,irs_soi.ty2022.historic_table_2.state_agi.nj.25k_to_50k.taxable_interest_returns,soi,soi_agi_band_count,state,34,178587.00895231852,0.721473751704883,0.00016180169358710094
3600,irs_soi.ty2022.historic_table_2.state_eitc.ga.ga.eitc_three_or_more_children_amount,soi,soi_eitc_amount,state,13,725376964.1480198,0.3624354194138921,8.128177156624627e-05
3601,irs_soi.ty2022.historic_table_2.state_agi.nj.10k_to_25k.taxable_interest_returns,soi,soi_agi_band_count,state,34,111245.89666631824,0.5694264076674705,0.00012770271533246705
3602,irs_soi.ty2022.historic_table_2.state_broad.ct.all.net_capital_gains_amount,soi,soi_income_amount,state,09,21608085864.067715,1.9781394387875724,0.00044362849042107474
3603,irs_soi.ty2022.historic_table_2.state_broad.va.all.ordinary_dividends_returns,soi,soi_income_count,state,51,974850.0,1.6856387315027417,0.0003780306641629831
3604,irs_soi.ty2022.historic_table_2.state_broad.ga.all.premium_tax_credit_amount,soi,soi_credit_amount,state,13,2513892796.924883,0.6747177416150474,0.00015131593218547823
3605,irs_soi.ty2022.historic_table_2.state_broad.ks.all.premium_tax_credit_amount,soi,soi_credit_amount,state,20,490801164.6376514,0.2981271617681055,6.68596460569871e-05
3606,irs_soi.ty2022.historic_table_2.state_broad.ga.all.actc_claims,soi,soi_credit_count,state,13,747980.0,1.4765242919253028,0.0003311335034593637
3607,irs_soi.ty2022.historic_table_2.state_broad.ak.all.rental_royalty_income_returns,soi,soi_income_count,state,02,25950.0,0.27502000442944907,6.167750716067482e-05
3608,irs_soi.ty2022.historic_table_2.state_broad.al.all.taxable_ira_distributions_amount,soi,soi_income_amount,state,01,5123835094.960784,0.9632662080228721,0.00021602740704706707
3609,irs_soi.ty2022.historic_table_2.state_broad.tn.all.rental_royalty_income_returns,soi,soi_income_count,state,47,159400.0,0.6816159777485287,0.00015286296877069493
3610,irs_soi.ty2022.historic_table_2.state_broad.dc.all.taxable_pension_income_returns,soi,soi_income_count,state,11,44230.0,0.3590492908692512,8.05223796522205e-05
3611,irs_soi.ty2022.historic_table_2.state_broad.wv.all.wages_salaries_returns,soi,soi_income_count,state,54,617420.0,1.3414853998048442,0.00030084893469496394
3612,irs_soi.ty2022.historic_table_2.state_broad.il.all.taxable_pension_income_amount,soi,soi_income_amount,state,17,44012818508.07635,2.823178537222915,0.0006331416320302567
3613,irs_soi.ty2022.historic_table_2.state_agi.hi.10k_to_25k.taxable_interest_returns,soi,soi_agi_band_count,state,15,20851.7609029996,0.2465284083809234,5.528782426125216e-05
3614,irs_soi.ty2022.historic_table_2.state_broad.sd.all.tax_exempt_interest_returns,soi,soi_income_count,state,46,22450.0,0.25580190611209663,5.736755014848545e-05
3615,irs_soi.ty2022.historic_table_2.state_broad.mo.all.tax_exempt_interest_amount,soi,soi_income_amount,state,29,906378939.4897252,0.40513863087696017,9.085862993428127e-05
3616,irs_soi.ty2022.historic_table_2.state_eitc.mn.mn.eitc_two_children_amount,soi,soi_eitc_amount,state,27,255301079.6980782,0.21501812924252595,4.8221154797606175e-05
3617,irs_soi.ty2022.historic_table_2.state_eitc.az.az.eitc_one_child_claims,soi,soi_eitc_count,state,04,184110.0,0.732544973392471,0.00016428458699091074
3618,irs_soi.ty2022.historic_table_2.state_broad.or.all.actc_claims,soi,soi_credit_count,state,41,166130.0,0.6958564164123991,0.00015605660830060532
3619,irs_soi.ty2022.historic_table_2.state_broad.vt.all.return_count,soi,soi_return_count,state,50,336880.0,0.9909077334663697,0.0002222264484113859
3620,irs_soi.ty2022.historic_table_2.state_agi.tn.75k_to_100k.taxable_interest_returns,soi,soi_agi_band_count,state,47,122766.93262742936,0.5981860848246877,0.0001341525195839174
3621,irs_soi.ty2022.historic_table_2.state_eitc.nd.nd.eitc_three_or_more_children_amount,soi,soi_eitc_amount,state,38,25869908.903962765,0.06844570528437083,1.5350012398378745e-05
3622,irs_soi.ty2022.historic_table_2.state_broad.mn.all.taxable_social_security_amount,soi,soi_income_amount,state,27,10465360134.899845,1.376657300461317,0.0003087367796504411
3623,irs_soi.ty2022.historic_table_2.state_broad.ut.all.taxable_interest_amount,soi,soi_income_amount,state,49,3099236149.9069495,0.749162599222891,0.00016801134766155886
3624,irs_soi.ty2022.historic_table_2.state_broad.la.all.net_capital_gains_returns,soi,soi_income_count,state,22,267119.73392175173,0.8823656447979688,0.00019788419932674787
3625,irs_soi.ty2022.historic_table_2.state_eitc.nv.nv.eitc_three_or_more_children_amount,soi,soi_eitc_amount,state,32,152421949.52471656,0.1661393508674999,3.7259329640614464e-05
3626,irs_soi.ty2022.historic_table_2.state_broad.nm.all.premium_tax_credit_amount,soi,soi_credit_amount,state,35,148141107.5550296,0.16378968469351027,3.6732380509869985e-05
3627,irs_soi.ty2022.historic_table_2.state_broad.mi.all.rental_royalty_income_amount,soi,soi_income_amount,state,26,1835163678.129351,0.5764825366013855,0.00012928516183031744
3628,irs_soi.ty2022.historic_table_2.state_agi.ga.1_to_10k.taxable_interest_amount,soi,soi_agi_band_amount,state,13,72941044.2540012,0.11493035323916287,2.5774916626858682e-05
3629,irs_soi.ty2022.historic_table_2.state_broad.ri.all.adjusted_gross_income,soi,soi_income_amount,state,44,53698739383.8145,3.1183926521881595,0.0006993479821009553
3630,irs_soi.ty2022.historic_table_2.state_broad.nv.all.ordinary_dividends_returns,soi,soi_income_count,state,32,239130.0,0.8348580431120196,0.00018722988183718763
3631,irs_soi.ty2022.historic_table_2.state_broad.hi.all.income_tax_before_credits_amount,soi,soi_tax_amount,state,15,8717657385.638744,1.2564599549127486,0.0002817806581997642
3632,irs_soi.ty2022.historic_table_2.state_broad.sd.all.taxable_income_amount,soi,soi_tax_amount,state,46,33269816474.39506,2.4545617138286886,0.0005504735846218185
3633,irs_soi.ty2022.historic_table_2.state_broad.ks.all.taxable_social_security_returns,soi,soi_income_count,state,20,238760.0,0.8342119153659021,0.00018708497765550618
3634,irs_soi.ty2022.historic_table_2.state_broad.ga.all.income_tax_before_credits_amount,soi,soi_tax_amount,state,13,65210316681.73991,3.436425300714597,0.0007706717427034306
3635,irs_soi.ty2022.historic_table_2.state_broad.ms.all.taxable_income_amount,soi,soi_tax_amount,state,28,62879572443.04443,3.37445424045705,0.0007567737700060664
3636,irs_soi.ty2022.historic_table_2.state_agi.or.10k_to_25k.taxable_interest_returns,soi,soi_agi_band_count,state,41,62467.67026822989,0.4267006046348455,9.569423741530512e-05
3637,irs_soi.ty2022.historic_table_2.state_broad.nm.all.wages_salaries_amount,soi,soi_income_amount,state,35,46708754949.71757,2.9083582307026523,0.0006522445011667756
3638,irs_soi.ty2022.historic_table_2.state_broad.al.all.qualified_dividends_returns,soi,soi_income_count,state,01,284730.0,0.9109870800528146,0.0002043030006846411
3639,irs_soi.ty2022.historic_table_2.state_broad.dc.all.ctc_claims,soi,soi_credit_count,state,11,57220.0,0.40838476333569623,9.158662555184935e-05
3640,irs_soi.ty2022.historic_table_2.state_eitc.ks.ks.eitc_one_child_claims,soi,soi_eitc_count,state,20,59950.0,0.4180133936898082,9.374599544512407e-05
3641,irs_soi.ty2022.historic_table_2.state_broad.nv.all.itemized_deductions_amount,soi,soi_deduction_amount,state,32,8766701651.031317,1.2599893279079166,0.00028257217490646255
3642,irs_soi.ty2022.historic_table_2.state_eitc.ri.ri.eitc_no_children_amount,soi,soi_eitc_amount,state,44,8217737.725112246,0.03857668380958721,8.651420455166452e-06
3643,irs_soi.ty2022.historic_table_2.state_broad.co.all.qualified_dividends_returns,soi,soi_income_count,state,08,681420.0,1.4092986688647833,0.0003160571134480339
3644,irs_soi.ty2022.historic_table_2.state_broad.wi.all.tax_exempt_interest_returns,soi,soi_income_count,state,55,133320.0,0.6233662082604245,0.0001397995533214677
3645,irs_soi.ty2022.historic_table_2.state_eitc.de.de.eitc_one_child_amount,soi,soi_eitc_amount,state,10,67739478.67395525,0.1107566160378584,2.4838891239708097e-05
3646,irs_soi.ty2022.historic_table_2.state_broad.ak.all.taxable_social_security_amount,soi,soi_income_amount,state,02,994815689.7020204,0.42444367511409725,9.518808591928622e-05
3647,irs_soi.ty2022.historic_table_2.state_agi.ar.25k_to_50k.taxable_interest_returns,soi,soi_agi_band_count,state,05,57889.92023805456,0.41076844999522844,9.212120430482808e-05
3648,irs_soi.ty2022.historic_table_2.state_broad.co.all.actc_amount,soi,soi_credit_amount,state,08,490133438.4366743,0.29792429441115936,6.681414990158317e-05
3649,irs_soi.ty2022.historic_table_2.state_broad.ca.all.taxable_income_amount,soi,soi_tax_amount,state,06,1808710021917.9895,18.098110091807513,0.004058782258759254
3650,irs_soi.ty2022.historic_table_2.state_broad.vt.all.wages_salaries_returns,soi,soi_income_count,state,50,262040.0,0.8739355360247784,0.00019599361651149996
3651,irs_soi.ty2022.historic_table_2.state_broad.ks.all.taxable_ira_distributions_returns,soi,soi_income_count,state,20,174690.0,0.7135585692924189,0.00016002659100525205
3652,irs_soi.ty2022.historic_table_2.state_broad.mn.all.taxable_income_returns,soi,soi_tax_count,state,27,2386070.0,2.637164335727568,0.0005914250584722063
3653,irs_soi.ty2022.historic_table_2.state_agi.mt.100k_to_200k.taxable_interest_amount,soi,soi_agi_band_amount,state,30,213266182.61075917,0.19652135544353516,4.407296601110903e-05
3654,irs_soi.ty2022.historic_table_2.state_eitc.ri.ri.eitc_no_children_claims,soi,soi_eitc_count,state,44,21130.0,0.24816775511633882,5.565547322635991e-05
3655,irs_soi.ty2022.historic_table_2.state_broad.ut.all.taxable_ira_distributions_returns,soi,soi_income_count,state,49,118970.0,0.5888630911945752,0.0001320616934726565
3656,irs_soi.ty2022.historic_table_2.state_broad.co.all.income_tax_liability_amount,soi,soi_tax_amount,state,08,47702666772.59985,2.9391387087126293,0.0006591475013932786
3657,irs_soi.ty2022.historic_table_2.state_broad.tx.all.return_count,soi,soi_return_count,state,48,13641000.0,6.305488066508242,0.0014141036255905454
3658,irs_soi.ty2022.historic_table_2.state_broad.fl.all.premium_tax_credit_amount,soi,soi_credit_amount,state,12,12693864960.973564,1.5161622883556136,0.0003400229397523242
3659,irs_soi.ty2022.historic_table_2.state_eitc.nc.nc.eitc_no_children_amount,soi,soi_eitc_amount,state,37,86962374.90946662,0.12549154005102373,2.814342678874719e-05
3660,irs_soi.ty2022.historic_table_2.state_agi.sc.75k_to_100k.taxable_interest_returns,soi,soi_agi_band_count,state,45,82465.20987373266,0.4902651104578501,0.00010994956502755105
3661,irs_soi.ty2022.historic_table_2.state_broad.co.all.unemployment_compensation_amount,soi,soi_income_amount,state,08,480705727.0587848,0.2950450965619188,6.616844506883131e-05
3662,irs_soi.ty2022.historic_table_2.state_broad.wy.all.medical_dental_expense_amount,soi,soi_deduction_amount,state,56,134741769.69649622,0.15620677881177966,3.5031796100421544e-05
3663,irs_soi.ty2022.historic_table_2.state_broad.ne.all.rental_royalty_income_returns,soi,soi_income_count,state,31,66130.0,0.4390306745999299,9.845944709574565e-05
3664,irs_soi.ty2022.historic_table_2.state_broad.ga.all.return_count,soi,soi_return_count,state,13,4932040.0,3.791481128725823,0.0008502985262897113
3665,irs_soi.ty2022.historic_table_2.state_broad.wi.all.itemized_deductions_amount,soi,soi_deduction_amount,state,55,7600261281.796614,1.1731755804184973,0.00026310284378077987
3666,irs_soi.ty2022.historic_table_2.state_agi.mi.500k_plus.taxable_interest_amount,soi,soi_agi_band_amount,state,26,3505305231.598667,0.7967309234808393,0.00017867928313093504
3667,irs_soi.ty2022.historic_table_2.state_agi.ca.75k_to_100k.taxable_interest_returns,soi,soi_agi_band_count,state,06,878555.652920396,1.6002220204364688,0.0003588746401517086
3668,irs_soi.ty2022.historic_table_2.state_broad.ia.all.taxable_income_amount,soi,soi_tax_amount,state,19,103991640448.40765,4.339582686291971,0.0009732188128037611
3669,irs_soi.ty2022.historic_table_2.state_agi.al.100k_to_200k.taxable_interest_returns,soi,soi_agi_band_count,state,01,170679.98617292475,0.7053211438247871,0.00015817922041372215
3670,irs_soi.ty2022.historic_table_2.state_broad.co.all.medical_dental_expense_amount,soi,soi_deduction_amount,state,08,1500576834.141093,0.5212881732974187,0.00011690696866952652
3671,irs_soi.ty2022.historic_table_2.state_broad.ky.all.medical_dental_expense_returns,soi,soi_deduction_count,state,21,25910.0,0.27480796121794787,6.162995317738235e-05
3672,irs_soi.ty2022.historic_table_2.state_broad.az.all.real_estate_taxes_claims,soi,soi_deduction_count,state,04,252360.0,0.8576416486654116,0.0001923394592207696
3673,irs_soi.ty2022.historic_table_2.state_broad.oh.all.ordinary_dividends_amount,soi,soi_income_amount,state,39,11449561666.83667,1.4399359794739286,0.0003229280061614552
3674,irs_soi.ty2022.historic_table_2.state_broad.il.all.ctc_claims,soi,soi_credit_count,state,17,1457000.0,2.0607503369306563,0.00046215526730896084
3675,irs_soi.ty2022.historic_table_2.state_agi.ms.1_to_10k.taxable_interest_amount,soi,soi_agi_band_amount,state,28,16993066.61528724,0.055473380623962745,1.2440767128047262e-05
3676,irs_soi.ty2022.historic_table_2.state_eitc.nm.nm.eitc_one_child_claims,soi,soi_eitc_count,state,35,65950.0,0.43843276616310145,9.832535684303688e-05
3677,irs_soi.ty2022.historic_table_2.state_broad.de.all.income_tax_before_credits_returns,soi,soi_tax_count,state,10,412220.0,1.0961251262767002,0.00024582308281603506
3678,irs_soi.ty2022.historic_table_2.state_broad.nc.all.taxable_interest_returns,soi,soi_income_count,state,37,1570803.4505457135,2.1397179350680107,0.00047986497758869943
3679,irs_soi.ty2022.historic_table_2.state_broad.nj.all.limited_state_local_taxes_amount,soi,soi_deduction_amount,state,34,6269728319.017769,1.0655482358503474,0.00023896574026695388
3680,irs_soi.ty2022.historic_table_2.state_eitc.ne.ne.eitc_no_children_claims,soi,soi_eitc_count,state,31,29310.0,0.2922829707587063,6.554899546057553e-05
3681,irs_soi.ty2022.historic_table_2.state_broad.il.all.income_tax_before_credits_amount,soi,soi_tax_amount,state,17,100400433045.23486,4.263993620266681,0.0009562667908200674
3682,irs_soi.ty2022.historic_table_2.state_broad.ut.all.income_tax_before_credits_amount,soi,soi_tax_amount,state,49,22155082525.93123,2.0030207082414564,0.0004492085015118763
3683,irs_soi.ty2022.historic_table_2.state_broad.nm.all.taxable_interest_returns,soi,soi_income_count,state,35,301036.3464819606,0.9367098150984562,0.00021007172350268136
3684,irs_soi.ty2022.historic_table_2.state_agi.nv.100k_to_200k.taxable_interest_returns,soi,soi_agi_band_count,state,32,109077.48875728782,0.5638494602599912,0.00012645199826418282
3685,irs_soi.ty2022.historic_table_2.state_agi.ga.500k_plus.taxable_interest_returns,soi,soi_agi_band_count,state,13,63562.825777841215,0.4304247161294703,9.652942725487111e-05
3686,irs_soi.ty2022.historic_table_2.state_agi.id.1_to_10k.taxable_interest_amount,soi,soi_agi_band_amount,state,16,22943836.51954208,0.06445873422145824,1.445587221831313e-05
3687,irs_soi.ty2022.historic_table_2.state_broad.tn.all.income_tax_before_credits_amount,soi,soi_tax_amount,state,47,41970475970.904236,2.75689801335122,0.000618277195189778
3688,irs_soi.ty2022.historic_table_2.state_broad.ar.all.rental_royalty_income_returns,soi,soi_income_count,state,05,86100.0,0.500953227934994,0.00011234654136241175
3689,irs_soi.ty2022.historic_table_2.state_broad.wi.all.premium_tax_credit_amount,soi,soi_credit_amount,state,55,1062913679.0879097,0.43873042349426294,9.839211112228369e-05
3690,irs_soi.ty2022.historic_table_2.state_broad.nv.all.net_capital_gains_returns,soi,soi_income_count,state,32,245998.5931165551,0.8467630826728131,0.00018989977184857886
3691,irs_soi.ty2022.historic_table_2.state_broad.nd.all.net_capital_gains_returns,soi,soi_income_count,state,38,77842.57181729708,0.4763258944433869,0.00010682347935487484
3692,irs_soi.ty2022.historic_table_2.state_agi.ne.50k_to_75k.taxable_interest_returns,soi,soi_agi_band_count,state,31,51209.47162942548,0.38634095683630126,8.664295959549255e-05
3693,irs_soi.ty2022.historic_table_2.state_broad.de.all.partnership_scorp_income_amount,soi,soi_income_amount,state,10,2653030804.2264695,0.6931383042606429,0.0001554470294372377
3694,irs_soi.ty2022.historic_table_2.state_agi.hi.under_1.taxable_interest_amount,soi,soi_agi_band_amount,state,15,32252303.40887926,0.07642388682285942,1.7139243512639476e-05
3695,irs_soi.ty2022.historic_table_2.state_broad.wy.all.partnership_scorp_income_returns,soi,soi_income_count,state,56,25890.0,0.27470187823340525,6.160616242058876e-05
3696,irs_soi.ty2022.historic_table_2.state_broad.wy.all.tax_exempt_interest_amount,soi,soi_income_amount,state,56,206494327.6521627,0.19337610853788004,4.336759554561113e-05
3697,irs_soi.ty2022.historic_table_2.state_agi.ny.25k_to_50k.taxable_interest_amount,soi,soi_agi_band_amount,state,36,663187349.5272989,0.3465507714040959,7.771939255530297e-05
3698,irs_soi.ty2022.historic_table_2.state_broad.nv.all.unemployment_compensation_amount,soi,soi_income_amount,state,32,366518944.9618297,0.2576303165373261,5.777759958226645e-05
3699,irs_soi.ty2022.historic_table_2.state_eitc.co.co.eitc_no_children_amount,soi,soi_eitc_amount,state,08,40189050.80780184,0.08531052758463259,1.9132210716445973e-05
3700,irs_soi.ty2022.historic_table_2.state_agi.la.10k_to_25k.taxable_interest_returns,soi,soi_agi_band_count,state,22,52939.817334611376,0.39281387798680023,8.809461269046877e-05
3701,irs_soi.ty2022.historic_table_2.state_eitc.az.az.eitc_two_children_claims,soi,soi_eitc_count,state,04,125150.0,0.6039639692124271,0.0001354482998906542
3702,irs_soi.ty2022.historic_table_2.state_broad.nj.all.net_capital_gains_returns,soi,soi_income_count,state,34,1055743.5539399032,1.7541826969032968,0.0003934027129184339
3703,irs_soi.ty2022.historic_table_2.state_broad.vt.all.taxable_pension_income_returns,soi,soi_income_count,state,50,68120.0,0.4455874221723723,9.992989956769954e-05
3704,irs_soi.ty2022.historic_table_2.state_broad.ct.all.medical_dental_expense_returns,soi,soi_deduction_count,state,09,46910.0,0.3697671450298401,8.292602490016598e-05
3705,irs_soi.ty2022.historic_table_2.state_agi.sd.10k_to_25k.taxable_interest_amount,soi,soi_agi_band_amount,state,46,23595940.656020373,0.06536833164081539,1.4659863566004797e-05
3706,irs_soi.ty2022.historic_table_2.state_broad.mi.all.itemized_deductions_amount,soi,soi_deduction_amount,state,26,14924703467.712776,1.6439992261365948,0.00036869235840695104
3707,irs_soi.ty2022.historic_table_2.state_broad.ny.all.ctc_amount,soi,soi_credit_amount,state,36,4764863920.8311405,0.9289107830680635,0.0002083226694478725
3708,irs_soi.ty2022.historic_table_2.state_broad.md.all.limited_state_local_taxes_amount,soi,soi_deduction_amount,state,24,5979567674.313983,1.0405995792035605,0.00023337061655159463
3709,irs_soi.ty2022.historic_table_2.state_agi.ok.75k_to_100k.taxable_interest_returns,soi,soi_agi_band_count,state,40,66914.00163725186,0.44162546218359716,9.904136850944094e-05
3710,irs_soi.ty2022.historic_table_2.state_agi.vt.75k_to_100k.taxable_interest_amount,soi,soi_agi_band_amount,state,50,35090874.35590241,0.07971606416163826,1.7877565409652e-05
3711,irs_soi.ty2022.historic_table_2.state_broad.nv.all.wages_salaries_amount,soi,soi_income_amount,state,32,92652361851.82442,4.096160832665775,0.0009186276816922572
3712,irs_soi.ty2022.historic_table_2.state_broad.nd.all.premium_tax_credit_amount,soi,soi_credit_amount,state,38,129850339.17054664,0.15334523923817786,3.439005141022154e-05
3713,irs_soi.ty2022.historic_table_2.state_broad.ca.all.itemized_deductions_amount,soi,soi_deduction_amount,state,06,135639012214.5615,4.9561114324490925,0.001111484959060124
3714,irs_soi.ty2022.historic_table_2.state_broad.ks.all.real_estate_taxes_claims,soi,soi_deduction_count,state,20,77080.0,0.4739870285383855,0.00010629895235218334
3715,irs_soi.ty2022.historic_table_2.state_broad.nh.all.actc_amount,soi,soi_credit_amount,state,33,78285295.33468893,0.11906629789006455,2.6702466447648474e-05
3716,irs_soi.ty2022.historic_table_2.state_broad.nm.all.unemployment_compensation_returns,soi,soi_income_count,state,35,24280.0,0.26602346433857327,5.965989332553785e-05
3717,irs_soi.ty2022.historic_table_2.state_broad.tn.all.wages_salaries_returns,soi,soi_income_count,state,47,2619250.0,2.7630203268797002,0.0006196502190804441
3718,irs_soi.ty2022.historic_table_2.state_agi.il.under_1.taxable_interest_returns,soi,soi_agi_band_count,state,17,22866.847040684435,0.2581658223237797,5.78976950714913e-05
3719,irs_soi.ty2022.historic_table_2.state_broad.co.all.ctc_claims,soi,soi_credit_count,state,08,639440.0,1.365197560691619,0.00030616675503288156
3720,irs_soi.ty2022.historic_table_2.state_agi.al.1_to_10k.taxable_interest_returns,soi,soi_agi_band_count,state,01,36917.692228997716,0.32802948044972713,7.356570541595136e-05
3721,irs_soi.ty2022.historic_table_2.state_broad.wy.all.unemployment_compensation_returns,soi,soi_income_count,state,56,6620.0,0.1389071492015387,3.1152085490365264e-05
3722,irs_soi.ty2022.historic_table_2.state_broad.wv.all.medical_dental_expense_amount,soi,soi_deduction_amount,state,54,181992361.18342313,0.18154125484224143,4.07134458044946e-05
3723,irs_soi.ty2022.historic_table_2.state_broad.ut.all.wages_salaries_returns,soi,soi_income_count,state,49,1290090.0,1.9391241184589325,0.00043487869891431545
3724,irs_soi.ty2022.historic_table_2.state_broad.ct.all.ctc_amount,soi,soi_credit_amount,state,09,981256142.3690915,0.42154112224368384,9.453714336032381e-05
3725,irs_soi.ty2022.historic_table_2.state_broad.nc.all.taxable_ira_distributions_returns,soi,soi_income_count,state,37,526740.0,1.2390640406693416,0.00027787935426538274
3726,irs_soi.ty2022.historic_table_2.state_agi.nj.50k_to_75k.taxable_interest_returns,soi,soi_agi_band_count,state,34,195036.2447066806,0.7539686126724329,0.00016908917081687213
3727,irs_soi.ty2022.historic_table_2.state_agi.ne.200k_to_500k.taxable_interest_amount,soi,soi_agi_band_amount,state,31,265541918.91620716,0.2192882177606874,4.917878846393528e-05
3728,irs_soi.ty2022.historic_table_2.state_broad.ia.all.taxable_pension_income_amount,soi,soi_income_amount,state,19,8423895948.9719715,1.235108897076132,0.00027699235188969094
3729,irs_soi.ty2022.historic_table_2.state_broad.mn.all.schedule_c_income_amount,soi,soi_income_amount,state,27,7572518154.422796,1.1710324096338924,0.0002626222044480584
3730,irs_soi.ty2022.historic_table_2.state_broad.me.all.partnership_scorp_income_returns,soi,soi_income_count,state,23,39950.0,0.34123533448273385,7.652732327488986e-05
3731,irs_soi.ty2022.historic_table_2.state_broad.az.all.taxable_interest_amount,soi,soi_income_amount,state,04,5790423890.272637,1.0240093733971127,0.0002296500052471659
3732,irs_soi.ty2022.historic_table_2.state_broad.vt.all.net_capital_gains_returns,soi,soi_income_count,state,50,73747.65676322834,0.4636280640111302,0.00010397579367820816
3733,irs_soi.ty2022.historic_table_2.state_broad.id.all.real_estate_taxes_claims,soi,soi_deduction_count,state,16,64350.0,0.4330817462570624,9.71253075256924e-05
3734,irs_soi.ty2022.historic_table_2.state_agi.nj.75k_to_100k.taxable_interest_amount,soi,soi_agi_band_amount,state,34,441285262.3326684,0.28268871062625694,6.339733362329154e-05
3735,irs_soi.ty2022.historic_table_2.state_broad.sc.all.income_tax_before_credits_amount,soi,soi_tax_amount,state,45,28644645132.12303,2.2775634063815207,0.0005107789653244048
3736,irs_soi.ty2022.historic_table_2.state_broad.wa.all.income_tax_before_credits_returns,soi,soi_tax_count,state,53,3195160.0,3.051700500855822,0.0006843912314096932
3737,irs_soi.ty2022.historic_table_2.state_broad.id.all.schedule_c_income_returns,soi,soi_income_count,state,16,150910.0,0.6632154169853569,0.00014873635725170595
3738,irs_soi.ty2022.historic_table_2.state_agi.ca.10k_to_25k.taxable_interest_returns,soi,soi_agi_band_count,state,06,495546.91654402774,1.2018160308768013,0.00026952590959336206
3739,irs_soi.ty2022.historic_table_2.state_broad.il.all.net_capital_gains_returns,soi,soi_income_count,state,17,1235812.055396452,1.897893408053012,0.0004256320717768585
3740,irs_soi.ty2022.historic_table_2.state_broad.ar.all.real_estate_taxes_claims,soi,soi_deduction_count,state,05,59940.0,0.41797852873343666,9.373817643719145e-05
3741,irs_soi.ty2022.historic_table_2.state_broad.ar.all.premium_tax_credit_returns,soi,soi_credit_count,state,05,48070.0,0.3743110643357759,8.394506937335184e-05
3742,irs_soi.ty2022.historic_table_2.state_broad.il.all.qualified_dividends_amount,soi,soi_income_amount,state,17,13128251104.050474,1.5418857355531836,0.00034579182228149444
3743,irs_soi.ty2022.historic_table_2.state_broad.sd.all.itemized_deductions_amount,soi,soi_deduction_amount,state,46,1496131301.3131113,0.5205154295973834,0.00011673366889378412
3744,irs_soi.ty2022.historic_table_2.state_broad.ny.all.schedule_c_income_returns,soi,soi_income_count,state,36,1837520.0,2.314257292995909,0.0005190081392679769
3745,irs_soi.ty2022.historic_table_2.state_broad.il.all.rental_royalty_income_amount,soi,soi_income_amount,state,17,974098251.9361341,0.42000081701983055,9.419170599233697e-05
3746,irs_soi.ty2022.historic_table_2.state_broad.ut.all.real_estate_taxes_claims,soi,soi_deduction_count,state,49,188180.0,0.7405976603776151,0.00016609052710868247
3747,irs_soi.ty2022.historic_table_2.state_agi.sc.200k_to_500k.taxable_interest_returns,soi,soi_agi_band_count,state,45,87437.21588736806,0.5048283826310576,0.00011321560498565991
3748,irs_soi.ty2022.historic_table_2.state_agi.ma.500k_plus.taxable_interest_returns,soi,soi_agi_band_count,state,25,88149.06696861543,0.5068791922919055,0.00011367553090197477
3749,irs_soi.ty2022.historic_table_2.state_broad.ia.all.income_tax_before_credits_amount,soi,soi_tax_amount,state,19,17660974857.520447,1.7883647020257674,0.0004010685584269494
3750,irs_soi.ty2022.historic_table_2.state_broad.ma.all.taxable_interest_amount,soi,soi_income_amount,state,25,8943050746.694855,1.2725990678726853,0.00028540010492771593
3751,irs_soi.ty2022.historic_table_2.state_broad.ca.all.income_tax_before_credits_amount,soi,soi_tax_amount,state,06,370829882785.4376,8.19475766512381,0.0018378016741699506
3752,irs_soi.ty2022.historic_table_2.state_broad.vt.all.taxable_pension_income_amount,soi,soi_income_amount,state,50,1911530941.1551929,0.5883549603762203,0.0001319477372451716
3753,irs_soi.ty2022.historic_table_2.state_eitc.ks.ks.eitc_one_child_amount,soi,soi_eitc_amount,state,20,155617176.24482837,0.1678717116154319,3.7647838442572756e-05
3754,irs_soi.ty2022.historic_table_2.state_broad.oh.all.unemployment_compensation_returns,soi,soi_income_count,state,39,121100.0,0.5941111118607469,0.00013323864361084256
3755,irs_soi.ty2022.historic_table_2.state_agi.oh.10k_to_25k.taxable_interest_returns,soi,soi_agi_band_count,state,39,150704.34967761423,0.6627633695331907,0.00014863497859008538
3756,irs_soi.ty2022.historic_table_2.state_broad.mn.all.ordinary_dividends_returns,soi,soi_income_count,state,27,704190.0,1.4326514061471842,0.0003212943274606827
3757,irs_soi.ty2022.historic_table_2.state_broad.sd.all.taxable_social_security_returns,soi,soi_income_count,state,46,82610.0,0.4906953186393774,0.00011004604589355851
3758,irs_soi.ty2022.historic_table_2.state_agi.mt.200k_to_500k.taxable_interest_returns,soi,soi_agi_band_count,state,30,21727.885310688656,0.2516542873593559,5.643738222905493e-05
3759,irs_soi.ty2022.historic_table_2.state_eitc.ia.ia.eitc_three_or_more_children_amount,soi,soi_eitc_amount,state,19,126764906.35596462,0.15151243335257264,3.397901622618808e-05
3760,irs_soi.ty2022.historic_table_2.state_broad.nc.all.tax_exempt_interest_amount,soi,soi_income_amount,state,37,1225482602.1063333,0.47108831092365344,0.00010564886990887047
3761,irs_soi.ty2022.historic_table_2.state_agi.ny.500k_plus.taxable_interest_returns,soi,soi_agi_band_count,state,36,193360.65677697526,0.7507228933490192,0.00016836126785131625
3762,irs_soi.ty2022.historic_table_2.state_broad.tx.all.tax_exempt_interest_returns,soi,soi_income_count,state,48,464050.0,1.1629953870822296,0.0002608197773227696
3763,irs_soi.ty2022.historic_table_2.state_broad.nh.all.rental_royalty_income_amount,soi,soi_income_amount,state,33,318847103.38838035,0.24029237571015274,5.3889297086825015e-05
3764,irs_soi.ty2022.historic_table_2.state_broad.pa.all.qualified_dividends_amount,soi,soi_income_amount,state,42,11380380302.893154,1.4355791459050724,0.0003219509185703235
3765,irs_soi.ty2022.historic_table_2.state_agi.or.1_to_10k.taxable_interest_returns,soi,soi_agi_band_count,state,41,44167.621702624674,0.35879601497410146,8.046557859926026e-05
3766,irs_soi.ty2022.historic_table_2.state_broad.il.all.wages_salaries_amount,soi,soi_income_amount,state,17,429656307270.1286,8.820827904074154,0.0019782076483682784
3767,irs_soi.ty2022.historic_table_2.state_agi.dc.under_1.taxable_interest_amount,soi,soi_agi_band_amount,state,11,14745225.297779718,0.05167428302750014,1.158876049058088e-05
3768,irs_soi.ty2022.historic_table_2.state_agi.mt.under_1.taxable_interest_returns,soi,soi_agi_band_count,state,30,4599.653140367559,0.11578655832802051,2.596693391523223e-05
3769,irs_soi.ty2022.historic_table_2.state_broad.co.all.adjusted_gross_income,soi,soi_income_amount,state,08,333500409765.7752,7.771358416461861,0.0017428478171029067
3770,irs_soi.ty2022.historic_table_2.state_agi.mo.100k_to_200k.taxable_interest_returns,soi,soi_agi_band_count,state,29,252783.7947284857,0.8583614765778779,0.0001925008918093469
3771,irs_soi.ty2022.historic_table_2.state_broad.oh.all.taxable_interest_amount,soi,soi_income_amount,state,39,6417658565.075432,1.0780454158151864,0.00024176842696012254
3772,irs_soi.ty2022.historic_table_2.state_broad.de.all.rental_royalty_income_amount,soi,soi_income_amount,state,10,92313147.28508162,0.12929464324365175,2.8996331743362132e-05
3773,irs_soi.ty2022.historic_table_2.state_eitc.ms.ms.eitc_no_children_amount,soi,soi_eitc_amount,state,28,27524659.90873315,0.07060081817755856,1.5833329934415467e-05
3774,irs_soi.ty2022.historic_table_2.state_agi.la.500k_plus.taxable_interest_amount,soi,soi_agi_band_amount,state,22,1036592407.1592624,0.43326415963672255,9.716621655903175e-05
3775,irs_soi.ty2022.historic_table_2.state_eitc.la.la.eitc_no_children_claims,soi,soi_eitc_count,state,22,102250.0,0.5459178087868592,0.0001224305469358285
3776,irs_soi.ty2022.historic_table_2.state_agi.ak.1_to_10k.taxable_interest_returns,soi,soi_agi_band_count,state,02,5333.407331807145,0.12468034072475502,2.7961502741591168e-05
3777,irs_soi.ty2022.historic_table_2.state_broad.nh.all.ctc_claims,soi,soi_credit_count,state,33,151350.0,0.664181563648646,0.00014895303064558108
3778,irs_soi.ty2022.historic_table_2.state_agi.nj.200k_to_500k.taxable_interest_returns,soi,soi_agi_band_count,state,34,322786.13490284147,0.9699582458298487,0.0002175282004552251
3779,irs_soi.ty2022.historic_table_2.state_broad.hi.all.partnership_scorp_income_amount,soi,soi_income_amount,state,15,2901153827.2640443,0.7248266146903313,0.0001625536251828507
3780,irs_soi.ty2022.historic_table_2.state_broad.co.all.taxable_pension_income_returns,soi,soi_income_count,state,08,496420.0,1.20287427974505,0.0002697632383370823
3781,irs_soi.ty2022.historic_table_2.state_agi.mn.200k_to_500k.taxable_interest_amount,soi,soi_agi_band_amount,state,27,832082320.8751764,0.38817887816723307,8.705514199758535e-05
3782,irs_soi.ty2022.historic_table_2.state_agi.mt.50k_to_75k.taxable_interest_amount,soi,soi_agi_band_amount,state,30,72135503.85011625,0.11429396206095495,2.563219602174365e-05
3783,irs_soi.ty2022.historic_table_2.state_broad.ma.all.schedule_c_income_returns,soi,soi_income_count,state,25,614140.0,1.3379173817189236,0.00030004875122649103
3784,irs_soi.ty2022.historic_table_2.state_broad.fl.all.qualified_dividends_amount,soi,soi_income_amount,state,12,40524911485.16344,2.709004900743825,0.0006075364208889493
3785,irs_soi.ty2022.historic_table_2.state_broad.ks.all.adjusted_gross_income,soi,soi_income_amount,state,20,126131030288.26996,4.7792497361418125,0.001071820976932454
3786,irs_soi.ty2022.historic_table_2.state_eitc.ne.ne.eitc_one_child_amount,soi,soi_eitc_amount,state,31,95342562.80092396,0.13139903144435885,2.9468273479335918e-05
3787,irs_soi.ty2022.historic_table_2.state_broad.wi.all.income_tax_before_credits_returns,soi,soi_tax_count,state,55,2407450.0,2.6489529325490975,0.0005940688343909167
3788,irs_soi.ty2022.historic_table_2.state_agi.ne.75k_to_100k.taxable_interest_returns,soi,soi_agi_band_count,state,31,44145.71859243245,0.35870703889958416,8.044562433271678e-05
3789,irs_soi.ty2022.historic_table_2.state_broad.wa.all.taxable_pension_income_returns,soi,soi_income_count,state,53,695680.0,1.4239684357796272,0.0003193470365058594
3790,irs_soi.ty2022.historic_table_2.state_broad.il.all.taxable_interest_returns,soi,soi_income_count,state,17,2107539.165806223,2.4784686545889434,0.0005558350873713711
3791,irs_soi.ty2022.historic_table_2.state_broad.ak.all.adjusted_gross_income,soi,soi_income_amount,state,02,33934740690.089184,2.4789685708876137,0.0005559472013652419
3792,irs_soi.ty2022.historic_table_2.state_broad.ct.all.ordinary_dividends_amount,soi,soi_income_amount,state,09,9978512671.207241,1.3442549977744847,0.00030147006005258684
3793,irs_soi.ty2022.historic_table_2.state_eitc.vt.vt.eitc_three_or_more_children_claims,soi,soi_eitc_count,state,50,3410.0,0.0996948658089869,2.2358121957610875e-05
3794,irs_soi.ty2022.historic_table_2.state_agi.ks.under_1.taxable_interest_returns,soi,soi_agi_band_count,state,20,7633.233901990924,0.14915914624308174,3.345125504442291e-05
3795,irs_soi.ty2022.historic_table_2.state_broad.oh.all.qualified_dividends_returns,soi,soi_income_count,state,39,1064110.0,1.761119662442555,0.0003949584351743788
3796,irs_soi.ty2022.historic_table_2.state_broad.al.all.actc_amount,soi,soi_credit_amount,state,01,700079552.0371766,0.3560593951060349,7.985184909307803e-05
3797,irs_soi.ty2022.historic_table_2.state_broad.ri.all.partnership_scorp_income_amount,soi,soi_income_amount,state,44,2763073426.5626626,0.7073672785046666,0.0001586380978929506
3798,irs_soi.ty2022.historic_table_2.state_agi.ca.200k_to_500k.taxable_interest_amount,soi,soi_agi_band_amount,state,06,7505127881.235619,1.1658100679273316,0.0002614510132153693
3799,irs_soi.ty2022.historic_table_2.state_broad.ok.all.premium_tax_credit_amount,soi,soi_credit_amount,state,40,877201769.2681712,0.3985643982040979,8.938425615700782e-05
3800,irs_soi.ty2022.historic_table_2.state_broad.ne.all.taxable_ira_distributions_amount,soi,soi_income_amount,state,31,2874935490.7619205,0.7215439762041393,0.00016181744252167287
3801,irs_soi.ty2022.historic_table_2.state_agi.dc.50k_to_75k.taxable_interest_returns,soi,soi_agi_band_count,state,11,14412.246506485017,0.20495638124636184,4.596465154661624e-05
3802,irs_soi.ty2022.historic_table_2.state_eitc.nh.nh.eitc_two_children_amount,soi,soi_eitc_amount,state,33,46933533.57606029,0.09219139354765733,2.0675351771172312e-05
3803,irs_soi.ty2022.historic_table_2.state_eitc.mn.mn.eitc_one_child_claims,soi,soi_eitc_count,state,27,88050.0,0.5065942822905046,0.00011361163540939777
3804,irs_soi.ty2022.historic_table_2.state_broad.ar.all.taxable_social_security_returns,soi,soi_income_count,state,05,212320.0,0.7866672248345306,0.00017642234241635582
3805,irs_soi.ty2022.historic_table_2.state_broad.ak.all.real_estate_taxes_amount,soi,soi_deduction_amount,state,02,140061172.38481697,0.1592603375529225,3.571660407107479e-05
3806,irs_soi.ty2022.historic_table_2.state_broad.al.all.ordinary_dividends_returns,soi,soi_income_count,state,01,307880.0,0.947297394025178,0.0002124461525062072
3807,irs_soi.ty2022.historic_table_2.state_eitc.ms.ms.eitc_amount,soi,soi_eitc_amount,state,28,1099778663.3884983,0.44627380743436024,0.00010008383212252977
3808,irs_soi.ty2022.historic_table_2.state_broad.nh.all.ctc_amount,soi,soi_credit_amount,state,33,403816382.8086889,0.27042119048272634,6.064615171175742e-05
3809,irs_soi.ty2022.historic_table_2.state_agi.md.1_to_10k.taxable_interest_amount,soi,soi_agi_band_amount,state,24,40443242.81727129,0.08557989290562822,1.9192620073027184e-05
3810,irs_soi.ty2022.historic_table_2.state_broad.ky.all.ctc_amount,soi,soi_credit_amount,state,21,1225543100.7889721,0.4710999389428652,0.00010565147767276637
3811,irs_soi.ty2022.historic_table_2.state_broad.mn.all.limited_state_local_taxes_returns,soi,soi_deduction_count,state,27,255520.0,0.862994549951876,0.00019353993046689302
3812,irs_soi.ty2022.historic_table_2.state_agi.nh.50k_to_75k.taxable_interest_amount,soi,soi_agi_band_amount,state,33,69207428.41377255,0.11195026071402749,2.5106584596103944e-05
3813,irs_soi.ty2022.historic_table_2.state_broad.id.all.rental_royalty_income_returns,soi,soi_income_count,state,16,58500.0,0.4129272431412614,9.26053471947211e-05
3814,irs_soi.ty2022.historic_table_2.state_broad.ok.all.real_estate_taxes_claims,soi,soi_deduction_count,state,40,88240.0,0.5071405687435925,0.00011373414863054328
3815,irs_soi.ty2022.historic_table_2.state_agi.nm.75k_to_100k.taxable_interest_returns,soi,soi_agi_band_count,state,35,36041.56782130866,0.3241137390432624,7.268753959256838e-05
3816,irs_soi.ty2022.historic_table_2.state_broad.al.all.partnership_scorp_income_amount,soi,soi_income_amount,state,01,13561873171.172577,1.5671428750725156,0.0003514561280718806
3817,irs_soi.ty2022.historic_table_2.state_agi.mt.1_to_10k.taxable_interest_amount,soi,soi_agi_band_amount,state,30,18437924.80003326,0.05778362360284356,1.2958874995031075e-05
3818,irs_soi.ty2022.historic_table_2.state_broad.vt.all.income_tax_before_credits_amount,soi,soi_tax_amount,state,50,4022472262.3639274,0.8534838001440055,0.00019140699711684358
3819,irs_soi.ty2022.historic_table_2.state_agi.nd.50k_to_75k.taxable_interest_returns,soi,soi_agi_band_count,state,38,20775.100017326808,0.24607481386902214,5.518609864745955e-05
3820,irs_soi.ty2022.historic_table_2.state_eitc.ri.ri.eitc_amount,soi,soi_eitc_amount,state,44,179450296.16661608,0.18026891422500543,4.0428103661136004e-05
3821,irs_soi.ty2022.historic_table_2.state_broad.nj.all.taxable_ira_distributions_amount,soi,soi_income_amount,state,34,14912740413.393929,1.6433402115441478,0.0003685445641498425
3822,irs_soi.ty2022.historic_table_2.state_agi.oh.200k_to_500k.taxable_interest_amount,soi,soi_agi_band_amount,state,39,1113990774.981427,0.4491480830330679,0.00010072843306415518
3823,irs_soi.ty2022.historic_table_2.state_broad.nm.all.taxable_pension_income_amount,soi,soi_income_amount,state,35,7463975675.346852,1.162609482754358,0.00026073323228400044
3824,irs_soi.ty2022.historic_table_2.state_broad.ny.all.taxable_social_security_returns,soi,soi_income_count,state,36,1427690.0,2.039917306207357,0.000457483136624211
3825,irs_soi.ty2022.historic_table_2.state_broad.ks.all.tax_exempt_interest_amount,soi,soi_income_amount,state,20,454239794.09623176,0.2868080537251793,6.432116028822143e-05
3826,irs_soi.ty2022.historic_table_2.state_agi.in.500k_plus.taxable_interest_amount,soi,soi_agi_band_amount,state,18,1305811681.9509826,0.4862829335971408,0.00010905650002178534
3827,irs_soi.ty2022.historic_table_2.state_agi.nj.1_to_10k.taxable_interest_amount,soi,soi_agi_band_amount,state,34,86295114.06062724,0.12500916571222587,2.803524685181114e-05
3828,irs_soi.ty2022.historic_table_2.state_broad.nc.all.actc_amount,soi,soi_credit_amount,state,37,1317124662.1525135,0.48838486199130904,0.00010952789010794103
3829,irs_soi.ty2022.historic_table_2.state_broad.ia.all.net_capital_gains_returns,soi,soi_income_count,state,19,305110.3573181119,0.9430268949127079,0.0002114884267577277
3830,irs_soi.ty2022.historic_table_2.state_broad.ky.all.itemized_deductions_amount,soi,soi_deduction_amount,state,21,4454492234.742075,0.898147894909254,0.000201423614018671
3831,irs_soi.ty2022.historic_table_2.state_eitc.md.md.eitc_no_children_amount,soi,soi_eitc_amount,state,24,45502851.76624866,0.09077537696494868,2.035778806121298e-05
3832,irs_soi.ty2022.historic_table_2.state_broad.md.all.premium_tax_credit_returns,soi,soi_credit_count,state,24,93610.0,0.5223441392674852,0.00011714378543787514
3833,irs_soi.ty2022.historic_table_2.state_agi.ut.under_1.taxable_interest_amount,soi,soi_agi_band_amount,state,49,76981532.62904316,0.11807067058949153,2.6479181563016715e-05
3834,irs_soi.ty2022.historic_table_2.state_broad.ri.all.premium_tax_credit_returns,soi,soi_credit_count,state,44,20440.0,0.24408216642808403,5.4739216512241315e-05
3835,irs_soi.ty2022.historic_table_2.state_agi.tn.500k_plus.taxable_interest_returns,soi,soi_agi_band_count,state,47,39611.77478264157,0.3397877785945564,7.620268638586149e-05
3836,irs_soi.ty2022.historic_table_2.state_agi.ut.500k_plus.taxable_interest_amount,soi,soi_agi_band_amount,state,49,1563305868.6417103,0.5320724010264235,0.00011932549922099652
3837,irs_soi.ty2022.historic_table_2.state_agi.ri.200k_to_500k.taxable_interest_returns,soi,soi_agi_band_count,state,44,24728.611407023684,0.2684698181492297,6.020852616040137e-05
3838,irs_soi.ty2022.historic_table_2.state_eitc.pa.pa.eitc_two_children_amount,soi,soi_eitc_amount,state,42,806963919.0704259,0.3822749249634341,8.573108880094957e-05
3839,irs_soi.ty2022.historic_table_2.state_eitc.ma.ma.eitc_no_children_amount,soi,soi_eitc_amount,state,25,43860424.567201,0.08912205025273622,1.9987003869194038e-05
3840,irs_soi.ty2022.historic_table_2.state_agi.md.under_1.taxable_interest_returns,soi,soi_agi_band_count,state,24,9133.596950158437,0.1631610626446538,3.659140225266961e-05
3841,irs_soi.ty2022.historic_table_2.state_agi.wa.200k_to_500k.taxable_interest_returns,soi,soi_agi_band_count,state,53,274478.825373886,0.8944375573015246,0.00020059151318715512
3842,irs_soi.ty2022.historic_table_2.state_broad.ak.all.net_capital_gains_returns,soi,soi_income_count,state,02,61071.05370111125,0.4219036768754059,9.461845186710158e-05
3843,irs_soi.ty2022.historic_table_2.state_broad.wa.all.taxable_ira_distributions_amount,soi,soi_income_amount,state,53,13550966603.10796,1.5665125938417421,0.0003513147777173676
3844,irs_soi.ty2022.historic_table_2.state_broad.mn.all.schedule_c_income_returns,soi,soi_income_count,state,27,432810.0,1.1231667724571774,0.00025188759193926384
3845,irs_soi.ty2022.historic_table_2.state_broad.fl.all.schedule_c_income_amount,soi,soi_income_amount,state,12,31802060175.585552,2.3998073588706292,0.0005381940701660976
3846,irs_soi.ty2022.historic_table_2.state_broad.md.all.taxable_ira_distributions_returns,soi,soi_income_count,state,24,302500.0,0.9389842184741315,0.0002105817937820434
3847,irs_soi.ty2022.historic_table_2.state_broad.nm.all.unemployment_compensation_amount,soi,soi_income_amount,state,35,174093922.0611271,0.1775581281281668,3.982016777936012e-05
3848,irs_soi.ty2022.historic_table_2.state_broad.az.all.ctc_amount,soi,soi_credit_amount,state,04,2010199811.1552794,0.6033486803232654,0.00013531031180158453
3849,irs_soi.ty2022.historic_table_2.state_broad.ky.all.net_capital_gains_returns,soi,soi_income_count,state,21,272821.2663654551,0.8917327437020552,0.00019998491673066949
3850,irs_soi.ty2022.historic_table_2.state_agi.ga.200k_to_500k.taxable_interest_returns,soi,soi_agi_band_count,state,13,198639.30633330185,0.7609010766509627,0.0001706438835279127
3851,irs_soi.ty2022.historic_table_2.state_agi.ut.500k_plus.taxable_interest_returns,soi,soi_agi_band_count,state,49,20501.311139923975,0.24444796267472918,5.482125200150912e-05
3852,irs_soi.ty2022.historic_table_2.state_broad.me.all.limited_state_local_taxes_returns,soi,soi_deduction_count,state,23,41340.0,0.3471209612569629,7.784726648507802e-05
3853,irs_soi.ty2022.historic_table_2.state_broad.nm.all.wages_salaries_returns,soi,soi_income_count,state,35,758420.0,1.4867929468192538,0.0003334364087955267
3854,irs_soi.ty2022.historic_table_2.state_broad.il.all.unemployment_compensation_amount,soi,soi_income_amount,state,17,1518725318.586777,0.5244310170613884,0.00011761180019317973
3855,irs_soi.ty2022.historic_table_2.state_broad.in.all.ordinary_dividends_returns,soi,soi_income_count,state,18,569690.0,1.2885904302570534,0.0002889864162944726
3856,irs_soi.ty2022.historic_table_2.state_broad.la.all.limited_state_local_taxes_amount,soi,soi_deduction_amount,state,22,877384385.6620626,0.39860588273365705,8.939355970703231e-05
3857,irs_soi.ty2022.historic_table_2.state_broad.ak.all.wages_salaries_amount,soi,soi_income_amount,state,02,21654629365.23029,1.9802687345073327,0.00044410601805501966
3858,irs_soi.ty2022.historic_table_2.state_agi.wi.200k_to_500k.taxable_interest_returns,soi,soi_agi_band_count,state,55,119656.69098013321,0.590560095283464,0.0001324422729947217
3859,irs_soi.ty2022.historic_table_2.state_broad.nj.all.net_capital_gains_amount,soi,soi_income_amount,state,34,30984133881.285168,2.368745670395578,0.000531228004125494
3860,irs_soi.ty2022.historic_table_2.state_broad.co.all.tax_exempt_interest_amount,soi,soi_income_amount,state,08,1324670192.2927494,0.48978179124280347,0.00010984117318744191
3861,irs_soi.ty2022.historic_table_2.state_broad.ia.all.taxable_social_security_returns,soi,soi_income_count,state,19,282780.0,0.907862230601214,0.00020360220466499529
3862,irs_soi.ty2022.historic_table_2.state_broad.ma.all.income_tax_liability_returns,soi,soi_tax_count,state,25,2735480.0,2.8236598303833302,0.0006332495694961495
3863,irs_soi.ty2022.historic_table_2.state_agi.ar.1_to_10k.taxable_interest_amount,soi,soi_agi_band_amount,state,05,23542237.962428045,0.0652939024159054,1.4643171656403991e-05
3864,irs_soi.ty2022.historic_table_2.state_broad.ne.all.real_estate_taxes_amount,soi,soi_deduction_amount,state,31,376438488.22265375,0.2610933217317974,5.855423227894088e-05
3865,irs_soi.ty2022.historic_table_2.state_broad.nv.all.income_tax_liability_returns,soi,soi_tax_count,state,32,1107080.0,1.7963257942689028,0.0004028539570013238
3866,irs_soi.ty2022.historic_table_2.state_broad.wa.all.ctc_amount,soi,soi_credit_amount,state,53,2352463265.762824,0.6526948387839138,0.0001463769542013711
3867,irs_soi.ty2022.historic_table_2.state_broad.al.all.premium_tax_credit_returns,soi,soi_credit_count,state,01,136280.0,0.6302482755899051,0.00014134296380127946
3868,irs_soi.ty2022.historic_table_2.state_eitc.oh.oh.eitc_two_children_claims,soi,soi_eitc_count,state,39,192420.0,0.748894616780864,0.00016795124843706303
3869,irs_soi.ty2022.historic_table_2.state_broad.ar.all.taxable_ira_distributions_amount,soi,soi_income_amount,state,05,2989470700.4570365,0.7357764849447691,0.00016500930364314175
3870,irs_soi.ty2022.historic_table_2.state_broad.wa.all.taxable_social_security_amount,soi,soi_income_amount,state,53,13643318962.50216,1.5718415672092385,0.0003525098827560526
3871,irs_soi.ty2022.historic_table_2.state_broad.nv.all.partnership_scorp_income_amount,soi,soi_income_amount,state,32,14631737476.688107,1.6277837304549658,0.00036505578166740656
3872,irs_soi.ty2022.historic_table_2.state_broad.mn.all.real_estate_taxes_amount,soi,soi_deduction_amount,state,27,1522178224.8810914,0.5250268401049115,0.00011774542276405282
3873,irs_soi.ty2022.historic_table_2.state_broad.ga.all.wages_salaries_returns,soi,soi_income_count,state,13,3986250.0,3.408614363753965,0.0007644347081753679
3874,irs_soi.ty2022.historic_table_2.state_broad.wy.all.tax_exempt_interest_returns,soi,soi_income_count,state,56,14200.0,0.20344160612130052,4.5624939699775854e-05
3875,irs_soi.ty2022.historic_table_2.state_broad.ma.all.premium_tax_credit_amount,soi,soi_credit_amount,state,25,665235671.8751158,0.34708553765501987,7.783932219220001e-05
3876,irs_soi.ty2022.historic_table_2.state_eitc.vt.vt.eitc_one_child_claims,soi,soi_eitc_count,state,50,11460.0,0.18276284606011733,4.098740660688884e-05
3877,irs_soi.ty2022.historic_table_2.state_broad.me.all.return_count,soi,soi_return_count,state,23,710860.0,1.4394203631129836,0.00032281237118479114
3878,irs_soi.ty2022.historic_table_2.state_broad.fl.all.taxable_ira_distributions_amount,soi,soi_income_amount,state,12,42494940171.04652,2.7740696715012523,0.000622128206212436
3879,irs_soi.ty2022.historic_table_2.state_broad.fl.all.return_count,soi,soi_return_count,state,12,11130320.0,5.695730460223721,0.0012773560126090426
3880,irs_soi.ty2022.historic_table_2.state_broad.sc.all.rental_royalty_income_returns,soi,soi_income_count,state,45,110760.0,0.5681814845535467,0.00012742352199003064
3881,irs_soi.ty2022.historic_table_2.state_broad.mn.all.tax_exempt_interest_amount,soi,soi_income_amount,state,27,977815559.8804998,0.4208014475991579,9.437125983385465e-05
3882,irs_soi.ty2022.historic_table_2.state_broad.ak.all.qualified_dividends_amount,soi,soi_income_amount,state,02,470277546.72540444,0.29182727189155916,6.544679791243758e-05
3883,irs_soi.ty2022.historic_table_2.state_broad.wa.all.premium_tax_credit_amount,soi,soi_credit_amount,state,53,651465499.4989257,0.3434744713825209,7.702948449933189e-05
3884,irs_soi.ty2022.historic_table_2.state_agi.ar.100k_to_200k.taxable_interest_returns,soi,soi_agi_band_count,state,05,91544.04904841052,0.5165479739410571,0.00011584390534672732
3885,irs_soi.ty2022.historic_table_2.state_broad.az.all.actc_amount,soi,soi_credit_amount,state,04,915097471.8655703,0.40708249815024217,9.12945723593277e-05
3886,irs_soi.ty2022.historic_table_2.state_eitc.or.or.eitc_no_children_amount,soi,soi_eitc_amount,state,41,31154580.86706494,0.07511206635136292,1.68450473988255e-05
3887,irs_soi.ty2022.historic_table_2.state_agi.mn.1_to_10k.taxable_interest_amount,soi,soi_agi_band_amount,state,27,54349683.18656129,0.0992081295609737,2.2248963794791142e-05
3888,irs_soi.ty2022.historic_table_2.state_broad.la.all.taxable_interest_returns,soi,soi_income_count,state,22,556251.3864417834,1.2733012249073623,0.00028555757454751344
3889,irs_soi.ty2022.historic_table_2.state_broad.ks.all.taxable_ira_distributions_amount,soi,soi_income_amount,state,20,4697435898.338178,0.9223148144198333,0.00020684342104055467
3890,irs_soi.ty2022.historic_table_2.state_broad.in.all.limited_state_local_taxes_amount,soi,soi_deduction_amount,state,18,1462638558.3966517,0.514656263160363,0.00011541965982515429
3891,irs_soi.ty2022.historic_table_2.state_broad.ny.all.limited_state_local_taxes_amount,soi,soi_deduction_amount,state,36,10146721415.862776,1.3555377654920364,0.00030400039593900794
3892,irs_soi.ty2022.historic_table_2.state_broad.nm.all.premium_tax_credit_returns,soi,soi_credit_count,state,35,21150.0,0.24828517539975603,5.5681806548498776e-05
3893,irs_soi.ty2022.historic_table_2.state_agi.md.10k_to_25k.taxable_interest_returns,soi,soi_agi_band_count,state,24,65906.45856840945,0.4382880114835847,9.829289335805892e-05
3894,irs_soi.ty2022.historic_table_2.state_broad.mn.all.partnership_scorp_income_returns,soi,soi_income_count,state,27,184410.0,0.7331415570676948,0.0001644183801452556
3895,irs_soi.ty2022.historic_table_2.state_broad.or.all.real_estate_taxes_amount,soi,soi_deduction_amount,state,41,1601989431.4334495,0.5386151643975658,0.0001207928155186288
3896,irs_soi.ty2022.historic_table_2.state_eitc.wv.wv.eitc_no_children_amount,soi,soi_eitc_amount,state,54,14511841.411503604,0.05126370785284375,1.1496682631272428e-05
3897,irs_soi.ty2022.historic_table_2.state_broad.sd.all.taxable_interest_amount,soi,soi_income_amount,state,46,935580197.7832134,0.41161317165681044,9.231064625629299e-05
3898,irs_soi.ty2022.historic_table_2.state_broad.il.all.income_tax_liability_amount,soi,soi_tax_amount,state,17,94664168665.57489,4.140393002028732,0.0009285474326146517
3899,irs_soi.ty2022.historic_table_2.state_broad.ky.all.tax_exempt_interest_amount,soi,soi_income_amount,state,21,429678449.2908281,0.27894625761939906,6.255803041475647e-05
3900,irs_soi.ty2022.historic_table_2.state_broad.va.all.income_tax_liability_returns,soi,soi_tax_count,state,51,3077710.0,2.995087064457657,0.0006716947890687726
3901,irs_soi.ty2022.historic_table_2.state_broad.mo.all.real_estate_taxes_amount,soi,soi_deduction_amount,state,29,900029938.8505689,0.40371718028970327,9.053984756440979e-05
3902,irs_soi.ty2022.historic_table_2.state_broad.mt.all.ctc_amount,soi,soi_credit_amount,state,30,315855779.63568103,0.23916254559828923,5.363591513753963e-05
3903,irs_soi.ty2022.historic_table_2.state_broad.nd.all.ordinary_dividends_returns,soi,soi_income_count,state,38,79550.0,0.48152151377950636,0.00010798867768098371
3904,irs_soi.ty2022.historic_table_2.state_agi.me.75k_to_100k.taxable_interest_amount,soi,soi_agi_band_amount,state,23,68192191.77776517,0.111126101279409,2.492175404337497e-05
3905,irs_soi.ty2022.historic_table_2.state_broad.wi.all.qualified_dividends_returns,soi,soi_income_count,state,55,661740.0,1.388798686837079,0.0003114596741056468
3906,irs_soi.ty2022.historic_table_2.state_agi.ok.1_to_10k.taxable_interest_returns,soi,soi_agi_band_count,state,40,36402.96913948039,0.32573468624358,7.305106217617851e-05
3907,irs_soi.ty2022.historic_table_2.state_agi.ri.500k_plus.taxable_interest_amount,soi,soi_agi_band_amount,state,44,423867688.71088946,0.2770536710570204,6.213358848553944e-05
3908,irs_soi.ty2022.historic_table_2.state_broad.ri.all.wages_salaries_amount,soi,soi_income_amount,state,44,36011642716.13512,2.5537020174797567,0.0005727073374029506
3909,irs_soi.ty2022.historic_table_2.state_broad.nd.all.itemized_deductions_amount,soi,soi_deduction_amount,state,38,1104346313.9277325,0.4471995894718422,0.00010029145312218933
3910,irs_soi.ty2022.historic_table_2.state_broad.ia.all.schedule_c_income_amount,soi,soi_income_amount,state,19,3146865865.7638626,0.7548972947691129,0.00016929744219984592
3911,irs_soi.ty2022.historic_table_2.state_broad.ia.all.wages_salaries_returns,soi,soi_income_count,state,19,1211810.0,1.879372508295844,0.0004214784723695546
3912,irs_soi.ty2022.historic_table_2.state_broad.sc.all.taxable_interest_amount,soi,soi_income_amount,state,45,3169735000.2380614,0.7576353517221488,0.000169911493994651
3913,irs_soi.ty2022.historic_table_2.state_eitc.hi.hi.eitc_three_or_more_children_amount,soi,soi_eitc_amount,state,15,52925143.84925733,0.09789934288841426,2.1955448057504878e-05
3914,irs_soi.ty2022.historic_table_2.state_broad.ne.all.medical_dental_expense_returns,soi,soi_deduction_count,state,31,19660.0,0.23937972315935688,5.3684620578460835e-05
3915,irs_soi.ty2022.historic_table_2.state_agi.nc.under_1.taxable_interest_amount,soi,soi_agi_band_amount,state,37,153313518.3927315,0.16662454573771646,3.7368142125525106e-05
3916,irs_soi.ty2022.historic_table_2.state_broad.nm.all.rental_royalty_income_returns,soi,soi_income_count,state,35,58010.0,0.4111942531882364,9.22166972837489e-05
3917,irs_soi.ty2022.historic_table_2.state_eitc.mt.mt.eitc_two_children_claims,soi,soi_eitc_count,state,30,13980.0,0.20185949821438817,4.5270127430901137e-05
3918,irs_soi.ty2022.historic_table_2.state_broad.nj.all.ordinary_dividends_amount,soi,soi_income_amount,state,34,14056323302.650131,1.5954552301777403,0.0003578056134060866
3919,irs_soi.ty2022.historic_table_2.state_broad.de.all.partnership_scorp_income_returns,soi,soi_income_count,state,10,24610.0,0.2678251830979881,6.006395673872799e-05
3920,irs_soi.ty2022.historic_table_2.state_agi.in.100k_to_200k.taxable_interest_amount,soi,soi_agi_band_amount,state,18,605183325.9053358,0.33104896171340314,7.424287098304624e-05
3921,irs_soi.ty2022.historic_table_2.state_broad.wi.all.taxable_interest_returns,soi,soi_income_count,state,55,1261312.5035295535,1.9173745305358103,0.0004300010160430164
3922,irs_soi.ty2022.historic_table_2.state_broad.ma.all.tax_exempt_interest_returns,soi,soi_income_count,state,25,215680.0,0.7928673626704674,0.00017781281961661076
3923,irs_soi.ty2022.historic_table_2.state_agi.mn.75k_to_100k.taxable_interest_returns,soi,soi_agi_band_count,state,27,140366.0816668833,0.6396268586811567,0.00014344625671252673
3924,irs_soi.ty2022.historic_table_2.state_eitc.fl.fl.eitc_one_child_amount,soi,soi_eitc_amount,state,12,2187030738.432828,0.6293267566643812,0.0001411362988706843
3925,irs_soi.ty2022.historic_table_2.state_eitc.ok.ok.eitc_one_child_amount,soi,soi_eitc_amount,state,40,306426947.9118167,0.2355657957705807,5.282928812975571e-05
3926,irs_soi.ty2022.historic_table_2.state_broad.in.all.taxable_income_returns,soi,soi_tax_count,state,18,2559000.0,2.7310568878712997,0.0006124819214782014
3927,irs_soi.ty2022.historic_table_2.state_agi.nm.25k_to_50k.taxable_interest_returns,soi,soi_agi_band_count,state,35,47748.780219053704,0.37305833231481217,8.366412476223641e-05
3928,irs_soi.ty2022.historic_table_2.state_eitc.va.va.eitc_one_child_claims,soi,soi_eitc_count,state,51,190440.0,0.7450315941667904,0.00016708490562161705
3929,irs_soi.ty2022.historic_table_2.state_agi.tn.25k_to_50k.taxable_interest_amount,soi,soi_agi_band_amount,state,47,214117753.89486614,0.1969133191733283,4.416086996486394e-05
3930,irs_soi.ty2022.historic_table_2.state_agi.va.50k_to_75k.taxable_interest_amount,soi,soi_agi_band_amount,state,51,308018192.2766167,0.2361766385454305,5.2966279108641066e-05
3931,irs_soi.ty2022.historic_table_2.state_agi.wv.200k_to_500k.taxable_interest_returns,soi,soi_agi_band_count,state,54,17139.183725417213,0.2235067640128395,5.0124862976640394e-05
3932,irs_soi.ty2022.historic_table_2.state_eitc.wv.wv.eitc_three_or_more_children_amount,soi,soi_eitc_amount,state,54,82401446.44608122,0.1221563846541961,2.7395466394751312e-05
3933,irs_soi.ty2022.historic_table_2.state_broad.sd.all.schedule_c_income_returns,soi,soi_income_count,state,46,68680.0,0.4474152130010185,0.00010033981004732417
3934,irs_soi.ty2022.historic_table_2.state_broad.wy.all.ordinary_dividends_amount,soi,soi_income_amount,state,56,2424898114.41714,0.66266724007492,0.00014861342006614037
3935,irs_soi.ty2022.historic_table_2.state_agi.mt.100k_to_200k.taxable_interest_returns,soi,soi_agi_band_count,state,30,51384.696510963295,0.38700136921035766,8.679106732683508e-05
3936,irs_soi.ty2022.historic_table_2.state_broad.sd.all.real_estate_taxes_amount,soi,soi_deduction_amount,state,46,113855159.6884161,0.14359030289017782,3.220235543623634e-05
3937,irs_soi.ty2022.historic_table_2.state_broad.az.all.income_tax_before_credits_returns,soi,soi_tax_count,state,04,2759360.0,2.835957941934792,0.0006360076120060085
3938,irs_soi.ty2022.historic_table_2.state_broad.ut.all.taxable_social_security_amount,soi,soi_income_amount,state,49,3946711106.510449,0.8454081342351123,0.0001895959036185495
3939,irs_soi.ty2022.historic_table_2.state_broad.nc.all.taxable_interest_amount,soi,soi_income_amount,state,37,6266196510.976074,1.0652480759578524,0.0002388984247494623
3940,irs_soi.ty2022.historic_table_2.state_broad.wy.all.taxable_pension_income_returns,soi,soi_income_count,state,56,60610.0,0.4203080864670819,9.426061593789682e-05
3941,irs_soi.ty2022.historic_table_2.state_broad.az.all.return_count,soi,soi_return_count,state,04,3373850.0,3.135873165084204,0.0007032682585970406
3942,irs_soi.ty2022.historic_table_2.state_broad.va.all.income_tax_liability_amount,soi,soi_tax_amount,state,51,64869495112.40192,3.4274333017133864,0.0007686551472781759
3943,irs_soi.ty2022.historic_table_2.state_broad.ia.all.income_tax_before_credits_returns,soi,soi_tax_count,state,19,1228020.0,1.8919006377824872,0.00042428809997364594
3944,irs_soi.ty2022.historic_table_2.state_agi.id.75k_to_100k.taxable_interest_returns,soi,soi_agi_band_count,state,16,36129.18026207756,0.3245074394483976,7.277583302273999e-05
3945,irs_soi.ty2022.historic_table_2.state_broad.ia.all.qualified_dividends_returns,soi,soi_income_count,state,19,316650.0,0.9606946005548166,0.00021545068413429393
3946,irs_soi.ty2022.historic_table_2.state_agi.tn.200k_to_500k.taxable_interest_amount,soi,soi_agi_band_amount,state,47,810276470.0055671,0.38305873218154113,8.590686974244026e-05
3947,irs_soi.ty2022.historic_table_2.state_broad.de.all.tax_exempt_interest_returns,soi,soi_income_count,state,10,22870.0,0.25818362010491097,5.790168650031643e-05
3948,irs_soi.ty2022.historic_table_2.state_broad.ga.all.qualified_dividends_returns,soi,soi_income_count,state,13,771060.0,1.4991313650230726,0.0003362034906981549
3949,irs_soi.ty2022.historic_table_2.state_eitc.mi.mi.eitc_claims,soi,soi_eitc_count,state,26,695110.0,1.4233849575038542,0.0003192161824408733
3950,irs_soi.ty2022.historic_table_2.state_agi.ak.100k_to_200k.taxable_interest_amount,soi,soi_agi_band_amount,state,02,99004751.5441453,0.13389882696567781,3.002889144778601e-05
3951,irs_soi.ty2022.historic_table_2.state_broad.al.all.taxable_interest_amount,soi,soi_income_amount,state,01,2642801613.4389977,0.6918007601301684,0.0001551470643933995
3952,irs_soi.ty2022.historic_table_2.state_agi.ms.50k_to_75k.taxable_interest_returns,soi,soi_agi_band_count,state,28,45383.24431829325,0.36370006041960073,8.15653869521419e-05
3953,irs_soi.ty2022.historic_table_2.state_broad.ca.all.unemployment_compensation_returns,soi,soi_income_count,state,06,1047530.0,1.7473457112797754,0.0003918694127113199
3954,irs_soi.ty2022.historic_table_2.state_agi.al.under_1.taxable_interest_returns,soi,soi_agi_band_count,state,01,8235.569432277152,0.15493246125531884,3.4746010597739146e-05
3955,irs_soi.ty2022.historic_table_2.state_broad.ct.all.taxable_income_amount,soi,soi_tax_amount,state,09,202446731631.31403,6.0548604494982685,0.0013578964901319282
3956,irs_soi.ty2022.historic_table_2.state_broad.co.all.wages_salaries_returns,soi,soi_income_count,state,08,2408070.0,2.6492940081875402,0.0005941453258998745
3957,irs_soi.ty2022.historic_table_2.state_broad.tx.all.actc_amount,soi,soi_credit_amount,state,48,4670416514.464076,0.919658437925775,0.00020624768735720453
3958,irs_soi.ty2022.historic_table_2.state_agi.in.10k_to_25k.taxable_interest_amount,soi,soi_agi_band_amount,state,18,112461112.19570911,0.14270853253344848,3.200460473950403e-05
3959,irs_soi.ty2022.historic_table_2.state_agi.nv.500k_plus.taxable_interest_returns,soi,soi_agi_band_count,state,32,20621.778245981222,0.24516510719178403,5.498208279699126e-05
3960,irs_soi.ty2022.historic_table_2.state_agi.wv.25k_to_50k.taxable_interest_returns,soi,soi_agi_band_count,state,54,36545.33935572986,0.32637103081603996,7.319377232923076e-05
3961,irs_soi.ty2022.historic_table_2.state_broad.co.all.taxable_interest_amount,soi,soi_income_amount,state,08,7074631745.772762,1.131880746375799,0.0002538418359219105
3962,irs_soi.ty2022.historic_table_2.state_broad.mt.all.real_estate_taxes_claims,soi,soi_deduction_count,state,30,39770.0,0.340465726182978,7.635472666135412e-05
3963,irs_soi.ty2022.historic_table_2.state_broad.de.all.tax_exempt_interest_amount,soi,soi_income_amount,state,10,142249208.0735892,0.16049949928848506,3.599450533493722e-05
3964,irs_soi.ty2022.historic_table_2.state_broad.fl.all.taxable_ira_distributions_returns,soi,soi_income_count,state,12,1212130.0,1.8796206327977687,0.000421534118142581
3965,irs_soi.ty2022.historic_table_2.state_agi.ga.25k_to_50k.taxable_interest_returns,soi,soi_agi_band_count,state,13,166156.99391823,0.6959129478282579,0.00015606928634856647
3966,irs_soi.ty2022.historic_table_2.state_eitc.mo.mo.eitc_amount,soi,soi_eitc_amount,state,29,1215080189.7303731,0.4690846519077206,0.00010519951825694564
3967,irs_soi.ty2022.historic_table_2.state_agi.or.75k_to_100k.taxable_interest_amount,soi,soi_agi_band_amount,state,41,207545567.10761434,0.19386771169487668,4.347784518835539e-05
3968,irs_soi.ty2022.historic_table_2.state_broad.wv.all.taxable_ira_distributions_returns,soi,soi_income_count,state,54,78750.0,0.4790941686978942,0.0001074443078488213
3969,irs_soi.ty2022.historic_table_2.state_broad.nv.all.return_count,soi,soi_return_count,state,32,1553270.0,2.1277425609346885,0.00047717931395709545
3970,irs_soi.ty2022.historic_table_2.state_broad.wi.all.qualified_dividends_amount,soi,soi_income_amount,state,55,4775615881.151236,0.9299582404676027,0.00020855757803713896
3971,irs_soi.ty2022.historic_table_2.state_eitc.wy.wy.eitc_claims,soi,soi_eitc_count,state,56,32550.0,0.30801445630338226,6.907702541004312e-05
3972,pop_state_01,pop_state,pop_state,state,01,5024279.0,3.8267710305201605,0.0008582128348329582
3973,pop_state_02,pop_state,pop_state,state,02,733391.0,1.4620539272449236,0.000327888299449411
3974,pop_state_04,pop_state,pop_state,state,04,7151502.0,4.565561905479788,0.0010238981622515784
3975,pop_state_05,pop_state,pop_state,state,05,3011524.0,2.962707438853736,0.000664433155158945
3976,pop_state_06,pop_state,pop_state,state,06,39538223.0,10.735052604030335,0.002407502265985722
3977,pop_state_08,pop_state,pop_state,state,08,5773714.0,4.102260519184591,0.0009199956311245998
3978,pop_state_09,pop_state,pop_state,state,09,3605944.0,3.2419408933158573,0.0007270555939259604
3979,pop_state_10,pop_state,pop_state,state,10,989948.0,1.6986417529456324,0.00038094679366351924
3980,pop_state_11,pop_state,pop_state,state,11,689545.0,1.417675749549113,0.000317935803890808
3981,pop_state_12,pop_state,pop_state,state,12,21538187.0,7.9231919110081535,0.0017768988362879914
3982,pop_state_13,pop_state,pop_state,state,13,10711908.0,5.587647758309692,0.001253116788138527
3983,pop_state_15,pop_state,pop_state,state,15,1455271.0,2.0595272432412526,0.0004618809695539925
3984,pop_state_16,pop_state,pop_state,state,16,1839106.0,2.3152558182927536,0.0005192320740732795
3985,pop_state_17,pop_state,pop_state,state,17,12812508.0,6.1110055538947785,0.0013704879017481001
3986,pop_state_18,pop_state,pop_state,state,18,6785528.0,4.4472078445787,0.0009973554260100247
3987,pop_state_19,pop_state,pop_state,state,19,3190369.0,3.0494116981067507,0.0006838779318472192
3988,pop_state_20,pop_state,pop_state,state,20,2937880.0,2.9262581077243057,0.0006562588265809163
3989,pop_state_21,pop_state,pop_state,state,21,4505836.0,3.6239591528162687,0.0008127291215107128
3990,pop_state_22,pop_state,pop_state,state,22,4657757.0,3.6845462915129983,0.0008263167283052251
3991,pop_state_23,pop_state,pop_state,state,23,1362359.0,1.9926975470438562,0.0004468933722906159
3992,pop_state_24,pop_state,pop_state,state,24,6177224.0,4.24318804412895,0.0009516008172525118
3993,pop_state_25,pop_state,pop_state,state,25,7029917.0,4.526585233779384,0.0010151570382999292
3994,pop_state_26,pop_state,pop_state,state,26,10077331.0,5.419614118248277,0.001215432634727131
3995,pop_state_27,pop_state,pop_state,state,27,5706494.0,4.0783104872524865,0.0009146244645105374
3996,pop_state_28,pop_state,pop_state,state,28,2961279.0,2.9378882146180003,0.0006588670586718996
3997,pop_state_29,pop_state,pop_state,state,29,6154913.0,4.235518303996895,0.0009498807589138585
3998,pop_state_30,pop_state,pop_state,state,30,1084225.0,1.7776870640521019,0.0003986739322834945
3999,pop_state_31,pop_state,pop_state,state,31,1961504.0,2.391058505109772,0.0005362320038371321
4000,pop_state_32,pop_state,pop_state,state,32,3104614.0,3.0081494532897524,0.0006746242326283365
4001,pop_state_33,pop_state,pop_state,state,33,1377529.0,2.0037612739097277,0.00044937458486425826
4002,pop_state_34,pop_state,pop_state,state,34,9288994.0,5.203312923217243,0.0011669237324999423
4003,pop_state_35,pop_state,pop_state,state,35,2117522.0,2.484331632615202,0.000557149951248083
4004,pop_state_36,pop_state,pop_state,state,36,20201249.0,7.6733448170030885,0.00172086674523505
4005,pop_state_37,pop_state,pop_state,state,37,10439388.0,5.516112605854129,0.0012370739192316953
4006,pop_state_38,pop_state,pop_state,state,38,779094.0,1.5069211679156345,0.00033795047497547307
4007,pop_state_39,pop_state,pop_state,state,39,11799448.0,5.864438672209141,0.0013151914492507604
4008,pop_state_40,pop_state,pop_state,state,40,3959353.0,3.397095181757398,0.000761851352715272
4009,pop_state_41,pop_state,pop_state,state,41,4237256.0,3.5142929016560083,0.0007881347615285957
4010,pop_state_42,pop_state,pop_state,state,42,13002700.0,6.156195100454204,0.001380622359375242
4011,pop_state_44,pop_state,pop_state,state,44,1097379.0,1.7884381530342106,0.00040108503095631545
4012,pop_state_45,pop_state,pop_state,state,45,5118425.0,3.862458050194123,0.0008662162032281056
4013,pop_state_46,pop_state,pop_state,state,46,886667.0,1.60759214776679,0.0003605275056664701
4014,pop_state_47,pop_state,pop_state,state,47,6910840.0,4.488084476422427,0.0010065226455309322
4015,pop_state_48,pop_state,pop_state,state,48,29145505.0,9.216826153761037,0.002067016405867019
4016,pop_state_49,pop_state,pop_state,state,49,3271616.0,3.087996257844174,0.0006925311186015191
4017,pop_state_50,pop_state,pop_state,state,50,643077.0,1.3690745337066936,0.0003070362264424072
4018,pop_state_51,pop_state,pop_state,state,51,8631393.0,5.015751933054955,0.0011248602675611023
4019,pop_state_53,pop_state,pop_state,state,53,7705281.0,4.739034216102432,0.001062802022000994
4020,pop_state_54,pop_state,pop_state,state,54,1793716.0,2.286506522956817,0.0005127845981064851
4021,pop_state_55,pop_state,pop_state,state,55,5893718.0,4.144673073816143,0.000929507305184154
4022,pop_state_56,pop_state,pop_state,state,56,576851.0,1.2966639256624166,0.0002907970230236413
4023,pop_cd_0101,pop_cd,pop_cd,congressional_district,01,717754.0,0.20662631651060925,4.633916046436628e-05
4024,pop_cd_0102,pop_cd,pop_cd,congressional_district,01,717754.0,0.20662631651060925,4.633916046436628e-05
4025,pop_cd_0103,pop_cd,pop_cd,congressional_district,01,717754.0,0.20662631651060925,4.633916046436628e-05
4026,pop_cd_0104,pop_cd,pop_cd,congressional_district,01,717754.0,0.20662631651060925,4.633916046436628e-05
4027,pop_cd_0105,pop_cd,pop_cd,congressional_district,01,717754.0,0.20662631651060925,4.633916046436628e-05
4028,pop_cd_0106,pop_cd,pop_cd,congressional_district,01,717755.0,0.20662646045006802,4.633919274502535e-05
4029,pop_cd_0107,pop_cd,pop_cd,congressional_district,01,717754.0,0.20662631651060925,4.633916046436628e-05
4030,pop_cd_0200,pop_cd,pop_cd,congressional_district,02,733391.0,1.4620539272449236,0.000327888299449411
4031,pop_cd_0401,pop_cd,pop_cd,congressional_district,04,794611.0,0.16909492085512262,3.792216211148747e-05
4032,pop_cd_0402,pop_cd,pop_cd,congressional_district,04,794612.0,0.16909502725615888,3.79221859735723e-05
4033,pop_cd_0403,pop_cd,pop_cd,congressional_district,04,794612.0,0.16909502725615888,3.79221859735723e-05
4034,pop_cd_0404,pop_cd,pop_cd,congressional_district,04,794611.0,0.16909492085512262,3.792216211148747e-05
4035,pop_cd_0405,pop_cd,pop_cd,congressional_district,04,794612.0,0.16909502725615888,3.79221859735723e-05
4036,pop_cd_0406,pop_cd,pop_cd,congressional_district,04,794611.0,0.16909492085512262,3.792216211148747e-05
4037,pop_cd_0407,pop_cd,pop_cd,congressional_district,04,794611.0,0.16909492085512262,3.792216211148747e-05
4038,pop_cd_0408,pop_cd,pop_cd,congressional_district,04,794610.0,0.1690948144540194,3.792213824938762e-05
4039,pop_cd_0409,pop_cd,pop_cd,congressional_district,04,794612.0,0.16909502725615888,3.79221859735723e-05
4040,pop_cd_0501,pop_cd,pop_cd,congressional_district,05,752509.0,0.3703300330838463,8.305226128814674e-05
4041,pop_cd_0502,pop_cd,pop_cd,congressional_district,05,752710.0,0.3703794885499652,8.306335244448648e-05
4042,pop_cd_0503,pop_cd,pop_cd,congressional_district,05,753219.0,0.3705046969964502,8.30914323831465e-05
4043,pop_cd_0504,pop_cd,pop_cd,congressional_district,05,753086.0,0.37047198453156593,8.308409610485893e-05
4044,pop_cd_0601,pop_cd,pop_cd,congressional_district,06,764578.0,0.029118569435366327,6.5302914185616345e-06
4045,pop_cd_0602,pop_cd,pop_cd,congressional_district,06,765738.0,0.029140650072416695,6.535243344341039e-06
4046,pop_cd_0603,pop_cd,pop_cd,congressional_district,06,764630.0,0.029119559615482935,6.530513481830665e-06
4047,pop_cd_0604,pop_cd,pop_cd,congressional_district,06,765137.0,0.029129212107684235,6.532678203113756e-06
4048,pop_cd_0605,pop_cd,pop_cd,congressional_district,06,765010.0,0.02912679452530322,6.53213602271882e-06
4049,pop_cd_0606,pop_cd,pop_cd,congressional_district,06,756730.0,0.02896874039334556,6.4966899289853245e-06
4050,pop_cd_0607,pop_cd,pop_cd,congressional_district,06,758120.0,0.028995333811870302,6.502653916095605e-06
4051,pop_cd_0608,pop_cd,pop_cd,congressional_district,06,758049.0,0.02899397603414192,6.5023494133532e-06
4052,pop_cd_0609,pop_cd,pop_cd,congressional_district,06,762029.0,0.029069990219517217,6.519396774953402e-06
4053,pop_cd_0610,pop_cd,pop_cd,congressional_district,06,760266.0,0.029036343160274997,6.5118508993664495e-06
4054,pop_cd_0611,pop_cd,pop_cd,congressional_district,06,759192.0,0.029015826621439113,6.507249746902694e-06
4055,pop_cd_0612,pop_cd,pop_cd,congressional_district,06,758548.0,0.029003517379006912,6.504489208119963e-06
4056,pop_cd_0613,pop_cd,pop_cd,congressional_district,06,768072.0,0.02918502721482498,6.545195607720337e-06
4057,pop_cd_0614,pop_cd,pop_cd,congressional_district,06,759416.0,0.029020106873213602,6.508209659837094e-06
4058,pop_cd_0615,pop_cd,pop_cd,congressional_district,06,759058.0,0.029013265811822384,6.506675445575775e-06
4059,pop_cd_0616,pop_cd,pop_cd,congressional_district,06,758823.0,0.029008774293875144,6.505668152921091e-06
4060,pop_cd_0617,pop_cd,pop_cd,congressional_district,06,758937.0,0.029010953244746406,6.506156816493924e-06
4061,pop_cd_0618,pop_cd,pop_cd,congressional_district,06,763403.0,0.029096186189772347,6.525271628116696e-06
4062,pop_cd_0619,pop_cd,pop_cd,congressional_district,06,758545.0,0.029003460025590802,6.504476345725679e-06
4063,pop_cd_0620,pop_cd,pop_cd,congressional_district,06,763214.0,0.029092584213098346,6.524463828907456e-06
4064,pop_cd_0621,pop_cd,pop_cd,congressional_district,06,756328.0,0.02896104479474439,6.49496407148338e-06
4065,pop_cd_0622,pop_cd,pop_cd,congressional_district,06,782247.0,0.02945310523622414,6.605316267374779e-06
4066,pop_cd_0623,pop_cd,pop_cd,congressional_district,06,763401.0,0.02909614807595141,6.525263080500429e-06
4067,pop_cd_0624,pop_cd,pop_cd,congressional_district,06,764729.0,0.02912144467302358,6.53093623525983e-06
4068,pop_cd_0625,pop_cd,pop_cd,congressional_district,06,769360.0,0.02920948753183102,6.550681213687154e-06
4069,pop_cd_0626,pop_cd,pop_cd,congressional_district,06,758718.0,0.02900676722063419,6.505218035576181e-06
4070,pop_cd_0627,pop_cd,pop_cd,congressional_district,06,760227.0,0.02903559839995015,6.511683875297185e-06
4071,pop_cd_0628,pop_cd,pop_cd,congressional_district,06,757891.0,0.028990954272392344,6.501671736351725e-06
4072,pop_cd_0629,pop_cd,pop_cd,congressional_district,06,757451.0,0.028982537579344686,6.49978416222128e-06
4073,pop_cd_0630,pop_cd,pop_cd,congressional_district,06,758117.0,0.02899527644226688,6.502641050071065e-06
4074,pop_cd_0631,pop_cd,pop_cd,congressional_district,06,757262.0,0.028978921476556833,6.498973195011624e-06
4075,pop_cd_0632,pop_cd,pop_cd,congressional_district,06,758322.0,0.028999196437398456,6.5035201698583665e-06
4076,pop_cd_0633,pop_cd,pop_cd,congressional_district,06,757218.0,0.028978079567767517,6.49878438389045e-06
4077,pop_cd_0634,pop_cd,pop_cd,congressional_district,06,757694.0,0.028987186191512804,6.50082668569473e-06
4078,pop_cd_0635,pop_cd,pop_cd,congressional_district,06,762339.0,0.02907590258023139,6.5207227136648105e-06
4079,pop_cd_0636,pop_cd,pop_cd,congressional_district,06,758224.0,0.028997322554619044,6.5030999225429566e-06
4080,pop_cd_0637,pop_cd,pop_cd,congressional_district,06,755317.0,0.028941681894318397,6.490621640349495e-06
4081,pop_cd_0638,pop_cd,pop_cd,congressional_district,06,757723.0,0.02898774091436672,6.500951090909782e-06
4082,pop_cd_0639,pop_cd,pop_cd,congressional_district,06,756511.0,0.02896454826853418,6.495749779891047e-06
4083,pop_cd_0640,pop_cd,pop_cd,congressional_district,06,759044.0,0.02901299825150796,6.50661544101995e-06
4084,pop_cd_0641,pop_cd,pop_cd,congressional_district,06,761787.0,0.02906537392784803,6.518361499853786e-06
4085,pop_cd_0642,pop_cd,pop_cd,congressional_district,06,756884.0,0.028971687916948964,6.497350956929572e-06
4086,pop_cd_0643,pop_cd,pop_cd,congressional_district,06,754875.0,0.02893321253946566,6.488722255991401e-06
4087,pop_cd_0644,pop_cd,pop_cd,congressional_district,06,757951.0,0.02899210181394566,6.501929090366822e-06
4088,pop_cd_0645,pop_cd,pop_cd,congressional_district,06,758551.0,0.029003574732309613,6.504502070488812e-06
4089,pop_cd_0646,pop_cd,pop_cd,congressional_district,06,757643.0,0.028986210618673836,6.5006078983345676e-06
4090,pop_cd_0647,pop_cd,pop_cd,congressional_district,06,759061.0,0.029013323145854454,6.506688303622887e-06
4091,pop_cd_0648,pop_cd,pop_cd,congressional_district,06,758617.0,0.02900483647627652,6.504785036168765e-06
4092,pop_cd_0649,pop_cd,pop_cd,congressional_district,06,758516.0,0.02900290560338781,6.504352007936266e-06
4093,pop_cd_0650,pop_cd,pop_cd,congressional_district,06,759332.0,0.029018501852783384,6.507849709079028e-06
4094,pop_cd_0651,pop_cd,pop_cd,congressional_district,06,758201.0,0.028996882748258016,6.503001289136133e-06
4095,pop_cd_0652,pop_cd,pop_cd,congressional_district,06,761187.0,0.02905392541298251,6.515793992595315e-06
4096,pop_cd_0801,pop_cd,pop_cd,congressional_district,08,721714.0,0.1813059995127032,4.0660686143239116e-05
4097,pop_cd_0802,pop_cd,pop_cd,congressional_district,08,721720.0,0.18130675315870157,4.066085516005866e-05
4098,pop_cd_0803,pop_cd,pop_cd,congressional_district,08,721730.0,0.181308009228404,4.0661136853196685e-05
4099,pop_cd_0804,pop_cd,pop_cd,congressional_district,08,721794.0,0.18131604786844932,4.066293964307004e-05
4100,pop_cd_0805,pop_cd,pop_cd,congressional_district,08,721714.0,0.1813059995127032,4.0660686143239116e-05
4101,pop_cd_0806,pop_cd,pop_cd,congressional_district,08,721681.0,0.18130185440371335,4.065975653817299e-05
4102,pop_cd_0807,pop_cd,pop_cd,congressional_district,08,721697.0,0.18130386416536184,4.066020725843504e-05
4103,pop_cd_0808,pop_cd,pop_cd,congressional_district,08,721664.0,0.18129971900755087,4.065927764242002e-05
4104,pop_cd_0901,pop_cd,pop_cd,congressional_district,09,721189.0,0.289968089073534,6.502984729166495e-05
4105,pop_cd_0902,pop_cd,pop_cd,congressional_district,09,721188.0,0.2899678880387223,6.502980220648627e-05
4106,pop_cd_0903,pop_cd,pop_cd,congressional_district,09,721189.0,0.289968089073534,6.502984729166495e-05
4107,pop_cd_0904,pop_cd,pop_cd,congressional_district,09,721189.0,0.289968089073534,6.502984729166495e-05
4108,pop_cd_0905,pop_cd,pop_cd,congressional_district,09,721189.0,0.289968089073534,6.502984729166495e-05
4109,pop_cd_1000,pop_cd,pop_cd,congressional_district,10,989948.0,1.6986417529456324,0.00038094679366351924
4110,pop_cd_1100,pop_cd,pop_cd,congressional_district,11,689545.0,1.417675749549113,0.000317935803890808
4111,pop_cd_1201,pop_cd,pop_cd,congressional_district,12,769221.0,0.05347652132564127,1.1992940418399029e-05
4112,pop_cd_1202,pop_cd,pop_cd,congressional_district,12,769221.0,0.05347652132564127,1.1992940418399029e-05
4113,pop_cd_1203,pop_cd,pop_cd,congressional_district,12,769221.0,0.05347652132564127,1.1992940418399029e-05
4114,pop_cd_1204,pop_cd,pop_cd,congressional_district,12,769221.0,0.05347652132564127,1.1992940418399029e-05
4115,pop_cd_1205,pop_cd,pop_cd,congressional_district,12,769221.0,0.05347652132564127,1.1992940418399029e-05
4116,pop_cd_1206,pop_cd,pop_cd,congressional_district,12,769221.0,0.05347652132564127,1.1992940418399029e-05
4117,pop_cd_1207,pop_cd,pop_cd,congressional_district,12,769221.0,0.05347652132564127,1.1992940418399029e-05
4118,pop_cd_1208,pop_cd,pop_cd,congressional_district,12,769221.0,0.05347652132564127,1.1992940418399029e-05
4119,pop_cd_1209,pop_cd,pop_cd,congressional_district,12,769221.0,0.05347652132564127,1.1992940418399029e-05
4120,pop_cd_1210,pop_cd,pop_cd,congressional_district,12,769221.0,0.05347652132564127,1.1992940418399029e-05
4121,pop_cd_1211,pop_cd,pop_cd,congressional_district,12,769221.0,0.05347652132564127,1.1992940418399029e-05
4122,pop_cd_1212,pop_cd,pop_cd,congressional_district,12,769221.0,0.05347652132564127,1.1992940418399029e-05
4123,pop_cd_1213,pop_cd,pop_cd,congressional_district,12,769221.0,0.05347652132564127,1.1992940418399029e-05
4124,pop_cd_1214,pop_cd,pop_cd,congressional_district,12,769221.0,0.05347652132564127,1.1992940418399029e-05
4125,pop_cd_1215,pop_cd,pop_cd,congressional_district,12,769221.0,0.05347652132564127,1.1992940418399029e-05
4126,pop_cd_1216,pop_cd,pop_cd,congressional_district,12,769221.0,0.05347652132564127,1.1992940418399029e-05
4127,pop_cd_1217,pop_cd,pop_cd,congressional_district,12,769221.0,0.05347652132564127,1.1992940418399029e-05
4128,pop_cd_1218,pop_cd,pop_cd,congressional_district,12,769221.0,0.05347652132564127,1.1992940418399029e-05
4129,pop_cd_1219,pop_cd,pop_cd,congressional_district,12,769221.0,0.05347652132564127,1.1992940418399029e-05
4130,pop_cd_1220,pop_cd,pop_cd,congressional_district,12,769221.0,0.05347652132564127,1.1992940418399029e-05
4131,pop_cd_1221,pop_cd,pop_cd,congressional_district,12,769221.0,0.05347652132564127,1.1992940418399029e-05
4132,pop_cd_1222,pop_cd,pop_cd,congressional_district,12,769220.0,0.05347648656544966,1.1992932622886223e-05
4133,pop_cd_1223,pop_cd,pop_cd,congressional_district,12,769221.0,0.05347652132564127,1.1992940418399029e-05
4134,pop_cd_1224,pop_cd,pop_cd,congressional_district,12,769221.0,0.05347652132564127,1.1992940418399029e-05
4135,pop_cd_1225,pop_cd,pop_cd,congressional_district,12,769221.0,0.05347652132564127,1.1992940418399029e-05
4136,pop_cd_1226,pop_cd,pop_cd,congressional_district,12,769221.0,0.05347652132564127,1.1992940418399029e-05
4137,pop_cd_1227,pop_cd,pop_cd,congressional_district,12,769221.0,0.05347652132564127,1.1992940418399029e-05
4138,pop_cd_1228,pop_cd,pop_cd,congressional_district,12,769221.0,0.05347652132564127,1.1992940418399029e-05
4139,pop_cd_1301,pop_cd,pop_cd,congressional_district,13,765137.0,0.10666879095491387,2.3922132979348255e-05
4140,pop_cd_1302,pop_cd,pop_cd,congressional_district,13,765137.0,0.10666879095491387,2.3922132979348255e-05
4141,pop_cd_1303,pop_cd,pop_cd,congressional_district,13,765136.0,0.1066687212492103,2.3922117346761674e-05
4142,pop_cd_1304,pop_cd,pop_cd,congressional_district,13,765137.0,0.10666879095491387,2.3922132979348255e-05
4143,pop_cd_1305,pop_cd,pop_cd,congressional_district,13,765137.0,0.10666879095491387,2.3922132979348255e-05
4144,pop_cd_1306,pop_cd,pop_cd,congressional_district,13,765136.0,0.1066687212492103,2.3922117346761674e-05
4145,pop_cd_1307,pop_cd,pop_cd,congressional_district,13,765137.0,0.10666879095491387,2.3922132979348255e-05
4146,pop_cd_1308,pop_cd,pop_cd,congressional_district,13,765136.0,0.1066687212492103,2.3922117346761674e-05
4147,pop_cd_1309,pop_cd,pop_cd,congressional_district,13,765135.0,0.1066686515434612,2.3922101714164878e-05
4148,pop_cd_1310,pop_cd,pop_cd,congressional_district,13,765137.0,0.10666879095491387,2.3922132979348255e-05
4149,pop_cd_1311,pop_cd,pop_cd,congressional_district,13,765135.0,0.1066686515434612,2.3922101714164878e-05
4150,pop_cd_1312,pop_cd,pop_cd,congressional_district,13,765136.0,0.1066687212492103,2.3922117346761674e-05
4151,pop_cd_1313,pop_cd,pop_cd,congressional_district,13,765136.0,0.1066687212492103,2.3922117346761674e-05
4152,pop_cd_1314,pop_cd,pop_cd,congressional_district,13,765136.0,0.1066687212492103,2.3922117346761674e-05
4153,pop_cd_1501,pop_cd,pop_cd,congressional_district,15,726395.0,0.7281520462335724,0.00016329940485166459
4154,pop_cd_1502,pop_cd,pop_cd,congressional_district,15,728876.0,0.7293944868429643,0.0001635780414539054
4155,pop_cd_1601,pop_cd,pop_cd,congressional_district,16,919553.0,0.8185665446482077,0.00018357626029338588
4156,pop_cd_1602,pop_cd,pop_cd,congressional_district,16,919553.0,0.8185665446482077,0.00018357626029338588
4157,pop_cd_1701,pop_cd,pop_cd,congressional_district,17,753677.0,0.0871845098407805,1.9552480341058644e-05
4158,pop_cd_1702,pop_cd,pop_cd,congressional_district,17,753677.0,0.0871845098407805,1.9552480341058644e-05
4159,pop_cd_1703,pop_cd,pop_cd,congressional_district,17,753677.0,0.0871845098407805,1.9552480341058644e-05
4160,pop_cd_1704,pop_cd,pop_cd,congressional_district,17,753677.0,0.0871845098407805,1.9552480341058644e-05
4161,pop_cd_1705,pop_cd,pop_cd,congressional_district,17,753677.0,0.0871845098407805,1.9552480341058644e-05
4162,pop_cd_1706,pop_cd,pop_cd,congressional_district,17,753677.0,0.0871845098407805,1.9552480341058644e-05
4163,pop_cd_1707,pop_cd,pop_cd,congressional_district,17,753677.0,0.0871845098407805,1.9552480341058644e-05
4164,pop_cd_1708,pop_cd,pop_cd,congressional_district,17,753677.0,0.0871845098407805,1.9552480341058644e-05
4165,pop_cd_1709,pop_cd,pop_cd,congressional_district,17,753677.0,0.0871845098407805,1.9552480341058644e-05
4166,pop_cd_1710,pop_cd,pop_cd,congressional_district,17,753677.0,0.0871845098407805,1.9552480341058644e-05
4167,pop_cd_1711,pop_cd,pop_cd,congressional_district,17,753677.0,0.0871845098407805,1.9552480341058644e-05
4168,pop_cd_1712,pop_cd,pop_cd,congressional_district,17,753677.0,0.0871845098407805,1.9552480341058644e-05
4169,pop_cd_1713,pop_cd,pop_cd,congressional_district,17,753677.0,0.0871845098407805,1.9552480341058644e-05
4170,pop_cd_1714,pop_cd,pop_cd,congressional_district,17,753677.0,0.0871845098407805,1.9552480341058644e-05
4171,pop_cd_1715,pop_cd,pop_cd,congressional_district,17,753677.0,0.0871845098407805,1.9552480341058644e-05
4172,pop_cd_1716,pop_cd,pop_cd,congressional_district,17,753677.0,0.0871845098407805,1.9552480341058644e-05
4173,pop_cd_1717,pop_cd,pop_cd,congressional_district,17,753676.0,0.08718445200132224,1.955246736966186e-05
4174,pop_cd_1801,pop_cd,pop_cd,congressional_district,18,753947.0,0.16471149874664542,3.6939111627415434e-05
4175,pop_cd_1802,pop_cd,pop_cd,congressional_district,18,753947.0,0.16471149874664542,3.6939111627415434e-05
4176,pop_cd_1803,pop_cd,pop_cd,congressional_district,18,753947.0,0.16471149874664542,3.6939111627415434e-05
4177,pop_cd_1804,pop_cd,pop_cd,congressional_district,18,753947.0,0.16471149874664542,3.6939111627415434e-05
4178,pop_cd_1805,pop_cd,pop_cd,congressional_district,18,753947.0,0.16471149874664542,3.6939111627415434e-05
4179,pop_cd_1806,pop_cd,pop_cd,congressional_district,18,753949.0,0.16471171721212047,3.6939160621691064e-05
4180,pop_cd_1807,pop_cd,pop_cd,congressional_district,18,753949.0,0.16471171721212047,3.6939160621691064e-05
4181,pop_cd_1808,pop_cd,pop_cd,congressional_district,18,753947.0,0.16471149874664542,3.6939111627415434e-05
4182,pop_cd_1809,pop_cd,pop_cd,congressional_district,18,753948.0,0.16471160797941917,3.693913612456138e-05
4183,pop_cd_1901,pop_cd,pop_cd,congressional_district,19,797584.0,0.3811870955438809,8.548712615920182e-05
4184,pop_cd_1902,pop_cd,pop_cd,congressional_district,19,797589.0,0.3811882903600324,8.548739411527975e-05
4185,pop_cd_1903,pop_cd,pop_cd,congressional_district,19,797551.0,0.3811792096633521,8.548535762802245e-05
4186,pop_cd_1904,pop_cd,pop_cd,congressional_district,19,797645.0,0.3812016720450729,8.549039516597284e-05
4187,pop_cd_2001,pop_cd,pop_cd,congressional_district,20,734470.0,0.3657822634655382,8.203235332261454e-05
4188,pop_cd_2002,pop_cd,pop_cd,congressional_district,20,734470.0,0.3657822634655382,8.203235332261454e-05
4189,pop_cd_2003,pop_cd,pop_cd,congressional_district,20,734470.0,0.3657822634655382,8.203235332261454e-05
4190,pop_cd_2004,pop_cd,pop_cd,congressional_district,20,734470.0,0.3657822634655382,8.203235332261454e-05
4191,pop_cd_2101,pop_cd,pop_cd,congressional_district,21,750973.0,0.24657929759017125,5.5299236956755155e-05
4192,pop_cd_2102,pop_cd,pop_cd,congressional_district,21,750972.0,0.24657913341690557,5.5299200138350656e-05
4193,pop_cd_2103,pop_cd,pop_cd,congressional_district,21,750973.0,0.24657929759017125,5.5299236956755155e-05
4194,pop_cd_2104,pop_cd,pop_cd,congressional_district,21,750973.0,0.24657929759017125,5.5299236956755155e-05
4195,pop_cd_2105,pop_cd,pop_cd,congressional_district,21,750973.0,0.24657929759017125,5.5299236956755155e-05
4196,pop_cd_2106,pop_cd,pop_cd,congressional_district,21,750972.0,0.24657913341690557,5.5299200138350656e-05
4197,pop_cd_2201,pop_cd,pop_cd,congressional_district,22,776327.0,0.25071265484509386,5.622620651381338e-05
4198,pop_cd_2202,pop_cd,pop_cd,congressional_district,22,776316.0,0.2507108786290325,5.62258081697763e-05
4199,pop_cd_2203,pop_cd,pop_cd,congressional_district,22,776287.0,0.250706195817277,5.622475797651424e-05
4200,pop_cd_2204,pop_cd,pop_cd,congressional_district,22,776302.0,0.2507086179722088,5.62253011823747e-05
4201,pop_cd_2205,pop_cd,pop_cd,congressional_district,22,776285.0,0.2507058728615179,5.622468554866963e-05
4202,pop_cd_2206,pop_cd,pop_cd,congressional_district,22,776240.0,0.25069860624694984,5.6223055897499405e-05
4203,pop_cd_2301,pop_cd,pop_cd,congressional_district,23,681179.0,0.7045249741841125,0.00015800066700697747
4204,pop_cd_2302,pop_cd,pop_cd,congressional_district,23,681180.0,0.7045254913203688,0.00015800078298281426
4205,pop_cd_2401,pop_cd,pop_cd,congressional_district,24,772748.0,0.1882869329604343,4.2226268885497715e-05
4206,pop_cd_2402,pop_cd,pop_cd,congressional_district,24,770906.0,0.18806238921610308,4.217591146357997e-05
4207,pop_cd_2403,pop_cd,pop_cd,congressional_district,24,771733.0,0.18816323543285884,4.219852779386832e-05
4208,pop_cd_2404,pop_cd,pop_cd,congressional_district,24,770577.0,0.18802225518627033,4.216691078409292e-05
4209,pop_cd_2405,pop_cd,pop_cd,congressional_district,24,774641.0,0.18851741504918443,4.227795807337619e-05
4210,pop_cd_2406,pop_cd,pop_cd,congressional_district,24,777845.0,0.18890687708608425,4.236530098364751e-05
4211,pop_cd_2407,pop_cd,pop_cd,congressional_district,24,767247.0,0.187615552154984,4.207570131307109e-05
4212,pop_cd_2408,pop_cd,pop_cd,congressional_district,24,771527.0,0.18813812039079048,4.219289535563814e-05
4213,pop_cd_2501,pop_cd,pop_cd,congressional_district,25,781103.0,0.16765154343743424,3.759846230935955e-05
4214,pop_cd_2502,pop_cd,pop_cd,congressional_district,25,781101.0,0.16765132880293565,3.759841417423989e-05
4215,pop_cd_2503,pop_cd,pop_cd,congressional_district,25,781102.0,0.1676514361202193,3.759843824180742e-05
4216,pop_cd_2504,pop_cd,pop_cd,congressional_district,25,781103.0,0.16765154343743424,3.759846230935955e-05
4217,pop_cd_2505,pop_cd,pop_cd,congressional_district,25,781101.0,0.16765132880293565,3.759841417423989e-05
4218,pop_cd_2506,pop_cd,pop_cd,congressional_district,25,781101.0,0.16765132880293565,3.759841417423989e-05
4219,pop_cd_2507,pop_cd,pop_cd,congressional_district,25,781102.0,0.1676514361202193,3.759843824180742e-05
4220,pop_cd_2508,pop_cd,pop_cd,congressional_district,25,781102.0,0.1676514361202193,3.759843824180742e-05
4221,pop_cd_2509,pop_cd,pop_cd,congressional_district,25,781102.0,0.1676514361202193,3.759843824180742e-05
4222,pop_cd_2601,pop_cd,pop_cd,congressional_district,26,775375.0,0.1156763161623331,2.5942210397473224e-05
4223,pop_cd_2602,pop_cd,pop_cd,congressional_district,26,774997.0,0.11564811627328707,2.593588613439943e-05
4224,pop_cd_2603,pop_cd,pop_cd,congressional_district,26,775414.0,0.11567922528347009,2.5942862813067974e-05
4225,pop_cd_2604,pop_cd,pop_cd,congressional_district,26,774600.0,0.11561849152414191,2.5929242324319785e-05
4226,pop_cd_2605,pop_cd,pop_cd,congressional_district,26,774544.0,0.11561431210731314,2.5928305025187965e-05
4227,pop_cd_2606,pop_cd,pop_cd,congressional_district,26,775273.0,0.11566870734575338,2.594050400218735e-05
4228,pop_cd_2607,pop_cd,pop_cd,congressional_district,26,775238.0,0.11566609636197747,2.5939918448526007e-05
4229,pop_cd_2608,pop_cd,pop_cd,congressional_district,26,775229.0,0.11566542495662285,2.5939767875448048e-05
4230,pop_cd_2609,pop_cd,pop_cd,congressional_district,26,774962.0,0.11564550482461668,2.5935300476478285e-05
4231,pop_cd_2610,pop_cd,pop_cd,congressional_district,26,775218.0,0.11566460434478563,2.5939583840499133e-05
4232,pop_cd_2611,pop_cd,pop_cd,congressional_district,26,775568.0,0.11569071186758552,2.5945438857946965e-05
4233,pop_cd_2612,pop_cd,pop_cd,congressional_district,26,775247.0,0.1156667677634348,2.594006902072994e-05
4234,pop_cd_2613,pop_cd,pop_cd,congressional_district,26,775666.0,0.11569802091826248,2.5947078026073667e-05
4235,pop_cd_2701,pop_cd,pop_cd,congressional_district,27,713311.0,0.1802374994132105,4.042105840170677e-05
4236,pop_cd_2702,pop_cd,pop_cd,congressional_district,27,713312.0,0.18023762575181754,4.042108673510149e-05
4237,pop_cd_2703,pop_cd,pop_cd,congressional_district,27,713311.0,0.1802374994132105,4.042105840170677e-05
4238,pop_cd_2704,pop_cd,pop_cd,congressional_district,27,713312.0,0.18023762575181754,4.042108673510149e-05
4239,pop_cd_2705,pop_cd,pop_cd,congressional_district,27,713312.0,0.18023762575181754,4.042108673510149e-05
4240,pop_cd_2706,pop_cd,pop_cd,congressional_district,27,713312.0,0.18023762575181754,4.042108673510149e-05
4241,pop_cd_2707,pop_cd,pop_cd,congressional_district,27,713312.0,0.18023762575181754,4.042108673510149e-05
4242,pop_cd_2708,pop_cd,pop_cd,congressional_district,27,713312.0,0.18023762575181754,4.042108673510149e-05
4243,pop_cd_2801,pop_cd,pop_cd,congressional_district,28,740319.0,0.3672361508396127,8.235841014568574e-05
4244,pop_cd_2802,pop_cd,pop_cd,congressional_district,28,740319.0,0.3672361508396127,8.235841014568574e-05
4245,pop_cd_2803,pop_cd,pop_cd,congressional_district,28,740320.0,0.3672363988651441,8.235846576926308e-05
4246,pop_cd_2804,pop_cd,pop_cd,congressional_district,28,740321.0,0.36723664689050806,8.235852139280289e-05
4247,pop_cd_2901,pop_cd,pop_cd,congressional_district,29,769364.0,0.18718532339919522,4.197921583296596e-05
4248,pop_cd_2902,pop_cd,pop_cd,congressional_district,29,769364.0,0.18718532339919522,4.197921583296596e-05
4249,pop_cd_2903,pop_cd,pop_cd,congressional_district,29,769364.0,0.18718532339919522,4.197921583296596e-05
4250,pop_cd_2904,pop_cd,pop_cd,congressional_district,29,769364.0,0.18718532339919522,4.197921583296596e-05
4251,pop_cd_2905,pop_cd,pop_cd,congressional_district,29,769364.0,0.18718532339919522,4.197921583296596e-05
4252,pop_cd_2906,pop_cd,pop_cd,congressional_district,29,769364.0,0.18718532339919522,4.197921583296596e-05
4253,pop_cd_2907,pop_cd,pop_cd,congressional_district,29,769365.0,0.18718544504854623,4.197924311472219e-05
4254,pop_cd_2908,pop_cd,pop_cd,congressional_district,29,769364.0,0.18718532339919522,4.197921583296596e-05
4255,pop_cd_3001,pop_cd,pop_cd,congressional_district,30,542112.0,0.6285072889092224,0.00014095252049993774
4256,pop_cd_3002,pop_cd,pop_cd,congressional_district,30,542113.0,0.62850786859294,0.00014095265050301415
4257,pop_cd_3101,pop_cd,pop_cd,congressional_district,31,653822.0,0.46015930649008635,0.00010319787093296397
4258,pop_cd_3102,pop_cd,pop_cd,congressional_district,31,653847.0,0.4601681038941931,0.00010319984388746201
4259,pop_cd_3103,pop_cd,pop_cd,congressional_district,31,653835.0,0.4601638811612119,0.00010319889687401029
4260,pop_cd_3201,pop_cd,pop_cd,congressional_district,32,773758.0,0.37591834439492045,8.430552688829792e-05
4261,pop_cd_3202,pop_cd,pop_cd,congressional_district,32,777417.0,0.3768061303263196,8.450462667107414e-05
4262,pop_cd_3203,pop_cd,pop_cd,congressional_district,32,775299.0,0.3762924936961666,8.438943567978617e-05
4263,pop_cd_3204,pop_cd,pop_cd,congressional_district,32,778140.0,0.37698130498888915,8.454391230968584e-05
4264,pop_cd_3301,pop_cd,pop_cd,congressional_district,33,688764.0,0.7084365923301417,0.00015887790812517193
4265,pop_cd_3302,pop_cd,pop_cd,congressional_district,33,688765.0,0.7084371066110382,0.00015887802346064997
4266,pop_cd_3401,pop_cd,pop_cd,congressional_district,34,771744.0,0.12538397459448083,2.8119303564584175e-05
4267,pop_cd_3402,pop_cd,pop_cd,congressional_district,34,779056.0,0.1259765585619337,2.8252199722344406e-05
4268,pop_cd_3403,pop_cd,pop_cd,congressional_district,34,778024.0,0.12589309158929862,2.823348095745652e-05
4269,pop_cd_3404,pop_cd,pop_cd,congressional_district,34,772969.0,0.12548344700125524,2.8141611796648407e-05
4270,pop_cd_3405,pop_cd,pop_cd,congressional_district,34,773218.0,0.1255036566489932,2.8146144124017314e-05
4271,pop_cd_3406,pop_cd,pop_cd,congressional_district,34,773768.0,0.12554828490426434,2.8156152703355985e-05
4272,pop_cd_3407,pop_cd,pop_cd,congressional_district,34,774294.0,0.12559095090919517,2.8165721217581335e-05
4273,pop_cd_3408,pop_cd,pop_cd,congressional_district,34,772366.0,0.12543449207464638,2.8130632894067364e-05
4274,pop_cd_3409,pop_cd,pop_cd,congressional_district,34,772060.0,0.12540964196665483,2.812505987141844e-05
4275,pop_cd_3410,pop_cd,pop_cd,congressional_district,34,773536.0,0.12552946182955835,2.8151931336523512e-05
4276,pop_cd_3411,pop_cd,pop_cd,congressional_district,34,773263.0,0.12550730864777004,2.814696314145998e-05
4277,pop_cd_3412,pop_cd,pop_cd,congressional_district,34,774696.0,0.12562354899913236,2.8173031845510735e-05
4278,pop_cd_3501,pop_cd,pop_cd,congressional_district,35,705832.0,0.4781087166594977,0.0001072233049247584
4279,pop_cd_3502,pop_cd,pop_cd,congressional_district,35,705846.0,0.47811345821899237,0.00010722436829311333
4280,pop_cd_3503,pop_cd,pop_cd,congressional_district,35,705844.0,0.47811278085622927,0.000107224216383994
4281,pop_cd_3601,pop_cd,pop_cd,congressional_district,36,776971.0,0.05787951823194132,1.2980380854887042e-05
4282,pop_cd_3602,pop_cd,pop_cd,congressional_district,36,776971.0,0.05787951823194132,1.2980380854887042e-05
4283,pop_cd_3603,pop_cd,pop_cd,congressional_district,36,776971.0,0.05787951823194132,1.2980380854887042e-05
4284,pop_cd_3604,pop_cd,pop_cd,congressional_district,36,776971.0,0.05787951823194132,1.2980380854887042e-05
4285,pop_cd_3605,pop_cd,pop_cd,congressional_district,36,776971.0,0.05787951823194132,1.2980380854887042e-05
4286,pop_cd_3606,pop_cd,pop_cd,congressional_district,36,776972.0,0.057879555478826734,1.2980389208079554e-05
4287,pop_cd_3607,pop_cd,pop_cd,congressional_district,36,776972.0,0.057879555478826734,1.2980389208079554e-05
4288,pop_cd_3608,pop_cd,pop_cd,congressional_district,36,776971.0,0.05787951823194132,1.2980380854887042e-05
4289,pop_cd_3609,pop_cd,pop_cd,congressional_district,36,776971.0,0.05787951823194132,1.2980380854887042e-05
4290,pop_cd_3610,pop_cd,pop_cd,congressional_district,36,776972.0,0.057879555478826734,1.2980389208079554e-05
4291,pop_cd_3611,pop_cd,pop_cd,congressional_district,36,776971.0,0.05787951823194132,1.2980380854887042e-05
4292,pop_cd_3612,pop_cd,pop_cd,congressional_district,36,776971.0,0.05787951823194132,1.2980380854887042e-05
4293,pop_cd_3613,pop_cd,pop_cd,congressional_district,36,776971.0,0.05787951823194132,1.2980380854887042e-05
4294,pop_cd_3614,pop_cd,pop_cd,congressional_district,36,776970.0,0.05787948098503195,1.2980372501689157e-05
4295,pop_cd_3615,pop_cd,pop_cd,congressional_district,36,776971.0,0.05787951823194132,1.2980380854887042e-05
4296,pop_cd_3616,pop_cd,pop_cd,congressional_district,36,776972.0,0.057879555478826734,1.2980389208079554e-05
4297,pop_cd_3617,pop_cd,pop_cd,congressional_district,36,776971.0,0.05787951823194132,1.2980380854887042e-05
4298,pop_cd_3618,pop_cd,pop_cd,congressional_district,36,776971.0,0.05787951823194132,1.2980380854887042e-05
4299,pop_cd_3619,pop_cd,pop_cd,congressional_district,36,776971.0,0.05787951823194132,1.2980380854887042e-05
4300,pop_cd_3620,pop_cd,pop_cd,congressional_district,36,776971.0,0.05787951823194132,1.2980380854887042e-05
4301,pop_cd_3621,pop_cd,pop_cd,congressional_district,36,776971.0,0.05787951823194132,1.2980380854887042e-05
4302,pop_cd_3622,pop_cd,pop_cd,congressional_district,36,776971.0,0.05787951823194132,1.2980380854887042e-05
4303,pop_cd_3623,pop_cd,pop_cd,congressional_district,36,776971.0,0.05787951823194132,1.2980380854887042e-05
4304,pop_cd_3624,pop_cd,pop_cd,congressional_district,36,776971.0,0.05787951823194132,1.2980380854887042e-05
4305,pop_cd_3625,pop_cd,pop_cd,congressional_district,36,776971.0,0.05787951823194132,1.2980380854887042e-05
4306,pop_cd_3626,pop_cd,pop_cd,congressional_district,36,776971.0,0.05787951823194132,1.2980380854887042e-05
4307,pop_cd_3701,pop_cd,pop_cd,congressional_district,37,745670.0,0.10530306888212859,2.3615848594332495e-05
4308,pop_cd_3702,pop_cd,pop_cd,congressional_district,37,745670.0,0.10530306888212859,2.3615848594332495e-05
4309,pop_cd_3703,pop_cd,pop_cd,congressional_district,37,745671.0,0.10530313949180418,2.3615864429648843e-05
4310,pop_cd_3704,pop_cd,pop_cd,congressional_district,37,745671.0,0.10530313949180418,2.3615864429648843e-05
4311,pop_cd_3705,pop_cd,pop_cd,congressional_district,37,745671.0,0.10530313949180418,2.3615864429648843e-05
4312,pop_cd_3706,pop_cd,pop_cd,congressional_district,37,745671.0,0.10530313949180418,2.3615864429648843e-05
4313,pop_cd_3707,pop_cd,pop_cd,congressional_district,37,745671.0,0.10530313949180418,2.3615864429648843e-05
4314,pop_cd_3708,pop_cd,pop_cd,congressional_district,37,745671.0,0.10530313949180418,2.3615864429648843e-05
4315,pop_cd_3709,pop_cd,pop_cd,congressional_district,37,745671.0,0.10530313949180418,2.3615864429648843e-05
4316,pop_cd_3710,pop_cd,pop_cd,congressional_district,37,745670.0,0.10530306888212859,2.3615848594332495e-05
4317,pop_cd_3711,pop_cd,pop_cd,congressional_district,37,745670.0,0.10530306888212859,2.3615848594332495e-05
4318,pop_cd_3712,pop_cd,pop_cd,congressional_district,37,745670.0,0.10530306888212859,2.3615848594332495e-05
4319,pop_cd_3713,pop_cd,pop_cd,congressional_district,37,745670.0,0.10530306888212859,2.3615848594332495e-05
4320,pop_cd_3714,pop_cd,pop_cd,congressional_district,37,745671.0,0.10530313949180418,2.3615864429648843e-05
4321,pop_cd_3800,pop_cd,pop_cd,congressional_district,38,779094.0,1.5069211679156345,0.00033795047497547307
4322,pop_cd_3901,pop_cd,pop_cd,congressional_district,39,786630.0,0.10094612072062625,2.263873530402024e-05
4323,pop_cd_3902,pop_cd,pop_cd,congressional_district,39,786629.0,0.10094605655694523,2.2638720914318285e-05
4324,pop_cd_3903,pop_cd,pop_cd,congressional_district,39,786630.0,0.10094612072062625,2.263873530402024e-05
4325,pop_cd_3904,pop_cd,pop_cd,congressional_district,39,786630.0,0.10094612072062625,2.263873530402024e-05
4326,pop_cd_3905,pop_cd,pop_cd,congressional_district,39,786630.0,0.10094612072062625,2.263873530402024e-05
4327,pop_cd_3906,pop_cd,pop_cd,congressional_district,39,786630.0,0.10094612072062625,2.263873530402024e-05
4328,pop_cd_3907,pop_cd,pop_cd,congressional_district,39,786630.0,0.10094612072062625,2.263873530402024e-05
4329,pop_cd_3908,pop_cd,pop_cd,congressional_district,39,786629.0,0.10094605655694523,2.2638720914318285e-05
4330,pop_cd_3909,pop_cd,pop_cd,congressional_district,39,786630.0,0.10094612072062625,2.263873530402024e-05
4331,pop_cd_3910,pop_cd,pop_cd,congressional_district,39,786630.0,0.10094612072062625,2.263873530402024e-05
4332,pop_cd_3911,pop_cd,pop_cd,congressional_district,39,786630.0,0.10094612072062625,2.263873530402024e-05
4333,pop_cd_3912,pop_cd,pop_cd,congressional_district,39,786630.0,0.10094612072062625,2.263873530402024e-05
4334,pop_cd_3913,pop_cd,pop_cd,congressional_district,39,786630.0,0.10094612072062625,2.263873530402024e-05
4335,pop_cd_3914,pop_cd,pop_cd,congressional_district,39,786630.0,0.10094612072062625,2.263873530402024e-05
4336,pop_cd_3915,pop_cd,pop_cd,congressional_district,39,786630.0,0.10094612072062625,2.263873530402024e-05
4337,pop_cd_4001,pop_cd,pop_cd,congressional_district,40,791871.0,0.30384558358024083,6.814209095766783e-05
4338,pop_cd_4002,pop_cd,pop_cd,congressional_district,40,791871.0,0.30384558358024083,6.814209095766783e-05
4339,pop_cd_4003,pop_cd,pop_cd,congressional_district,40,791871.0,0.30384558358024083,6.814209095766783e-05
4340,pop_cd_4004,pop_cd,pop_cd,congressional_district,40,791870.0,0.3038453917272247,6.81420479316494e-05
4341,pop_cd_4005,pop_cd,pop_cd,congressional_district,40,791870.0,0.3038453917272247,6.81420479316494e-05
4342,pop_cd_4101,pop_cd,pop_cd,congressional_district,41,706209.0,0.23911773990612908,5.362586676522294e-05
4343,pop_cd_4102,pop_cd,pop_cd,congressional_district,41,706209.0,0.23911773990612908,5.362586676522294e-05
4344,pop_cd_4103,pop_cd,pop_cd,congressional_district,41,706209.0,0.23911773990612908,5.362586676522294e-05
4345,pop_cd_4104,pop_cd,pop_cd,congressional_district,41,706208.0,0.23911757060934546,5.362582879778997e-05
4346,pop_cd_4105,pop_cd,pop_cd,congressional_district,41,706209.0,0.23911773990612908,5.362586676522294e-05
4347,pop_cd_4106,pop_cd,pop_cd,congressional_district,41,706212.0,0.23911824779576082,5.362598066736058e-05
4348,pop_cd_4201,pop_cd,pop_cd,congressional_district,42,764866.0,0.08782936192874768,1.96970984365884e-05
4349,pop_cd_4202,pop_cd,pop_cd,congressional_district,42,764865.0,0.08782930451386022,1.9697085560408213e-05
4350,pop_cd_4203,pop_cd,pop_cd,congressional_district,42,764864.0,0.0878292470989352,1.9697072684219603e-05
4351,pop_cd_4204,pop_cd,pop_cd,congressional_district,42,764865.0,0.08782930451386022,1.9697085560408213e-05
4352,pop_cd_4205,pop_cd,pop_cd,congressional_district,42,764866.0,0.08782936192874768,1.96970984365884e-05
4353,pop_cd_4206,pop_cd,pop_cd,congressional_district,42,764864.0,0.0878292470989352,1.9697072684219603e-05
4354,pop_cd_4207,pop_cd,pop_cd,congressional_district,42,764865.0,0.08782930451386022,1.9697085560408213e-05
4355,pop_cd_4208,pop_cd,pop_cd,congressional_district,42,764866.0,0.08782936192874768,1.96970984365884e-05
4356,pop_cd_4209,pop_cd,pop_cd,congressional_district,42,764864.0,0.0878292470989352,1.9697072684219603e-05
4357,pop_cd_4210,pop_cd,pop_cd,congressional_district,42,764864.0,0.0878292470989352,1.9697072684219603e-05
4358,pop_cd_4211,pop_cd,pop_cd,congressional_district,42,764864.0,0.0878292470989352,1.9697072684219603e-05
4359,pop_cd_4212,pop_cd,pop_cd,congressional_district,42,764864.0,0.0878292470989352,1.9697072684219603e-05
4360,pop_cd_4213,pop_cd,pop_cd,congressional_district,42,764864.0,0.0878292470989352,1.9697072684219603e-05
4361,pop_cd_4214,pop_cd,pop_cd,congressional_district,42,764866.0,0.08782936192874768,1.96970984365884e-05
4362,pop_cd_4215,pop_cd,pop_cd,congressional_district,42,764864.0,0.0878292470989352,1.9697072684219603e-05
4363,pop_cd_4216,pop_cd,pop_cd,congressional_district,42,764865.0,0.08782930451386022,1.9697085560408213e-05
4364,pop_cd_4217,pop_cd,pop_cd,congressional_district,42,764864.0,0.0878292470989352,1.9697072684219603e-05
4365,pop_cd_4401,pop_cd,pop_cd,congressional_district,44,548078.0,0.6323080783616379,0.00014180490656237675
4366,pop_cd_4402,pop_cd,pop_cd,congressional_district,44,549301.0,0.633013162183044,0.00014196303255955238
4367,pop_cd_4501,pop_cd,pop_cd,congressional_district,45,731203.0,0.20855311126458922,4.677127411181638e-05
4368,pop_cd_4502,pop_cd,pop_cd,congressional_district,45,731203.0,0.20855311126458922,4.677127411181638e-05
4369,pop_cd_4503,pop_cd,pop_cd,congressional_district,45,731204.0,0.20855325387412443,4.6771306094219426e-05
4370,pop_cd_4504,pop_cd,pop_cd,congressional_district,45,731204.0,0.20855325387412443,4.6771306094219426e-05
4371,pop_cd_4505,pop_cd,pop_cd,congressional_district,45,731204.0,0.20855325387412443,4.6771306094219426e-05
4372,pop_cd_4506,pop_cd,pop_cd,congressional_district,45,731204.0,0.20855325387412443,4.6771306094219426e-05
4373,pop_cd_4507,pop_cd,pop_cd,congressional_district,45,731203.0,0.20855311126458922,4.677127411181638e-05
4374,pop_cd_4600,pop_cd,pop_cd,congressional_district,46,886667.0,1.60759214776679,0.0003605275056664701
4375,pop_cd_4701,pop_cd,pop_cd,congressional_district,47,767871.0,0.1662254351635279,3.7278635380921255e-05
4376,pop_cd_4702,pop_cd,pop_cd,congressional_district,47,767871.0,0.1662254351635279,3.7278635380921255e-05
4377,pop_cd_4703,pop_cd,pop_cd,congressional_district,47,767871.0,0.1662254351635279,3.7278635380921255e-05
4378,pop_cd_4704,pop_cd,pop_cd,congressional_district,47,767872.0,0.16622554340135756,3.727865965493554e-05
4379,pop_cd_4705,pop_cd,pop_cd,congressional_district,47,767871.0,0.1662254351635279,3.7278635380921255e-05
4380,pop_cd_4706,pop_cd,pop_cd,congressional_district,47,767871.0,0.1662254351635279,3.7278635380921255e-05
4381,pop_cd_4707,pop_cd,pop_cd,congressional_district,47,767871.0,0.1662254351635279,3.7278635380921255e-05
4382,pop_cd_4708,pop_cd,pop_cd,congressional_district,47,767871.0,0.1662254351635279,3.7278635380921255e-05
4383,pop_cd_4709,pop_cd,pop_cd,congressional_district,47,767871.0,0.1662254351635279,3.7278635380921255e-05
4384,pop_cd_4801,pop_cd,pop_cd,congressional_district,48,766987.0,0.039346491796799485,8.824061851715516e-06
4385,pop_cd_4802,pop_cd,pop_cd,congressional_district,48,766987.0,0.039346491796799485,8.824061851715516e-06
4386,pop_cd_4803,pop_cd,pop_cd,congressional_district,48,766987.0,0.039346491796799485,8.824061851715516e-06
4387,pop_cd_4804,pop_cd,pop_cd,congressional_district,48,766987.0,0.039346491796799485,8.824061851715516e-06
4388,pop_cd_4805,pop_cd,pop_cd,congressional_district,48,766987.0,0.039346491796799485,8.824061851715516e-06
4389,pop_cd_4806,pop_cd,pop_cd,congressional_district,48,766987.0,0.039346491796799485,8.824061851715516e-06
4390,pop_cd_4807,pop_cd,pop_cd,congressional_district,48,766987.0,0.039346491796799485,8.824061851715516e-06
4391,pop_cd_4808,pop_cd,pop_cd,congressional_district,48,766987.0,0.039346491796799485,8.824061851715516e-06
4392,pop_cd_4809,pop_cd,pop_cd,congressional_district,48,766987.0,0.039346491796799485,8.824061851715516e-06
4393,pop_cd_4810,pop_cd,pop_cd,congressional_district,48,766987.0,0.039346491796799485,8.824061851715516e-06
4394,pop_cd_4811,pop_cd,pop_cd,congressional_district,48,766987.0,0.039346491796799485,8.824061851715516e-06
4395,pop_cd_4812,pop_cd,pop_cd,congressional_district,48,766987.0,0.039346491796799485,8.824061851715516e-06
4396,pop_cd_4813,pop_cd,pop_cd,congressional_district,48,766987.0,0.039346491796799485,8.824061851715516e-06
4397,pop_cd_4814,pop_cd,pop_cd,congressional_district,48,766987.0,0.039346491796799485,8.824061851715516e-06
4398,pop_cd_4815,pop_cd,pop_cd,congressional_district,48,766987.0,0.039346491796799485,8.824061851715516e-06
4399,pop_cd_4816,pop_cd,pop_cd,congressional_district,48,766986.0,0.03934646614675286,8.824056099294205e-06
4400,pop_cd_4817,pop_cd,pop_cd,congressional_district,48,766987.0,0.039346491796799485,8.824061851715516e-06
4401,pop_cd_4818,pop_cd,pop_cd,congressional_district,48,766987.0,0.039346491796799485,8.824061851715516e-06
4402,pop_cd_4819,pop_cd,pop_cd,congressional_district,48,766987.0,0.039346491796799485,8.824061851715516e-06
4403,pop_cd_4820,pop_cd,pop_cd,congressional_district,48,766987.0,0.039346491796799485,8.824061851715516e-06
4404,pop_cd_4821,pop_cd,pop_cd,congressional_district,48,766987.0,0.039346491796799485,8.824061851715516e-06
4405,pop_cd_4822,pop_cd,pop_cd,congressional_district,48,766987.0,0.039346491796799485,8.824061851715516e-06
4406,pop_cd_4823,pop_cd,pop_cd,congressional_district,48,766987.0,0.039346491796799485,8.824061851715516e-06
4407,pop_cd_4824,pop_cd,pop_cd,congressional_district,48,766987.0,0.039346491796799485,8.824061851715516e-06
4408,pop_cd_4825,pop_cd,pop_cd,congressional_district,48,766987.0,0.039346491796799485,8.824061851715516e-06
4409,pop_cd_4826,pop_cd,pop_cd,congressional_district,48,766987.0,0.039346491796799485,8.824061851715516e-06
4410,pop_cd_4827,pop_cd,pop_cd,congressional_district,48,766987.0,0.039346491796799485,8.824061851715516e-06
4411,pop_cd_4828,pop_cd,pop_cd,congressional_district,48,766987.0,0.039346491796799485,8.824061851715516e-06
4412,pop_cd_4829,pop_cd,pop_cd,congressional_district,48,766987.0,0.039346491796799485,8.824061851715516e-06
4413,pop_cd_4830,pop_cd,pop_cd,congressional_district,48,766987.0,0.039346491796799485,8.824061851715516e-06
4414,pop_cd_4831,pop_cd,pop_cd,congressional_district,48,766987.0,0.039346491796799485,8.824061851715516e-06
4415,pop_cd_4832,pop_cd,pop_cd,congressional_district,48,766987.0,0.039346491796799485,8.824061851715516e-06
4416,pop_cd_4833,pop_cd,pop_cd,congressional_district,48,766987.0,0.039346491796799485,8.824061851715516e-06
4417,pop_cd_4834,pop_cd,pop_cd,congressional_district,48,766987.0,0.039346491796799485,8.824061851715516e-06
4418,pop_cd_4835,pop_cd,pop_cd,congressional_district,48,766987.0,0.039346491796799485,8.824061851715516e-06
4419,pop_cd_4836,pop_cd,pop_cd,congressional_district,48,766987.0,0.039346491796799485,8.824061851715516e-06
4420,pop_cd_4837,pop_cd,pop_cd,congressional_district,48,766987.0,0.039346491796799485,8.824061851715516e-06
4421,pop_cd_4838,pop_cd,pop_cd,congressional_district,48,766987.0,0.039346491796799485,8.824061851715516e-06
4422,pop_cd_4901,pop_cd,pop_cd,congressional_district,49,817904.0,0.38599953223052175,8.65663898251899e-05
4423,pop_cd_4902,pop_cd,pop_cd,congressional_district,49,817904.0,0.38599953223052175,8.65663898251899e-05
4424,pop_cd_4903,pop_cd,pop_cd,congressional_district,49,817904.0,0.38599953223052175,8.65663898251899e-05
4425,pop_cd_4904,pop_cd,pop_cd,congressional_district,49,817904.0,0.38599953223052175,8.65663898251899e-05
4426,pop_cd_5000,pop_cd,pop_cd,congressional_district,50,643077.0,1.3690745337066936,0.0003070362264424072
4427,pop_cd_5101,pop_cd,pop_cd,congressional_district,51,784256.0,0.1377908667419549,3.09017418125039e-05
4428,pop_cd_5102,pop_cd,pop_cd,congressional_district,51,785438.0,0.13789466415205834,3.092501999373365e-05
4429,pop_cd_5103,pop_cd,pop_cd,congressional_district,51,779587.0,0.13738009147009317,3.0809619078289564e-05
4430,pop_cd_5104,pop_cd,pop_cd,congressional_district,51,787373.0,0.13806441786873747,3.0963089901040024e-05
4431,pop_cd_5105,pop_cd,pop_cd,congressional_district,51,788614.0,0.13817317857245043,3.098748117794358e-05
4432,pop_cd_5106,pop_cd,pop_cd,congressional_district,51,783180.0,0.13769630969568034,3.088053592636922e-05
4433,pop_cd_5107,pop_cd,pop_cd,congressional_district,51,783688.0,0.1377409599587087,3.0890549441289237e-05
4434,pop_cd_5108,pop_cd,pop_cd,congressional_district,51,784093.0,0.13777654675051149,3.089853033202769e-05
4435,pop_cd_5109,pop_cd,pop_cd,congressional_district,51,786392.0,0.1379783827828941,3.0943795196881384e-05
4436,pop_cd_5110,pop_cd,pop_cd,congressional_district,51,784275.0,0.13779253584656598,3.0902116135134776e-05
4437,pop_cd_5111,pop_cd,pop_cd,congressional_district,51,784497.0,0.13781203651822868,3.090648946360814e-05
4438,pop_cd_5301,pop_cd,pop_cd,congressional_district,53,772031.0,0.15042977466653268,3.373621320173417e-05
4439,pop_cd_5302,pop_cd,pop_cd,congressional_district,53,769105.0,0.15014443938694574,3.3672222333919205e-05
4440,pop_cd_5303,pop_cd,pop_cd,congressional_district,53,769308.0,0.15016425287811982,3.36766658170262e-05
4441,pop_cd_5304,pop_cd,pop_cd,congressional_district,53,768710.0,0.15010587854655214,3.3663574466596125e-05
4442,pop_cd_5305,pop_cd,pop_cd,congressional_district,53,774871.0,0.1507062068219282,3.379820740568024e-05
4443,pop_cd_5306,pop_cd,pop_cd,congressional_district,53,773278.0,0.15055121424731444,3.3763447913728286e-05
4444,pop_cd_5307,pop_cd,pop_cd,congressional_district,53,769663.0,0.15019889580485493,3.368443503136464e-05
4445,pop_cd_5308,pop_cd,pop_cd,congressional_district,53,769847.0,0.15021684843170927,3.3688461186747984e-05
4446,pop_cd_5309,pop_cd,pop_cd,congressional_district,53,768838.0,0.1501183752961035,3.366637705676239e-05
4447,pop_cd_5310,pop_cd,pop_cd,congressional_district,53,769630.0,0.15019567581331836,3.368371289825485e-05
4448,pop_cd_5401,pop_cd,pop_cd,congressional_district,54,896067.0,0.8084018979938176,0.0001812966804202327
4449,pop_cd_5402,pop_cd,pop_cd,congressional_district,54,897649.0,0.8091151972402658,0.00018145664885406274
4450,pop_cd_5501,pop_cd,pop_cd,congressional_district,55,736715.0,0.18317058874205142,4.10788492357146e-05
4451,pop_cd_5502,pop_cd,pop_cd,congressional_district,55,736715.0,0.18317058874205142,4.10788492357146e-05
4452,pop_cd_5503,pop_cd,pop_cd,congressional_district,55,736716.0,0.18317071305778176,4.107887711544781e-05
4453,pop_cd_5504,pop_cd,pop_cd,congressional_district,55,736714.0,0.1831704644262367,4.107882135596248e-05
4454,pop_cd_5505,pop_cd,pop_cd,congressional_district,55,736715.0,0.18317058874205142,4.10788492357146e-05
4455,pop_cd_5506,pop_cd,pop_cd,congressional_district,55,736714.0,0.1831704644262367,4.107882135596248e-05
4456,pop_cd_5507,pop_cd,pop_cd,congressional_district,55,736715.0,0.18317058874205142,4.10788492357146e-05
4457,pop_cd_5508,pop_cd,pop_cd,congressional_district,55,736714.0,0.1831704644262367,4.107882135596248e-05
4458,pop_cd_5600,pop_cd,pop_cd,congressional_district,56,576851.0,1.2966639256624166,0.0002907970230236413
